KEY_INDEX,CDL_FLAG,CONDITION_CODE,EQUIP_PROB_CODE,FAULT_FLAG,INJ_SEVER_CODE,PERSON_ID,PERSON_TYPE,REPORT_NO,SAF_EQUIP_CODE,SEX_CODE,VEHICLE_ID,COLLISION_TYPE_CODE,C_M_ZONE_FLAG,JUNCTION_CODE,LANE_CODE,LIGHT_CODE,RD_COND_CODE,RD_DIV_CODE,SURF_COND_CODE,WEATHER_CODE,AREA_DAMAGED_CODE_MAIN,BODY_TYPE_CODE,DAMAGE_CODE,HIT_AND_RUN_FLAG,MOVEMENT_CODE,TIME,AGE,LATITUDE,LONGITUDE
122,N,Apparently Normal,No Misuse,Y,No Injury,2bb3d80d-6833-4e64-b298-c8e3f346259b,D,AC1172000H,Shoulder/Lap Belt(s),F,8a7f8dd2-cd19-4c34-b3cd-8c889fa9f250,Same Direction Rear End,N,Intersection Related,Right Turn Lane,Daylight,No Defects,"Two-way, Not Divided",Dry,Cloudy,Twelve o'clock,Passenger Car,Disabling,N,Slowing or Stopping,2015-02-27 07:41,24,38.8289099,-76.61534786
123,N,Apparently Normal,No Misuse,N,No Injury,72dbc2ec-cd1d-4147-ab95-f0e48bc6af0c,D,AC1179000J,Shoulder/Lap Belt(s),F,7ac54b35-a96b-40db-a624-5395dc37b741,Same Direction Sideswipe,N,Non Intersection,Right Turn Lane,Dark Lights On,No Defects,"Two-way, Divided, Positive Median Barrier",Dry,Clear,Eleven o'clock,Passenger Car,Disabling,N,Moving Constant Speed,2015-03-22 01:31,19,39.1476,-76.69831
124,N,Apparently Normal,No Misuse,Y,No Injury,56a56ee4-2a40-44ac-861a-616e15bb1d6c,D,AC11800001,Shoulder/Lap Belt(s),F,6352d2d7-4718-425a-af64-9506ecb95034,Single Vehicle ,N,Non Intersection,Right Turn Lane,Daylight,No Defects,"Two-way, Not Divided",Snow,Snow,Twelve o'clock,Passenger Car,Functional,N,Moving Constant Speed,2015-01-06 08:09,36,39.11855993,-76.71548117
125,N,Apparently Normal,No Misuse,N,No Injury,fc9c466f-d464-41fb-aa19-5be35101c910,D,AC1187000G,Shoulder/Lap Belt(s),F,ccb3c4c5-d942-4016-98e1-efec8992d8e6,Same Direction Rear End,N,Non Intersection,Left Turn Lane,Daylight,No Defects,"Two-way, Divided, Positive Median Barrier",Snow,Snow,Six o'clock,(Sport) Utility Vehicle,No Damage,N,Stopped in Traffic Lane,2015-02-26 09:49,24,39.0295691,-76.5045619
126,N,Apparently Normal,No Misuse,Y,No Injury,939740c8-c56e-4542-b006-48549db07bb7,D,AC1187000G,Shoulder/Lap Belt(s),M,d513e667-75db-403e-a409-5919249335b9,Same Direction Rear End,N,Non Intersection,Left Turn Lane,Daylight,No Defects,"Two-way, Divided, Positive Median Barrier",Snow,Snow,Twelve o'clock,Police Vehicle/Emergency,Superficial,N,Starting From Lane,2015-02-26 09:49,39,39.0295691,-76.5045619
127,N,Apparently Normal,No Misuse,Y,No Injury,e330afee-d7c0-41b0-87d3-afa0379bd9fe,D,AC1187000M,Shoulder/Lap Belt(s),F,4dbb07b9-e232-465f-9587-af866500dcdd,Head On Left Turn,N,Intersection,Right Turn Lane,Daylight,No Defects,"Two-way, Not Divided",Dry,Clear,Twelve o'clock,Snowmobile,Functional,N,Making Left Turn,2015-03-31 11:28,83,39.03743632,-76.47954226
128,N,Apparently Normal,No Misuse,N,Non-incapacitating Injury,6abb08c3-e66b-4cb9-98f8-9bd08be45d10,D,AC1187000M,Shoulder/Lap Belt(s),F,0c024c31-b448-4d57-aa7d-c2f35b25f901,Head On Left Turn,N,Intersection,Right Turn Lane,Daylight,No Defects,"Two-way, Not Divided",Dry,Clear,Ten o'clock,Passenger Car,Disabling,N,Moving Constant Speed,2015-03-31 11:28,49,39.03743632,-76.47954226
129,N,Apparently Normal,No Misuse,N,No Injury,884711d9-48d4-4719-a6dd-cc17fce65d9c,D,AC1222001W,Shoulder/Lap Belt(s),F,6514d948-7f5e-4980-a25c-fffc1add77c8,Same Direction Left Turn,N,Intersection Related,Right Turn Lane,Daylight,No Defects,"Two-way, Divided, Positive Median Barrier",Dry,Clear,Five o'clock,(Sport) Utility Vehicle,Disabling,N,Stopped in Traffic Lane,2015-02-26 15:05,19,39.02873565,-76.68632984
130,N,Apparently Normal,No Misuse,Y,No Injury,398075a5-8b0e-463e-8b3c-9296507b25a7,D,AC1222001W,Shoulder/Lap Belt(s),F,dda7326e-8f36-41f1-9e86-4f13c83672e6,Same Direction Left Turn,N,Intersection Related,Right Turn Lane,Daylight,No Defects,"Two-way, Divided, Positive Median Barrier",Dry,Clear,Eleven o'clock,"Medium/Heavy Truck 2 axles (10,000 lbs (4,536 kg) or less)",Superficial,N,Slowing or Stopping,2015-02-26 15:05,39,39.02873565,-76.68632984
131,N,Apparently Normal,No Misuse,N,No Injury,93fb8ecf-48d9-4e05-979d-afea569c48b5,D,AC1222001X,Shoulder/Lap Belt(s),F,979cf133-e778-445d-8e76-638ed92f123f,Same Direction Rear End,N,Intersection Related,Right Turn Lane,Daylight,No Defects,"Two-way, Not Divided",Dry,Clear,Six o'clock,Passenger Car,Superficial,N,Stopped in Traffic Lane,2015-02-27 13:30,56,39.15460741,-76.72263622
132,N,Apparently Normal,No Misuse,N,No Injury,104d3737-2b15-415a-a7da-324f58108dbc,D,AC12220021,Shoulder/Lap Belt(s),F,c9ee7efa-6685-49f5-823d-6da066ed29fa,Same Movement Angle,N,Intersection,Right Turn Lane,Dark Lights On,No Defects,"Two-way, Not Divided",Wet,Cloudy,Twelve o'clock,Passenger Car,Functional,N,Moving Constant Speed,2015-03-03 22:05,20,39.01181463,-76.68248892
133,N,Apparently Normal,No Misuse,Y,No Injury,6414a8fc-5c37-4976-bc12-41f3d68df124,D,AC12220021,Shoulder/Lap Belt(s),M,689514fa-bda8-414b-b8db-e171d411fcea,Same Movement Angle,N,Intersection,Right Turn Lane,Dark Lights On,No Defects,"Two-way, Not Divided",Wet,Cloudy,One o'clock,Passenger Car,Disabling,N,Making Left Turn,2015-03-03 22:05,20,39.01181463,-76.68248892
134,N,Apparently Normal,No Misuse,N,No Injury,01b10547-ed84-4246-a143-f223ea2b9639,D,AC12350002,Shoulder/Lap Belt(s),F,b9303df1-fa01-41c2-8f63-d0389d49f235,Single Vehicle ,N,Non Intersection,Acceleration Lane,Dark No Lights,No Defects,"Two-way, Divided, Positive Median Barrier",Dry,Clear,Twelve o'clock,Passenger Car,Disabling,N,Moving Constant Speed,2015-02-09 03:18,27,39.15670608,-76.65940172
135,N,Apparently Normal,No Misuse,N,No Injury,d8a85cab-296c-4d07-99a8-e41a0cf7fec5,D,AC1324000J,Shoulder/Lap Belt(s),F,6e692840-f7fa-4700-ae57-172830f1471e,Single Vehicle ,N,Non Intersection,Right Turn Lane,Dark No Lights,No Defects,"Two-way, Not Divided",Ice,Clear,Twelve o'clock,Van,Disabling,N,Moving Constant Speed,2015-01-06 23:30,45,38.89204325,-76.67162061
136,N,Apparently Normal,No Misuse,Y,No Injury,3a30f4d3-595a-4c6e-9e31-7691345eca74,D,AC13380012,Shoulder/Lap Belt(s),F,410ce9f4-3ccf-41cd-a929-bad6cc9e761f,Single Vehicle ,N,Non Intersection,Right Turn Lane,Daylight,No Defects,"Two-way, Not Divided",Wet,Cloudy,One o'clock,Passenger Car,Disabling,N,Moving Constant Speed,2015-01-04 11:00,68,38.98349015,-76.61267557
137,N,Apparently Normal,No Misuse,N,No Injury,073864c0-98b8-4fb8-9bd8-6987dde1e5c6,D,AC13380018,Shoulder/Lap Belt(s),F,2c212ce0-7158-4cec-b0a8-e1c00ce3884b,Same Direction Rear End,N,Non Intersection,Right Turn Lane,Dark No Lights,No Defects,"Two-way, Divided, Positive Median Barrier",Dry,Clear,Six o'clock,Passenger Car,Disabling,N,Slowing or Stopping,2015-03-27 20:21,26,39.01710242,-76.69627522
138,N,Apparently Normal,No Misuse,Y,No Injury,12978b68-20b8-4d5e-9461-5a42a2fc6c83,D,AC13380018,Shoulder/Lap Belt(s),F,75062553-2874-4597-813d-2a9b1ed0d41d,Same Direction Rear End,N,Non Intersection,Right Turn Lane,Dark No Lights,No Defects,"Two-way, Divided, Positive Median Barrier",Dry,Clear,Twelve o'clock,Passenger Car,Functional,N,Slowing or Stopping,2015-03-27 20:21,32,39.01710242,-76.69627522
139,N,Apparently Normal,No Misuse,N,No Injury,08613f17-423d-48bc-afd5-55ebbaeb2857,D,AC13530008,Shoulder/Lap Belt(s),F,8f4569f1-6dda-434f-a04b-6658191140d0,Same Movement Angle,N,Intersection,Right Turn Lane,Dark Lights On,No Defects,"Two-way, Not Divided",Dry,Clear,Twelve o'clock,Passenger Car,Disabling,N,Moving Constant Speed,2015-01-01 00:57,60,38.92777474,-76.6109705
140,N,Apparently Normal,No Misuse,Y,Possible Incapacitating Injury,4e0ed3b7-ca9b-412e-834a-72ff0967985b,D,AC13530008,Shoulder/Lap Belt(s),F,c40463ae-4861-4802-98d6-5400b2c3fca5,Same Movement Angle,N,Intersection,Right Turn Lane,Dark Lights On,No Defects,"Two-way, Not Divided",Dry,Clear,Eleven o'clock,(Sport) Utility Vehicle,Disabling,N,Making Left Turn,2015-01-01 00:57,22,38.92777474,-76.6109705
141,N,Apparently Normal,No Misuse,Y,No Injury,55f99835-68f6-49b5-8bdf-abe68f461648,D,AC1353000F,Shoulder/Lap Belt(s),F,22d6f55d-349c-46dd-813b-ceb724156bc4,Same Direction Rear End,N,Non Intersection,Left Turn Lane,Daylight,No Defects,"Two-way, Divided, Positive Median Barrier",Dry,Clear,Twelve o'clock,Van,Disabling,N,Slowing or Stopping,2015-03-16 08:06,37,38.99147903,-76.50995851
142,N,Apparently Normal,No Misuse,Y,No Injury,00fdd085-dc45-49bc-ab4a-42d8d5a8701f,D,AC13640013,Shoulder/Lap Belt(s),F,dd842443-90e6-4ba6-b057-7c9e35d6b850,Same Direction Rear End,N,Non Intersection,Right Turn Lane,Dawn,No Defects,"Two-way, Divided, Positive Median Barrier",Dry,Cloudy,Twelve o'clock,Passenger Car,Disabling,N,Moving Constant Speed,2015-01-15 07:10,24,39.13455426,-76.59579992
143,N,Apparently Normal,No Misuse,N,No Injury,48781b1d-a18b-4f40-9b78-316e55314ec8,D,AC13640013,Shoulder/Lap Belt(s),M,ca3f0bfc-3bc5-45d9-b129-68e1466c7f85,Same Direction Rear End,N,Non Intersection,Right Turn Lane,Dawn,No Defects,"Two-way, Divided, Positive Median Barrier",Dry,Cloudy,Six o'clock,(Sport) Utility Vehicle,Functional,N,Slowing or Stopping,2015-01-15 07:10,31,39.13455426,-76.59579992
144,N,Apparently Normal,No Misuse,Y,No Injury,6e5c2709-28e9-49bc-a673-af22dd75e19b,D,AC1364001B,Shoulder/Lap Belt(s),F,77de59e9-b75b-4893-84d2-473fb87dd538,Same Direction Rear End,N,Non Intersection,Left Turn Lane,Daylight,No Defects,"Two-way, Divided, Positive Median Barrier",Wet,Raining,Twelve o'clock,Passenger Car,Functional,N,Moving Constant Speed,2015-03-03 17:24,25,39.13951399,-76.61955357
145,Y,Apparently Normal,No Misuse,N,Non-incapacitating Injury,ed934586-2bb3-4741-a2ed-e6a1a08f58a7,D,AC1364001B,Shoulder/Lap Belt(s),F,fb48034d-95c3-4971-8735-f48de672bf05,Same Direction Rear End,N,Non Intersection,Left Turn Lane,Daylight,No Defects,"Two-way, Divided, Positive Median Barrier",Wet,Raining,Six o'clock,Passenger Car,Functional,N,Slowing or Stopping,2015-03-03 17:24,49,39.13951399,-76.61955357
146,N,Apparently Normal,No Misuse,N,No Injury,ad0a94dc-012b-4d35-b920-e7fc71c1212c,D,AC1367000B,Shoulder/Lap Belt(s),M,ceb89659-e86a-4540-8513-b96a0f1235e5,Same Direction Rear End,N,Intersection,Acceleration Lane,Dark No Lights,No Defects,"Two-way, Divided, Unprotected (painted >4 feet) Median",Dry,Cloudy,Six o'clock,Passenger Car,Functional,N,Stopped in Traffic Lane,2015-02-09 20:12,31,39.15260235,-76.72776461
147,N,Apparently Normal,No Misuse,N,Possible Incapacitating Injury,9c75547c-3c52-4fae-a2e1-89daac779cce,D,AC1367000B,Shoulder/Lap Belt(s),M,4a4a353e-1632-40d4-a44e-3d400dfb7ad9,Same Direction Rear End,N,Intersection,Acceleration Lane,Dark No Lights,No Defects,"Two-way, Divided, Unprotected (painted >4 feet) Median",Dry,Cloudy,Six o'clock,Passenger Car,Disabling,N,Stopped in Traffic Lane,2015-02-09 20:12,31,39.15260235,-76.72776461
148,N,Apparently Normal,No Misuse,Y,No Injury,cd883c47-5028-494d-9b1d-a5ea27317e90,D,AC1373001C,Shoulder/Lap Belt(s),F,64a2d47d-e236-472a-9207-23c798022862,Same Movement Angle,N,Non Intersection,Left Turn Lane,Dark Lights On,No Defects,"Two-way, Divided, Unprotected (painted >4 feet) Median",Dry,Clear,Eleven o'clock,Passenger Car,Superficial,N,Making Right Turn,2015-01-25 18:04,36,39.12857049,-76.54670477
149,N,Apparently Normal,No Misuse,N,No Injury,7dfde00b-622c-4de8-bf7d-e367082c0eb3,D,AC1373001C,Shoulder/Lap Belt(s),M,c2d1bf57-573b-4994-a60c-aa4ba632f037,Same Movement Angle,N,Non Intersection,Left Turn Lane,Dark Lights On,No Defects,"Two-way, Divided, Unprotected (painted >4 feet) Median",Dry,Clear,One o'clock,Passenger Car,Superficial,N,Moving Constant Speed,2015-01-25 18:04,38,39.12857049,-76.54670477
150,N,Apparently Normal,No Misuse,N,No Injury,323f61f4-9c4b-42ca-824d-5c67d9be698b,D,AC13770008,Shoulder/Lap Belt(s),F,32b8c9ff-6d4f-4eaf-ac67-0fe0b9950c41,Same Direction Rear End,N,Intersection Related,Right Turn Lane,Dark Lights On,No Defects,"Two-way, Divided, Positive Median Barrier",Dry,Clear,Four o'clock,Passenger Car,Functional,N,Slowing or Stopping,2015-03-17 20:48,30,38.98891833,-76.50610833
151,N,Apparently Normal,No Misuse,N,Possible Incapacitating Injury,3df91d98-8dc0-4175-a148-3ca6de2c186b,D,AC13770008,Shoulder/Lap Belt(s),F,bd9c121b-2a29-4afe-bc4f-e489548ab758,Same Direction Rear End,N,Intersection Related,Right Turn Lane,Dark Lights On,No Defects,"Two-way, Divided, Positive Median Barrier",Dry,Clear,Six o'clock,Passenger Car,Disabling,N,Stopped in Traffic Lane,2015-03-17 20:48,56,38.98891833,-76.50610833
152,N,Apparently Normal,No Misuse,N,Possible Incapacitating Injury,7b62658d-4515-4a08-9782-71382fd9a2f6,D,AC13770008,Shoulder/Lap Belt(s),F,72707cd6-581d-48a7-9b5a-8d1897ae4063,Same Direction Rear End,N,Intersection Related,Right Turn Lane,Dark Lights On,No Defects,"Two-way, Divided, Positive Median Barrier",Dry,Clear,Seven o'clock,Passenger Car,Disabling,N,Slowing or Stopping,2015-03-17 20:48,30,38.98891833,-76.50610833
153,N,Apparently Normal,No Misuse,N,No Injury,9d13e258-b837-4bd7-8af4-fe9f65a6383d,D,AC13780006,Shoulder/Lap Belt(s),F,dec7fd10-1155-4f02-acdb-3e5a52de1615,Same Direction Sideswipe,N,Non Intersection,Right Turn Lane,Daylight,No Defects,"Two-way, Not Divided",Snow,Snow,Six o'clock,(Sport) Utility Vehicle,Superficial,N,Stopped in Traffic Lane,2015-01-06 09:13,33,39.02065491,-76.65894449
154,N,Apparently Normal,No Misuse,Y,No Injury,2f52cca5-feaf-4db0-811e-fb7bd5d0e6d8,D,AC13780006,Shoulder/Lap Belt(s),M,bb075b05-eace-46a3-84a3-f679a57518a6,Same Direction Sideswipe,N,Non Intersection,Right Turn Lane,Daylight,No Defects,"Two-way, Not Divided",Snow,Snow,Nine o'clock,Ambulance/Emergency,Superficial,N,Slowing or Stopping,2015-01-06 09:13,23,39.02065491,-76.65894449
155,N,Apparently Normal,No Misuse,N,No Injury,b9f048dc-9745-4d91-ad3c-19ba874818c8,D,AC1383000G,Shoulder/Lap Belt(s),F,22b5282d-b30c-453d-825e-441b712b0c7d,Same Direction Sideswipe,N,Intersection,Right Turn Lane,Dark Lights On,No Defects,"Two-way, Not Divided",Dry,Cloudy,Ten o'clock,Passenger Car,Functional,N,Stopped in Traffic Lane,2015-02-20 18:01,54,39.20948777,-76.63679918
156,N,Apparently Normal,No Misuse,N,No Injury,b6160df7-e1f8-4ea0-b955-e8a1e9e08643,D,AC1403000Z,Shoulder/Lap Belt(s),F,b33ce91a-ecd3-4832-a0f3-0cefd85c87ec,Same Direction Rear End,N,Non Intersection,Right Turn Lane,Daylight,No Defects,"Two-way, Divided, Unprotected (painted >4 feet) Median",Dry,Clear,Six o'clock,Passenger Car,Functional,N,Slowing or Stopping,2015-02-28 11:04,22,39.2059496,-76.61436143
157,N,Apparently Normal,No Misuse,N,No Injury,7b2962fc-ecf5-450b-8489-fff19c6411e0,D,AC1403000Z,Shoulder/Lap Belt(s),M,1d2c4056-50d6-40e3-8a9a-4ee953e0aeb7,Same Direction Rear End,N,Non Intersection,Right Turn Lane,Daylight,No Defects,"Two-way, Divided, Unprotected (painted >4 feet) Median",Dry,Clear,Six o'clock,Passenger Car,Functional,N,Slowing or Stopping,2015-02-28 11:04,22,39.2059496,-76.61436143
158,N,Apparently Normal,No Misuse,N,No Injury,b97a50d9-3a65-4dd9-9393-1ac049c895bf,D,AC14120011,Shoulder/Lap Belt(s),F,73d5b272-9e7b-4441-a1ab-3147cae5f826,Same Direction Rear End,N,Intersection Related,Right Turn Lane,Dark Lights On,No Defects,"Two-way, Not Divided with a Continuous Left Turn Lane",Dry,Clear,Twelve o'clock,Passenger Car,Superficial,N,Stopped in Traffic Lane,2015-01-28 18:37,22,39.08102769,-76.54911876
159,N,Apparently Normal,No Misuse,Y,No Injury,0e79b5db-3255-47b1-9811-7aa9f59e3a79,D,AC14120011,Shoulder/Lap Belt(s),F,81e3ae41-b8f5-40dd-b91c-b6970a47c1dd,Same Direction Rear End,N,Intersection Related,Right Turn Lane,Dark Lights On,No Defects,"Two-way, Not Divided with a Continuous Left Turn Lane",Dry,Clear,Six o'clock,Passenger Car,Functional,N,Backing,2015-01-28 18:37,53,39.08102769,-76.54911876
160,N,Apparently Normal,No Misuse,N,Possible Incapacitating Injury,aa0bd477-a14e-452a-8770-5dc672a40e13,D,AC14120011,Shoulder/Lap Belt(s),F,ebba1368-38cd-40b1-adeb-7bc986d0a78e,Same Direction Rear End,N,Intersection Related,Right Turn Lane,Dark Lights On,No Defects,"Two-way, Not Divided with a Continuous Left Turn Lane",Dry,Clear,Twelve o'clock,Passenger Car,Disabling,N,Stopped in Traffic Lane,2015-01-28 18:37,26,39.08102769,-76.54911876
161,N,Apparently Normal,No Misuse,N,No Injury,851b8156-d911-4490-b43e-af304a137def,D,AC14120011,Shoulder/Lap Belt(s),M,7cd9f081-cc92-4b57-979a-fd9662a13cc5,Same Direction Rear End,N,Intersection Related,Right Turn Lane,Dark Lights On,No Defects,"Two-way, Not Divided with a Continuous Left Turn Lane",Dry,Clear,Six o'clock,Pickup Truck,Superficial,N,Stopped in Traffic Lane,2015-01-28 18:37,24,39.08102769,-76.54911876
162,N,Apparently Normal,No Misuse,N,No Injury,68ad69be-f327-43d1-862b-54f0e723dd25,D,AC14120016,Shoulder/Lap Belt(s),F,cf61a416-11c1-45ae-8528-386cf68e1473,Same Direction Rear End,N,Intersection Related,Right Turn Lane,Daylight,No Defects,"Two-way, Divided, Positive Median Barrier",Dry,Clear,Six o'clock,Passenger Car,Superficial,N,Stopped in Traffic Lane,2015-03-17 08:33,68,39.03351333,-76.507605
163,N,Apparently Normal,No Misuse,N,No Injury,c3c8c7ce-e044-4c97-a08d-a95c83c97240,D,AC14120016,Shoulder/Lap Belt(s),M,0e3e250b-a149-485c-bb27-ed61b9eb7821,Same Direction Rear End,N,Intersection Related,Right Turn Lane,Daylight,No Defects,"Two-way, Divided, Positive Median Barrier",Dry,Clear,Six o'clock,Pickup Truck,Disabling,N,Stopped in Traffic Lane,2015-03-17 08:33,38,39.03351333,-76.507605
164,N,Apparently Normal,No Misuse,Y,No Injury,fa737d31-1137-49d6-870a-6c24e3ca0e00,D,AC14120016,Shoulder Belt Only,M,50caf655-5a41-49ab-b5cb-bb8c3a9610bb,Same Direction Rear End,N,Intersection Related,Right Turn Lane,Daylight,No Defects,"Two-way, Divided, Positive Median Barrier",Dry,Clear,Twelve o'clock,Passenger Car,Disabling,N,Moving Constant Speed,2015-03-17 08:33,20,39.03351333,-76.507605
165,N,Apparently Normal,No Misuse,N,No Injury,801d6f90-0874-406c-8665-434393c9d363,D,AC14120017,Shoulder/Lap Belt(s),F,465b8b94-eed0-4b7c-9d3b-0e2d12bbfc3a,Same Direction Rear End,N,Intersection Related,Acceleration Lane,Daylight,No Defects,"Two-way, Divided, Positive Median Barrier",Dry,Clear,Six o'clock,Passenger Car,Superficial,N,Stopped in Traffic Lane,2015-03-17 14:32,35,39.09496667,-76.62304667
166,N,Apparently Normal,No Misuse,Y,No Injury,e6471150-1356-4f58-8583-11f0c70dd058,D,AC14120017,Shoulder/Lap Belt(s),M,8f634cc9-e916-40d4-8eab-94bca0d46e64,Same Direction Rear End,N,Intersection Related,Acceleration Lane,Daylight,No Defects,"Two-way, Divided, Positive Median Barrier",Dry,Clear,Twelve o'clock,Passenger Car,Superficial,N,Negotiating a Curve,2015-03-17 14:32,54,39.09496667,-76.62304667
167,N,Apparently Normal,No Misuse,Y,No Injury,3219c5b7-ae4d-4b1c-9b9f-e30565ecfe29,D,AC14120018,Shoulder/Lap Belt(s),F,0c410812-699c-4b82-a9b7-ab8aae53cfad,Same Direction Rear End,N,Intersection,Right Turn Lane,Daylight,No Defects,"Two-way, Not Divided",Dry,Clear,Twelve o'clock,Passenger Car,Superficial,N,Starting From Lane,2015-03-24 18:49,21,39.09609,-76.62401167
168,N,Apparently Normal,No Misuse,N,Non-incapacitating Injury,019bd3f7-017d-4c67-9f8d-827885e93c0a,D,AC14120018,Shoulder/Lap Belt(s),F,e299d8d5-c523-48e3-a859-5061918bfba8,Same Direction Rear End,N,Intersection,Right Turn Lane,Daylight,No Defects,"Two-way, Not Divided",Dry,Clear,Six o'clock,Passenger Car,Superficial,N,Slowing or Stopping,2015-03-24 18:49,35,39.09609,-76.62401167
169,N,Apparently Normal,No Misuse,N,No Injury,e1df0140-0422-4d46-b74e-2245a298d647,D,AC1414000K,Shoulder/Lap Belt(s),F,15b2aa3f-58db-45c0-843c-dc2bdc0c5285,Same Direction Rear End,N,Non Intersection,Right Turn Lane,Daylight,No Defects,"Two-way, Not Divided",Dry,Cloudy,Six o'clock,Passenger Car,Disabling,N,Stopped in Traffic Lane,2015-02-06 14:32,82,39.15054523,-76.52154833
170,N,Apparently Normal,No Misuse,N,No Injury,995853f9-e9f8-41d0-8c33-8876d81989f1,D,AC1414000K,Shoulder/Lap Belt(s),F,1b4f2bb9-0f28-4b7d-9a9c-1f177043176c,Same Direction Rear End,N,Non Intersection,Right Turn Lane,Daylight,No Defects,"Two-way, Not Divided",Dry,Cloudy,Six o'clock,Passenger Car,Functional,N,Stopped in Traffic Lane,2015-02-06 14:32,22,39.15054523,-76.52154833
171,N,Apparently Normal,No Misuse,Y,No Injury,3bbe6e67-4179-4a5c-86d4-23cdf7eed412,D,AC1414000K,Shoulder/Lap Belt(s),F,5db0566e-142c-4854-b842-98fa47fb0231,Same Direction Rear End,N,Non Intersection,Right Turn Lane,Daylight,No Defects,"Two-way, Not Divided",Dry,Cloudy,Twelve o'clock,Passenger Car,Disabling,N,Slowing or Stopping,2015-02-06 14:32,26,39.15054523,-76.52154833
172,N,Apparently Normal,No Misuse,Y,No Injury,0994fe9e-45bc-4061-8dcd-dfe452a42bd3,D,AC1426001D,Shoulder/Lap Belt(s),F,c0d21aaf-7cd8-427f-8b9b-5706fe43aa98,Single Vehicle ,N,Non Intersection,Deceleration Lane,Daylight,No Defects,One-way Trafficway,Dry,Cloudy,Twelve o'clock,Passenger Car,Disabling,N,Moving Constant Speed,2015-01-15 08:18,35,39.08024537,-76.54880897
173,N,Apparently Normal,No Misuse,N,No Injury,e21f1d7c-915c-490e-b03c-01c97c010920,D,AC1446000K,Shoulder/Lap Belt(s),F,69f5ece1-d960-470d-83ed-1e0ebf423a8b,Same Direction Rear End,N,Non Intersection,Right Turn Lane,Dawn,No Defects,"Two-way, Not Divided",Wet,Wintry Mix,Six o'clock,(Sport) Utility Vehicle,Functional,N,Stopped in Traffic Lane,2015-01-09 06:50,57,38.79125553,-76.65693283
174,N,Apparently Normal,No Misuse,Y,No Injury,f1024656-6ee8-48ee-a1d1-6b456f21ec8c,D,AC1446000K,Shoulder/Lap Belt(s),M,86517c0d-2fde-45cb-84e7-58a480d9c661,Same Direction Rear End,N,Non Intersection,Right Turn Lane,Dawn,No Defects,"Two-way, Not Divided",Wet,Wintry Mix,Twelve o'clock,Passenger Car,Disabling,N,Skidding,2015-01-09 06:50,59,38.79125553,-76.65693283
175,N,Apparently Normal,No Misuse,Y,No Injury,3b01ed0a-c5c9-4b90-8af6-f6c6f6331d71,D,AC14580009,Shoulder/Lap Belt(s),F,06aac73d-413b-40a8-ad50-29f10507e6e6,Same Direction Rear End,N,Non Intersection,Left Turn Lane,Daylight,No Defects,"Two-way, Divided, Unprotected (painted >4 feet) Median",Dry,Cloudy,Twelve o'clock,Passenger Car,Functional,N,Slowing or Stopping,2015-01-22 12:44,19,39.07261142,-76.54110432
176,N,Apparently Normal,No Misuse,N,No Injury,44c430a1-2a85-4453-8d92-d3f96615c6f5,D,AC14740009,Shoulder/Lap Belt(s),F,ab5059ed-beaf-4906-8dda-075b9b3335ab,Opposite Direction Sideswipe,N,Intersection,Right Turn Lane,Dark No Lights,No Defects,"Two-way, Not Divided",Dry,Clear,Eleven o'clock,(Sport) Utility Vehicle,Disabling,N,Moving Constant Speed,2015-01-09 23:31,59,38.724725,-76.567235
177,N,Apparently Normal,No Misuse,Y,No Injury,8a5f6f62-7d3c-4c7a-b511-9243bde3e15e,D,AC14740009,Shoulder Belt Only,M,f5540368-e5ff-4006-8629-b72d8f34b5b1,Opposite Direction Sideswipe,N,Intersection,Right Turn Lane,Dark No Lights,No Defects,"Two-way, Not Divided",Dry,Clear,Nine o'clock,(Sport) Utility Vehicle,Disabling,N,Starting From Lane,2015-01-09 23:31,18,38.724725,-76.567235
178,N,Apparently Normal,No Misuse,N,Possible Incapacitating Injury,9bacc4df-4c3a-42a9-bb9c-cb616f58e29e,D,AC1474000F,Shoulder/Lap Belt(s),F,e4745163-1c22-47a0-8ea5-2ffb6b544631,Same Direction Rear End,N,Non Intersection,Right Turn Lane,Dawn,No Defects,"Two-way, Not Divided",Dry,Clear,Six o'clock,Passenger Car,Disabling,N,Accelerating,2015-03-26 06:58,43,38.78572833,-76.55146833
179,N,Apparently Normal,No Misuse,N,No Injury,6782f26d-889a-4074-b9ca-52b0dda49088,D,AC1484000L,Shoulder/Lap Belt(s),F,9c61c086-e792-4f5c-b363-d566f114ab08,Single Vehicle ,N,Non Intersection,Right Turn Lane,Dark No Lights,No Defects,"Two-way, Divided, Unprotected (painted >4 feet) Median",Dry,Clear,Seven o'clock,Passenger Car,Superficial,N,Moving Constant Speed,2015-01-01 00:51,21,38.99289167,-76.671265