KEY_INDEX,CDL_FLAG,CONDITION_CODE,EQUIP_PROB_CODE,FAULT_FLAG,INJ_SEVER_CODE,PERSON_ID,PERSON_TYPE,REPORT_NO,SAF_EQUIP_CODE,SEX_CODE,VEHICLE_ID,COLLISION_TYPE_CODE,C_M_ZONE_FLAG,JUNCTION_CODE,LANE_CODE,LIGHT_CODE,RD_COND_CODE,RD_DIV_CODE,SURF_COND_CODE,WEATHER_CODE,AREA_DAMAGED_CODE_MAIN,BODY_TYPE_CODE,DAMAGE_CODE,HIT_AND_RUN_FLAG,MOVEMENT_CODE,TIME,AGE,LATITUDE,LONGITUDE
180,N,Apparently Normal,No Misuse,Y,No Injury,3ce8dfd5-fbb6-4c4d-988d-da7c77758f5a,D,AC1490000L,Shoulder/Lap Belt(s),F,38288269-7d7f-4db2-8b74-bd33cd7e2ce6,Same Direction Rear End,N,Intersection Related,Right Turn Lane,Dark Lights On,No Defects,"Two-way, Not Divided",Dry,Clear,Twelve o'clock,Passenger Car,Functional,Y,Moving Constant Speed,2015-02-23 18:09,30,39.0120974,-76.68209445
181,N,Apparently Normal,No Misuse,N,No Injury,f679bd43-7283-4f93-938e-4e1564d5ab8e,D,AC1490000L,Shoulder/Lap Belt(s),M,7193e2f8-3bb3-44a5-b55a-f7fcf2a35327,Same Direction Rear End,N,Intersection Related,Right Turn Lane,Dark Lights On,No Defects,"Two-way, Not Divided",Dry,Clear,Six o'clock,Passenger Car,Functional,N,Stopped in Traffic Lane,2015-02-23 18:09,36,39.0120974,-76.68209445
182,N,Apparently Normal,No Misuse,N,No Injury,d70602e7-fad3-4467-8248-e176a863950f,D,AC1492000L,Shoulder/Lap Belt(s),F,64474a36-c353-4ad5-a0a2-98658d1d659e,Same Direction Rear End Left Turn,N,Non Intersection,Acceleration Lane,Daylight,No Defects,"Two-way, Divided, Positive Median Barrier",Ice,Sleet,Six o'clock,Passenger Car,Functional,N,Moving Constant Speed,2015-02-10 07:15,53,38.98895439,-76.70533597
183,N,Apparently Normal,No Misuse,Y,No Injury,316c86cf-b894-4a62-8832-7a6f2bb85390,D,AC1492000L,Shoulder/Lap Belt(s),F,ce15d01d-d43c-4959-b77f-ad80a61a833c,Same Direction Rear End Left Turn,N,Non Intersection,Acceleration Lane,Daylight,No Defects,"Two-way, Divided, Positive Median Barrier",Ice,Sleet,Twelve o'clock,Passenger Car,Disabling,N,Moving Constant Speed,2015-02-10 07:15,21,38.98895439,-76.70533597
184,N,Apparently Normal,No Misuse,Y,No Injury,8064515a-fab7-4cf3-9452-387ce66038ea,D,AC1503000Z,Shoulder/Lap Belt(s),F,43913341-ae88-4457-8d17-27d2a059a780,Same Direction Rear End,N,Intersection Related,Right Turn Lane,Daylight,No Defects,"Two-way, Not Divided",Wet,Clear,Twelve o'clock,(Sport) Utility Vehicle,Superficial,N,Slowing or Stopping,2015-01-06 12:38,78,39.11906028,-76.59073862
185,N,Apparently Normal,No Misuse,N,No Injury,e4b880da-a80e-43f2-8184-780e46c144ca,D,AC1503000Z,Shoulder/Lap Belt(s),M,4418096e-4595-4e79-be17-0bbf4a3aa713,Same Direction Rear End,N,Intersection Related,Right Turn Lane,Daylight,No Defects,"Two-way, Not Divided",Wet,Clear,Six o'clock,Passenger Car,Functional,N,Stopped in Traffic Lane,2015-01-06 12:38,64,39.11906028,-76.59073862
186,N,Apparently Normal,No Misuse,Y,No Injury,032b5cff-1529-4398-bbea-5d6604a1a438,D,AC15030014,Shoulder/Lap Belt(s),F,eefba312-e392-4e59-8c23-24bc0e1bf7f0,Same Direction Rear End,N,Non Intersection,Right Turn Lane,Daylight,No Defects,"Two-way, Not Divided",Dry,Clear,Twelve o'clock,Passenger Car,Disabling,N,Slowing or Stopping,2015-02-12 08:00,32,39.08297085,-76.5886834
187,N,Apparently Normal,No Misuse,N,No Injury,ead56013-e371-488b-8faf-e7c8b4f5d0b2,D,AC15030014,Shoulder/Lap Belt(s),M,3db89434-7b3d-4b58-97f4-7873a707a847,Same Direction Rear End,N,Non Intersection,Right Turn Lane,Daylight,No Defects,"Two-way, Not Divided",Dry,Clear,Six o'clock,Passenger Car,Functional,N,Stopped in Traffic Lane,2015-02-12 08:00,59,39.08297085,-76.5886834
188,N,Apparently Normal,No Misuse,N,No Injury,06bac2aa-9f9a-4bf7-ad7b-da37ada9b08f,D,AC15030015,Shoulder/Lap Belt(s),F,9dc073a0-9ea0-482a-977e-00a2680e66f1,Same Direction Rear End,N,Intersection Related,Right Turn Lane,Dark Lights On,Foreign Material,"Two-way, Not Divided",Oil,Clear,Six o'clock,Passenger Car,Functional,N,Stopped in Traffic Lane,2015-02-23 18:50,22,39.12976264,-76.55433834
189,N,Apparently Normal,No Misuse,N,No Injury,8f37569d-4e3f-4f11-8ce9-07ef8f39f83e,D,AC15030015,Shoulder/Lap Belt(s),M,7aa8da17-6637-4518-ab49-43fd95d0a26a,Same Direction Rear End,N,Intersection Related,Right Turn Lane,Dark Lights On,Foreign Material,"Two-way, Not Divided",Oil,Clear,Six o'clock,(Sport) Utility Vehicle,Functional,N,Stopped in Traffic Lane,2015-02-23 18:50,70,39.12976264,-76.55433834
190,N,Apparently Normal,No Misuse,N,No Injury,3675c54a-6481-4996-9314-f3c9a9d6f99c,D,AC15030015,Shoulder/Lap Belt(s),M,76da7a84-7df5-4b24-b2fd-75d72ae8fbbe,Same Direction Rear End,N,Intersection Related,Right Turn Lane,Dark Lights On,Foreign Material,"Two-way, Not Divided",Oil,Clear,Six o'clock,Passenger Car,Functional,N,Stopped in Traffic Lane,2015-02-23 18:50,54,39.12976264,-76.55433834
191,N,Apparently Normal,No Misuse,Y,No Injury,c881fd40-b47a-4dea-af98-30eef2fec2b3,D,AC1537000C,Shoulder/Lap Belt(s),F,ef404a9c-0745-483c-b72b-8af8635c36e5,Same Movement Angle,N,Intersection,Right Turn Lane,Dawn,No Defects,"Two-way, Not Divided",Dry,Clear,Twelve o'clock,Passenger Car,Disabling,N,Making Left Turn,2015-03-12 06:57,32,39.14395203,-76.59966158
192,N,Apparently Normal,No Misuse,N,No Injury,22a73e61-abd7-4a01-acf4-f5251f666c0e,D,AC1537000C,Shoulder/Lap Belt(s),M,a66ae0cd-cf32-43a7-9609-29282a96b419,Same Movement Angle,N,Intersection,Right Turn Lane,Dawn,No Defects,"Two-way, Not Divided",Dry,Clear,Twelve o'clock,Passenger Car,Disabling,N,Moving Constant Speed,2015-03-12 06:57,30,39.14395203,-76.59966158
193,N,Apparently Normal,No Misuse,N,No Injury,5f5880ae-6790-4d5f-9222-a5c69c999dad,D,AC1554000Y,Shoulder/Lap Belt(s),F,1cf766b8-8e39-4f9e-b701-7f304dae3ed4,Same Direction Rear End,N,Intersection Related,Right Turn Lane,Dark Lights On,No Defects,"Two-way, Divided, Positive Median Barrier",Dry,Clear,Six o'clock,Passenger Car,Superficial,N,Moving Constant Speed,2015-01-10 22:55,46,39.09761773,-76.56375305
194,N,Apparently Normal,No Misuse,Y,No Injury,597e822e-9cef-43d0-a78d-5d81c7ee6e15,D,AC1554000Y,Shoulder/Lap Belt(s),F,4b82576c-139d-49c7-8a09-980870b87d5e,Same Direction Rear End,N,Intersection Related,Right Turn Lane,Dark Lights On,No Defects,"Two-way, Divided, Positive Median Barrier",Dry,Clear,One o'clock,Passenger Car,Superficial,N,Moving Constant Speed,2015-01-10 22:55,51,39.09761773,-76.56375305
195,N,Apparently Normal,No Misuse,N,No Injury,62849495-5a82-4274-9e9c-12c7579669a4,D,AC15540010,Shoulder/Lap Belt(s),F,7fd2de88-a5ce-461c-9030-b767d96a59f3,Same Movement Angle,N,Intersection Related,Right Turn Lane,Daylight,No Defects,"Two-way, Divided, Unprotected (painted >4 feet) Median",Dry,Cloudy,One o'clock,Passenger Car,Disabling,N,Slowing or Stopping,2015-03-27 17:30,80,39.08242266,-76.58492088
196,N,Apparently Normal,No Misuse,Y,No Injury,c80e0388-c599-425c-a2f7-7a6ad88b9a1b,D,AC15540010,Shoulder/Lap Belt(s),M,9b4f289c-7a34-4e75-ba76-9fb5f2eb5daa,Same Movement Angle,N,Intersection Related,Right Turn Lane,Daylight,No Defects,"Two-way, Divided, Unprotected (painted >4 feet) Median",Dry,Cloudy,Twelve o'clock,Passenger Car,Functional,N,Making Left Turn,2015-03-27 17:30,33,39.08242266,-76.58492088
197,N,Apparently Normal,No Misuse,N,No Injury,246d3f2f-538a-446a-af2e-371a2495b22a,D,AC15610016,Shoulder/Lap Belt(s),F,20a56e98-a305-442e-a00c-8577afe28a09,Head On,N,Non Intersection,Right Turn Lane,Daylight,No Defects,"Two-way, Not Divided",Dry,Clear,Twelve o'clock,Passenger Car,Disabling,N,Stopped in Traffic Lane,2015-01-08 15:57,20,39.13699256,-76.56407475
198,N,Apparently Normal,No Misuse,Y,No Injury,246218c0-974a-49a1-972e-1ef12b91fd7d,D,AC15610016,Shoulder/Lap Belt(s),F,2ea24248-582c-4746-a7a3-d703ff6a5ca3,Head On,N,Non Intersection,Right Turn Lane,Daylight,No Defects,"Two-way, Not Divided",Dry,Clear,Six o'clock,Van,Functional,N,Backing,2015-01-08 15:57,48,39.13699256,-76.56407475
199,N,Apparently Normal,No Misuse,N,No Injury,0073dab6-def4-4b96-8d84-53cbbeebef44,D,AC15610017,Shoulder/Lap Belt(s),F,dcebddf5-d8c7-40ea-8d52-22e1246f8996,Same Movement Angle,N,Commercial Driveway,Right Turn Lane,Daylight,No Defects,"Two-way, Not Divided",Dry,Cloudy,Twelve o'clock,(Sport) Utility Vehicle,Disabling,N,Accelerating,2015-01-15 08:44,22,39.02971802,-76.50355405
200,N,Apparently Normal,No Misuse,Y,No Injury,56a26ad1-74bf-4ad8-8349-3f4f190deb32,D,AC15610017,Shoulder/Lap Belt(s),M,b1f97126-52a5-4559-967a-a7832d4aef54,Same Movement Angle,N,Commercial Driveway,Right Turn Lane,Daylight,No Defects,"Two-way, Not Divided",Dry,Cloudy,Six o'clock,Pickup Truck,Functional,N,Backing,2015-01-15 08:44,59,39.02971802,-76.50355405
201,N,Apparently Normal,No Misuse,Y,No Injury,3f637003-dd13-4389-89be-899b2412108f,D,AC15610018,Shoulder/Lap Belt(s),F,5942fe49-3d4b-4715-814e-58c687dc6abc,Single Vehicle ,N,Non Intersection,Right Turn Lane,Daylight,No Defects,"Two-way, Not Divided",Dry,Cloudy,One o'clock,Passenger Car,Disabling,N,Moving Constant Speed,2015-02-09 14:56,40,39.10078801,-76.55029356
202,N,Apparently Normal,No Misuse,N,No Injury,f4628c32-4867-43b6-a4b8-29bfe5e12fc2,D,AC15610019,Shoulder/Lap Belt(s),F,b969b1c9-f575-43aa-8b09-8a4f76b74eea,Same Direction Rear End,N,Intersection Related,Right Turn Lane,Daylight,No Defects,"Two-way, Divided, Positive Median Barrier",Dry,Cloudy,Six o'clock,(Sport) Utility Vehicle,Functional,N,Stopped in Traffic Lane,2015-02-11 17:12,51,39.04819208,-76.51949828
203,N,Apparently Normal,No Misuse,Y,No Injury,db57a5c9-f52d-4462-b74c-733f1970a161,D,AC15610019,Shoulder/Lap Belt(s),M,c5b83972-6ff0-49bb-a685-6eeaf30e87f6,Same Direction Rear End,N,Intersection Related,Right Turn Lane,Daylight,No Defects,"Two-way, Divided, Positive Median Barrier",Dry,Cloudy,Twelve o'clock,Passenger Car,Disabling,N,Slowing or Stopping,2015-02-11 17:12,57,39.04819208,-76.51949828
204,N,Apparently Normal,No Misuse,N,No Injury,fbe695b7-a861-49d2-8757-ecad67d1a305,D,AC1571000B,Shoulder/Lap Belt(s),F,d8a12c4f-fac1-4164-aa6f-d752550695a2,Same Direction Rear End,N,Non Intersection,Right Turn Lane,Daylight,No Defects,"Two-way, Divided, Unprotected (painted >4 feet) Median",Dry,Clear,Six o'clock,Passenger Car,Superficial,N,Slowing or Stopping,2015-01-07 13:47,46,38.90339078,-76.58612251
205,N,Apparently Normal,No Misuse,Y,No Injury,c59aeae1-6e90-40fa-95c2-36c6ace60515,D,AC1571000B,Shoulder/Lap Belt(s),M,a0b11d2e-85b8-4fc3-a305-15e5d879bf4d,Same Direction Rear End,N,Non Intersection,Right Turn Lane,Daylight,No Defects,"Two-way, Divided, Unprotected (painted >4 feet) Median",Dry,Clear,Twelve o'clock,Pickup Truck,Superficial,N,Slowing or Stopping,2015-01-07 13:47,52,38.90339078,-76.58612251
206,N,Apparently Normal,No Misuse,N,No Injury,a947b406-67cd-4d4a-b41d-c99ff30678f9,D,AC1571000D,Shoulder/Lap Belt(s),F,9501b97a-8992-42a3-80b2-12407362f771,Same Direction Rear End,N,Non Intersection,Left Turn Lane,Daylight,No Defects,"Two-way, Divided, Positive Median Barrier",Dry,Clear,Six o'clock,Passenger Car,Functional,N,Slowing or Stopping,2015-01-09 13:34,38,38.93364617,-76.56742752
207,N,Apparently Normal,No Misuse,Y,No Injury,245e4ad9-7cc6-4d33-8810-ee38b29a86ba,D,AC1571000D,Shoulder/Lap Belt(s),F,1004fa61-be4b-4197-bb5e-ee4cd9db424b,Same Direction Rear End,N,Non Intersection,Left Turn Lane,Daylight,No Defects,"Two-way, Divided, Positive Median Barrier",Dry,Clear,Twelve o'clock,Passenger Car,Disabling,N,Moving Constant Speed,2015-01-09 13:34,31,38.93364617,-76.56742752
208,N,Apparently Normal,No Misuse,Y,No Injury,f3c1d0a5-8aa4-411c-8f33-94d947dade5e,D,AC1571000J,Shoulder/Lap Belt(s),F,c08575e2-5438-4010-8619-e2c7f233c055,Single Vehicle ,N,Intersection,Right Turn Lane,Daylight,No Defects,"Two-way, Not Divided",Ice,Clear,Twelve o'clock,Passenger Car,Disabling,N,Slowing or Stopping,2015-02-15 08:00,33,38.8919347,-76.59665823
209,N,Apparently Normal,No Misuse,N,No Injury,4ff8afb1-7bdd-44de-9c51-cbf646ac1d25,D,AC15850001,Shoulder/Lap Belt(s),F,37d1fd39-7bd9-4814-9325-9f65a58889ae,Same Movement Angle,N,Intersection,Right Turn Lane,Daylight,No Defects,"Two-way, Not Divided",Dry,Cloudy,Eleven o'clock,(Sport) Utility Vehicle,Functional,N,Stopped in Traffic Lane,2015-02-11 13:28,48,39.16173696,-76.52287602
210,N,Apparently Normal,No Misuse,Y,No Injury,eaa9a1a1-24ec-4b30-91de-812b7b5e6e13,D,AC16050013,Shoulder/Lap Belt(s),F,33ae7088-167e-4ebf-8ebb-b79ab4d14532,Opposite Direction Sideswipe,N,Non Intersection,Right Turn Lane,Dark Lights On,No Defects,"Two-way, Not Divided",Wet,Raining,Eleven o'clock,Station Wagon,Disabling,N,Moving Constant Speed,2015-03-03 17:33,54,39.13939749,-76.64678335
211,N,Apparently Normal,No Misuse,N,No Injury,62e2ea41-866c-4275-9083-0fb424bf6077,D,AC16200008,Shoulder/Lap Belt(s),F,252b7f27-bad9-43e2-8a37-eda38f3eb16f,Same Direction Rear End,N,Non Intersection,Right Turn Lane,Daylight,No Defects,"Two-way, Not Divided",Dry,Clear,Six o'clock,(Sport) Utility Vehicle,Disabling,N,Slowing or Stopping,2015-03-24 18:11,53,39.16002,-76.51992333
212,N,Apparently Normal,No Misuse,Y,No Injury,361509b5-c6c0-48bf-be3c-0e5ebc9f2d3e,D,AC16200008,Shoulder/Lap Belt(s),M,0081b845-311b-4899-b53d-72209cd45f81,Same Direction Rear End,N,Non Intersection,Right Turn Lane,Daylight,No Defects,"Two-way, Not Divided",Dry,Clear,Twelve o'clock,Passenger Car,Disabling,N,Slowing or Stopping,2015-03-24 18:11,27,39.16002,-76.51992333
213,N,Apparently Normal,No Misuse,N,No Injury,cd40011d-45ee-402c-b0c8-42540c74d2e9,D,AC16410011,Shoulder/Lap Belt(s),F,861a8bfb-9b6f-4a2b-a7ed-60044e25c3fe,Same Direction Rear End,N,Non Intersection,Right Turn Lane,Daylight,No Defects,"Two-way, Not Divided",Dry,Clear,Six o'clock,Passenger Car,Disabling,N,Stopped in Traffic Lane,2015-02-25 08:08,43,38.99710522,-76.6724164
214,N,Apparently Normal,No Misuse,Y,No Injury,27146804-3f9c-4ae6-bbd6-53b67682abca,D,AC16410011,Shoulder/Lap Belt(s),M,d284f02a-aaab-4810-acd6-8505f71536f9,Same Direction Rear End,N,Non Intersection,Right Turn Lane,Daylight,No Defects,"Two-way, Not Divided",Dry,Clear,Twelve o'clock,Passenger Car,Functional,N,Moving Constant Speed,2015-02-25 08:08,45,38.99710522,-76.6724164
215,N,Apparently Normal,No Misuse,N,No Injury,29276fc1-cf10-4b4e-adb9-941dbb3230f3,D,AC16410012,Shoulder/Lap Belt(s),F,9314ddcc-57a0-4a24-a829-e525d2c86d23,Same Direction Sideswipe,N,Non Intersection,Right Turn Lane,Daylight,No Defects,"Two-way, Not Divided",Dry,Clear,Ten o'clock,Passenger Car,Functional,N,Parked  ,2015-02-27 12:22,38,39.06714293,-76.69954183
216,N,Apparently Normal,No Misuse,N,No Injury,20281d65-ac9d-49a1-8928-4719c621b4fd,D,AC16410013,Shoulder/Lap Belt(s),F,369a66ad-e36b-4155-985b-bc3b418fe8ab,Same Direction Rear End,N,Non Intersection,Acceleration Lane,Daylight,No Defects,One-way Trafficway,Dry,Clear,Six o'clock,(Sport) Utility Vehicle,Functional,N,Slowing or Stopping,2015-03-25 17:26,31,39.04112437,-76.67140102
217,N,Apparently Normal,No Misuse,Y,No Injury,74dd9501-b2e5-4c4a-b99b-c79c95e1f172,D,AC16410013,Shoulder/Lap Belt(s),M,caedd3e2-d1bf-42e2-aeba-1209fec347fb,Same Direction Rear End,N,Non Intersection,Acceleration Lane,Daylight,No Defects,One-way Trafficway,Dry,Clear,Twelve o'clock,Passenger Car,Disabling,N,Moving Constant Speed,2015-03-25 17:26,21,39.04112437,-76.67140102
218,N,Apparently Normal,No Misuse,Y,No Injury,3cad45af-a7ce-4a2d-917e-7ae365ae9188,D,AC16430008,Shoulder/Lap Belt(s),F,d2e62b57-2c25-40c0-8eb6-f249c13cf2b3,Same Direction Right Turn,N,Non Intersection,Right Turn Lane,Dark Lights On,No Defects,"Two-way, Not Divided",Dry,Clear,One o'clock,Passenger Car,Disabling,N,Moving Constant Speed,2015-01-02 18:20,42,39.0971786,-76.81563377
219,N,Apparently Normal,No Misuse,N,No Injury,f573b3cc-a0f6-4f84-a895-7041db53fb3c,D,AC16560011,Shoulder/Lap Belt(s),F,c8c79f0a-de62-4f28-b8a0-67b3ca3648d7,Same Direction Sideswipe,N,Non Intersection,Right Turn Lane,Daylight,No Defects,"Two-way, Divided, Positive Median Barrier",Dry,Clear,Three o'clock,Passenger Car,Functional,N,Moving Constant Speed,2015-01-02 16:34,38,39.19062215,-76.61371708
220,N,Apparently Normal,No Misuse,Y,No Injury,074bfa8b-db63-40f7-9877-0c2178ca3406,D,AC1658000H,Shoulder/Lap Belt(s),F,522ddb0c-69ed-47c7-a2f6-aace12503193,Single Vehicle ,N,Non Intersection,Left Turn Lane,Dark Lights On,No Defects,"Two-way, Not Divided",Dry,Clear,Underside,Pickup Truck,Superficial,N,Passing,2015-02-06 03:20,54,39.17027983,-76.6308403
221,N,Apparently Normal,No Misuse,Y,No Injury,8560b6ed-1876-41be-aabf-f0a948b1390c,D,AC1667000J,Shoulder/Lap Belt(s),F,1118656d-aa8d-4cb9-a47b-0e1b0320c198,Head On Left Turn,N,Crossover Related,Right Turn Lane,Daylight,No Defects,One-way Trafficway,Dry,Clear,Three o'clock,(Sport) Utility Vehicle,Disabling,N,Making Left Turn,2015-02-25 14:23,18,39.13318732,-76.74519715
222,N,Apparently Normal,No Misuse,N,No Injury,63ef3d99-5a55-44e9-8df9-7f0d95b74641,D,AC1667000J,Shoulder/Lap Belt(s),M,8c765d50-be32-43f6-a017-fdd6ff6f84f8,Head On Left Turn,N,Crossover Related,Right Turn Lane,Daylight,No Defects,One-way Trafficway,Dry,Clear,Twelve o'clock,Fire Vehicle/Non Emergency,Disabling,N,Moving Constant Speed,2015-02-25 14:23,36,39.13318732,-76.74519715
223,N,Apparently Normal,No Misuse,Y,No Injury,32bdec48-eb67-4729-b152-0e8afb394ba4,D,AC1667000N,Shoulder/Lap Belt(s),F,feee1c6d-5f43-49ad-9414-8cab26040f8e,Angle Meets Left Turn,N,Crossover Related,Right Turn Lane,Daylight,No Defects,"Two-way, Divided, Positive Median Barrier",Dry,Clear,One o'clock,Passenger Car,Disabling,N,Making Left Turn,2015-03-13 08:38,41,39.12215756,-76.77829742
224,N,Apparently Normal,No Misuse,N,No Injury,ec06b18f-c11c-4a4b-b9fb-281916ec89d2,D,AC1667000N,Shoulder/Lap Belt(s),M,866fabca-0525-4041-aeb9-364b5e880f89,Angle Meets Left Turn,N,Crossover Related,Right Turn Lane,Daylight,No Defects,"Two-way, Divided, Positive Median Barrier",Dry,Clear,Seven o'clock,Passenger Car,Disabling,N,Moving Constant Speed,2015-03-13 08:38,29,39.12215756,-76.77829742
225,N,Apparently Normal,No Misuse,N,No Injury,8a7070c1-c137-4fe6-8572-3a5bca6db647,D,AC1667000P,Shoulder/Lap Belt(s),F,94e95eba-d150-4a92-ae18-b9c5acea31fe,Same Direction Rear End,N,Intersection Related,Right Turn Lane,Daylight,No Defects,"Two-way, Not Divided",Dry,Clear,Six o'clock,Passenger Car,Disabling,N,Stopped in Traffic Lane,2015-03-23 12:47,34,39.16269072,-76.66773485
226,N,Apparently Normal,No Misuse,N,No Injury,0f2093fa-4294-49d6-8b9b-2adb148e315b,D,AC1667000Q,Shoulder/Lap Belt(s),F,22338d2b-731f-40f4-9f54-aa2b85a74a23,Same Direction Rear End Right Turn,N,Commercial Driveway,Acceleration Lane,Daylight,No Defects,"Two-way, Not Divided",Dry,Clear,Five o'clock,Passenger Car,Disabling,N,Making Right Turn,2015-03-27 16:35,40,39.09925357,-76.83003785
227,N,Apparently Normal,No Misuse,N,No Injury,8c1e6618-0494-41af-a0e0-314594f0478e,D,AC1668000N,Shoulder/Lap Belt(s),F,b80e0073-baae-4c5e-816a-284e139c164b,Same Direction Rear End,N,Non Intersection,Right Turn Lane,Daylight,Foreign Material,"Two-way, Divided, Positive Median Barrier",Snow,Snow,Twelve o'clock,(Sport) Utility Vehicle,Disabling,N,Moving Constant Speed,2015-02-26 08:05,29,39.14957386,-76.70673609
228,N,Apparently Normal,No Misuse,Y,No Injury,4c812276-7adf-43be-91c0-9d000f89f5d8,D,AC1668000S,Shoulder/Lap Belt(s),F,143e41ed-6121-4e01-b363-e6d94c178ada,Same Movement Angle,N,Intersection,Left Turn Lane,Daylight,No Defects,"Two-way, Divided, Positive Median Barrier",Dry,Clear,Two o'clock,Passenger Car,Functional,N,Accelerating,2015-03-15 14:30,24,39.10820815,-76.71284616
229,N,Apparently Normal,No Misuse,N,No Injury,ed6ff1fa-9889-40c2-a141-aa0a1f51a462,D,AC1668000V,Shoulder/Lap Belt(s),F,e5d05a43-9908-4fdc-82c5-1a2b873ec2ab,Same Direction Rear End,N,Intersection,Right Turn Lane,Dark Lights On,No Defects,"Two-way, Divided, Unprotected (painted >4 feet) Median",Dry,Clear,Six o'clock,Passenger Car,Disabling,N,Making Left Turn,2015-03-22 20:26,24,39.14092134,-76.73063725
230,N,Apparently Normal,No Misuse,N,No Injury,f569eb2f-f769-4041-a3fd-87378fd7fb49,D,AC1668000V,Shoulder/Lap Belt(s),M,f9a09eed-868d-4207-a7b0-db0ee050a8c3,Same Direction Rear End,N,Intersection,Right Turn Lane,Dark Lights On,No Defects,"Two-way, Divided, Unprotected (painted >4 feet) Median",Dry,Clear,Ten o'clock,Passenger Car,Disabling,N,Moving Constant Speed,2015-03-22 20:26,40,39.14092134,-76.73063725
231,N,Apparently Normal,No Misuse,Y,No Injury,55355408-d470-49d0-a819-33c8ccca1ec5,D,AC1668000V,Shoulder/Lap Belt(s),M,f1af0dcc-3031-4e0b-b2df-8b70c4526e72,Same Direction Rear End,N,Intersection,Right Turn Lane,Dark Lights On,No Defects,"Two-way, Divided, Unprotected (painted >4 feet) Median",Dry,Clear,Twelve o'clock,(Sport) Utility Vehicle,Disabling,N,Moving Constant Speed,2015-03-22 20:26,18,39.14092134,-76.73063725
232,N,Apparently Normal,No Misuse,Y,No Injury,08895516-945a-409e-a453-8b9633fa2578,D,AC16690009,Shoulder/Lap Belt(s),F,951059de-3612-48fe-82f3-fa4363dc58af,Single Vehicle ,N,Non Intersection,Right Turn Lane,Dark No Lights,No Defects,"Two-way, Not Divided",Dry,Clear,Twelve o'clock,Passenger Car,Disabling,N,Moving Constant Speed,2015-01-25 01:06,20,38.77710492,-76.59539223
233,N,Apparently Normal,No Misuse,Y,No Injury,69171c45-2cb6-42ca-9df2-585299cdf301,D,AC1680000F,Shoulder/Lap Belt(s),F,f3dd43c5-aa35-4910-9a2d-98cf929a4b05,Single Vehicle ,N,Non Intersection,Right Turn Lane,Dark Lights On,No Defects,"Two-way, Not Divided",Dry,Cloudy,Four o'clock,"Cargo Van/Light Truck 2 axles (10,000 lbs (4,536 kg) or less)",Superficial,N,Backing,2015-01-27 21:00,49,39.0576504,-76.60416842
234,N,Apparently Normal,No Misuse,N,No Injury,666a2966-cf2d-4b86-b714-e5c03e232c4d,D,AC1680000G,Shoulder/Lap Belt(s),F,c026e42e-df80-411f-b780-b5786d5a5511,Same Movement Angle,N,Intersection,Left Turn Lane,Daylight,No Defects,"Two-way, Divided, Unprotected (painted >4 feet) Median",Dry,Clear,Twelve o'clock,(Sport) Utility Vehicle,Disabling,N,Moving Constant Speed,2015-01-28 17:05,39,39.10072556,-76.62692428
235,N,Apparently Normal,No Misuse,Y,No Injury,5816c6d7-3a8f-4f92-bcc6-2b634ca11e4d,D,AC1680000G,Shoulder/Lap Belt(s),M,a9f87e09-334a-49a9-9216-2719e53e4e08,Same Movement Angle,N,Intersection,Left Turn Lane,Daylight,No Defects,"Two-way, Divided, Unprotected (painted >4 feet) Median",Dry,Clear,Eight o'clock,Pickup Truck,Disabling,N,Accelerating,2015-01-28 17:05,60,39.10072556,-76.62692428
236,N,Apparently Normal,No Misuse,Y,No Injury,4132c8b4-b6cf-47cf-b0a4-376026056ecd,D,AC1680000J,Shoulder/Lap Belt(s),F,2e3bcc9b-ce47-42ca-9117-0dc12c6f3d92,Same Movement Angle,N,Non Intersection,Right Turn Lane,Daylight,No Defects,"Two-way, Divided, Unprotected (painted >4 feet) Median",Dry,Cloudy,Ten o'clock,All Terrain Vehicle (ATV),Disabling,N,Making U Turn,2015-03-27 16:53,24,39.13340166,-76.62298143
237,N,Apparently Normal,No Misuse,N,No Injury,f89f2f79-73d5-4b7e-941e-0e3d8669dcc6,D,AC1680000J,Shoulder/Lap Belt(s),M,f78e4cb3-a030-485d-b2fd-3496e95ba6df,Same Movement Angle,N,Non Intersection,Right Turn Lane,Daylight,No Defects,"Two-way, Divided, Unprotected (painted >4 feet) Median",Dry,Cloudy,Twelve o'clock,"Other Light Trucks (10,000 lbs (4,536 kg))",Disabling,N,Moving Constant Speed,2015-03-27 16:53,26,39.13340166,-76.62298143
238,N,Apparently Normal,No Misuse,Y,No Injury,26789b34-cf38-4678-b869-f66f97797bff,D,AC16810009,Shoulder/Lap Belt(s),F,894d8092-655f-4e47-969f-b889f382282a,Single Vehicle ,N,Non Intersection,Right Turn Lane,Dark No Lights,No Defects,"Two-way, Not Divided",Snow,Snow,Twelve o'clock,Passenger Car,Disabling,N,Moving Constant Speed,2015-01-06 06:16,24,39.09128326,-76.4754653
239,N,Apparently Normal,No Misuse,Y,No Injury,b8101301-7da3-455f-b59f-95cf6b69c236,D,AC16880007,Shoulder/Lap Belt(s),F,47854ec9-4a70-4caf-a17c-876de165ddd2,Same Movement Angle,N,Intersection,Right Turn Lane,Dawn,No Defects,"Two-way, Divided, Positive Median Barrier",Wet,Raining,Twelve o'clock,(Sport) Utility Vehicle,Disabling,N,Moving Constant Speed,2015-03-04 06:18,19,38.99170418,-76.54760599