KEY_INDEX,CDL_FLAG,CONDITION_CODE,EQUIP_PROB_CODE,FAULT_FLAG,INJ_SEVER_CODE,PERSON_ID,PERSON_TYPE,REPORT_NO,SAF_EQUIP_CODE,SEX_CODE,VEHICLE_ID,COLLISION_TYPE_CODE,C_M_ZONE_FLAG,JUNCTION_CODE,LANE_CODE,LIGHT_CODE,RD_COND_CODE,RD_DIV_CODE,SURF_COND_CODE,WEATHER_CODE,AREA_DAMAGED_CODE_MAIN,BODY_TYPE_CODE,DAMAGE_CODE,HIT_AND_RUN_FLAG,MOVEMENT_CODE,TIME,AGE,LATITUDE,LONGITUDE
240,N,Apparently Normal,No Misuse,N,No Injury,942f4dd7-dff1-4c65-818c-0c5200e0d879,D,AC1697000B,Shoulder/Lap Belt(s),F,e20136ae-6712-4f40-b8e2-3c0921267708,Same Movement Angle,N,Intersection,Right Turn Lane,Dark No Lights,No Defects,"Two-way, Not Divided",Dry,Clear,Twelve o'clock,Passenger Car,Disabling,N,Moving Constant Speed,2015-01-11 17:58,41,39.10437412,-76.65402033
241,N,Apparently Normal,No Misuse,N,No Injury,9311d033-7236-4264-8dd2-3d662deef5b5,D,AC1697000C,Shoulder/Lap Belt(s),F,e63ea21b-64d4-4f97-ba13-475493083031,Head On Left Turn,N,Non Intersection,Right Turn Lane,Daylight,No Defects,"Two-way, Not Divided",Dry,Clear,Twelve o'clock,(Sport) Utility Vehicle,Disabling,N,Moving Constant Speed,2015-01-22 14:26,31,39.07492693,-76.68143749
242,N,Had Been Drinking,No Misuse,Y,No Injury,ed255cf9-b675-4224-9b17-b9b2cd16d676,D,AC1697000C,Shoulder/Lap Belt(s),M,bd561d3f-c1d1-4324-a4e0-0cabe515e836,Head On Left Turn,N,Non Intersection,Right Turn Lane,Daylight,No Defects,"Two-way, Not Divided",Dry,Clear,Three o'clock,Passenger Car,Destroyed,Y,Making Left Turn,2015-01-22 14:26,25,39.07492693,-76.68143749
243,N,Apparently Normal,No Misuse,Y,No Injury,e5f8ccdc-cb1d-48ca-828b-a00586469835,D,AC1697000D,Shoulder/Lap Belt(s),F,7c72dbfb-dfa1-4824-99b4-82567dd3c7a3,Single Vehicle ,N,Non Intersection,Right Turn Lane,Dark Lights On,No Defects,"Two-way, Not Divided",Slush,Sleet,Eleven o'clock,(Sport) Utility Vehicle,Disabling,N,Moving Constant Speed,2015-01-31 18:40,40,39.12981057,-76.67465687
244,Y,Apparently Normal,No Misuse,Y,No Injury,923d7b63-5045-42cc-bfa8-100dddb3431f,D,AC1697000F,Shoulder/Lap Belt(s),F,7bfb8a06-1b60-4338-b914-190ad8677fb3,Same Direction Sideswipe,N,Intersection,Right Turn Lane,Daylight,No Defects,"Two-way, Not Divided",Dry,Cloudy,Five o'clock,School Bus,Superficial,N,Making Left Turn,2015-02-05 07:40,55,39.11782915,-76.64302055
245,N,Apparently Normal,No Misuse,N,No Injury,5571ebf0-93dd-46ef-a3ac-6a7d1da74230,D,AC1697000Q,Shoulder/Lap Belt(s),F,9ebeb673-3988-4a91-9f1b-618bbe4f61a0,Angle Meets Left Turn Head On,N,Commercial Driveway,Right Turn Lane,Daylight,No Defects,"Two-way, Not Divided",Dry,Clear,Twelve o'clock,Passenger Car,Disabling,N,Moving Constant Speed,2015-03-25 15:30,61,39.08120848,-76.68875365
246,N,Apparently Normal,No Misuse,Y,No Injury,389febad-d21f-45d1-8daf-e1ed6f486c4d,D,AC1697000Q,Shoulder/Lap Belt(s),M,a1481873-25f6-44dd-a932-041bbf553ab5,Angle Meets Left Turn Head On,N,Commercial Driveway,Right Turn Lane,Daylight,No Defects,"Two-way, Not Divided",Dry,Clear,Nine o'clock,Passenger Car,Disabling,N,Making Left Turn,2015-03-25 15:30,22,39.08120848,-76.68875365
247,N,Apparently Normal,No Misuse,Y,No Injury,7c7d7e45-1655-4854-98cd-8557c4efe741,D,AC1736000T,Shoulder/Lap Belt(s),F,ba58d928-785d-474a-9b8a-34ea5d83443a,Same Direction Rear End,N,Intersection Related,Right Turn Lane,Daylight,No Defects,"Two-way, Not Divided",Ice,Clear,Twelve o'clock,Passenger Car,Disabling,N,Slowing or Stopping,2015-02-15 09:52,39,39.04775702,-76.68804305
248,N,Apparently Normal,No Misuse,Y,No Injury,19177289-ec66-4593-8190-4e7062050ca5,D,AC1736000T,Shoulder/Lap Belt(s),F,be89844e-6691-4abe-bf1a-63bd905d03c7,Same Direction Rear End,N,Intersection Related,Right Turn Lane,Daylight,No Defects,"Two-way, Not Divided",Ice,Clear,Twelve o'clock,Passenger Car,Disabling,N,Moving Constant Speed,2015-02-15 09:52,19,39.04775702,-76.68804305
249,N,Apparently Normal,No Misuse,N,No Injury,0f100a3a-39e5-41bc-b7f1-8ce676d5fe75,D,AC1736000Y,Shoulder/Lap Belt(s),F,97e84859-50ea-4e81-87fe-cc6b0517c8a6,Same Direction Right Turn,N,Intersection Related,Deceleration Lane,Daylight,No Defects,"Two-way, Not Divided",Dry,Clear,Twelve o'clock,Passenger Car,Disabling,N,Slowing or Stopping,2015-03-12 17:16,43,39.07186128,-76.71162372
250,N,Apparently Normal,No Misuse,Y,No Injury,eb8dd1e0-75b0-4ad7-924d-5b08a9ceeafb,D,AC1736000Y,Shoulder/Lap Belt(s),M,bbeb5522-beb1-4de7-aef2-9449dd5a1396,Same Direction Right Turn,N,Intersection Related,Deceleration Lane,Daylight,No Defects,"Two-way, Not Divided",Dry,Clear,Two o'clock,Passenger Car,Functional,N,Changing Lanes,2015-03-12 17:16,24,39.07186128,-76.71162372
251,N,Apparently Normal,No Misuse,Y,No Injury,cfe7fa09-3fb6-4006-9430-d6a59cd7f141,D,AC17360012,Shoulder/Lap Belt(s),F,b0be71fb-5804-4879-b89a-e4d828f622b3,Same Direction Right Turn,N,Intersection Related,Deceleration Lane,Daylight,No Defects,"Two-way, Divided, Unprotected (painted >4 feet) Median",Wet,Snow,Three o'clock,Passenger Car,Functional,N,Changing Lanes,2015-03-20 11:03,26,39.0226684,-76.69340353
252,N,Apparently Normal,No Misuse,N,No Injury,8896e63d-2bb3-461c-bfd2-b9f62f337cc2,D,AC17360012,Shoulder/Lap Belt(s),M,1b87d4f4-61f2-4eea-b0d6-b748af76b2e6,Same Direction Right Turn,N,Intersection Related,Deceleration Lane,Daylight,No Defects,"Two-way, Divided, Unprotected (painted >4 feet) Median",Wet,Snow,Eleven o'clock,Passenger Car,Functional,N,Entering Traffic Lane,2015-03-20 11:03,64,39.0226684,-76.69340353
253,N,Apparently Normal,No Misuse,N,No Injury,420d0123-6ca2-43d7-9d81-d1b94609abc1,D,AC1740000S,Shoulder/Lap Belt(s),F,ba724cef-fffe-4d90-a28c-280e6b819b42,Same Direction Rear End,N,Non Intersection,Right Turn Lane,Daylight,No Defects,"Two-way, Not Divided",Wet,Clear,Six o'clock,Passenger Car,Functional,N,Stopped in Traffic Lane,2015-01-20 07:29,39,39.13710075,-76.69077158
254,N,Apparently Normal,No Misuse,Y,No Injury,c1cabf7f-c392-4026-b45a-d95348cabd84,D,AC1740000S,Shoulder/Lap Belt(s),M,08bf1101-d9e5-4de8-a1a3-3af1fac72685,Same Direction Rear End,N,Non Intersection,Right Turn Lane,Daylight,No Defects,"Two-way, Not Divided",Wet,Clear,Twelve o'clock,Passenger Car,Disabling,N,Slowing or Stopping,2015-01-20 07:29,53,39.13710075,-76.69077158
255,N,Apparently Normal,No Misuse,N,No Injury,32d0c51b-f73a-48cd-a9d2-55734f770ce2,D,AC1740000V,Shoulder/Lap Belt(s),F,906b9483-8a45-4445-bf6e-47ebc47e7576,Same Movement Angle,N,Intersection,Right Turn Lane,Dark Lights On,No Defects,"Two-way, Not Divided",Dry,Clear,Nine o'clock,Passenger Car,Functional,N,Making Left Turn,2015-01-30 18:54,33,39.12400118,-76.70323849
256,N,Apparently Normal,No Misuse,Y,No Injury,02f4befa-97d4-467c-aebe-a4b47d6c5765,D,AC1740000V,Shoulder/Lap Belt(s),F,642d4e18-9e35-4b8a-ab43-ad9c9b76c632,Same Movement Angle,N,Intersection,Right Turn Lane,Dark Lights On,No Defects,"Two-way, Not Divided",Dry,Clear,Twelve o'clock,Passenger Car,Functional,N,Making Left Turn,2015-01-30 18:54,37,39.12400118,-76.70323849
257,N,Apparently Normal,No Misuse,N,No Injury,90f2d999-fcfd-4a4a-b0ef-6a94ed5d4106,D,AC1740000Y,Shoulder/Lap Belt(s),F,5944e806-4499-4b67-97f6-4e89e99eac75,Same Direction Sideswipe,N,Non Intersection,Right Turn Lane,Daylight,No Defects,"Two-way, Divided, Positive Median Barrier",Dry,Clear,One o'clock,(Sport) Utility Vehicle,Functional,N,Moving Constant Speed,2015-02-10 10:22,28,39.15129612,-76.70843124
258,N,Apparently Normal,No Misuse,N,No Injury,dbf6f2d4-fe72-4083-8d1a-97e24e66de3a,D,AC1740000Z,Shoulder/Lap Belt(s),F,ae18f9d6-2e58-44ae-928d-8853b48210ac,Head On,N,Non Intersection,Right Turn Lane,Dark Lights On,No Defects,"Two-way, Not Divided",Snow,Snow,Eleven o'clock,(Sport) Utility Vehicle,Disabling,N,Moving Constant Speed,2015-02-14 21:06,56,39.13535317,-76.66894913
259,N,Apparently Normal,No Misuse,Y,No Injury,b6ab4efd-b2a4-49bc-9865-1b238461512e,D,AC1740000Z,Shoulder/Lap Belt(s),M,0769c969-ce06-49dc-8a2c-dfe31679322e,Head On,N,Non Intersection,Right Turn Lane,Dark Lights On,No Defects,"Two-way, Not Divided",Snow,Snow,Twelve o'clock,"Other Light Trucks (10,000 lbs (4,536 kg))",Disabling,N,Leaving Traffic Lane,2015-02-14 21:06,34,39.13535317,-76.66894913
260,N,Apparently Normal,No Misuse,Y,No Injury,31976c8d-4189-405f-9eb2-6ba1fecb3646,D,AC17400010,Shoulder/Lap Belt(s),F,5d13a71a-5ecb-4e50-ad3b-dfa057572252,Single Vehicle ,N,Non Intersection,Right Turn Lane,Daylight,No Defects,"Two-way, Not Divided",Dry,Clear,Twelve o'clock,(Sport) Utility Vehicle,Functional,N,Moving Constant Speed,2015-02-27 09:18,30,39.12786306,-76.67508602
261,N,Apparently Normal,No Misuse,Y,No Injury,ded8615a-bace-471f-8c49-c6b3c2a0284a,D,AC1756000C,Shoulder/Lap Belt(s),F,7c3d8026-efff-4250-b7f9-fcfbf92bef67,Single Vehicle ,N,Non Intersection,Left Turn Lane,Dark No Lights,No Defects,"Two-way, Divided, Positive Median Barrier",Wet,Raining,Twelve o'clock,Passenger Car,Destroyed,N,Slowing or Stopping,2015-03-31 20:00,30,39.21318778,-76.61484082
262,N,Apparently Normal,No Misuse,N,No Injury,8587923a-e050-4b5d-a7ed-f5970a03e025,D,AC1775000N,Shoulder/Lap Belt(s),F,1046930e-c717-4ba4-8163-b2e94f6d1be1,Same Direction Rear End,N,Non Intersection,Right Turn Lane,Dark Lights On,No Defects,"Two-way, Divided, Positive Median Barrier",Dry,Clear,Five o'clock,Pickup Truck,Functional,N,Slowing or Stopping,2015-01-08 17:43,27,39.15654585,-76.66046262
263,N,Apparently Normal,No Misuse,Y,No Injury,b66a3d3e-0bae-47f6-ad3f-2ba2896aee66,D,AC1775000N,Shoulder/Lap Belt(s),M,2ba98698-5ea1-44ca-b43a-58a49a986a6d,Same Direction Rear End,N,Non Intersection,Right Turn Lane,Dark Lights On,No Defects,"Two-way, Divided, Positive Median Barrier",Dry,Clear,Twelve o'clock,Passenger Car,Disabling,N,Moving Constant Speed,2015-01-08 17:43,40,39.15654585,-76.66046262
264,N,Apparently Normal,No Misuse,Y,No Injury,e383288f-e6c4-4e07-898d-c3990b3adc10,D,AC1775000P,Shoulder/Lap Belt(s),F,ba68b2f4-58d9-442d-83fd-e8e2c0ac7123,Same Direction Rear End,N,Intersection,Right Turn Lane,Daylight,No Defects,"Two-way, Not Divided",Dry,Cloudy,Twelve o'clock,Van,Functional,N,Moving Constant Speed,2015-02-01 10:27,47,39.12695587,-76.63835049
265,N,Apparently Normal,No Misuse,N,No Injury,e8812f99-ccc6-403d-98e1-de0a459faf58,D,AC1775000P,Shoulder/Lap Belt(s),M,77a68414-8d8d-4f0c-9a99-9f97632e54a4,Same Direction Rear End,N,Intersection,Right Turn Lane,Daylight,No Defects,"Two-way, Not Divided",Dry,Cloudy,Nine o'clock,Van,Superficial,N,Making Left Turn,2015-02-01 10:27,35,39.12695587,-76.63835049
266,N,Apparently Normal,No Misuse,N,No Injury,34168e53-bc1d-4d9b-b706-d96e5260b789,D,AC1786000V,Shoulder/Lap Belt(s),F,5ecc53dc-e59d-4f71-9acf-a323192c1977,Same Direction Sideswipe,N,Intersection,Right Turn Lane,Daylight,No Defects,"Two-way, Not Divided",Wet,Raining,Twelve o'clock,Van,Functional,N,Moving Constant Speed,2015-03-31 16:33,44,39.13760421,-76.65539861
267,N,Influenced by Medications and/or Drugs and/or Alcohol,No Misuse,Y,Non-incapacitating Injury,467489e1-ae85-40d5-9480-343e569bc4c2,D,AC1786000V,Shoulder/Lap Belt(s),F,f44aa305-2686-4b17-9921-3920b4b38640,Same Direction Sideswipe,N,Intersection,Right Turn Lane,Daylight,No Defects,"Two-way, Not Divided",Wet,Raining,Eleven o'clock,Passenger Car,Disabling,N,Moving Constant Speed,2015-03-31 16:33,56,39.13760421,-76.65539861
268,N,Apparently Normal,No Misuse,N,Possible Incapacitating Injury,1e60070c-8257-4398-9222-dac2b25e3616,D,AC1786000V,Shoulder/Lap Belt(s),M,93844450-6921-4938-9b33-7f19a7d56ddc,Same Direction Sideswipe,N,Intersection,Right Turn Lane,Daylight,No Defects,"Two-way, Not Divided",Wet,Raining,Five o'clock,(Sport) Utility Vehicle,Disabling,N,Stopped in Traffic Lane,2015-03-31 16:33,49,39.13760421,-76.65539861
269,N,Apparently Normal,No Misuse,N,No Injury,be73ee1e-ba76-44fc-a8c7-c1f5461b45df,D,AC1816000T,Shoulder/Lap Belt(s),F,7beb6a05-ceef-4469-a047-0bed74d05e58,Same Movement Angle,N,Commercial Driveway,Left Turn Lane,Daylight,No Defects,"Two-way, Divided, Unprotected (painted >4 feet) Median",Dry,Clear,One o'clock,Passenger Car,Disabling,N,Moving Constant Speed,2015-03-13 13:46,57,39.10917667,-76.63037333
270,N,Apparently Normal,No Misuse,Y,No Injury,a3189a4b-d9b1-4202-b6c7-43f72c0750e5,D,AC1816000T,Shoulder/Lap Belt(s),M,1809be26-5eb9-463c-8ce0-ea5ee65a05b3,Same Movement Angle,N,Commercial Driveway,Left Turn Lane,Daylight,No Defects,"Two-way, Divided, Unprotected (painted >4 feet) Median",Dry,Clear,Twelve o'clock,Pickup Truck,Functional,N,Making Right Turn,2015-03-13 13:46,21,39.10917667,-76.63037333
271,N,Apparently Normal,No Misuse,N,Possible Incapacitating Injury,6ea32eb6-5d75-4c45-90d8-962839d3a83a,D,AC1830000F,Shoulder/Lap Belt(s),M,d00f2e5e-8125-4f94-9e32-e00b26ba875f,Head On Left Turn,N,Intersection,Right Turn Lane,Daylight,No Defects,"Two-way, Not Divided",Dry,Clear,Twelve o'clock,Passenger Car,Disabling,N,Moving Constant Speed,2015-01-29 07:23,26,39.14302927,-76.64291037
272,N,Apparently Normal,No Misuse,N,No Injury,99a0dcb3-5d8d-4649-af2b-2af85674eaba,D,AC1846000R,Shoulder/Lap Belt(s),M,4171d790-9ec3-4e55-8c70-fa5939fa97bc,Same Direction Rear End,N,Non Intersection,Right Turn Lane,Daylight,Foreign Material,"Two-way, Divided, Unprotected (painted >4 feet) Median",Snow,Snow,Six o'clock,Passenger Car,Functional,N,Starting From Lane,2015-01-06 10:32,33,38.98168017,-76.58867598
273,N,Apparently Normal,No Misuse,Y,No Injury,00402674-ae05-4c64-a137-f14dba63e5da,D,AC1846000S,Shoulder/Lap Belt(s),F,ab3f50fc-35c4-48e4-ae15-8626e5b3dd6c,Same Direction Right Turn,N,Intersection,Left Turn Lane,Daylight,No Defects,"Two-way, Divided, Positive Median Barrier",Dry,Clear,One o'clock,Passenger Car,Disabling,N,Making Right Turn,2015-01-11 09:51,18,38.98729279,-76.54399037
274,N,Apparently Normal,No Misuse,N,Possible Incapacitating Injury,4cc5ff59-0568-4dcf-9e90-24426f915477,D,AC1846000S,Shoulder/Lap Belt(s),F,9807255c-4d8e-4297-8894-165f00a9327d,Same Direction Right Turn,N,Intersection,Left Turn Lane,Daylight,No Defects,"Two-way, Divided, Positive Median Barrier",Dry,Clear,Eleven o'clock,Passenger Car,Disabling,N,Moving Constant Speed,2015-01-11 09:51,28,38.98729279,-76.54399037
275,N,Apparently Normal,No Misuse,N,No Injury,abdfefde-6d66-4ea1-a7c7-3148a0c983b3,D,AC1846000W,Shoulder/Lap Belt(s),F,e94ba8b3-d23b-4824-8fa6-9851008997e7,Same Direction Rear End,N,Intersection Related,Acceleration Lane,Daylight,No Defects,"Two-way, Divided, Positive Median Barrier",Dry,Clear,Six o'clock,Passenger Car,Functional,N,Stopped in Traffic Lane,2015-02-04 16:13,57,38.98728445,-76.53567553
276,N,Apparently Normal,No Misuse,Y,Possible Incapacitating Injury,d473a024-408e-4a49-8414-f12d9f871541,D,AC1846000W,Shoulder/Lap Belt(s),F,0d8b0edc-1e48-475b-ab49-427ce55dc564,Same Direction Rear End,N,Intersection Related,Acceleration Lane,Daylight,No Defects,"Two-way, Divided, Positive Median Barrier",Dry,Clear,Twelve o'clock,Passenger Car,Disabling,N,Moving Constant Speed,2015-02-04 16:13,78,38.98728445,-76.53567553
277,Y,Apparently Normal,No Misuse,N,No Injury,3dd9896b-67bb-40fe-8f39-f9da09e2119b,D,AC1846000X,Shoulder/Lap Belt(s),F,305f4a5f-f2d6-406b-8575-4e4f65cae9c5,Same Direction Sideswipe,N,Intersection Related,Right Turn Lane,Daylight,No Defects,"Two-way, Divided, Positive Median Barrier",Dry,Clear,Four o'clock,School Bus,Superficial,N,Starting From Lane,2015-02-13 07:46,52,38.98613361,-76.54814243
278,N,Apparently Normal,No Misuse,Y,No Injury,1e736d35-85e8-4a58-bc0a-2c46071dac1a,D,AC1846000Y,Shoulder/Lap Belt(s),F,9ad06d6d-2aff-4753-a78e-99c56e289076,Same Direction Rear End,N,Intersection Related,Right Turn Lane,Daylight,Foreign Material,"Two-way, Not Divided with a Continuous Left Turn Lane",Snow,Snow,Twelve o'clock,Passenger Car,Disabling,N,Slowing or Stopping,2015-02-21 15:44,18,38.98373179,-76.53953791
279,N,Apparently Normal,No Misuse,N,No Injury,56ef88c1-0581-46ec-8f64-43cd26640e0f,D,AC1846000Y,Shoulder/Lap Belt(s),M,f004c8b8-0cba-4a34-8c29-ed618b014456,Same Direction Rear End,N,Intersection Related,Right Turn Lane,Daylight,Foreign Material,"Two-way, Not Divided with a Continuous Left Turn Lane",Snow,Snow,Six o'clock,Pickup Truck,Superficial,N,Stopped in Traffic Lane,2015-02-21 15:44,59,38.98373179,-76.53953791
280,N,Apparently Normal,No Misuse,N,No Injury,bc98ca30-5602-46b2-bd7a-a24c52f5c6da,D,AC1846000Z,Shoulder/Lap Belt(s),F,40d19d50-b4db-4753-bb22-5bac7069cef5,Same Direction Rear End,N,Intersection Related,Left Turn Lane,Dark Lights On,No Defects,"Two-way, Divided, Positive Median Barrier",Dry,Clear,Six o'clock,Passenger Car,Functional,N,Stopped in Traffic Lane,2015-02-20 19:21,45,38.98591678,-76.54524565
281,N,Apparently Normal,No Misuse,Y,No Injury,42a52ca9-eb99-47a4-83a6-d157ce0704ee,D,AC1846000Z,Shoulder/Lap Belt(s),F,171f8429-b8f6-4a70-9711-036078f79a5b,Same Direction Rear End,N,Intersection Related,Left Turn Lane,Dark Lights On,No Defects,"Two-way, Divided, Positive Median Barrier",Dry,Clear,Twelve o'clock,Passenger Car,Disabling,N,Slowing or Stopping,2015-02-20 19:21,23,38.98591678,-76.54524565
282,N,Apparently Normal,No Misuse,N,No Injury,03b2173d-c500-4929-8170-712c0b20b31c,D,AC1852000H,Shoulder/Lap Belt(s),F,cb5e51fe-6a28-4610-82cb-629a6e8ce515,Same Direction Rear End,N,Non Intersection,Right Turn Lane,Dawn,No Defects,"Two-way, Divided, Unprotected (painted >4 feet) Median",Dry,Clear,Six o'clock,Passenger Car,Functional,N,Slowing or Stopping,2015-02-27 06:34,26,38.89472557,-76.59432893
283,N,Apparently Normal,No Misuse,Y,Non-incapacitating Injury,b429aae1-8c6b-4823-b3ab-258139d0f8e1,D,AC1852000H,Shoulder/Lap Belt(s),F,30d3f678-d660-472f-b586-3845fd01b659,Same Direction Rear End,N,Non Intersection,Right Turn Lane,Dawn,No Defects,"Two-way, Divided, Unprotected (painted >4 feet) Median",Dry,Clear,Twelve o'clock,Passenger Car,Disabling,N,Moving Constant Speed,2015-02-27 06:34,39,38.89472557,-76.59432893
284,N,Apparently Normal,No Misuse,N,No Injury,19d03fe9-9026-4741-96e0-28abc886ec37,D,AC18660012,Shoulder/Lap Belt(s),F,6b86e04a-4869-4b40-83af-66a04b45d275,Same Direction Rear End,N,Intersection,Right Turn Lane,Dark Lights On,No Defects,"Two-way, Not Divided",Wet,Raining,Six o'clock,Passenger Car,Functional,N,Making Left Turn,2015-01-21 18:09,18,39.13504,-76.51939833
285,N,Apparently Normal,No Misuse,Y,No Injury,9033a0cf-6113-49fb-8435-e3766c36274e,D,AC18660012,Shoulder/Lap Belt(s),M,212cb879-c59a-47e5-88a4-72873d23022b,Same Direction Rear End,N,Intersection,Right Turn Lane,Dark Lights On,No Defects,"Two-way, Not Divided",Wet,Raining,Twelve o'clock,Passenger Car,Disabling,N,Moving Constant Speed,2015-01-21 18:09,19,39.13504,-76.51939833
286,N,Apparently Normal,No Misuse,Y,No Injury,6ebaf99e-87ce-4cb4-8269-6897495135c8,D,AC18660013,Shoulder/Lap Belt(s),F,b19fac2a-2046-4145-a56a-1781fc7f6db9,Same Direction Rear End,N,Intersection Related,Left Turn Lane,Daylight,No Defects,"Two-way, Divided, Positive Median Barrier",Wet,Raining,Twelve o'clock,Passenger Car,Functional,N,Moving Constant Speed,2015-02-02 09:10,50,39.06137167,-76.53152667
287,N,Apparently Normal,No Misuse,N,No Injury,d50ae4fa-9f2a-4f61-8d98-452a9cd6a08f,D,AC18660013,Shoulder/Lap Belt(s),F,8b354d8e-7e7e-4da4-a250-8bdb4346a550,Same Direction Rear End,N,Intersection Related,Left Turn Lane,Daylight,No Defects,"Two-way, Divided, Positive Median Barrier",Wet,Raining,Six o'clock,Passenger Car,No Damage,N,Slowing or Stopping,2015-02-02 09:10,42,39.06137167,-76.53152667
288,N,Apparently Normal,No Misuse,N,No Injury,b68b1df0-e6ad-4656-bf8b-aed13f40d956,D,AC18660015,Shoulder/Lap Belt(s),F,744bf132-53a0-435b-994c-20d007b0dc94,Same Direction Rear End,N,Intersection Related,Right Turn Lane,Daylight,No Defects,"Two-way, Divided, Positive Median Barrier",Dry,Cloudy,Six o'clock,Passenger Car,Functional,N,Slowing or Stopping,2015-02-09 16:21,26,39.02643333,-76.50163833
289,N,Apparently Normal,No Misuse,Y,No Injury,6d02956e-aaf3-483b-8ff3-cc83230e8a38,D,AC18660015,Shoulder/Lap Belt(s),F,78661ede-2f16-4537-8536-cc1c7092a3f3,Same Direction Rear End,N,Intersection Related,Right Turn Lane,Daylight,No Defects,"Two-way, Divided, Positive Median Barrier",Dry,Cloudy,Twelve o'clock,Passenger Car,Disabling,N,Moving Constant Speed,2015-02-09 16:21,81,39.02643333,-76.50163833
290,N,Apparently Normal,No Misuse,N,No Injury,6338adf3-ffed-457f-bcdb-754da8064d3d,D,AC18660015,Shoulder/Lap Belt(s),M,3f520538-6523-44b9-8396-da6223996de2,Same Direction Rear End,N,Intersection Related,Right Turn Lane,Daylight,No Defects,"Two-way, Divided, Positive Median Barrier",Dry,Cloudy,Six o'clock,Passenger Car,Superficial,N,Slowing or Stopping,2015-02-09 16:21,47,39.02643333,-76.50163833
291,N,Apparently Normal,No Misuse,N,No Injury,94bab150-da71-4b3b-a684-79d929764953,D,AC18660015,Shoulder/Lap Belt(s),M,28ada850-e1e1-4aa2-88e8-18cc481c89cd,Same Direction Rear End,N,Intersection Related,Right Turn Lane,Daylight,No Defects,"Two-way, Divided, Positive Median Barrier",Dry,Cloudy,Six o'clock,Passenger Car,No Damage,N,Slowing or Stopping,2015-02-09 16:21,37,39.02643333,-76.50163833
292,N,Apparently Normal,No Misuse,N,No Injury,f65a7d36-2e09-4c25-b3b7-5b83a6fbc40c,D,AC18690013,Shoulder/Lap Belt(s),F,19953df7-7916-4209-bd82-2dbd3d515876,Same Movement Angle,N,Interchange Related,Acceleration Lane,Dark No Lights,No Defects,One-way Trafficway,Dry,Clear,Five o'clock,Passenger Car,Disabling,N,Moving Constant Speed,2015-03-30 21:26,43,39.05651736,-76.65727615
293,N,Apparently Normal,No Misuse,N,No Injury,6c3a94a1-056c-4bc7-b0f9-64853afe0a80,D,AC1875000S,Shoulder/Lap Belt(s),F,c81a0596-fcec-4f32-9b0f-3466152c3cbe,Same Direction Rear End,N,Non Intersection,Left Turn Lane,Dark Lights On,No Defects,"Two-way, Divided, Positive Median Barrier",Dry,Clear,Seven o'clock,Passenger Car,Functional,N,Moving Constant Speed,2015-01-09 17:13,47,39.10096983,-76.70583017
294,N,Apparently Normal,No Misuse,Y,No Injury,a46f1547-e31c-4684-bf6e-0cd4979f9ce0,D,AC1875000S,Shoulder/Lap Belt(s),F,c34dd3b0-ca42-470e-b46f-c54ea010e5ab,Same Direction Rear End,N,Non Intersection,Left Turn Lane,Dark Lights On,No Defects,"Two-way, Divided, Positive Median Barrier",Dry,Clear,One o'clock,Passenger Car,Disabling,N,Moving Constant Speed,2015-01-09 17:13,38,39.10096983,-76.70583017
295,N,Apparently Normal,No Misuse,Y,No Injury,7740fca8-fd5b-41b5-8178-dd9111386ad7,D,AC1875000V,Shoulder/Lap Belt(s),F,264c404c-0e57-4658-bfdd-64fc39121615,Same Movement Angle,N,Intersection,Deceleration Lane,Daylight,No Defects,"Two-way, Divided, Positive Median Barrier",Dry,Clear,Twelve o'clock,Passenger Car,Functional,N,Moving Constant Speed,2015-01-21 11:06,68,39.15910338,-76.71822973
296,N,Apparently Normal,No Misuse,N,Non-incapacitating Injury,584510b7-5a96-48d9-bca0-41808023aff7,D,AC1875000V,Shoulder/Lap Belt(s),F,ac67dc10-ed6b-4857-b2f8-b285771a4522,Same Movement Angle,N,Intersection,Deceleration Lane,Daylight,No Defects,"Two-way, Divided, Positive Median Barrier",Dry,Clear,Seven o'clock,Passenger Car,Functional,N,Making Left Turn,2015-01-21 11:06,30,39.15910338,-76.71822973
297,N,Apparently Normal,No Misuse,Y,No Injury,61cb3436-4d64-4f86-983b-8341dca0c700,D,AC1886001C,Shoulder/Lap Belt(s),F,d69c856f-c190-4896-90f1-e46b08b9da6d,Same Movement Angle,N,Intersection,Acceleration Lane,Dark No Lights,No Defects,"Two-way, Divided, Unprotected (painted >4 feet) Median",Dry,Clear,One o'clock,(Sport) Utility Vehicle,Disabling,N,Making Left Turn,2015-01-27 18:51,53,39.11880729,-76.51720047
298,N,Apparently Normal,No Misuse,N,Possible Incapacitating Injury,216e9ca1-6fbb-46dc-87a2-04eed22f6ae2,D,AC1886001C,None  ,M,84889d92-cf81-4c43-8744-9435e042b139,Same Movement Angle,N,Intersection,Acceleration Lane,Dark No Lights,No Defects,"Two-way, Divided, Unprotected (painted >4 feet) Median",Dry,Clear,Twelve o'clock,(Sport) Utility Vehicle,Disabling,N,Moving Constant Speed,2015-01-27 18:51,63,39.11880729,-76.51720047