KEY_INDEX,CDL_FLAG,CONDITION_CODE,EQUIP_PROB_CODE,FAULT_FLAG,INJ_SEVER_CODE,PERSON_ID,PERSON_TYPE,REPORT_NO,SAF_EQUIP_CODE,SEX_CODE,VEHICLE_ID,COLLISION_TYPE_CODE,C_M_ZONE_FLAG,JUNCTION_CODE,LANE_CODE,LIGHT_CODE,RD_COND_CODE,RD_DIV_CODE,SURF_COND_CODE,WEATHER_CODE,AREA_DAMAGED_CODE_MAIN,BODY_TYPE_CODE,DAMAGE_CODE,HIT_AND_RUN_FLAG,MOVEMENT_CODE,TIME,AGE,LATITUDE,LONGITUDE
299,N,Apparently Normal,No Misuse,Y,No Injury,b237fbc6-1181-4e7c-a3eb-419076787e13,D,AC1886001D,Shoulder/Lap Belt(s),F,559227b2-294e-4d75-a923-5cb5c664a687,Same Direction Rear End,N,Non Intersection,Left Turn Lane,Dark Lights On,No Defects,"Two-way, Divided, Unprotected (painted >4 feet) Median",Dry,Clear,Twelve o'clock,Passenger Car,Disabling,N,Slowing or Stopping,2015-01-28 18:36,60,39.08097355,-76.54900074
300,N,Apparently Normal,No Misuse,N,No Injury,15f6e068-0960-4711-abed-8309ae3a7330,D,AC1886001D,Shoulder/Lap Belt(s),M,3fad0389-7e75-403e-8e21-b386e5c5c575,Same Direction Rear End,N,Non Intersection,Left Turn Lane,Dark Lights On,No Defects,"Two-way, Divided, Unprotected (painted >4 feet) Median",Dry,Clear,Six o'clock,(Sport) Utility Vehicle,Functional,N,Stopped in Traffic Lane,2015-01-28 18:36,53,39.08097355,-76.54900074
301,N,Apparently Normal,No Misuse,N,No Injury,a1799c30-3b0d-4e47-ad79-7b2df2592ab3,D,AC1886001F,Shoulder/Lap Belt(s),F,44cf2b6c-0345-4ec5-8568-deb32a1de4ea,Same Direction Rear End,N,Non Intersection,Left Turn Lane,Dark Lights On,No Defects,One-way Trafficway,Wet,Wintry Mix,Six o'clock,(Sport) Utility Vehicle,Functional,N,Moving Constant Speed,2015-02-01 22:49,55,39.13481224,-76.59660459
302,N,Apparently Normal,No Misuse,Y,No Injury,e58bb901-11a0-43e9-95cd-0dae1d4e611e,D,AC1886001F,Shoulder/Lap Belt(s),F,c3d30234-9591-407a-9a0f-4f666e5daad8,Same Direction Rear End,N,Non Intersection,Left Turn Lane,Dark Lights On,No Defects,One-way Trafficway,Wet,Wintry Mix,Twelve o'clock,Passenger Car,Disabling,N,Moving Constant Speed,2015-02-01 22:49,22,39.13481224,-76.59660459
303,N,Apparently Normal,No Misuse,N,Possible Incapacitating Injury,b0462623-5288-4e4b-97c2-b938b31bed8d,D,AC1886001F,Shoulder/Lap Belt(s),M,f1a13760-463a-4e12-ad0c-3a3082f99d20,Same Direction Rear End,N,Non Intersection,Left Turn Lane,Dark Lights On,No Defects,One-way Trafficway,Wet,Wintry Mix,Six o'clock,Pickup Truck,Disabling,N,Moving Constant Speed,2015-02-01 22:49,32,39.13481224,-76.59660459
304,N,Apparently Normal,No Misuse,N,No Injury,c679ead4-4333-43ca-8d42-892494e7b230,D,AC1886001G,Shoulder/Lap Belt(s),F,fafc04a0-b1eb-40ad-8fe0-521c8f5fa03c,Same Movement Angle,N,Non Intersection,Right Turn Lane,Daylight,No Defects,"Two-way, Not Divided",Dry,Clear,One o'clock,Passenger Car,Disabling,N,Moving Constant Speed,2015-02-06 07:20,60,39.13131036,-76.56265587
305,N,Apparently Normal,No Misuse,Y,No Injury,fa92333f-284d-4efe-a0ee-5add70c48511,D,AC1886001G,Shoulder/Lap Belt(s),M,0171a2a2-c81c-4b57-99a2-c7048fa6797a,Same Movement Angle,N,Non Intersection,Right Turn Lane,Daylight,No Defects,"Two-way, Not Divided",Dry,Clear,Eleven o'clock,Passenger Car,Disabling,N,Entering Traffic Lane,2015-02-06 07:20,33,39.13131036,-76.56265587
306,N,Apparently Normal,No Misuse,Y,No Injury,ca2644dc-5525-453c-8acd-c31dc596f0d4,D,AC1899000R,Shoulder/Lap Belt(s),M,a904a7c8-8fb1-452b-8da7-a5f0a875563a,Same Direction Rear End Left Turn,N,Non Intersection,Right Turn Lane,Dusk,No Defects,"Two-way, Not Divided",Dry,Clear,Twelve o'clock,Pickup Truck,Superficial,N,Moving Constant Speed,2015-01-15 16:30,48,38.84955116,-76.60713226
307,N,Apparently Normal,No Misuse,Y,No Injury,845bca20-93ce-4f9d-8a5c-cf06e850e0e3,D,AC19060010,Shoulder/Lap Belt(s),F,e2e8819d-f0e8-4862-a062-106ba9a98be9,Same Movement Angle,N,Commercial Driveway,Right Turn Lane,Daylight,No Defects,"Two-way, Not Divided",Dry,Clear,Eight o'clock,Passenger Car,Disabling,N,Starting From Lane,2015-02-07 15:08,42,38.92829333,-76.574715
308,N,Apparently Normal,No Misuse,N,Possible Incapacitating Injury,0ac25c58-6ed0-40ab-a8d5-b12e39b00e6f,D,AC19060010,Shoulder/Lap Belt(s),F,459b4cd7-0f0a-4e1a-80b1-7325d9aaee82,Same Movement Angle,N,Commercial Driveway,Right Turn Lane,Daylight,No Defects,"Two-way, Not Divided",Dry,Clear,Twelve o'clock,Passenger Car,Destroyed,N,Moving Constant Speed,2015-02-07 15:08,66,38.92829333,-76.574715
309,N,Apparently Normal,No Misuse,N,No Injury,ce944470-2b05-4d4d-8261-25ffb17400d7,D,AC19060011,Shoulder/Lap Belt(s),F,2f0c25fe-05be-47e5-9956-57de6dead13f,Same Direction Left Turn,N,Non Intersection,Right Turn Lane,Daylight,No Defects,"Two-way, Not Divided",Dry,Cloudy,Twelve o'clock,(Sport) Utility Vehicle,Destroyed,N,Moving Constant Speed,2015-02-16 15:05,45,38.92951,-76.561285
310,N,Apparently Normal,No Misuse,Y,No Injury,3989955d-02d5-40ca-a76f-8e2adb04b416,D,AC19060011,Shoulder/Lap Belt(s),M,25a83aae-d32f-452a-b62d-39e5a88a2393,Same Direction Left Turn,N,Non Intersection,Right Turn Lane,Daylight,No Defects,"Two-way, Not Divided",Dry,Cloudy,Ten o'clock,Van,Destroyed,N,Making U Turn,2015-02-16 15:05,41,38.92951,-76.561285
311,N,Apparently Normal,No Misuse,N,No Injury,a56c04a4-5306-45e6-bfd7-0523b13505b3,D,AC1911001M,Shoulder/Lap Belt(s),F,86deebcf-adcc-435f-bb74-8b136392179e,Angle Meets Left Turn Head On,N,Intersection,Right Turn Lane,Daylight,No Defects,"Two-way, Divided, Unprotected (painted >4 feet) Median",Dry,Clear,Twelve o'clock,Passenger Car,Disabling,N,Making Left Turn,2015-02-07 16:32,54,38.97258062,-76.56295896
312,N,Apparently Normal,No Misuse,N,No Injury,b8974b0a-4235-4886-97f6-9413500e96b2,D,AC1916001C,Shoulder/Lap Belt(s),F,40940948-eef1-4a9f-a538-3a840402d054,Same Direction Rear End,N,Non Intersection,Right Turn Lane,Daylight,No Defects,"Two-way, Divided, Positive Median Barrier",Dry,Clear,Twelve o'clock,Passenger Car,Superficial,N,Slowing or Stopping,2015-02-24 16:45,29,39.20858935,-76.61472559
313,N,Apparently Normal,No Misuse,N,No Injury,00da4fe8-0089-43ea-9ffb-b133c73b8968,D,AC1916001C,Shoulder/Lap Belt(s),F,dbe9ba9d-1a19-44a9-8125-2728231ecd40,Same Direction Rear End,N,Non Intersection,Right Turn Lane,Daylight,No Defects,"Two-way, Divided, Positive Median Barrier",Dry,Clear,Seven o'clock,Passenger Car,Superficial,N,Slowing or Stopping,2015-02-24 16:45,28,39.20858935,-76.61472559
314,N,Apparently Normal,No Misuse,Y,No Injury,ca6e335c-d734-44d8-80b0-5f01ded36c59,D,AC1918000V,Shoulder/Lap Belt(s),F,07a75afd-7e29-4504-9926-5d4ed86e5c1f,Single Vehicle ,N,Intersection,Acceleration Lane,Daylight,No Defects,"Two-way, Divided, Positive Median Barrier",Dry,Clear,One o'clock,Passenger Car,Disabling,N,Moving Constant Speed,2015-02-03 13:38,68,38.93366703,-76.56742215
315,N,Apparently Normal,No Misuse,Y,No Injury,4af69242-0927-4f68-af6b-7e28213226b4,D,AC19180010,Shoulder/Lap Belt(s),F,ce3902b8-f9e7-4598-8f9b-7bd2c0c6f956,Same Movement Angle,N,Intersection,Right Turn Lane,Daylight,No Defects,"Two-way, Divided, Unprotected (painted >4 feet) Median",Dry,Clear,Five o'clock,Passenger Car,Superficial,N,Making Left Turn,2015-03-18 18:01,46,38.8919848,-76.5967226
316,N,Apparently Normal,No Misuse,Y,No Injury,a1257adb-ef28-4a5b-ab76-ec220b9549c1,D,AC19210014,Shoulder/Lap Belt(s),F,7c296b96-ae6d-42a4-9d2e-969163ff2c7d,Single Vehicle ,N,Non Intersection,Right Turn Lane,Daylight,No Defects,"Two-way, Not Divided",Slush,Wintry Mix,Twelve o'clock,Passenger Car,Superficial,N,Accelerating,2015-03-01 13:31,35,39.14495435,-76.54127722
317,N,Apparently Normal,No Misuse,Y,No Injury,a94932be-5ed8-4cc9-afdd-08f505f163b7,D,AC1930001F,Shoulder/Lap Belt(s),F,384ba3e3-d0bd-40bc-9437-aa36df0c463e,Single Vehicle ,N,Non Intersection,Right Turn Lane,Dark Lights On,No Defects,"Two-way, Divided, Positive Median Barrier",Wet,Raining,Twelve o'clock,(Sport) Utility Vehicle,Functional,N,Slowing or Stopping,2015-01-12 18:03,26,39.06999597,-76.71338797
318,N,Apparently Normal,No Misuse,N,No Injury,27da5df6-758a-4e7e-920f-4367c20827c6,D,AC1930001H,Shoulder/Lap Belt(s),F,c9f266cd-63d4-4e38-b1fb-484a0ab1c931,Same Direction Rear End,N,Non Intersection,Right Turn Lane,Dark Lights On,No Defects,"Two-way, Divided, Positive Median Barrier",Dry,Clear,Six o'clock,Passenger Car,Superficial,N,Slowing or Stopping,2015-01-30 18:35,30,39.05445952,-76.65933609
319,N,Apparently Normal,No Misuse,Y,No Injury,76250337-82d1-4942-846d-18572e8da56a,D,AC1930001H,Shoulder/Lap Belt(s),M,06d03067-9ddd-431b-b35e-8f2fefc4aebe,Same Direction Rear End,N,Non Intersection,Right Turn Lane,Dark Lights On,No Defects,"Two-way, Divided, Positive Median Barrier",Dry,Clear,Twelve o'clock,Passenger Car,Disabling,N,Slowing or Stopping,2015-01-30 18:35,22,39.05445952,-76.65933609
320,Y,Apparently Normal,No Misuse,N,No Injury,221ebd49-d825-4ff5-8251-5be5bb1a3d1f,D,AC1930001R,Shoulder/Lap Belt(s),F,823fcb2c-e9b5-4629-a227-0b5117950762,Single Vehicle ,N,Non Intersection,Right Turn Lane,Daylight,No Defects,"Two-way, Not Divided",Dry,Clear,Six o'clock,School Bus,No Damage,N,Moving Constant Speed,2015-03-09 16:28,39,39.11407918,-76.70946121
321,N,Apparently Normal,No Misuse,Y,No Injury,b3a3bf05-faaf-4188-9006-61ef1433d198,D,AC1930001S,Shoulder/Lap Belt(s),F,d90899c3-91fa-4f4d-a8f3-b57e650451ee,Same Direction Rear End,N,Non Intersection,Right Turn Lane,Daylight,No Defects,"Two-way, Not Divided",Dry,Clear,Twelve o'clock,Passenger Car,Disabling,N,Slowing or Stopping,2015-03-18 09:38,89,39.07668434,-76.68321848
322,N,Apparently Normal,No Misuse,N,Non-incapacitating Injury,a2a24bec-9d01-4d87-b52c-71e94752ffb8,D,AC1930001S,Shoulder/Lap Belt(s),F,a731b383-6a43-498c-8935-61504d760cf6,Same Direction Rear End,N,Non Intersection,Right Turn Lane,Daylight,No Defects,"Two-way, Not Divided",Dry,Clear,Six o'clock,Passenger Car,Disabling,N,Stopped in Traffic Lane,2015-03-18 09:38,46,39.07668434,-76.68321848
323,N,Apparently Normal,No Misuse,Y,No Injury,120d6f2a-941e-4606-8044-d79f444e6d47,D,AC19510012,Shoulder/Lap Belt(s),F,d4571b53-0c22-40b5-a64a-1451723bbfef,Single Vehicle ,N,Non Intersection,Right Turn Lane,Daylight,No Defects,"Two-way, Not Divided",Snow,Snow,Twelve o'clock,Passenger Car,Functional,N,Moving Constant Speed,2015-03-05 08:43,22,39.141468,-76.727203
324,N,Apparently Normal,No Misuse,N,No Injury,24c500f1-649d-4f6d-b21e-80c17566bcce,D,AC19600012,Shoulder/Lap Belt(s),F,8dd9f2b3-fb95-4957-b706-c7666be08612,Same Direction Rear End,N,Non Intersection,Right Turn Lane,Dark - Unknown Lighting,No Defects,"Two-way, Not Divided",Dry,Clear,Six o'clock,(Sport) Utility Vehicle,Functional,N,Slowing or Stopping,2015-02-11 18:36,61,38.8887781,-76.5989542
325,N,Apparently Normal,No Misuse,Y,No Injury,a32999dc-6221-4228-9797-fe4831ab406a,D,AC19600012,Shoulder/Lap Belt(s),M,2104470c-06d0-48c4-b6b1-9bbc9a7c5334,Same Direction Rear End,N,Non Intersection,Right Turn Lane,Dark - Unknown Lighting,No Defects,"Two-way, Not Divided",Dry,Clear,Twelve o'clock,Passenger Car,Disabling,N,Accelerating,2015-02-11 18:36,26,38.8887781,-76.5989542
326,N,Apparently Normal,No Misuse,Y,No Injury,d298d264-3055-4811-8159-998bbc38eb1b,D,AC1962000Y,Shoulder/Lap Belt(s),F,255a5c94-04e0-4ab5-886f-eda1578e1652,Single Vehicle ,N,Intersection,Right Turn Lane,Daylight,No Defects,"Two-way, Not Divided",Ice,Snow,Twelve o'clock,(Sport) Utility Vehicle,Disabling,N,Skidding,2015-01-06 10:13,35,39.21548068,-76.66302681
327,N,Apparently Normal,No Misuse,Y,No Injury,9c6e0e25-be61-48c8-b9a1-f2585210cc72,D,AC19620018,Shoulder/Lap Belt(s),F,48d38be9-8ed1-47f5-8fbb-7a276369c9a7,Same Direction Rear End,N,Non Intersection,Right Turn Lane,Daylight,No Defects,"Two-way, Not Divided",Dry,Clear,Twelve o'clock,Passenger Car,Superficial,N,Slowing or Stopping,2015-03-23 10:58,45,39.16239414,-76.62633419
328,N,Apparently Normal,No Misuse,N,Non-incapacitating Injury,5a559f0e-8096-4918-a0cf-c568ea78b94b,D,AC19620018,Shoulder/Lap Belt(s),M,e893fea3-6dea-4339-9518-a1672addb3a7,Same Direction Rear End,N,Non Intersection,Right Turn Lane,Daylight,No Defects,"Two-way, Not Divided",Dry,Clear,Six o'clock,(Sport) Utility Vehicle,Superficial,N,Slowing or Stopping,2015-03-23 10:58,58,39.16239414,-76.62633419
329,N,Apparently Normal,No Misuse,Y,No Injury,149c2eb4-28ec-499b-ae26-af08f17692ac,D,AC19620019,Shoulder/Lap Belt(s),F,838b59c1-580e-4d13-8be6-8cd8c00e38bf,Head On,N,Intersection,Right Turn Lane,Dark Lights On,No Defects,"Two-way, Not Divided",Dry,Clear,Twelve o'clock,(Sport) Utility Vehicle,Disabling,N,Skidding,2015-03-30 22:33,24,39.17350705,-76.60107851
330,N,Apparently Normal,No Misuse,N,No Injury,73782354-c30e-483d-a553-6bc3105090f2,D,AC19620019,Shoulder/Lap Belt(s),M,508665dc-c604-40b9-8d10-a872c6495e15,Head On,N,Intersection,Right Turn Lane,Dark Lights On,No Defects,"Two-way, Not Divided",Dry,Clear,Twelve o'clock,Passenger Car,Functional,N,Moving Constant Speed,2015-03-30 22:33,30,39.17350705,-76.60107851
331,N,Apparently Normal,No Misuse,N,No Injury,c74d4ca0-a988-4226-ad65-e8e48e609e4a,D,AC1968001L,Shoulder/Lap Belt(s),F,68bef4d4-9b3c-45ea-a6ae-d3b778e66455,Same Direction Rear End,N,Non Intersection,Shoulder Area,Dark Lights On,No Defects,"Two-way, Divided, Positive Median Barrier",Wet,Clear,Five o'clock,(Sport) Utility Vehicle,Functional,N,Slowing or Stopping,2015-03-20 23:28,48,39.11382702,-76.57851567
332,N,Apparently Normal,No Misuse,N,No Injury,3f8c7b00-f5bc-4293-a489-9ff9f1b6e08c,D,AC19690010,Shoulder/Lap Belt(s),F,031adece-d7dc-456b-a0e4-78e7e7ce58e1,Same Direction Right Turn,N,Intersection,Left Turn Lane,Daylight,No Defects,"Two-way, Divided, Positive Median Barrier",Wet,Cloudy,Three o'clock,Passenger Car,Functional,N,Slowing or Stopping,2015-03-27 14:13,34,39.05763374,-76.52803659
333,N,Apparently Normal,No Misuse,Y,No Injury,d8f5fe16-4d1d-409e-aa90-21acb66e87be,D,AC1985000H,Shoulder/Lap Belt(s),F,38f250e7-1bd0-40ff-af72-8818800fba95,Same Direction Rear End Left Turn,N,Intersection Related,Left Turn Lane,Daylight,No Defects,"Two-way, Divided, Unprotected (painted >4 feet) Median",Dry,Cloudy,Twelve o'clock,Passenger Car,Destroyed,N,Moving Constant Speed,2015-02-27 09:00,21,39.12399286,-76.70323849
334,N,Apparently Normal,No Misuse,N,Possible Incapacitating Injury,5f5bca0b-387b-44c6-83a3-37c97f6c5113,D,AC1985000H,Shoulder/Lap Belt(s),F,ee084499-fbff-4bdf-ac3b-57db605c339b,Same Direction Rear End Left Turn,N,Intersection Related,Left Turn Lane,Daylight,No Defects,"Two-way, Divided, Unprotected (painted >4 feet) Median",Dry,Cloudy,Six o'clock,Passenger Car,Disabling,N,Stopped in Traffic Lane,2015-02-27 09:00,39,39.12399286,-76.70323849
335,N,Apparently Normal,No Misuse,N,No Injury,b4119ee0-056a-4cd0-b8e0-e30a573e74e1,D,AC1985000K,Shoulder/Lap Belt(s),F,a1d576bc-f72e-4c3b-9830-6736a1cd106c,Same Direction Rear End,N,Intersection Related,Left Turn Lane,Daylight,No Defects,"Two-way, Divided, Unprotected (painted >4 feet) Median",Dry,Clear,Six o'clock,Passenger Car,Superficial,N,Stopped in Traffic Lane,2015-03-13 12:43,36,39.11768356,-76.7166388
336,N,Apparently Normal,No Misuse,Y,No Injury,de7e4de8-2631-4dd3-89f1-e2639f70249f,D,AC1985000K,Shoulder/Lap Belt(s),M,d556b6bd-88af-4def-ba69-32d4e4feadac,Same Direction Rear End,N,Intersection Related,Left Turn Lane,Daylight,No Defects,"Two-way, Divided, Unprotected (painted >4 feet) Median",Dry,Clear,Twelve o'clock,Pickup Truck,Functional,N,Moving Constant Speed,2015-03-13 12:43,49,39.11768356,-76.7166388
337,N,Apparently Normal,No Misuse,N,No Injury,a13ad9fc-9da3-41fb-927b-0ac5cb55e4dd,D,AC19870017,Shoulder/Lap Belt(s),F,af2fd35d-efcc-4362-8f78-0d586b721d1a,Same Direction Rear End,N,Non Intersection,Left Turn Lane,Daylight,No Defects,One-way Trafficway,Dry,Clear,Six o'clock,Passenger Car,Superficial,N,Slowing or Stopping,2015-02-25 17:39,38,39.14574645,-76.64214849
338,N,Apparently Normal,No Misuse,Y,No Injury,fee84db7-8fe0-49ca-af04-a45456c52a0d,D,AC19870017,Shoulder/Lap Belt(s),F,c7d1d4b5-42bb-464b-8957-3d9107cb97b0,Same Direction Rear End,N,Non Intersection,Left Turn Lane,Daylight,No Defects,One-way Trafficway,Dry,Clear,Twelve o'clock,Passenger Car,Superficial,N,Slowing or Stopping,2015-02-25 17:39,42,39.14574645,-76.64214849
339,N,Apparently Normal,No Misuse,N,No Injury,f1375ed6-ce82-48c4-b075-4952b56a74f2,D,AC19870017,Shoulder/Lap Belt(s),M,a987f25a-1357-4cdf-a6ea-498afd3cb847,Same Direction Rear End,N,Non Intersection,Left Turn Lane,Daylight,No Defects,One-way Trafficway,Dry,Clear,Six o'clock,Passenger Car,Superficial,N,Slowing or Stopping,2015-02-25 17:39,71,39.14574645,-76.64214849
340,N,Apparently Normal,No Misuse,N,No Injury,b2950d9a-b577-4ecb-ac29-7590b3fa5615,D,AC19870017,Shoulder/Lap Belt(s),M,25702d5c-45c2-4172-a337-b205076348c4,Same Direction Rear End,N,Non Intersection,Left Turn Lane,Daylight,No Defects,One-way Trafficway,Dry,Clear,Six o'clock,Passenger Car,Superficial,N,Slowing or Stopping,2015-02-25 17:39,31,39.14574645,-76.64214849
341,N,Apparently Normal,No Misuse,N,Possible Incapacitating Injury,57d45b8a-aa33-4467-b0af-077d6572c0ff,D,AC19870017,Shoulder/Lap Belt(s),M,3e7f0fe8-9e9e-4eb3-b12b-cfcf505472c4,Same Direction Rear End,N,Non Intersection,Left Turn Lane,Daylight,No Defects,One-way Trafficway,Dry,Clear,Six o'clock,Passenger Car,Superficial,N,Slowing or Stopping,2015-02-25 17:39,45,39.14574645,-76.64214849
342,N,Apparently Normal,No Misuse,Y,No Injury,0472f63e-2c5c-4ddd-a7e6-08eb5813f775,D,AC1987001C,Shoulder/Lap Belt(s),F,d34c628e-614f-4abf-aff3-55d5db571528,Single Vehicle ,N,Non Intersection,Right Turn Lane,Daylight,No Defects,"Two-way, Not Divided",Ice,Sleet,Two o'clock,Passenger Car,Disabling,N,Moving Constant Speed,2015-03-20 13:50,40,39.08484611,-76.66721106
343,N,Apparently Normal,No Misuse,N,No Injury,3825be87-67aa-42f7-afb7-5ac3ea182a2e,D,AC1990000Z,Shoulder/Lap Belt(s),F,f1cbe4ed-f94c-429c-b19d-3484a732b552,Same Direction Rear End,N,Non Intersection,Right Turn Lane,Daylight,No Defects,"Two-way, Not Divided",Snow,Snow,Six o'clock,Passenger Car,Superficial,N,Parked  ,2015-01-06 08:06,43,39.08577597,-76.63732445
344,N,Apparently Normal,No Misuse,N,No Injury,5c8ca0f0-da98-4996-8bc4-126ca13f900e,D,AC1990000Z,Shoulder/Lap Belt(s),F,3b8a6a95-515b-4c3f-b560-00aeef273cbe,Same Direction Rear End,N,Non Intersection,Right Turn Lane,Daylight,No Defects,"Two-way, Not Divided",Snow,Snow,Six o'clock,Passenger Car,Superficial,N,Parked  ,2015-01-06 08:06,25,39.08577597,-76.63732445
345,N,Apparently Normal,No Misuse,Y,No Injury,6eecb2dd-3282-48e2-b8c6-bb225d39bf6d,D,AC1990000Z,Shoulder/Lap Belt(s),M,1f396de8-91ca-433f-909c-30d542e425fc,Same Direction Rear End,N,Non Intersection,Right Turn Lane,Daylight,No Defects,"Two-way, Not Divided",Snow,Snow,Twelve o'clock,Passenger Car,Disabling,N,Slowing or Stopping,2015-01-06 08:06,65,39.08577597,-76.63732445
346,N,Apparently Normal,No Misuse,Y,No Injury,06e685e3-c07e-4056-8756-be813d552aef,D,AC19900017,Shoulder/Lap Belt(s),F,4cf4b2c8-9b6e-443b-bce5-2d34fb2a2842,Same Direction Rear End,N,Non Intersection,Right Turn Lane,Daylight,No Defects,"Two-way, Divided, Unprotected (painted >4 feet) Median",Dry,Clear,Twelve o'clock,Passenger Car,Disabling,N,Slowing or Stopping,2015-02-24 15:07,26,39.14558004,-76.72670245
347,N,Apparently Normal,No Misuse,N,No Injury,85ec4371-a4fe-4299-9227-c0d9a99d5584,D,AC19900017,Shoulder/Lap Belt(s),M,97377f53-83af-4c83-87b3-6528a9c87116,Same Direction Rear End,N,Non Intersection,Right Turn Lane,Daylight,No Defects,"Two-way, Divided, Unprotected (painted >4 feet) Median",Dry,Clear,Six o'clock,Passenger Car,Functional,N,Slowing or Stopping,2015-02-24 15:07,63,39.14558004,-76.72670245
348,N,Apparently Normal,No Misuse,Y,No Injury,11a9e9aa-4e3f-4b87-927b-9e28d9006549,D,AC1990001C,Shoulder/Lap Belt(s),F,d056c065-b111-4c17-9b69-3a942b4dab49,Same Movement Angle,N,Non Intersection,Right Turn Lane,Daylight,No Defects,"Two-way, Divided, Unprotected (painted >4 feet) Median",Dry,Cloudy,Twelve o'clock,Passenger Car,Disabling,N,Making U Turn,2015-03-13 15:25,55,39.1235666,-76.78693572
349,N,Apparently Normal,No Misuse,N,No Injury,cc79250b-54d6-498b-9370-ea35a95bed13,D,AC1990001C,Shoulder/Lap Belt(s),M,418dacdc-b179-4ae4-a841-fea037f25cd8,Same Movement Angle,N,Non Intersection,Right Turn Lane,Daylight,No Defects,"Two-way, Divided, Unprotected (painted >4 feet) Median",Dry,Cloudy,Eleven o'clock,Passenger Car,Disabling,N,Slowing or Stopping,2015-03-13 15:25,34,39.1235666,-76.78693572
350,N,Apparently Normal,No Misuse,Y,No Injury,7e67c6d5-1527-445f-aa2c-0b40acba810c,D,AC1991001C,Shoulder/Lap Belt(s),F,db4e06f7-5b5c-475f-a3b4-7a083f8d1341,Single Vehicle ,N,Non Intersection,Right Turn Lane,Daylight,No Defects,"Two-way, Not Divided",Snow,Snow,Twelve o'clock,Passenger Car,Disabling,N,Moving Constant Speed,2015-03-01 09:37,28,38.98326167,-76.61256167
351,N,Apparently Normal,No Misuse,Y,No Injury,3eb98fe2-a7e1-49a2-890f-242f0ffe280f,D,AC2002000R,Shoulder/Lap Belt(s),F,9e640160-82c5-45b4-a44a-9d6d43c0c4a4,Same Direction Rear End,N,Intersection,Right Turn Lane,Daylight,No Defects,"Two-way, Divided, Positive Median Barrier",Wet,Raining,Twelve o'clock,Passenger Car,Disabling,N,Slowing or Stopping,2015-01-12 11:18,50,39.09509697,-76.62317991
352,Y,Apparently Normal,No Misuse,N,No Injury,95756e16-7810-4d72-8ee5-9f45c2e1be15,D,AC2002000R,Shoulder/Lap Belt(s),M,06fee9f4-baf8-44b2-9ce2-46edae70b689,Same Direction Rear End,N,Intersection,Right Turn Lane,Daylight,No Defects,"Two-way, Divided, Positive Median Barrier",Wet,Raining,Six o'clock,School Bus,No Damage,N,Stopped in Traffic Lane,2015-01-12 11:18,50,39.09509697,-76.62317991
353,N,Apparently Normal,No Misuse,N,No Injury,bc5f426e-7568-41ed-808e-9354b0893bd6,D,AC2002000V,Shoulder/Lap Belt(s),F,d2a722da-9c82-4bd7-bd00-0ab9e4bba68e,Same Movement Angle,N,Non Intersection,Left Turn Lane,Dusk,No Defects,"Two-way, Not Divided",Wet,Raining,One o'clock,Passenger Car,Disabling,N,Moving Constant Speed,2015-03-03 17:11,22,39.12866204,-76.54720902
354,N,Apparently Normal,No Misuse,Y,No Injury,7849107e-66c2-4a00-85b3-5953b6d59c11,D,AC2002000V,Shoulder/Lap Belt(s),M,cb8e8521-b0a7-4a49-b910-bc879e7c797e,Same Movement Angle,N,Non Intersection,Left Turn Lane,Dusk,No Defects,"Two-way, Not Divided",Wet,Raining,Twelve o'clock,(Sport) Utility Vehicle,Functional,N,Making Right Turn,2015-03-03 17:11,39,39.12866204,-76.54720902
355,N,Apparently Normal,No Misuse,Y,No Injury,a012bf15-4654-4214-9835-7e42cd804eaf,D,AC2008000T,Shoulder/Lap Belt(s),F,b20f071d-322e-455b-be7f-3909b67b9f4e,Single Vehicle ,N,Intersection,Right Turn Lane,Daylight,No Defects,"Two-way, Divided, Unprotected (painted >4 feet) Median",Dry,Clear,Twelve o'clock,Passenger Car,Functional,N,Slowing or Stopping,2015-03-09 17:31,43,38.9145445,-76.55000925
356,N,Apparently Normal,No Misuse,Y,No Injury,4fa46e96-fdef-4d09-a935-fe2a8750e5ef,D,AC2009000X,Shoulder/Lap Belt(s),F,1b2fe3ec-2ba9-4a0b-bdab-3af53c4de59a,Single Vehicle ,N,Non Intersection,Left Turn Lane,Daylight,No Defects,"Two-way, Divided, Unprotected (painted >4 feet) Median",Wet,Raining,Twelve o'clock,Passenger Car,Disabling,N,Moving Constant Speed,2015-01-03 11:58,19,39.14768514,-76.69649005
357,N,Apparently Normal,No Misuse,Y,No Injury,8552719f-8baf-4b48-b0e4-71ab0b9c605e,D,AC20090010,Shoulder/Lap Belt(s),F,dd92445e-7553-4e12-9a2f-05404ed4b3f9,Single Vehicle ,N,Non Intersection,Right Turn Lane,Daylight,No Defects,"Two-way, Divided, Unprotected (painted >4 feet) Median",Dry,Clear,Twelve o'clock,Passenger Car,Functional,N,Moving Constant Speed,2015-01-23 08:10,20,39.00633667,-76.589885
358,N,Apparently Normal,No Misuse,Y,No Injury,c871cbce-02cc-44d2-8cd8-6b7a8f453332,D,AC20090011,Shoulder/Lap Belt(s),F,6c06bd8b-c3e6-4319-a8a7-6c954a3e0be5,Single Vehicle ,N,Non Intersection,Right Turn Lane,Dark - Unknown Lighting,No Defects,"Two-way, Divided, Unprotected (painted >4 feet) Median",Snow,Wintry Mix,Twelve o'clock,Passenger Car,Functional,N,Moving Constant Speed,2015-01-29 18:01,47,39.07361093,-76.6753006