KEY_INDEX,CDL_FLAG,CONDITION_CODE,EQUIP_PROB_CODE,FAULT_FLAG,INJ_SEVER_CODE,PERSON_ID,PERSON_TYPE,REPORT_NO,SAF_EQUIP_CODE,SEX_CODE,VEHICLE_ID,COLLISION_TYPE_CODE,C_M_ZONE_FLAG,JUNCTION_CODE,LANE_CODE,LIGHT_CODE,RD_COND_CODE,RD_DIV_CODE,SURF_COND_CODE,WEATHER_CODE,AREA_DAMAGED_CODE_MAIN,BODY_TYPE_CODE,DAMAGE_CODE,HIT_AND_RUN_FLAG,MOVEMENT_CODE,TIME,AGE,LATITUDE,LONGITUDE
539,N,Apparently Normal,No Misuse,N,No Injury,68c22f54-ba52-4a3c-82d8-9c6365805a77,D,ADH951000B,Shoulder/Lap Belt(s),F,5b8e0627-db52-4041-8792-556a46ec292c,Same Movement Angle,N,Non Intersection,Right Turn Lane,Daylight,No Defects,One-way Trafficway,Dry,Clear,Four o'clock,Passenger Car,Superficial,N,Moving Constant Speed,2015-03-15 11:25,37,39.31880157,-76.56994745
540,N,Apparently Normal,No Misuse,N,No Injury,74d90ad2-54d4-4811-9dc6-9e3c80ebc3cc,D,ADH951000F,Shoulder/Lap Belt(s),F,8ad13792-879e-4053-b776-269e7838326a,Same Movement Angle,N,Intersection Related,Left Turn Lane,Daylight,No Defects,"Two-way, Divided, Unprotected (painted >4 feet) Median",Dry,Clear,Eleven o'clock,(Sport) Utility Vehicle,Disabling,N,Moving Constant Speed,2015-03-23 07:42,30,39.34440528,-76.5924713
541,N,Apparently Normal,No Misuse,Y,No Injury,b06a9e96-cf52-4574-9e22-5ffa5826c349,D,ADH951000F,Shoulder/Lap Belt(s),F,ead0d9d4-a582-4499-8df5-2b33dca31307,Same Movement Angle,N,Intersection Related,Left Turn Lane,Daylight,No Defects,"Two-way, Divided, Unprotected (painted >4 feet) Median",Dry,Clear,One o'clock,Passenger Car,Disabling,N,Making Left Turn,2015-03-23 07:42,17,39.34440528,-76.5924713
542,N,Apparently Normal,No Misuse,N,No Injury,0161f28c-1d4b-4170-81c7-62b37ac7ba55,D,ADI0210002,Shoulder/Lap Belt(s),M,03a5ee6e-4187-4ae6-9ab5-c1555b6703e1,Same Movement Angle,N,Intersection,Right Turn Lane,Dark Lights On,No Defects,"Two-way, Divided, Unprotected (painted >4 feet) Median",Dry,Clear,Twelve o'clock,Van,Functional,N,Moving Constant Speed,2015-03-15 05:55,61,39.32344651,-76.60945237
543,Y,Apparently Normal,No Misuse,N,Possible Incapacitating Injury,44e00104-dcda-4657-a491-2ba474364d32,D,ADI0210002,Shoulder/Lap Belt(s),M,96a8e36f-f750-4e79-ac77-4363ff39db52,Same Movement Angle,N,Intersection,Right Turn Lane,Dark Lights On,No Defects,"Two-way, Divided, Unprotected (painted >4 feet) Median",Dry,Clear,Twelve o'clock,Passenger Car,Disabling,N,Moving Constant Speed,2015-03-15 05:55,47,39.32344651,-76.60945237
544,N,Apparently Normal,No Misuse,Y,No Injury,99c4bd9b-cff5-48b7-b9b1-0fc2fc5d0739,D,ADI0480004,Shoulder Belt Only,F,d963181e-5415-47e9-b74d-d2857527d0cc,Same Direction Sideswipe,N,Non Intersection,Right Turn Lane,Daylight,No Defects,"Two-way, Not Divided",Ice,Wintry Mix,Seven o'clock,Passenger Car,Disabling,N,Moving Constant Speed,2015-01-18 08:00,27,39.28523707,-76.69463396
545,N,Apparently Normal,No Misuse,N,No Injury,86b1eaa8-8bdc-4f71-90b2-1bf11a920934,D,ADI0480006,Shoulder/Lap Belt(s),F,cfb35505-351e-4b75-aa9e-cac5ece4a8b3,Same Movement Angle,N,Intersection,Right Turn Lane,Daylight,No Defects,"Two-way, Divided, Unprotected (painted >4 feet) Median",Dry,Clear,One o'clock,Passenger Car,Disabling,N,Accelerating,2015-01-22 10:09,37,39.27256378,-76.67515039
546,N,Apparently Normal,No Misuse,Y,No Injury,8a2371a7-ac7f-49d8-8dfa-b014bc4be59a,D,ADI0480006,Shoulder/Lap Belt(s),M,3ac140eb-237e-42fe-87c2-20d7d24c445b,Same Movement Angle,N,Intersection,Right Turn Lane,Daylight,No Defects,"Two-way, Divided, Unprotected (painted >4 feet) Median",Dry,Clear,Twelve o'clock,Passenger Car,Disabling,N,Moving Constant Speed,2015-01-22 10:09,43,39.27256378,-76.67515039
547,N,Apparently Normal,No Misuse,N,No Injury,cc7a2054-725b-4d38-8b11-b77e0572e3e8,D,ADI0480009,Shoulder/Lap Belt(s),F,b3bbea0c-ef0b-4912-a420-332b03382718,Same Direction Rear End Left Turn,N,Non Intersection,Right Turn Lane,Daylight,No Defects,"Two-way, Not Divided",Dry,Cloudy,Six o'clock,Passenger Car,Functional,N,Making U Turn,2015-02-01 09:00,56,39.28389178,-76.64852142
548,N,Apparently Normal,No Misuse,N,No Injury,803e2a2a-96f1-4393-b9b4-f4fc3c08706f,D,ADI0580002,Shoulder/Lap Belt(s),F,43fd839c-7f46-4517-a7ac-55e9670fe6c2,Same Direction Sideswipe,N,Intersection,Acceleration Lane,Dark Lights On,No Defects,One-way Trafficway,Dry,Clear,Four o'clock,Passenger Car,Superficial,N,Moving Constant Speed,2015-01-28 06:15,29,39.28499729,-76.623483
549,N,Apparently Normal,No Misuse,Y,No Injury,da6d7ced-caf1-47c4-b881-2a03f03d6f40,D,ADI0580003,Shoulder/Lap Belt(s),F,2b7d6f9d-bbef-4842-afbb-943c6543a0d4,Same Direction Right Turn,N,Intersection,Deceleration Lane,Dark Lights On,No Defects,One-way Trafficway,Dry,Clear,Nine o'clock,Passenger Car,Superficial,N,Accelerating,2015-01-29 05:24,24,39.28625224,-76.62206814
550,N,Apparently Normal,No Misuse,N,No Injury,c825370a-440d-41d1-85ae-af98377903a1,D,ADI0640002,Shoulder/Lap Belt(s),F,9fb277c0-1291-467d-8475-5827d109d343,Same Movement Angle,N,Intersection,Right Turn Lane,Dark Lights On,No Defects,"Two-way, Divided, Unprotected (painted >4 feet) Median",Snow,Snow,Twelve o'clock,Passenger Car,Superficial,N,Stopped in Traffic Lane,2015-02-16 18:00,29,39.30891651,-76.70819521
551,N,Apparently Normal,No Misuse,N,No Injury,9091467a-ed60-4418-b9a5-3da010118cf5,D,ADI0680002,Shoulder/Lap Belt(s),F,19fd99c2-c635-4245-a6c7-1a083aff88a2,Same Direction Rear End,N,Intersection,Left Turn Lane,Daylight,No Defects,"Two-way, Not Divided",Dry,Clear,Twelve o'clock,Van,No Damage,N,Slowing or Stopping,2015-03-23 14:55,53,39.28138383,-76.69364691
552,N,Apparently Normal,No Misuse,Y,No Injury,26b6b7db-c8fb-4084-bdf9-804d778ffbb6,D,ADI0680002,Shoulder/Lap Belt(s),F,7ea32396-bc7b-43a8-bc18-7ff22f80a01e,Same Direction Rear End,N,Intersection,Left Turn Lane,Daylight,No Defects,"Two-way, Not Divided",Dry,Clear,Six o'clock,Passenger Car,Superficial,N,Moving Constant Speed,2015-03-23 14:55,20,39.28138383,-76.69364691
553,N,Apparently Normal,No Misuse,N,No Injury,e879d8b6-70ff-4b13-85eb-3c379788807a,D,ADI0690008,Shoulder/Lap Belt(s),F,61782645-6ba8-4042-90a0-2f94ee28fb9d,Same Direction Rear End,N,Non Intersection,Right Turn Lane,Daylight,No Defects,"Two-way, Divided, Positive Median Barrier",Wet,Clear,Six o'clock,(Sport) Utility Vehicle,Superficial,N,Stopped in Traffic Lane,2015-02-23 16:00,39,39.32813564,-76.61441982
554,N,Apparently Normal,No Misuse,Y,No Injury,17c20eb4-4abd-44f0-a9d7-1746c1215a52,D,ADI069000B,Shoulder/Lap Belt(s),F,abfba10a-c81f-4768-8299-e20c5cfa61ce,Single Vehicle ,N,Intersection,Right Turn Lane,Daylight,No Defects,"Two-way, Divided, Positive Median Barrier",Wet,Clear,Twelve o'clock,(Sport) Utility Vehicle,Superficial,N,Making Left Turn,2015-03-09 09:12,65,39.32830577,-76.61492944
555,N,Apparently Normal,No Misuse,N,No Injury,488b77ac-717f-4111-80ad-294205ee8329,D,ADI069000H,Shoulder/Lap Belt(s),M,289349f6-a211-4fef-8ebb-51680ce830a7,Same Direction Sideswipe,N,Non Intersection,Left Turn Lane,Daylight,No Defects,"Two-way, Divided, Unprotected (painted >4 feet) Median",Wet,Cloudy,Two o'clock,Passenger Car,Functional,N,Moving Constant Speed,2015-03-27 11:58,38,39.3181304,-76.60993785
556,N,Apparently Normal,No Misuse,N,No Injury,dba3ca62-103b-4b16-8d9b-b39f2d2f8007,D,ADI0700001,Shoulder/Lap Belt(s),F,5c2f21d1-f2ba-406c-a3d4-92b078f99167,Same Movement Angle,N,Intersection,Right Turn Lane,Dark Lights On,No Defects,"Two-way, Divided, Unprotected (painted >4 feet) Median",Slush,Clear,Eleven o'clock,Passenger Car,Destroyed,N,Moving Constant Speed,2015-02-25 06:07,35,39.34510103,-76.59972668
557,N,Apparently Normal,No Misuse,Y,No Injury,05b44cc6-98f4-40de-95e9-ae9a26855078,D,ADI0700001,Shoulder/Lap Belt(s),M,5571280f-7cba-4d1f-a161-e1bc912c6744,Same Movement Angle,N,Intersection,Right Turn Lane,Dark Lights On,No Defects,"Two-way, Divided, Unprotected (painted >4 feet) Median",Slush,Clear,Twelve o'clock,Passenger Car,Destroyed,N,Accelerating,2015-02-25 06:07,25,39.34510103,-76.59972668
558,N,Apparently Normal,No Misuse,N,No Injury,d2947e38-18ac-4c3a-8de9-b49b06891478,D,ADI096000F,Shoulder/Lap Belt(s),F,acad0053-21d7-4700-a7ad-568626d3ca2b,Same Direction Right Turn,N,Non Intersection,Left Turn Lane,Daylight,No Defects,"Two-way, Divided, Positive Median Barrier",Dry,Clear,Eight o'clock,(Sport) Utility Vehicle,Superficial,N,Moving Constant Speed,2015-03-23 10:40,30,39.34977108,-76.69325933
559,N,Apparently Normal,No Misuse,Y,No Injury,3dcea044-e787-4584-8ad8-1574ecd511a9,D,ADI096000F,Shoulder/Lap Belt(s),M,6b0f204e-427c-494e-9d14-0cba7445e019,Same Direction Right Turn,N,Non Intersection,Left Turn Lane,Daylight,No Defects,"Two-way, Divided, Positive Median Barrier",Dry,Clear,One o'clock,Pickup Truck,Superficial,N,Making Right Turn,2015-03-23 10:40,59,39.34977108,-76.69325933
560,N,Apparently Normal,No Misuse,N,No Injury,efba8ac1-bba0-4add-8966-32e9f52d681a,D,ADI096000J,Shoulder/Lap Belt(s),F,cdb3c651-3fed-43fc-ab3e-e4c2b32c1663,Same Direction Rear End,Y,Non Intersection,Right Turn Lane,Daylight,No Defects,"Two-way, Divided, Positive Median Barrier",Dry,Clear,Six o'clock,Passenger Car,Superficial,N,Moving Constant Speed,2015-03-30 14:20,44,39.35381446,-76.69902474
561,N,Apparently Normal,No Misuse,Y,No Injury,e1f7753b-e0e3-46b8-a7d0-6df19a8a8ada,D,ADI096000J,Shoulder/Lap Belt(s),M,948465c0-d97b-4dab-9c2b-8e3d994f30b1,Same Direction Rear End,Y,Non Intersection,Right Turn Lane,Daylight,No Defects,"Two-way, Divided, Positive Median Barrier",Dry,Clear,Twelve o'clock,Pickup Truck,Superficial,N,Moving Constant Speed,2015-03-30 14:20,34,39.35381446,-76.69902474
562,N,Apparently Normal,No Misuse,N,No Injury,9b3fd372-dfda-440a-9ecc-7d3fd4bfa52c,D,ADI1120002,Shoulder/Lap Belt(s),F,ac5d7a95-9d1c-4389-92a4-8b0d6b23337d,Same Movement Angle,N,Intersection,Right Turn Lane,Daylight,No Defects,"Two-way, Divided, Unprotected (painted >4 feet) Median",Dry,Clear,Four o'clock,Passenger Car,Functional,N,Moving Constant Speed,2015-02-06 12:20,23,39.25298461,-76.64666802
563,N,Apparently Normal,No Misuse,Y,No Injury,4b413f56-7b17-405d-9e3d-a0334972cc6c,D,ADI1120002,Shoulder/Lap Belt(s),M,3d0aa498-f52c-4bc0-8121-9493f9fbef26,Same Movement Angle,N,Intersection,Right Turn Lane,Daylight,No Defects,"Two-way, Divided, Unprotected (painted >4 feet) Median",Dry,Clear,Eleven o'clock,Pickup Truck,Superficial,N,Making Right Turn,2015-02-06 12:20,25,39.25298461,-76.64666802
564,N,Apparently Normal,No Misuse,Y,No Injury,effc9d3a-dea5-47de-941e-69e840eb7147,D,ADI1170001,Shoulder/Lap Belt(s),F,e9ef3cd4-fe8f-4f89-90da-b29c13abe7b7,Single Vehicle ,N,Intersection,Right Turn Lane,Dawn,No Defects,"Two-way, Divided, Unprotected (painted >4 feet) Median",Dry,Clear,Six o'clock,(Sport) Utility Vehicle,Disabling,N,Moving Constant Speed,2015-03-16 06:10,18,39.32191522,-76.62756801
565,N,Apparently Normal,No Misuse,Y,No Injury,d100fcd9-b723-40a2-845d-24a97f6e50ea,D,ADI2080001,Shoulder/Lap Belt(s),F,186ee99e-31af-47e1-a511-cdb663d5209d,Single Vehicle ,N,Non Intersection,Left Turn Lane,Dark Lights On,No Defects,"Two-way, Divided, Positive Median Barrier",Ice,Clear,One o'clock,Passenger Car,Disabling,N,Moving Constant Speed,2015-01-23 05:40,55,39.32671856,-76.65745318
566,N,Apparently Normal,No Misuse,N,No Injury,968bd4d4-195b-4e22-bca5-25f9ddc4382c,D,ADI2210006,Shoulder/Lap Belt(s),F,ae4f2487-502d-43eb-83c8-b78e851749d2,Same Direction Sideswipe,N,Intersection,Left Turn Lane,Daylight,No Defects,"Two-way, Divided, Unprotected (painted >4 feet) Median",Dry,Cloudy,Ten o'clock,Van,Functional,N,Slowing or Stopping,2015-02-16 16:55,24,39.30654644,-76.64965332
567,N,Apparently Normal,No Misuse,N,No Injury,b6c77a09-1e70-4c25-a286-45ec072cea8e,D,ADI2590005,Shoulder/Lap Belt(s),F,1b3b78a2-a8ab-4db3-9868-acd16a84f4fb,Same Direction Right Turn,N,Intersection Related,Right Turn Lane,Daylight,No Defects,"Two-way, Divided, Positive Median Barrier",Dry,Clear,Eleven o'clock,Passenger Car,Superficial,N,Accelerating,2015-02-18 14:34,59,39.2988846,-76.6042377
568,N,Apparently Normal,No Misuse,Y,No Injury,5705c74d-ed14-4514-8a8e-1896c7a5e4c0,D,ADI2590005,Shoulder/Lap Belt(s),M,f45893f3-66fb-47aa-83ff-d2a50910a197,Same Direction Right Turn,N,Intersection Related,Right Turn Lane,Daylight,No Defects,"Two-way, Divided, Positive Median Barrier",Dry,Clear,One o'clock,Passenger Car,Superficial,N,Changing Lanes,2015-02-18 14:34,40,39.2988846,-76.6042377
569,N,Apparently Normal,No Misuse,Y,No Injury,232a2e9b-7abc-49f5-a749-fffcfe72b69a,D,ADI2840002,Shoulder/Lap Belt(s),F,335ca94d-4f0f-4334-a132-861f32fbbd1f,Same Movement Angle,N,Intersection Related,Right Turn Lane,Dark Lights On,No Defects,"Two-way, Divided, Unprotected (painted >4 feet) Median",Dry,Cloudy,Twelve o'clock,Passenger Car,Disabling,N,Moving Constant Speed,2015-01-24 18:29,34,39.31798136,-76.61544845
570,N,Apparently Normal,No Misuse,N,Possible Incapacitating Injury,fe7c326d-219a-4f6f-b5f1-1a2455fdeff8,D,ADI2840002,Shoulder/Lap Belt(s),F,d7134236-7f56-4eae-a3d2-3deeb36ee5f4,Same Movement Angle,N,Intersection Related,Right Turn Lane,Dark Lights On,No Defects,"Two-way, Divided, Unprotected (painted >4 feet) Median",Dry,Cloudy,One o'clock,Passenger Car,Disabling,N,Moving Constant Speed,2015-01-24 18:29,22,39.31798136,-76.61544845
571,N,Apparently Normal,No Misuse,N,No Injury,633f46a1-eec8-4597-9b37-d5f7fc2b8fdb,D,ADI2840002,Shoulder/Lap Belt(s),M,94553995-0e10-4b1a-91d7-2ddb160cdddb,Same Movement Angle,N,Intersection Related,Right Turn Lane,Dark Lights On,No Defects,"Two-way, Divided, Unprotected (painted >4 feet) Median",Dry,Cloudy,Seven o'clock,Passenger Car,Disabling,N,Stopped in Traffic Lane,2015-01-24 18:29,54,39.31798136,-76.61544845
572,N,Apparently Normal,No Misuse,N,No Injury,b7173554-d1fc-4936-afbc-a51d4af65649,D,ADI2840004,Shoulder/Lap Belt(s),F,6c0bb135-8f98-4d26-8d9d-226ca3bfef52,Same Direction Rear End,N,Non Intersection,Right Turn Lane,Daylight,No Defects,"Two-way, Divided, Unprotected (painted >4 feet) Median",Dry,Clear,Six o'clock,Passenger Car,Functional,N,Stopped in Traffic Lane,2015-03-17 16:30,60,39.35035559,-76.60975814
573,N,Apparently Normal,No Misuse,N,No Injury,b796a7e3-e76d-40f0-8135-9bf510efc6b3,D,ADI3170002,Shoulder/Lap Belt(s),F,5aae18e6-3df0-4eba-a241-60f73de87984,Same Direction Rear End,N,Intersection,Right Turn Lane,Dawn,No Defects,"Two-way, Divided, Unprotected (painted >4 feet) Median",Wet,Raining,Eleven o'clock,(Sport) Utility Vehicle,Functional,N,Starting From Lane,2015-01-26 06:00,37,39.28702244,-76.5553844
574,N,Apparently Normal,No Misuse,N,No Injury,d0457ec5-85de-46ab-a4a6-c35647d5cd79,D,ADI3460002,Shoulder/Lap Belt(s),F,e4638f3b-5e5e-4630-99ff-f0225c506580,Same Direction Sideswipe,N,Non Intersection,Right Turn Lane,Dark Lights On,No Defects,One-way Trafficway,Dry,Clear,One o'clock,Passenger Car,Superficial,N,Moving Constant Speed,2015-03-12 21:00,21,39.35131836,-76.67755634
575,N,Apparently Normal,No Misuse,Y,No Injury,8127944f-822e-4e03-9819-f6fc1737bba7,D,ADI3500003,Shoulder/Lap Belt(s),F,eab8a6eb-b626-4fad-93f3-c67280e85352,Same Direction Rear End,N,Non Intersection,Right Turn Lane,Daylight,No Defects,"Two-way, Divided, Unprotected (painted >4 feet) Median",Dry,Clear,Twelve o'clock,Passenger Car,Disabling,N,Moving Constant Speed,2015-02-12 07:25,33,39.27750314,-76.62820637
576,N,Apparently Normal,No Misuse,N,Non-incapacitating Injury,77c067cc-d9aa-43ba-bfd6-48829e353fe0,D,ADI3500003,Shoulder/Lap Belt(s),F,82f76e62-f108-4aed-ae46-46a5db9b190f,Same Direction Rear End,N,Non Intersection,Right Turn Lane,Daylight,No Defects,"Two-way, Divided, Unprotected (painted >4 feet) Median",Dry,Clear,Six o'clock,"Other Light Trucks (10,000 lbs (4,536 kg))",Superficial,N,Slowing or Stopping,2015-02-12 07:25,45,39.27750314,-76.62820637
577,N,Apparently Normal,No Misuse,Y,No Injury,855285dc-75e4-4347-9401-fac7437f60c2,D,ADI387000K,Shoulder/Lap Belt(s),F,e685caf4-653c-4f98-9f05-35ac42374982,Same Movement Angle,N,Intersection,Right Turn Lane,Daylight,No Defects,"Two-way, Not Divided",Dry,Clear,One o'clock,(Sport) Utility Vehicle,Functional,N,Starting From Lane,2015-03-18 15:00,45,39.30782073,-76.58570945
578,N,Apparently Normal,No Misuse,N,Possible Incapacitating Injury,42c02285-1271-479e-904b-10f0b1058e97,D,ADI387000K,Shoulder/Lap Belt(s),M,54ed7893-4f6c-4bdb-8b7c-bc93779173be,Same Movement Angle,N,Intersection,Right Turn Lane,Daylight,No Defects,"Two-way, Not Divided",Dry,Clear,Nine o'clock,Van,Disabling,N,Moving Constant Speed,2015-03-18 15:00,33,39.30782073,-76.58570945
579,N,Apparently Normal,No Misuse,N,No Injury,d7e004ea-eec4-4218-9b61-e5d9e9389092,D,ADI387000R,Shoulder/Lap Belt(s),F,361ff3af-023d-4efb-b983-961e60cdfa5d,Head On Left Turn,N,Intersection,Right Turn Lane,Daylight,No Defects,"Two-way, Not Divided",Dry,Cloudy,One o'clock,Passenger Car,Superficial,N,Making Left Turn,2015-03-31 16:07,70,39.31426238,-76.59185171
580,N,Apparently Normal,No Misuse,N,No Injury,98271195-c742-4595-8361-b5b730624854,D,ADI4440004,Shoulder/Lap Belt(s),F,47d3dee6-a352-4911-b743-2991cc4f71f3,Same Direction Rear End,N,Non Intersection,Left Turn Lane,Daylight,No Defects,"Two-way, Divided, Unprotected (painted >4 feet) Median",Dry,Clear,Six o'clock,(Sport) Utility Vehicle,Superficial,N,Moving Constant Speed,2015-02-25 08:30,32,39.34296036,-76.64013147
581,N,Apparently Normal,No Misuse,Y,No Injury,bb04ca13-835c-4acd-b738-331d4dfd8d9e,D,ADI4440004,Shoulder/Lap Belt(s),M,2be1a4ef-de21-4fa4-bb35-d9c40277aa71,Same Direction Rear End,N,Non Intersection,Left Turn Lane,Daylight,No Defects,"Two-way, Divided, Unprotected (painted >4 feet) Median",Dry,Clear,Twelve o'clock,Pickup Truck,Disabling,N,Accelerating,2015-02-25 08:30,34,39.34296036,-76.64013147
582,N,Apparently Normal,No Misuse,N,No Injury,9ec1ac4f-e1fd-4e2e-970c-aaa1929f5bac,D,ADI4670001,Shoulder/Lap Belt(s),F,c14020a6-887d-4dc3-b23d-64b10e6034da,Same Movement Angle,N,Intersection,Right Turn Lane,Daylight,No Defects,One-way Trafficway,Dry,Clear,Eleven o'clock,Passenger Car,Functional,N,Moving Constant Speed,2015-02-03 15:30,26,39.29837301,-76.5941155
583,N,Apparently Normal,No Misuse,N,No Injury,56c2c8fc-3cb1-40db-a788-474dbe95d125,D,ADI4670007,Shoulder/Lap Belt(s),F,31c1c4be-5f5f-4995-8146-5e5aee038a76,Same Movement Angle,N,Intersection,Right Turn Lane,Dark Lights On,No Defects,"Two-way, Not Divided",Wet,Clear,Eight o'clock,Passenger Car,Functional,N,Making Left Turn,2015-03-02 19:30,60,39.30094677,-76.58243179
584,N,Apparently Normal,No Misuse,N,No Injury,81231d80-0639-41e2-8998-0a3bc7cc836b,D,ADI4680001,Shoulder/Lap Belt(s),F,a152fd5a-a083-45d5-9e93-aca71c9bdb61,Same Movement Angle,N,Non Intersection,Acceleration Lane,Dark Lights On,No Defects,"Two-way, Not Divided",Wet,Raining,Six o'clock,Passenger Car,Disabling,N,Moving Constant Speed,2015-01-03 19:59,61,39.35361329,-76.64345741
585,N,Apparently Normal,No Misuse,Y,Possible Incapacitating Injury,b49252a4-b259-4ebf-9431-b503f324e7d9,D,ADI4680001,Shoulder/Lap Belt(s),F,c3028467-3849-4281-8b6d-e1c721298b61,Same Movement Angle,N,Non Intersection,Acceleration Lane,Dark Lights On,No Defects,"Two-way, Not Divided",Wet,Raining,Nine o'clock,Passenger Car,Disabling,N,Making U Turn,2015-01-03 19:59,64,39.35361329,-76.64345741
586,N,Apparently Normal,No Misuse,N,No Injury,a0cff42c-cd05-499a-bd59-1dfbf096609a,D,ADI4680001,Shoulder/Lap Belt(s),M,60f97e55-cb46-48db-b926-60c30be61a24,Same Movement Angle,N,Non Intersection,Acceleration Lane,Dark Lights On,No Defects,"Two-way, Not Divided",Wet,Raining,Twelve o'clock,Passenger Car,Functional,N,Moving Constant Speed,2015-01-03 19:59,37,39.35361329,-76.64345741
587,N,Apparently Normal,No Misuse,Y,No Injury,86066e17-c78a-4b06-b228-e09f5b98d76b,D,ADI4680003,Shoulder/Lap Belt(s),F,8913ebfb-e726-4ca7-9153-3172a3a484c9,Same Direction Rear End,N,Intersection Related,Right Turn Lane,Daylight,No Defects,"Two-way, Divided, Unprotected (painted >4 feet) Median",Dry,Clear,Twelve o'clock,Recreational Vehicle,Disabling,N,Moving Constant Speed,2015-01-22 13:15,22,39.26628442,-76.63513184
588,N,Apparently Normal,No Misuse,N,No Injury,9ffbf196-55d0-4a33-8444-b3c47ffc7a8e,D,ADI4680003,Shoulder/Lap Belt(s),M,5752da64-e803-4e3d-b62d-67cf4dec6429,Same Direction Rear End,N,Intersection Related,Right Turn Lane,Daylight,No Defects,"Two-way, Divided, Unprotected (painted >4 feet) Median",Dry,Clear,Six o'clock,Recreational Vehicle,Superficial,N,Making Left Turn,2015-01-22 13:15,36,39.26628442,-76.63513184
589,N,Apparently Normal,No Misuse,N,No Injury,4e241bfa-4b3e-45e9-9591-58449c137b47,D,ADI4680003,Shoulder/Lap Belt(s),M,23f95257-4423-4c02-99a7-4a8f3c76d8a6,Same Direction Rear End,N,Intersection Related,Right Turn Lane,Daylight,No Defects,"Two-way, Divided, Unprotected (painted >4 feet) Median",Dry,Clear,Six o'clock,Recreational Vehicle,Functional,N,Stopped in Traffic Lane,2015-01-22 13:15,27,39.26628442,-76.63513184
590,N,Apparently Normal,No Misuse,Y,No Injury,d7520c03-feb1-4008-bd53-1b52c01fe941,D,ADI519000B,Shoulder/Lap Belt(s),F,511730c9-5b71-494c-9914-846e8ce0a215,Same Direction Rear End,Y,Non Intersection,Left Turn Lane,Dusk,No Defects,"Two-way, Divided, Positive Median Barrier",Ice,Wintry Mix,Twelve o'clock,Passenger Car,Functional,N,Skidding,2015-03-03 18:45,21,39.36198764,-76.6320312
591,N,Apparently Normal,No Misuse,N,No Injury,b998a7a5-d8c6-434b-95b9-0246978841c1,D,ADI519000B,Shoulder/Lap Belt(s),M,ead3f9ab-e466-4f7b-bd22-55008da746e6,Same Direction Rear End,Y,Non Intersection,Left Turn Lane,Dusk,No Defects,"Two-way, Divided, Positive Median Barrier",Ice,Wintry Mix,Six o'clock,Passenger Car,Functional,N,Stopped in Traffic Lane,2015-03-03 18:45,62,39.36198764,-76.6320312
592,N,Apparently Normal,No Misuse,Y,No Injury,4c49dffd-fb93-4e96-ba8a-3e845b96cb1a,D,ADI5200001,Shoulder/Lap Belt(s),F,173c3058-7664-4b66-a807-240b38dee3df,Single Vehicle ,N,Intersection Related,Right Turn Lane,Daylight,No Defects,One-way Trafficway,Snow,Snow,Ten o'clock,Passenger Car,Disabling,N,Moving Constant Speed,2015-03-05 15:23,30,39.28639756,-76.6185075
593,N,Apparently Normal,No Misuse,N,No Injury,2f1aa073-06d0-4c44-9401-5816e073e123,D,ADI5200005,Shoulder/Lap Belt(s),F,77c50a54-1468-40c7-9f6a-ee2781c857d8,Same Direction Left Turn,N,Non Intersection,Acceleration Lane,Daylight,No Defects,One-way Trafficway,Dry,Clear,Ten o'clock,Station Wagon,Superficial,N,Changing Lanes,2015-03-29 14:23,44,39.28779263,-76.61171079
594,N,Apparently Normal,No Misuse,N,No Injury,85bfc7ed-e52a-44a4-bf7a-197ffc71d4c7,D,ADI5200006,Shoulder/Lap Belt(s),F,78c4a373-3fc3-45ff-9fd6-4c44b3a9a53f,Same Direction Left Turn,N,Intersection,Right Turn Lane,Daylight,No Defects,One-way Trafficway,Dry,Clear,Twelve o'clock,(Sport) Utility Vehicle,Disabling,N,Moving Constant Speed,2015-03-29 18:35,33,39.28644272,-76.61618471
595,N,Apparently Normal,No Misuse,Y,No Injury,350929ba-be2a-4c2d-bd31-8ba11e267ab4,D,ADI5200006,Shoulder/Lap Belt(s),M,9ebcb187-d601-4e44-a134-4ace0a62cf49,Same Direction Left Turn,N,Intersection,Right Turn Lane,Daylight,No Defects,One-way Trafficway,Dry,Clear,Eight o'clock,Passenger Car,Disabling,N,Making Left Turn,2015-03-29 18:35,28,39.28644272,-76.61618471
596,N,Apparently Normal,No Misuse,N,No Injury,77c0dd74-3bb4-4c95-84ae-edd1b5a610e1,D,ADI536000B,Shoulder/Lap Belt(s),F,cf3d79d4-7ba2-4eee-b469-0af8024cc098,Same Direction Rear End,N,Intersection Related,Right Turn Lane,Daylight,No Defects,"Two-way, Not Divided",Dry,Clear,Five o'clock,Van,Superficial,N,Stopped in Traffic Lane,2015-01-14 14:33,33,39.35222783,-76.56152129
597,N,Apparently Normal,No Misuse,N,No Injury,395399ea-2fe2-41f7-b513-3e43d6cd73ef,D,ADI536000D,Shoulder/Lap Belt(s),F,6d569915-1210-415b-9f90-f4ad35b627f0,Same Direction Rear End,N,Non Intersection,Left Turn Lane,Dark Lights On,No Defects,"Two-way, Divided, Positive Median Barrier",Dry,Clear,Six o'clock,Passenger Car,Superficial,N,Slowing or Stopping,2015-01-22 20:23,40,39.31837111,-76.57047987