KEY_INDEX,CDL_FLAG,CONDITION_CODE,EQUIP_PROB_CODE,FAULT_FLAG,INJ_SEVER_CODE,PERSON_ID,PERSON_TYPE,REPORT_NO,SAF_EQUIP_CODE,SEX_CODE,VEHICLE_ID,COLLISION_TYPE_CODE,C_M_ZONE_FLAG,JUNCTION_CODE,LANE_CODE,LIGHT_CODE,RD_COND_CODE,RD_DIV_CODE,SURF_COND_CODE,WEATHER_CODE,AREA_DAMAGED_CODE_MAIN,BODY_TYPE_CODE,DAMAGE_CODE,HIT_AND_RUN_FLAG,MOVEMENT_CODE,TIME,AGE,LATITUDE,LONGITUDE
598,N,Apparently Normal,No Misuse,N,No Injury,faa54028-1d67-4d6f-beca-50a64a0d2823,D,ADI536000N,Shoulder/Lap Belt(s),F,322e8491-178e-4023-a09e-9228daaf3f7b,Same Movement Angle,N,Non Intersection,Right Turn Lane,Dark Lights On,No Defects,"Two-way, Not Divided",Dry,Clear,Twelve o'clock,Passenger Car,Superficial,N,Moving Constant Speed,2015-02-05 05:30,62,39.31706796,-76.54923677
599,N,Apparently Normal,No Misuse,Y,No Injury,83fd5d7b-ac86-4d6f-8343-2279572bfc36,D,ADI5440003,Shoulder/Lap Belt(s),F,33e840de-09ce-4973-8c22-691ce2d4d723,Same Direction Right Turn,N,Intersection Related,Right Turn Lane,Daylight,No Defects,"Two-way, Not Divided",Dry,Clear,Ten o'clock,Passenger Car,Disabling,N,Accelerating,2015-03-11 13:49,58,39.31749128,-76.55564792
600,N,Apparently Normal,No Misuse,Y,No Injury,05f83b56-5d1d-45cd-95c8-bd27d1a428df,D,ADI5460004,Shoulder/Lap Belt(s),F,340cdc49-d34e-4573-9c4b-b8d74050031c,Single Vehicle ,N,Non Intersection,Right Turn Lane,Dark Lights On,No Defects,"Two-way, Divided, Positive Median Barrier",Wet,Raining,Twelve o'clock,Passenger Car,Functional,N,Moving Constant Speed,2015-01-03 20:30,25,39.3440731,-76.647189
601,N,Apparently Normal,No Misuse,Y,No Injury,2da33a3e-fd23-4441-a5e3-2b9b467a60ef,D,ADI5460008,Shoulder/Lap Belt(s),F,a54fdc48-7c58-4d0c-b887-25588bd8e070,Same Direction Rear End,N,Non Intersection,Left Turn Lane,Daylight,No Defects,"Two-way, Not Divided",Dry,Clear,Eleven o'clock,(Sport) Utility Vehicle,Superficial,N,Slowing or Stopping,2015-02-03 15:45,37,39.34081962,-76.65817738
602,N,Apparently Normal,No Misuse,N,No Injury,5399b6d4-f40c-4443-a15c-fe052bdb5385,D,ADI5460008,Shoulder/Lap Belt(s),M,23d51e07-22c0-4708-bf59-0e4b89d52a9e,Same Direction Rear End,N,Non Intersection,Left Turn Lane,Daylight,No Defects,"Two-way, Not Divided",Dry,Clear,Five o'clock,Van,Superficial,N,Slowing or Stopping,2015-02-03 15:45,46,39.34081962,-76.65817738
603,N,Apparently Normal,No Misuse,Y,No Injury,9ee4f12c-1da0-46e3-9a04-c3d42ea2d79c,D,ADI546000D,Shoulder/Lap Belt(s),F,d0155fb0-744a-4257-82b1-408865a503ca,Same Movement Angle,N,Intersection,Right Turn Lane,Dark Lights On,No Defects,One-way Trafficway,Snow,Clear,One o'clock,Passenger Car,Functional,N,Accelerating,2015-03-07 18:00,29,39.33723498,-76.66066647
604,N,Apparently Normal,No Misuse,N,Possible Incapacitating Injury,864b8412-6a52-4188-8076-a6f291f5bff9,D,ADI546000D,Shoulder/Lap Belt(s),F,94158042-a695-4903-96e4-77778d0c55df,Same Movement Angle,N,Intersection,Right Turn Lane,Dark Lights On,No Defects,One-way Trafficway,Snow,Clear,Eleven o'clock,Passenger Car,Functional,N,Moving Constant Speed,2015-03-07 18:00,81,39.33723498,-76.66066647
605,N,Apparently Normal,No Misuse,N,No Injury,090e3f56-ac7d-4fd1-a368-dbc02f8d1806,D,ADI5520004,Shoulder/Lap Belt(s),F,08d6b117-71bb-4280-bfd1-f9783295e0a2,Same Direction Sideswipe,N,Non Intersection,Right Turn Lane,Daylight,No Defects,"Two-way, Divided, Unprotected (painted >4 feet) Median",Dry,Clear,Five o'clock,Passenger Car,Functional,N,Moving Constant Speed,2015-01-30 15:03,37,39.31767389,-76.61972523
606,N,Apparently Normal,No Misuse,N,No Injury,4af2c538-7ee2-4db7-91e2-58e727c63aed,D,ADI5610004,Shoulder/Lap Belt(s),M,926539dd-8139-4395-a048-24cbab6091cc,Same Movement Angle,N,Intersection,Right Turn Lane,Daylight,No Defects,"Two-way, Not Divided",Dry,Clear,Twelve o'clock,(Sport) Utility Vehicle,Functional,N,Moving Constant Speed,2015-02-27 14:43,25,39.2904934,-76.59037113
607,N,Apparently Normal,No Misuse,Y,No Injury,89481ec9-94d0-42eb-bb62-eb066a7df28a,D,ADI5660002,Shoulder/Lap Belt(s),M,5694b814-d6a3-4045-8607-97ec183c39fa,Same Direction Left Turn,N,Intersection,Left Turn Lane,Dusk,No Defects,One-way Trafficway,Dry,Clear,Eleven o'clock,(Sport) Utility Vehicle,Functional,N,Making Left Turn,2015-02-11 18:00,41,39.24947068,-76.61488384
608,N,Apparently Normal,No Misuse,Y,No Injury,de3f796b-e66f-441b-b0d2-a1f4a8ebb446,D,ADI6040002,Shoulder/Lap Belt(s),M,38457320-2009-45a3-9ace-0379d05eba83,Same Movement Angle,N,Intersection Related,Right Turn Lane,Dark Lights On,No Defects,One-way Trafficway,Dry,Clear,Twelve o'clock,Passenger Car,Functional,N,Moving Constant Speed,2015-01-14 20:51,60,39.29486092,-76.62265956
609,N,Apparently Normal,No Misuse,N,No Injury,cf19be7c-0e7a-4ba9-8303-1cdf8194f993,D,ADI6050008,Shoulder/Lap Belt(s),F,0027bd55-db0e-409a-a11d-c9e1bd035167,Opposite Direction Sideswipe,N,Intersection,Right Turn Lane,Dark Lights On,No Defects,"Two-way, Divided, Unprotected (painted >4 feet) Median",Snow,Snow,Eleven o'clock,Passenger Car,Superficial,N,Stopped in Traffic Lane,2015-02-15 00:45,38,39.34991315,-76.67885184
610,N,Apparently Normal,No Misuse,N,No Injury,a2294f1d-0953-41d3-a775-dfd1a4d8dae3,D,ADI6200003,Shoulder/Lap Belt(s),F,af0c95e8-4b03-41e6-a100-b2e1cf421e64,Head On Left Turn,N,Intersection,Left Turn Lane,Dark Lights On,No Defects,"Two-way, Not Divided",Dry,Clear,Twelve o'clock,(Sport) Utility Vehicle,Functional,N,Moving Constant Speed,2015-01-31 23:42,63,39.33596538,-76.70992255
611,N,Apparently Normal,No Misuse,Y,No Injury,9e28e597-6ae8-407b-a8c3-d9cda7ef510c,D,ADI6200003,Shoulder/Lap Belt(s),M,a3e9427c-dfe1-4aba-9fcd-51ba8a57fd49,Head On Left Turn,N,Intersection,Left Turn Lane,Dark Lights On,No Defects,"Two-way, Not Divided",Dry,Clear,Two o'clock,Passenger Car,Functional,N,Making Left Turn,2015-01-31 23:42,33,39.33596538,-76.70992255
612,N,Apparently Normal,No Misuse,Y,No Injury,4cd1c612-2de7-4fca-9b8a-8cf63981f362,D,ADI6250006,Shoulder/Lap Belt(s),F,5a1558c5-e266-488d-909c-b81b15a22d6c,Same Movement Angle,N,Intersection,Left Turn Lane,Daylight,No Defects,"Two-way, Divided, Positive Median Barrier",Dry,Clear,One o'clock,(Sport) Utility Vehicle,Superficial,N,Making Left Turn,2015-03-02 16:10,36,39.32832289,-76.59513138
613,N,Apparently Normal,No Misuse,N,Incapacitating/Disabled Injury,cb787ac6-3333-468c-b9dd-4d3849a02f83,D,ADI6250006,Shoulder/Lap Belt(s),M,29ac0cc8-7203-4cc5-b870-065c3321b234,Same Movement Angle,N,Intersection,Left Turn Lane,Daylight,No Defects,"Two-way, Divided, Positive Median Barrier",Dry,Clear,Eleven o'clock,Passenger Car,Functional,N,Moving Constant Speed,2015-03-02 16:10,38,39.32832289,-76.59513138
614,N,Apparently Normal,No Misuse,Y,No Injury,2545339c-fffc-49db-9d96-c6f8bd4d86b8,D,ADI6250007,Shoulder/Lap Belt(s),F,a6e15aff-2768-492e-9f86-263d01ae3c6f,Angle Meets Right Turn,N,Non Intersection,Right Turn Lane,Daylight,No Defects,"Two-way, Not Divided",Dry,Clear,Eleven o'clock,Passenger Car,Disabling,N,Making Right Turn,2015-02-26 16:00,33,39.35547365,-76.58898979
615,N,Apparently Normal,No Misuse,N,No Injury,5b972eda-8429-47b9-85ef-739a14190846,D,ADI6250007,Shoulder/Lap Belt(s),M,f874b95d-9b5f-4f50-8c21-f33983f2fe75,Angle Meets Right Turn,N,Non Intersection,Right Turn Lane,Daylight,No Defects,"Two-way, Not Divided",Dry,Clear,Twelve o'clock,Passenger Car,Functional,N,Moving Constant Speed,2015-02-26 16:00,38,39.35547365,-76.58898979
616,N,Apparently Normal,No Misuse,Y,No Injury,fe9dacc8-e163-4fe7-a24e-49f825296473,D,ADI625000D,Shoulder/Lap Belt(s),F,8a38e668-e601-40a1-a1ff-0c1f68624127,Single Vehicle ,N,Intersection,Right Turn Lane,Daylight,No Defects,"Two-way, Divided, Positive Median Barrier",Dry,Clear,Twelve o'clock,(Sport) Utility Vehicle,Functional,N,Slowing or Stopping,2015-03-21 17:00,38,39.36998641,-76.58309028
617,N,Apparently Normal,No Misuse,N,No Injury,08c26ac5-2c1e-4c46-b02e-f1b0beb36b29,D,ADI625000F,Shoulder/Lap Belt(s),F,079ad70f-95d3-4d56-a9a9-b13bf87ef438,Same Movement Angle,N,Intersection,Right Turn Lane,Daylight,No Defects,"Two-way, Not Divided",Dry,Clear,One o'clock,Passenger Car,Disabling,N,Accelerating,2015-03-21 17:00,47,39.3501224,-76.56334251
618,N,Apparently Normal,No Misuse,Y,No Injury,665e2fd5-3323-4f45-9885-fd677dbe4e43,D,ADI625000F,Shoulder/Lap Belt(s),M,164a76c0-8c32-4fd7-b356-780431023774,Same Movement Angle,N,Intersection,Right Turn Lane,Daylight,No Defects,"Two-way, Not Divided",Dry,Clear,Twelve o'clock,Passenger Car,Disabling,N,Moving Constant Speed,2015-03-21 17:00,23,39.3501224,-76.56334251
619,N,Apparently Normal,No Misuse,Y,No Injury,507167fd-ed61-47f0-85ce-8ee860e70b9b,D,ADI6570002,Shoulder Belt Only,M,8f36ced5-2a32-44b9-bbf8-a903f1058e7c,Same Direction Rear End,N,Non Intersection,Left Turn Lane,Daylight,No Defects,"Two-way, Not Divided",Dry,Clear,Twelve o'clock,Passenger Car,Disabling,N,Changing Lanes,2015-02-16 09:22,24,39.36951499,-76.70849562
620,N,Apparently Normal,No Misuse,N,No Injury,49557a3d-e7ea-452f-a24e-f4f8c906074b,D,ADI6680009,Shoulder/Lap Belt(s),M,5fa8cdcf-4222-40a6-a167-95b7e13d2003,Same Direction Rear End,N,Non Intersection,Left Turn Lane,Daylight,No Defects,One-way Trafficway,Slush,Wintry Mix,Eleven o'clock,Passenger Car,Functional,N,Slowing or Stopping,2015-02-17 09:20,61,39.30508119,-76.59922242
621,N,Apparently Normal,No Misuse,N,No Injury,00f1e8be-c100-42fa-96c5-43e030098371,D,ADI668000B,Shoulder/Lap Belt(s),F,49508e83-62ff-4899-b7a9-324921725e3c,Same Direction Left Turn,N,Intersection,Right Turn Lane,Daylight,"Holes, Ruts, Etc.",One-way Trafficway,Slush,Clear,Eleven o'clock,Passenger Car,Disabling,N,Making Left Turn,2015-02-18 09:30,23,39.2991533,-76.6014634
622,N,Apparently Normal,No Misuse,Y,No Injury,4f63114e-e051-4eba-aad3-f72f4ab5bb76,D,ADI668000B,Shoulder/Lap Belt(s),F,52e7d336-73a1-4d7a-b9d0-faed90c51af3,Same Direction Left Turn,N,Intersection,Right Turn Lane,Daylight,"Holes, Ruts, Etc.",One-way Trafficway,Slush,Clear,Twelve o'clock,Passenger Car,Disabling,N,Moving Constant Speed,2015-02-18 09:30,38,39.2991533,-76.6014634
623,N,Apparently Normal,No Misuse,N,No Injury,42898650-0446-4035-845a-6712fc80c69c,D,ADI6820002,Shoulder/Lap Belt(s),F,39684a82-63b9-48c3-8534-c38ebe41ade2,Same Direction Sideswipe,N,Intersection,Right Turn Lane,Dark Lights On,No Defects,"Two-way, Not Divided",Dry,Clear,Twelve o'clock,Passenger Car,Functional,N,Moving Constant Speed,2015-02-13 00:00,36,39.28837597,-76.64238453
624,N,Apparently Normal,No Misuse,Y,No Injury,163698cd-da9e-4f34-80ed-e94213692ea1,D,ADI6930003,Shoulder/Lap Belt(s),F,ebd09f50-0638-49c1-bd3c-e8053eade4f1,Angle Meets Left Turn Head On,N,Non Intersection,Right Turn Lane,Daylight,No Defects,"Two-way, Not Divided",Wet,Clear,Seven o'clock,(Sport) Utility Vehicle,No Damage,N,Backing,2015-01-27 08:45,58,39.31098975,-76.67430818
625,N,Apparently Normal,No Misuse,N,No Injury,65812108-12f7-47e3-8de8-ab792f8d0190,D,ADI6930003,Shoulder/Lap Belt(s),M,9239ac95-447d-4c40-b0ea-044ba4afb468,Angle Meets Left Turn Head On,N,Non Intersection,Right Turn Lane,Daylight,No Defects,"Two-way, Not Divided",Wet,Clear,Twelve o'clock,Passenger Car,Superficial,N,Making Left Turn,2015-01-27 08:45,43,39.31098975,-76.67430818
626,N,Apparently Normal,No Misuse,Y,No Injury,c81c06c2-9417-4296-8e13-1c7b0b51cb14,D,ADI6930005,Shoulder/Lap Belt(s),F,4a6311c1-c22a-40af-9cac-ba0df4734f28,Same Movement Angle,N,Intersection,Right Turn Lane,Daylight,No Defects,"Two-way, Not Divided",Dry,Clear,Twelve o'clock,Passenger Car,Functional,N,Moving Constant Speed,2015-02-05 11:15,26,39.31201068,-76.67435244
627,N,Apparently Normal,No Misuse,N,No Injury,ff755235-5469-4035-9177-9f7a3c92e11b,D,ADI6930005,Shoulder/Lap Belt(s),M,f651bf19-17e7-49a0-8731-e87493e2c5c6,Same Movement Angle,N,Intersection,Right Turn Lane,Daylight,No Defects,"Two-way, Not Divided",Dry,Clear,Ten o'clock,Passenger Car,Functional,N,Moving Constant Speed,2015-02-05 11:15,57,39.31201068,-76.67435244
628,N,Apparently Normal,No Misuse,N,No Injury,61bf79ad-eae6-48e9-820d-c93e8c8b56a4,D,ADI7030002,Shoulder/Lap Belt(s),F,5f162f52-e35b-4134-8a6d-b11154bbbab2,Single Vehicle ,N,Crossover Related,Left Turn Lane,Dark Lights On,No Defects,"Two-way, Divided, Unprotected (painted >4 feet) Median",Wet,Clear,Twelve o'clock,Passenger Car,Functional,N,Moving Constant Speed,2015-01-08 17:50,25,39.29418838,-76.58748507
629,N,Apparently Normal,No Misuse,N,No Injury,913e53b8-289c-4095-96e5-e75cd0b9c3cd,D,ADI7030006,Shoulder/Lap Belt(s),F,4c716b6a-dcaf-427c-8f64-fbad221ee863,Same Movement Angle,N,Intersection,Right Turn Lane,Dark Lights On,No Defects,"Two-way, Divided, Unprotected (painted >4 feet) Median",Dry,Clear,Twelve o'clock,Passenger Car,Functional,N,Moving Constant Speed,2015-02-12 18:30,34,39.3124445,-76.58748507
630,N,Apparently Normal,No Misuse,Y,No Injury,6f9e7337-ccd2-4bf2-a252-ebffab51a729,D,ADI7030006,Shoulder/Lap Belt(s),F,52eb3860-8e49-42e1-ad73-8edb5ed68225,Same Movement Angle,N,Intersection,Right Turn Lane,Dark Lights On,No Defects,"Two-way, Divided, Unprotected (painted >4 feet) Median",Dry,Clear,Five o'clock,Passenger Car,Functional,N,Accelerating,2015-02-12 18:30,28,39.3124445,-76.58748507
631,N,Apparently Normal,No Misuse,N,No Injury,8a2528ea-93d0-4fbc-8e05-45a9df100ceb,D,ADI7030007,Shoulder/Lap Belt(s),F,7996efe2-7da9-495f-bd76-b1a097783d40,Same Movement Angle,N,Intersection,Right Turn Lane,Dark Lights On,No Defects,"Two-way, Divided, Unprotected (painted >4 feet) Median",Snow,Snow,Five o'clock,Passenger Car,Functional,N,Accelerating,2015-02-14 20:00,26,39.30174378,-76.59779549
632,N,Apparently Normal,No Misuse,Y,No Injury,eb547ba2-72c6-42fd-a38b-34e88597b2b3,D,ADI703000D,Shoulder/Lap Belt(s),F,cdbe7edd-a77d-4c4b-bf00-58b0cd81c75f,Same Direction Sideswipe,N,Non Intersection,Right Turn Lane,Daylight,No Defects,One-way Trafficway,Wet,Cloudy,Twelve o'clock,Passenger Car,Disabling,N,Slowing or Stopping,2015-03-27 09:00,38,39.29856397,-76.59000635
633,N,Apparently Normal,No Misuse,N,No Injury,c6c22125-9d00-4aca-8423-2493bb80a774,D,ADI7080001,Shoulder/Lap Belt(s),F,39cdf38f-ebf4-4cf0-8523-9f65fe93f47e,Same Movement Angle,N,Intersection Related,Right Turn Lane,Dark Lights On,No Defects,"Two-way, Not Divided",Dry,Clear,Twelve o'clock,(Sport) Utility Vehicle,Functional,N,Stopped in Traffic Lane,2015-01-15 17:59,52,39.28534502,-76.59828901
634,N,Apparently Normal,No Misuse,N,No Injury,c8fd4c7e-0e1a-4d52-a33f-e329f7515eb5,D,ADI7080001,Shoulder/Lap Belt(s),M,d5efd589-ced4-470f-a66c-e415514f1acf,Same Movement Angle,N,Intersection Related,Right Turn Lane,Dark Lights On,No Defects,"Two-way, Not Divided",Dry,Clear,Eleven o'clock,(Sport) Utility Vehicle,Functional,N,Moving Constant Speed,2015-01-15 17:59,53,39.28534502,-76.59828901
635,N,Apparently Normal,No Misuse,Y,No Injury,078860ee-0caa-4fb7-a93f-4f947ae480aa,D,ADI7080001,Shoulder/Lap Belt(s),M,9698bb7f-5a9e-447c-8019-be9e8ccc81d0,Same Movement Angle,N,Intersection Related,Right Turn Lane,Dark Lights On,No Defects,"Two-way, Not Divided",Dry,Clear,Twelve o'clock,Passenger Car,Disabling,N,Starting From Lane,2015-01-15 17:59,25,39.28534502,-76.59828901
636,N,Apparently Normal,No Misuse,N,No Injury,45969ac5-dce5-4e9a-8635-beb7be41229e,D,ADI7390001,Shoulder/Lap Belt(s),F,d0c1d631-2150-4b20-b91a-072c7bc3d816,Head On,N,Intersection Related,Right Turn Lane,Daylight,No Defects,"Two-way, Not Divided",Dry,Clear,Ten o'clock,(Sport) Utility Vehicle,Superficial,N,Stopped in Traffic Lane,2015-01-29 16:00,45,39.3556572,-76.62403017
637,N,Apparently Normal,No Misuse,N,No Injury,4438cc01-0a45-4aad-9ea4-0e24a08801fe,D,ADI7390001,Shoulder/Lap Belt(s),F,921acfc7-f38c-4073-9682-10cca5b51f09,Head On,N,Intersection Related,Right Turn Lane,Daylight,No Defects,"Two-way, Not Divided",Dry,Clear,Twelve o'clock,Passenger Car,Functional,N,Stopped in Traffic Lane,2015-01-29 16:00,21,39.3556572,-76.62403017
638,N,Fatigued Fainted,No Misuse,Y,No Injury,29bcf2b1-6647-4d9b-8aeb-1e137e03b834,D,ADI7390001,Shoulder/Lap Belt(s),M,26dd1542-fe0b-46d9-adb9-512842a1396d,Head On,N,Intersection Related,Right Turn Lane,Daylight,No Defects,"Two-way, Not Divided",Dry,Clear,Eleven o'clock,(Sport) Utility Vehicle,Superficial,N,Starting From Lane,2015-01-29 16:00,54,39.3556572,-76.62403017
639,N,Apparently Normal,No Misuse,N,No Injury,d1ff21c2-c9fd-4a43-ad7d-b76efe928e99,D,ADI7390002,Shoulder/Lap Belt(s),F,a1b953b8-ccae-4a81-ab1e-35e98dc45419,Opposite Direction Sideswipe,N,Non Intersection,Right Turn Lane,Daylight,No Defects,"Two-way, Not Divided",Dry,Clear,Two o'clock,Passenger Car,No Damage,N,Slowing or Stopping,2015-02-03 16:09,46,39.34488343,-76.60269454
640,N,Apparently Normal,No Misuse,N,No Injury,ad34f661-3c40-4cfb-b1c6-ee5195fc0490,D,ADI7390003,Shoulder/Lap Belt(s),F,cd68e637-37b6-45d1-baa9-3f905577134d,Same Direction Sideswipe,N,Non Intersection,Left Turn Lane,Dark Lights On,No Defects,"Two-way, Not Divided",Dry,Clear,Ten o'clock,Passenger Car,Superficial,N,Moving Constant Speed,2015-02-13 19:17,19,39.34516798,-76.62203863
641,N,Apparently Normal,No Misuse,Y,No Injury,53561034-bf0e-4981-bbc4-f98a70bd266e,D,ADI7390003,Shoulder/Lap Belt(s),M,f7b5cf7d-8bb6-44fe-a950-7a8efddab71d,Same Direction Sideswipe,N,Non Intersection,Left Turn Lane,Dark Lights On,No Defects,"Two-way, Not Divided",Dry,Clear,One o'clock,Passenger Car,Superficial,Y,Changing Lanes,2015-02-13 19:17,56,39.34516798,-76.62203863
642,N,Apparently Normal,No Misuse,N,No Injury,f5b19301-a7d2-45c8-87a7-fcb4d2cd4b5e,D,ADI7390006,Shoulder/Lap Belt(s),F,f6a5d7ac-c46d-4e34-861c-d363ad8f6f7e,Same Direction Sideswipe,N,Non Intersection,Left Turn Lane,Daylight,No Defects,"Two-way, Not Divided",Dry,Clear,Ten o'clock,Passenger Car,Disabling,N,Moving Constant Speed,2015-03-22 14:27,67,39.37118429,-76.62613839
643,N,Apparently Normal,No Misuse,Y,No Injury,efe6597d-5114-4ade-b0a7-4452e8c87116,D,ADI7460003,Shoulder/Lap Belt(s),F,4c33ebd4-c67d-4e53-8a4e-276ab280a592,Same Movement Angle,N,Intersection,Left Turn Lane,Dark Lights On,No Defects,"Two-way, Not Divided with a Continuous Left Turn Lane",Wet,Raining,Twelve o'clock,Passenger Car,Disabling,N,Moving Constant Speed,2015-03-27 01:57,24,39.29960178,-76.56384945
644,Y,Apparently Normal,No Misuse,N,No Injury,52712a39-2aa3-44e7-91cd-06a6fc48dfb2,D,ADI7460003,Shoulder/Lap Belt(s),M,6ee5d6bc-e156-44aa-bf44-509ceb45a78a,Same Movement Angle,N,Intersection,Left Turn Lane,Dark Lights On,No Defects,"Two-way, Not Divided with a Continuous Left Turn Lane",Wet,Raining,Five o'clock,Truck Tractor,Functional,N,Moving Constant Speed,2015-03-27 01:57,43,39.29960178,-76.56384945
645,N,Apparently Normal,No Misuse,N,No Injury,7c5dea4e-3d8e-4f04-909a-9278f1afd855,D,ADI7540002,Shoulder/Lap Belt(s),F,7d5dded1-9059-4e48-9697-2708d607a875,Same Direction Right Turn,N,Intersection Related,Right Turn Lane,Daylight,No Defects,"Two-way, Divided, Unprotected (painted >4 feet) Median",Wet,Clear,One o'clock,Passenger Car,Functional,N,Moving Constant Speed,2015-02-25 08:30,34,39.35859073,-76.60991907
646,N,Apparently Normal,No Misuse,N,Incapacitating/Disabled Injury,bcefc197-4ca9-4864-a432-473983355472,D,ADI7540002,Shoulder/Lap Belt(s),F,42011562-cc9a-470b-9971-3efcb8515b1e,Same Direction Right Turn,N,Intersection Related,Right Turn Lane,Daylight,No Defects,"Two-way, Divided, Unprotected (painted >4 feet) Median",Wet,Clear,Twelve o'clock,Passenger Car,Destroyed,N,Moving Constant Speed,2015-02-25 08:30,44,39.35859073,-76.60991907
647,N,Apparently Normal,No Misuse,N,No Injury,bb0f09da-90bf-45a4-a9f0-981fd8c6adac,D,ADI7540008,Shoulder/Lap Belt(s),F,ad9f77bb-c955-4ee8-a314-d8343672c048,Same Direction Rear End,Y,Intersection,Right Turn Lane,Daylight,No Defects,"Two-way, Divided, Unprotected (painted >4 feet) Median",Dry,Clear,Twelve o'clock,Passenger Car,Superficial,N,Stopped in Traffic Lane,2015-03-26 19:15,23,39.35547157,-76.60983324
648,N,Apparently Normal,No Misuse,N,No Injury,4a6faab1-3adb-4bee-acfe-c3b48a24156d,D,ADI7540008,Shoulder/Lap Belt(s),M,c48889ef-e721-4ff7-bab9-efdf9cc305f7,Same Direction Rear End,Y,Intersection,Right Turn Lane,Daylight,No Defects,"Two-way, Divided, Unprotected (painted >4 feet) Median",Dry,Clear,Six o'clock,Passenger Car,Superficial,N,Stopped in Traffic Lane,2015-03-26 19:15,51,39.35547157,-76.60983324
649,N,Apparently Normal,No Misuse,Y,No Injury,e1485cf7-49c8-41d1-9c4b-d3657c8d5f4c,D,ADI7540008,Shoulder/Lap Belt(s),M,7741a0d4-36fd-46ff-966d-a4e9664859f4,Same Direction Rear End,Y,Intersection,Right Turn Lane,Daylight,No Defects,"Two-way, Divided, Unprotected (painted >4 feet) Median",Dry,Clear,Twelve o'clock,Passenger Car,Superficial,N,Slowing or Stopping,2015-03-26 19:15,22,39.35547157,-76.60983324
650,N,Apparently Normal,No Misuse,N,No Injury,1abe3e3b-a5a3-4607-8eb5-44aaef7cc963,D,ADI754000B,Shoulder/Lap Belt(s),F,9a602846-fe5f-497b-af77-67418f95f3d6,Same Direction Rear End,N,Intersection,Right Turn Lane,Daylight,No Defects,"Two-way, Not Divided",Wet,Raining,Six o'clock,Passenger Car,Functional,N,Moving Constant Speed,2015-03-31 18:20,33,39.37021169,-76.59398675
651,N,Apparently Normal,No Misuse,Y,No Injury,ef077b1a-d9e8-446d-8dfe-a224e152c22e,D,ADI754000B,Shoulder/Lap Belt(s),F,c08367f2-f460-46c8-8a62-b3d110808a36,Same Direction Rear End,N,Intersection,Right Turn Lane,Daylight,No Defects,"Two-way, Not Divided",Wet,Raining,Twelve o'clock,Passenger Car,Functional,N,Moving Constant Speed,2015-03-31 18:20,72,39.37021169,-76.59398675
652,N,Apparently Normal,No Misuse,N,No Injury,82687acd-27f3-4586-a2bb-350c75bec906,D,ADI754000B,Shoulder/Lap Belt(s),M,e85de21f-cd34-4ecf-adb9-3936dcce49ad,Same Direction Rear End,N,Intersection,Right Turn Lane,Daylight,No Defects,"Two-way, Not Divided",Wet,Raining,Six o'clock,Passenger Car,Functional,N,Slowing or Stopping,2015-03-31 18:20,43,39.37021169,-76.59398675
653,N,Apparently Normal,No Misuse,N,No Injury,d0ebc4ef-00f1-4d8e-a54f-fc53e19407bc,D,ADI7610007,Shoulder/Lap Belt(s),F,7afba4cd-8d91-451c-9b82-77dc974e1ce5,Same Direction Sideswipe,N,Non Intersection,Left Turn Lane,Dark Lights On,No Defects,"Two-way, Divided, Positive Median Barrier",Wet,Raining,Nine o'clock,Passenger Car,Superficial,N,Moving Constant Speed,2015-02-01 22:49,24,39.29405137,-76.6721195
654,N,Apparently Normal,No Misuse,Y,No Injury,b88e1083-b895-4513-82f9-c3adc48c6048,D,ADI761000C,Shoulder/Lap Belt(s),F,75cabbd5-3994-4ac6-b71a-8c9aee53021a,Single Vehicle ,N,Intersection,Right Turn Lane,Dark Lights On,No Defects,"Two-way, Divided, Positive Median Barrier",Dry,Clear,Twelve o'clock,Van,Disabling,N,Moving Constant Speed,2015-02-21 00:55,34,39.26875969,-76.66849852
655,N,Apparently Normal,No Misuse,Y,No Injury,939ac5f2-df25-4a4a-a4ef-98b09d0cc55d,D,ADI761000F,Shoulder/Lap Belt(s),F,b02d37b2-6065-401c-be87-a2d0d5fd479b,Same Direction Sideswipe,N,Non Intersection,Right Turn Lane,Dark Lights On,No Defects,"Two-way, Not Divided",Dry,Clear,Eleven o'clock,Passenger Car,Destroyed,N,Moving Constant Speed,2015-03-19 01:30,53,39.31127406,-76.66669607
656,N,Apparently Normal,No Misuse,N,No Injury,a3b2517b-ba85-47eb-99fc-8dd66376837d,D,ADI7860002,Shoulder/Lap Belt(s),F,52a70acc-79b4-4a3b-bb5e-d8f7e1d17e40,Same Direction Both Left Turn,Y,Intersection,Deceleration Lane,Daylight,No Defects,One-way Trafficway,Wet,Clear,Two o'clock,Passenger Car,Functional,N,Making Left Turn,2015-01-07 09:20,30,39.26635087,-76.60104632
657,N,Apparently Normal,No Misuse,N,No Injury,3e62fd86-4a0e-48bd-b10a-1ffcbbb958c3,D,ADI7860004,Shoulder/Lap Belt(s),F,f36294ae-cbe6-4f60-b834-0b0ef1bcddb6,Same Direction Rear End,N,Intersection,Left Turn Lane,Dark Lights On,No Defects,"Two-way, Divided, Positive Median Barrier",Dry,Clear,Six o'clock,Passenger Car,Functional,N,Stopped in Traffic Lane,2015-01-11 19:19,22,39.27349401,-76.62866235