KEY_INDEX,CDL_FLAG,CONDITION_CODE,EQUIP_PROB_CODE,FAULT_FLAG,INJ_SEVER_CODE,PERSON_ID,PERSON_TYPE,REPORT_NO,SAF_EQUIP_CODE,SEX_CODE,VEHICLE_ID,COLLISION_TYPE_CODE,C_M_ZONE_FLAG,JUNCTION_CODE,LANE_CODE,LIGHT_CODE,RD_COND_CODE,RD_DIV_CODE,SURF_COND_CODE,WEATHER_CODE,AREA_DAMAGED_CODE_MAIN,BODY_TYPE_CODE,DAMAGE_CODE,HIT_AND_RUN_FLAG,MOVEMENT_CODE,TIME,AGE,LATITUDE,LONGITUDE
658,N,Apparently Normal,No Misuse,N,No Injury,aaa570c5-6185-43c7-9a10-c0c8cee4c2f8,D,ADI7860004,Shoulder/Lap Belt(s),M,eebad970-5b2f-494f-9d10-9ca674220d22,Same Direction Rear End,N,Intersection,Left Turn Lane,Dark Lights On,No Defects,"Two-way, Divided, Positive Median Barrier",Dry,Clear,Six o'clock,Passenger Car,Functional,N,Stopped in Traffic Lane,2015-01-11 19:19,27,39.27349401,-76.62866235
659,N,Apparently Normal,No Misuse,Y,No Injury,1570ee03-0d19-436e-a677-2951923b39c7,D,ADI8010002,Shoulder/Lap Belt(s),F,4ebadc4f-0967-4edc-95b8-fe4a882db9b7,Same Movement Angle,N,Intersection Related,Right Turn Lane,Daylight,No Defects,One-way Trafficway,Wet,Raining,Twelve o'clock,(Sport) Utility Vehicle,Functional,N,Starting From Lane,2015-01-03 12:33,25,39.30510609,-76.59956574
660,N,Apparently Normal,No Misuse,N,Possible Incapacitating Injury,fe49adec-b25e-4e93-bf03-d3d9e36cabb1,D,ADI8010002,Shoulder/Lap Belt(s),M,8e5f436e-4f18-4a04-9cf6-fc722a7ee680,Same Movement Angle,N,Intersection Related,Right Turn Lane,Daylight,No Defects,One-way Trafficway,Wet,Raining,Eleven o'clock,Passenger Car,Disabling,N,Moving Constant Speed,2015-01-03 12:33,54,39.30510609,-76.59956574
661,N,Apparently Normal,No Misuse,N,No Injury,bdb16383-f5eb-4cf9-b488-e85ede43ab93,D,ADI832000F,Shoulder/Lap Belt(s),F,c3f8bcdd-2977-4a12-906d-49964e771a47,Same Direction Rear End,N,Intersection Related,Left Turn Lane,Dark Lights On,No Defects,"Two-way, Not Divided",Ice,Clear,Six o'clock,Passenger Car,Superficial,N,Moving Constant Speed,2015-03-01 22:23,55,39.31604701,-76.61954284
662,N,Apparently Normal,No Misuse,Y,No Injury,3d4b7b17-4458-4924-bb6b-ee6058533c1b,D,ADI832000J,Shoulder/Lap Belt(s),F,a234eac6-e625-4632-857e-625809f11540,Same Direction Rear End,N,Intersection Related,Left Turn Lane,Daylight,No Defects,"Two-way, Divided, Positive Median Barrier",Dry,Clear,Twelve o'clock,Passenger Car,Disabling,Y,Moving Constant Speed,2015-03-11 07:45,21,39.31084863,-76.62305519
663,N,Apparently Normal,No Misuse,N,No Injury,52b8069b-868c-49c4-abcb-0f7bef3352d3,D,ADI832000J,Shoulder/Lap Belt(s),M,3e54ad5d-9e9a-49fc-bdda-975d24f8a6e3,Same Direction Rear End,N,Intersection Related,Left Turn Lane,Daylight,No Defects,"Two-way, Divided, Positive Median Barrier",Dry,Clear,Six o'clock,Passenger Car,Functional,Y,Moving Constant Speed,2015-03-11 07:45,56,39.31084863,-76.62305519
664,N,Apparently Normal,No Misuse,N,No Injury,bfdd478b-fd61-443a-b0c2-0f82a0796b42,D,ADI8350003,Shoulder/Lap Belt(s),F,78e46e31-bec2-4709-b303-e84e0e0ba9e4,Same Direction Sideswipe,N,Non Intersection,Right Turn Lane,Daylight,No Defects,One-way Trafficway,Dry,Clear,Twelve o'clock,Passenger Car,Superficial,N,Moving Constant Speed,2015-01-15 09:55,53,39.29605655,-76.679914
665,N,Apparently Normal,No Misuse,Y,No Injury,89fbbfe7-c658-437c-a0b9-6aca01b37cce,D,ADI835000G,Shoulder/Lap Belt(s),F,d263f5eb-131c-4a21-bf99-aca552eadd9f,Opposite Direction Both Left Turn,N,Intersection,Right Turn Lane,Dusk,No Defects,"Two-way, Divided, Unprotected (painted >4 feet) Median",Wet,Raining,One o'clock,Passenger Car,Superficial,N,Accelerating,2015-02-09 17:27,56,39.28483847,-76.67227507
666,N,Apparently Normal,No Misuse,N,No Injury,cb61a7e9-6629-4395-b324-1df5eba232e6,D,ADI835000G,Shoulder/Lap Belt(s),M,2ba3b8f8-dc7c-4450-8c0d-4cb60085d453,Opposite Direction Both Left Turn,N,Intersection,Right Turn Lane,Dusk,No Defects,"Two-way, Divided, Unprotected (painted >4 feet) Median",Wet,Raining,Five o'clock,(Sport) Utility Vehicle,Superficial,N,Moving Constant Speed,2015-02-09 17:27,46,39.28483847,-76.67227507
667,N,Apparently Normal,No Misuse,Y,No Injury,124cab8b-1945-4d8f-bbee-850756d60eb9,D,ADI835000J,Shoulder/Lap Belt(s),F,9960662f-7ea8-4f57-9629-d1540d800163,Same Direction Sideswipe,N,Intersection,Right Turn Lane,Dark Lights On,No Defects,"Two-way, Not Divided",Snow,Snow,Seven o'clock,(Sport) Utility Vehicle,No Damage,N,Accelerating,2015-02-16 21:55,70,39.28419074,-76.69579268
668,N,Apparently Normal,No Misuse,N,No Injury,5fccdb40-6e85-40ca-a78e-96824fe20688,D,ADI8550001,Shoulder/Lap Belt(s),F,e1bc2189-dfdd-4b9d-9f10-746b0f6a3e8a,Same Direction Rear End,N,Intersection Related,Left Turn Lane,Daylight,No Defects,"Two-way, Divided, Unprotected (painted >4 feet) Median",Wet,Clear,Five o'clock,Passenger Car,Superficial,N,Moving Constant Speed,2015-02-15 10:30,30,39.31979873,-76.59221649
669,N,Apparently Normal,No Misuse,N,No Injury,69d9b59d-466c-4fb6-93cd-f460133780c3,D,ADI8550001,Shoulder/Lap Belt(s),M,e86fbb0e-e865-4605-9ec5-5b1864a699d2,Same Direction Rear End,N,Intersection Related,Left Turn Lane,Daylight,No Defects,"Two-way, Divided, Unprotected (painted >4 feet) Median",Wet,Clear,Eight o'clock,"Cargo Van/Light Truck 2 axles (10,000 lbs (4,536 kg) or less)",Superficial,N,Moving Constant Speed,2015-02-15 10:30,60,39.31979873,-76.59221649
670,N,Apparently Normal,No Misuse,Y,No Injury,4f17b19a-0ae4-4343-a6ec-2f19849430f2,D,ADI8550001,Shoulder/Lap Belt(s),M,549857ea-9a23-4857-80f5-f914b7a9e6c5,Same Direction Rear End,N,Intersection Related,Left Turn Lane,Daylight,No Defects,"Two-way, Divided, Unprotected (painted >4 feet) Median",Wet,Clear,Twelve o'clock,Van,Superficial,N,Moving Constant Speed,2015-02-15 10:30,31,39.31979873,-76.59221649
671,N,Apparently Normal,No Misuse,Y,No Injury,6eb3555c-e7c4-4e3d-b173-bf5ef2e12d93,D,ADI8650002,Shoulder/Lap Belt(s),F,1714d5d5-a7b3-45b8-955f-0f408d6b3b5d,Single Vehicle ,N,Non Intersection,Right Turn Lane,Daylight,No Defects,One-way Trafficway,Dry,Clear,Twelve o'clock,(Sport) Utility Vehicle,Disabling,N,Parking  ,2015-01-19 14:20,33,39.2934494,-76.58407331
672,N,Apparently Normal,No Misuse,N,No Injury,2f13a779-bf8d-4515-892c-fc573c72dd93,D,ADI8700001,Shoulder/Lap Belt(s),F,5499ab14-ce4f-4c53-bd47-ae1639875145,Same Movement Angle,N,Intersection,Right Turn Lane,Dark Lights On,No Defects,"Two-way, Not Divided",Wet,Raining,Twelve o'clock,Passenger Car,Functional,N,Moving Constant Speed,2015-01-04 00:00,31,39.29812341,-76.63151756
673,N,Apparently Normal,No Misuse,Y,No Injury,1ad8a1e9-21c4-479f-80ad-a486d8a9c482,D,ADI8700001,Shoulder/Lap Belt(s),M,327e96cf-2837-42b9-adec-a978fc0b0137,Same Movement Angle,N,Intersection,Right Turn Lane,Dark Lights On,No Defects,"Two-way, Not Divided",Wet,Raining,Five o'clock,Passenger Car,Disabling,N,Moving Constant Speed,2015-01-04 00:00,21,39.29812341,-76.63151756
674,N,Apparently Normal,No Misuse,Y,No Injury,a0636c9e-3855-405f-923f-10e761156846,D,ADI8700002,Shoulder/Lap Belt(s),F,1eb58d67-025c-40e4-bd76-af803f7da5c6,Same Direction Left Turn,N,Non Intersection,Right Turn Lane,Dark Lights On,No Defects,One-way Trafficway,Dry,Clear,Nine o'clock,Passenger Car,Functional,N,Changing Lanes,2015-02-12 00:09,23,39.30084351,-76.61588766
675,N,Apparently Normal,No Misuse,N,No Injury,15349144-68fe-450c-bc1a-2bfb29bbf41b,D,ADI8720008,Shoulder/Lap Belt(s),F,8ab9c1fb-32da-4ed7-bf17-9c28a8a71375,Same Movement Angle,N,Intersection Related,Right Turn Lane,Dark Lights On,No Defects,"Two-way, Not Divided",Dry,Clear,Nine o'clock,Passenger Car,Disabling,N,Moving Constant Speed,2015-02-26 00:25,24,39.31597438,-76.6713658
676,N,Apparently Normal,No Misuse,N,No Injury,081d4728-469f-4908-9801-c26c296bfa5b,D,ADI8790008,Shoulder/Lap Belt(s),F,83dc94bb-7ef3-4242-94f0-de85989c7554,Same Movement Angle,N,Non Intersection,Right Turn Lane,Daylight,No Defects,"Two-way, Divided, Unprotected (painted >4 feet) Median",Dry,Clear,Two o'clock,Passenger Car,Functional,N,Moving Constant Speed,2015-01-09 11:40,64,39.36780637,-76.5670681
677,N,Apparently Normal,No Misuse,Y,No Injury,dce1ccda-1556-48d1-874b-b0e5f7157793,D,ADI8790008,Shoulder/Lap Belt(s),M,d5f531d9-4a54-49d6-a789-ea2d9c9b9630,Same Movement Angle,N,Non Intersection,Right Turn Lane,Daylight,No Defects,"Two-way, Divided, Unprotected (painted >4 feet) Median",Dry,Clear,Twelve o'clock,Passenger Car,Functional,N,Entering Traffic Lane,2015-01-09 11:40,22,39.36780637,-76.5670681
678,N,Apparently Normal,No Misuse,N,No Injury,1580ddcd-880b-4ff8-9380-0e593e259712,D,ADI879000L,Shoulder/Lap Belt(s),F,dc8f5d87-12b7-47a8-bca7-16592d0db2da,Same Movement Angle,N,Intersection,Left Turn Lane,Daylight,No Defects,"Two-way, Divided, Positive Median Barrier",Dry,Cloudy,Twelve o'clock,(Sport) Utility Vehicle,Functional,N,Moving Constant Speed,2015-01-14 15:25,35,39.32845516,-76.59785986
679,N,Apparently Normal,No Misuse,Y,Possible Incapacitating Injury,a3c51149-e35d-48b1-8c18-c0862e1915ec,D,ADI879000L,Shoulder/Lap Belt(s),F,b2869269-e680-4f31-a656-62c312ac10d6,Same Movement Angle,N,Intersection,Left Turn Lane,Daylight,No Defects,"Two-way, Divided, Positive Median Barrier",Dry,Cloudy,Three o'clock,Passenger Car,Disabling,N,Making Left Turn,2015-01-14 15:25,44,39.32845516,-76.59785986
680,N,Apparently Normal,No Misuse,N,No Injury,f327be02-543f-4209-be50-1e03c06032dd,D,ADI879000M,Shoulder/Lap Belt(s),F,a22a6b9f-c722-41d0-9654-0765787bf60c,Same Movement Angle,N,Intersection,Left Turn Lane,Daylight,No Defects,"Two-way, Divided, Positive Median Barrier",Dry,Clear,Ten o'clock,(Sport) Utility Vehicle,Functional,N,Moving Constant Speed,2015-01-20 09:15,50,39.31860352,-76.59332156
681,N,Apparently Normal,No Misuse,N,No Injury,52ca7d74-a608-49a9-b038-684e9735379b,D,ADI879000R,Shoulder/Lap Belt(s),F,dd320e10-f506-441a-bc08-036c0896cfbe,Angle Meets Left Turn,N,Intersection,Right Turn Lane,Daylight,No Defects,"Two-way, Divided, Unprotected (painted >4 feet) Median",Dry,Cloudy,One o'clock,(Sport) Utility Vehicle,Superficial,N,Making Left Turn,2015-01-22 13:50,47,39.33175809,-76.57896638
682,N,Apparently Normal,No Misuse,N,No Injury,5a995029-3b6d-4f8e-8cf8-d85463659f9d,D,ADI879000R,Shoulder/Lap Belt(s),M,e13d92ff-9af4-4715-833b-1f3389ac450e,Angle Meets Left Turn,N,Intersection,Right Turn Lane,Daylight,No Defects,"Two-way, Divided, Unprotected (painted >4 feet) Median",Dry,Cloudy,Twelve o'clock,Passenger Car,Destroyed,N,Stopped in Traffic Lane,2015-01-22 13:50,52,39.33175809,-76.57896638
683,N,Apparently Normal,No Misuse,Y,Possible Incapacitating Injury,f1a5fb3e-a935-4c33-b598-7ca6a2c34eb9,D,ADI879000R,Shoulder/Lap Belt(s),M,c993e79c-2e56-4fcc-8a0b-7c5a230bc7e8,Angle Meets Left Turn,N,Intersection,Right Turn Lane,Daylight,No Defects,"Two-way, Divided, Unprotected (painted >4 feet) Median",Dry,Cloudy,One o'clock,Passenger Car,Functional,N,Passing,2015-01-22 13:50,69,39.33175809,-76.57896638
684,N,Apparently Normal,No Misuse,N,No Injury,3fafedb2-90fb-407e-b57b-9cc7048e94bd,D,ADI879000X,Shoulder/Lap Belt(s),F,e87b166a-a484-45d4-8439-6da922636bd1,Same Direction Rear End Left Turn,N,Intersection,Right Turn Lane,Daylight,No Defects,"Two-way, Divided, Positive Median Barrier",Dry,Clear,Six o'clock,Passenger Car,Superficial,N,Making Left Turn,2015-02-03 15:10,51,39.32845516,-76.59788132
685,N,Apparently Normal,No Misuse,N,No Injury,428cfe30-acd6-40db-b6c8-44223b57de3c,D,ADI879000X,Shoulder/Lap Belt(s),F,3577f1be-2c24-416a-a96b-d723f27a8fdd,Same Direction Rear End Left Turn,N,Intersection,Right Turn Lane,Daylight,No Defects,"Two-way, Divided, Positive Median Barrier",Dry,Clear,Six o'clock,Passenger Car,Functional,N,Making Left Turn,2015-02-03 15:10,28,39.32845516,-76.59788132
686,N,Apparently Normal,No Misuse,Y,No Injury,32f00bc5-4b49-4d71-a239-6b230dcf229c,D,ADI879000X,Shoulder/Lap Belt(s),F,40629740-1bb8-4f59-9d7d-6fef9ce73a77,Same Direction Rear End Left Turn,N,Intersection,Right Turn Lane,Daylight,No Defects,"Two-way, Divided, Positive Median Barrier",Dry,Clear,Eleven o'clock,(Sport) Utility Vehicle,Superficial,N,Making Left Turn,2015-02-03 15:10,24,39.32845516,-76.59788132
687,N,Apparently Normal,No Misuse,N,No Injury,af2e2b6e-0bf3-4a06-b2a2-b70661dbdbf0,D,ADI8790010,Shoulder/Lap Belt(s),F,9367263f-c439-4f63-b43a-5afc11e7b23d,Same Direction Rear End,N,Non Intersection,Right Turn Lane,Dark Lights On,No Defects,"Two-way, Divided, Unprotected (painted >4 feet) Median",Dry,Clear,Six o'clock,(Sport) Utility Vehicle,Superficial,N,Stopped in Traffic Lane,2015-02-18 21:10,50,39.36380008,-76.55153275
688,N,Apparently Normal,No Misuse,N,No Injury,249b2e6e-9091-463b-b21e-f8644aa333ad,D,ADI8920001,Shoulder/Lap Belt(s),F,aafb3b3c-bbb2-4859-a1f4-fc8f03d02501,Same Direction Rear End,N,Non Intersection,Right Turn Lane,Daylight,No Defects,"Two-way, Divided, Positive Median Barrier",Dry,Severe Winds,Six o'clock,Passenger Car,No Damage,N,Slowing or Stopping,2015-02-13 07:32,60,39.32205631,-76.66471124
689,N,Apparently Normal,No Misuse,N,No Injury,67af1d73-a561-4c99-ad32-dd08d9be655a,D,ADI8920001,Shoulder/Lap Belt(s),M,d467568b-0bee-4551-bdcf-85ffcd417c95,Same Direction Rear End,N,Non Intersection,Right Turn Lane,Daylight,No Defects,"Two-way, Divided, Positive Median Barrier",Dry,Severe Winds,Six o'clock,Passenger Car,Disabling,N,Slowing or Stopping,2015-02-13 07:32,41,39.32205631,-76.66471124
690,N,Apparently Normal,No Misuse,Y,No Injury,bce87e3d-2473-480f-a51b-f5352193c235,D,ADI8920001,Shoulder/Lap Belt(s),M,aac2b99a-44c2-4856-b626-ddcae383e222,Same Direction Rear End,N,Non Intersection,Right Turn Lane,Daylight,No Defects,"Two-way, Divided, Positive Median Barrier",Dry,Severe Winds,Twelve o'clock,Passenger Car,Destroyed,N,Moving Constant Speed,2015-02-13 07:32,19,39.32205631,-76.66471124
691,N,Apparently Normal,No Misuse,N,No Injury,f4d67f81-f142-44c7-bc58-cea8c7ae3f60,D,ADI9070001,Shoulder/Lap Belt(s),F,55f522a8-6fbb-44d9-b7f6-e4eaa16000c3,Same Direction Rear End Left Turn,N,Non Intersection,Right Turn Lane,Dark Lights On,No Defects,"Two-way, Divided, Unprotected (painted >4 feet) Median",Wet,Raining,Seven o'clock,(Sport) Utility Vehicle,Functional,N,Starting From Parked,2015-01-23 19:10,33,39.28293055,-76.63010806
692,N,Apparently Normal,No Misuse,N,No Injury,0912b948-fe98-434b-b9ca-f2c99c13b8ab,D,ADI9140006,Shoulder/Lap Belt(s),F,007d1a49-9fdc-4de0-b726-7e61c3185f55,Same Direction Rear End,N,Intersection,Left Turn Lane,Dark Lights On,No Defects,"Two-way, Not Divided",Dry,Clear,Six o'clock,Passenger Car,Functional,N,Stopped in Traffic Lane,2015-02-12 01:01,61,39.30451323,-76.62077934
693,N,Apparently Normal,No Misuse,Y,No Injury,3076bbc2-4084-4784-84df-2cb87bf17a27,D,ADI9140006,Shoulder/Lap Belt(s),M,80dc770a-9bd4-4039-8024-54b107ca72d8,Same Direction Rear End,N,Intersection,Left Turn Lane,Dark Lights On,No Defects,"Two-way, Not Divided",Dry,Clear,Twelve o'clock,Passenger Car,Disabling,N,Moving Constant Speed,2015-02-12 01:01,22,39.30451323,-76.62077934
694,N,Apparently Normal,No Misuse,Y,No Injury,f1e7312e-da22-45e4-a986-0e2b0c35d9b9,D,ADI9140008,Shoulder/Lap Belt(s),F,481cd221-882e-4720-8a46-c60bd6f27cb7,Same Direction Rear End,N,Intersection,Right Turn Lane,Dark Lights On,No Defects,"Two-way, Not Divided",Dry,Clear,Twelve o'clock,Passenger Car,Disabling,N,Moving Constant Speed,2015-02-25 02:00,32,39.30607325,-76.62088931
695,Y,Apparently Normal,No Misuse,N,No Injury,f9611e4d-6276-4555-8f81-9a15f78af0c4,D,ADI9140008,Shoulder/Lap Belt(s),M,e2f45276-954a-4664-8d6d-08d432ea7f79,Same Direction Rear End,N,Intersection,Right Turn Lane,Dark Lights On,No Defects,"Two-way, Not Divided",Dry,Clear,Six o'clock,"Cargo Van/Light Truck 2 axles (10,000 lbs (4,536 kg) or less)",Superficial,N,Stopped in Traffic Lane,2015-02-25 02:00,40,39.30607325,-76.62088931
696,N,Apparently Normal,No Misuse,Y,No Injury,6218bde4-fea1-4cf4-93de-260934e114a7,D,ADI9160008,Shoulder/Lap Belt(s),F,a4458cef-8ec5-4c21-a9e5-e8321e4410c9,Same Direction Sideswipe,N,Non Intersection,Right Turn Lane,Daylight,No Defects,One-way Trafficway,Dry,Clear,Eleven o'clock,Passenger Car,Functional,N,Moving Constant Speed,2015-02-13 09:40,29,39.23231963,-76.60238743
697,N,Apparently Normal,No Misuse,Y,No Injury,17dab333-2f9e-4c75-91e5-6fa6b14b48a3,D,ADI916000B,Shoulder/Lap Belt(s),F,ea453589-de57-499e-b189-6ea70e884f60,Head On Left Turn,N,Intersection Related,Right Turn Lane,Daylight,No Defects,"Two-way, Not Divided",Dry,Clear,Eleven o'clock,Passenger Car,Disabling,N,Making Right Turn,2015-02-14 14:50,18,39.2574957,-76.63283587
698,N,Apparently Normal,No Misuse,N,No Injury,b916867c-f2bf-4ee4-93cf-b71c89e94c76,D,ADI9200003,Shoulder/Lap Belt(s),F,832ae3cf-d045-4d00-b1d9-0f8895821ed6,Same Movement Angle,N,Intersection,Right Turn Lane,Dark Lights On,No Defects,"Two-way, Divided, Unprotected (painted >4 feet) Median",Dry,Clear,Eight o'clock,Passenger Car,Functional,N,Moving Constant Speed,2015-02-11 00:45,27,39.3429728,-76.68356717
699,N,Apparently Normal,No Misuse,Y,No Injury,de87c4ce-1422-40ff-b985-321f8af7bafa,D,ADI9380003,Shoulder/Lap Belt(s),M,03e4a7ef-9ff1-4e94-b80c-d8209bc947ce,Same Direction Left Turn,N,Non Intersection,Right Turn Lane,Daylight,No Defects,"Two-way, Not Divided",Dry,Clear,One o'clock,Passenger Car,Functional,N,Moving Constant Speed,2015-01-23 11:00,69,39.33052988,-76.70065284
700,N,Apparently Normal,No Misuse,N,No Injury,ec82e1f3-e136-43b0-a199-d551326bb27a,D,ADI944000B,Shoulder/Lap Belt(s),F,57b858e0-2716-447f-8aa1-b88d5cb92492,Opposite Direction Sideswipe,N,Non Intersection,Right Turn Lane,Dark Lights On,No Defects,"Two-way, Not Divided",Dry,Clear,Ten o'clock,Passenger Car,Functional,N,Moving Constant Speed,2015-03-27 02:25,25,39.28593877,-76.66891426
701,N,Apparently Normal,No Misuse,N,No Injury,0823af38-9234-4a0d-9360-8316fef61476,D,ADI9490005,Shoulder/Lap Belt(s),F,b14df20e-e239-43ea-9444-80620ba468b0,Same Direction Rear End,N,Non Intersection,Right Turn Lane,Dusk,No Defects,"Two-way, Divided, Positive Median Barrier",Dry,Clear,Six o'clock,Passenger Car,Superficial,N,Stopped in Traffic Lane,2015-01-27 17:25,34,39.30926517,-76.66217387
702,N,Apparently Normal,No Misuse,Y,No Injury,06899328-9239-440a-80b7-cff3bee7d51c,D,ADI9490007,Shoulder/Lap Belt(s),F,f4c7a654-3c3e-4e58-a9ba-6eab26ca6b59,Same Direction Rear End,N,Non Intersection,Left Turn Lane,Daylight,No Defects,"Two-way, Not Divided",Dry,Clear,One o'clock,Passenger Car,Functional,N,Starting From Parked,2015-02-24 11:20,25,39.30908254,-76.66882843
703,Y,Apparently Normal,No Misuse,N,No Injury,d6736319-58db-42bf-8a3d-bf277ecace52,D,ADI9490007,Shoulder/Lap Belt(s),M,84cc7af7-d11c-401c-8f36-fb06f7a013b2,Same Direction Rear End,N,Non Intersection,Left Turn Lane,Daylight,No Defects,"Two-way, Not Divided",Dry,Clear,Seven o'clock,"Other Light Trucks (10,000 lbs (4,536 kg))",No Damage,N,Stopped in Traffic Lane,2015-02-24 11:20,52,39.30908254,-76.66882843
704,N,Apparently Normal,No Misuse,Y,No Injury,b3e14a22-d9bf-48ae-b3c3-29006b4c4e7d,D,ADI965000B,Shoulder/Lap Belt(s),F,4e28ca77-2718-419d-a62a-80ca371e7fb7,Same Direction Sideswipe,N,Non Intersection,Left Turn Lane,Daylight,No Defects,One-way Trafficway,Dry,Clear,One o'clock,Passenger Car,Disabling,N,Slowing or Stopping,2015-03-19 14:00,30,39.24183857,-76.60788596
705,N,Apparently Normal,No Misuse,N,Possible Incapacitating Injury,5b268aaa-e036-4f20-b257-ce05d9839b7d,D,ADI965000B,Shoulder/Lap Belt(s),F,a132ad84-69e9-4414-98b7-bc72f44c477b,Same Direction Sideswipe,N,Non Intersection,Left Turn Lane,Daylight,No Defects,One-way Trafficway,Dry,Clear,Five o'clock,Passenger Car,Destroyed,N,Stopped in Traffic Lane,2015-03-19 14:00,47,39.24183857,-76.60788596
706,N,Apparently Normal,No Misuse,N,No Injury,a619eb4d-1f37-4af5-b1fa-26bba3fa3a45,D,ADI965000B,Shoulder/Lap Belt(s),M,95dca1cc-2936-467c-9e92-fa6d587cc3e6,Same Direction Sideswipe,N,Non Intersection,Left Turn Lane,Daylight,No Defects,One-way Trafficway,Dry,Clear,Twelve o'clock,Pickup Truck,Functional,N,Moving Constant Speed,2015-03-19 14:00,44,39.24183857,-76.60788596
707,N,Apparently Normal,No Misuse,Y,No Injury,4e68eaa1-a488-4bdf-8bb1-f447d0e7e2e2,D,ADI9740005,Shoulder/Lap Belt(s),F,9fad9fc2-347f-42d3-96e6-4ca0015e352b,Same Direction Rear End,N,Non Intersection,Right Turn Lane,Daylight,No Defects,"Two-way, Not Divided",Dry,Clear,Twelve o'clock,Passenger Car,Disabling,N,Moving Constant Speed,2015-03-28 12:33,48,39.34868941,-76.60966694
708,N,Apparently Normal,No Misuse,N,No Injury,ad77aaa7-621a-4132-9281-165c332fc374,D,ADI9740005,Shoulder/Lap Belt(s),M,279201ea-8ff5-4c24-9e29-438f1586f7ab,Same Direction Rear End,N,Non Intersection,Right Turn Lane,Daylight,No Defects,"Two-way, Not Divided",Dry,Clear,Six o'clock,Pickup Truck,Functional,N,Slowing or Stopping,2015-03-28 12:33,35,39.34868941,-76.60966694
709,N,Apparently Normal,No Misuse,Y,No Injury,711ba5df-fd44-402d-867b-0041176dc65e,D,ADI9750009,Shoulder/Lap Belt(s),F,2fe130b6-893f-4753-ad74-9dd5c1225d21,Opposite Direction Both Left Turn,N,Intersection,Right Turn Lane,Dark Lights On,No Defects,"Two-way, Not Divided",Dry,Clear,Two o'clock,Passenger Car,Functional,N,Making Left Turn,2015-03-15 19:50,30,39.3383635,-76.6968441
710,N,Apparently Normal,No Misuse,N,No Injury,e6fe837f-ce02-4da7-a101-6d62b9ef285e,D,ADI975000C,Shoulder/Lap Belt(s),F,9d4299cc-89e9-4c8f-8d43-425bda623fba,Single Vehicle ,N,Intersection Related,Right Turn Lane,Dark Lights On,No Defects,"Two-way, Not Divided",Dry,Clear,Ten o'clock,Passenger Car,Disabling,N,Moving Constant Speed,2015-03-17 00:45,19,39.34123449,-76.67376637
711,N,Apparently Normal,No Misuse,N,No Injury,bfc117df-db5b-4b5a-b49b-090859825402,D,ADI9890006,Shoulder/Lap Belt(s),F,7836c844-cc5a-426d-82f8-fdff977abadd,Same Direction Rear End,N,Non Intersection,Right Turn Lane,Dark Lights On,No Defects,One-way Trafficway,Dry,Clear,Six o'clock,Ambulance/Non Emergency,Functional,N,Stopped in Traffic Lane,2015-01-07 19:58,39,39.32203971,-76.61563754
712,N,Apparently Normal,No Misuse,N,No Injury,3039e9be-a55e-40e3-af96-9b9b4478b7d2,D,ADI9890008,Shoulder/Lap Belt(s),F,01e40574-6285-421f-94ee-67e33d2f97ad,Same Direction Rear End Right Turn,N,Intersection,Right Turn Lane,Daylight,No Defects,One-way Trafficway,Dry,Clear,Twelve o'clock,Passenger Car,Disabling,N,Making Right Turn,2015-01-16 08:15,44,39.31642053,-76.61531568
713,N,Apparently Normal,No Misuse,N,Possible Incapacitating Injury,f13bee17-18dc-4f95-af7e-2720781af0c7,D,ADI9890008,Shoulder/Lap Belt(s),F,2a6a21b4-5766-4e85-8095-0a594ffb1bcc,Same Direction Rear End Right Turn,N,Intersection,Right Turn Lane,Daylight,No Defects,One-way Trafficway,Dry,Clear,Six o'clock,Passenger Car,Functional,N,Stopped in Traffic Lane,2015-01-16 08:15,48,39.31642053,-76.61531568
714,N,Apparently Normal,No Misuse,Y,No Injury,0d5e34cb-e6fb-451c-8fd9-52e8ea14d90e,D,ADI9890009,Shoulder/Lap Belt(s),F,6d05ead7-3da6-43c5-beba-0ea812e1fb9b,Same Movement Angle,N,Intersection,Right Turn Lane,Daylight,No Defects,One-way Trafficway,Dry,Clear,Three o'clock,Passenger Car,Functional,N,Starting From Lane,2015-01-28 15:30,29,39.31418767,-76.61809444
715,N,Apparently Normal,No Misuse,N,No Injury,9e143920-4895-4bac-a523-6f8f6d53c518,D,ADI9970003,Shoulder/Lap Belt(s),M,5e5ced39-8aa9-4c03-b63b-1d0da53ad6ee,Same Direction Left Turn,N,Intersection,Right Turn Lane,Daylight,No Defects,One-way Trafficway,Dry,Clear,Three o'clock,(Sport) Utility Vehicle,Superficial,N,Accelerating,2015-02-02 15:00,34,39.28876625,-76.59950137
716,N,Apparently Normal,No Misuse,Y,No Injury,348c11cc-7b7e-4ad8-bd77-c1977308ac12,D,ADJ0050003,Shoulder/Lap Belt(s),F,80ade8e7-0fef-4e92-950f-e088ae1c56f8,Same Direction Sideswipe,N,Intersection Related,Right Turn Lane,Daylight,No Defects,One-way Trafficway,Dry,Clear,Eleven o'clock,Passenger Car,Superficial,N,Moving Constant Speed,2015-01-28 10:00,27,39.31518998,-76.61602512
717,N,Apparently Normal,No Misuse,N,No Injury,119a24be-721a-4eff-bfce-6bc3b7cd1801,D,ADJ0050003,Shoulder/Lap Belt(s),M,0706a41a-4d67-43ab-97cf-9439026c0cd5,Same Direction Sideswipe,N,Intersection Related,Right Turn Lane,Daylight,No Defects,One-way Trafficway,Dry,Clear,Three o'clock,Passenger Car,Superficial,N,Moving Constant Speed,2015-01-28 10:00,62,39.31518998,-76.61602512