KEY_INDEX,CDL_FLAG,CONDITION_CODE,EQUIP_PROB_CODE,FAULT_FLAG,INJ_SEVER_CODE,PERSON_ID,PERSON_TYPE,REPORT_NO,SAF_EQUIP_CODE,SEX_CODE,VEHICLE_ID,COLLISION_TYPE_CODE,C_M_ZONE_FLAG,JUNCTION_CODE,LANE_CODE,LIGHT_CODE,RD_COND_CODE,RD_DIV_CODE,SURF_COND_CODE,WEATHER_CODE,AREA_DAMAGED_CODE_MAIN,BODY_TYPE_CODE,DAMAGE_CODE,HIT_AND_RUN_FLAG,MOVEMENT_CODE,TIME,AGE,LATITUDE,LONGITUDE
718,N,Apparently Normal,No Misuse,N,No Injury,cedf07e3-1496-4f67-8359-d96f2a4ef21e,D,ADJ0050005,Shoulder/Lap Belt(s),F,3a98356f-b062-4d00-9d60-e282feb66055,Same Direction Sideswipe,N,Intersection,Acceleration Lane,Daylight,No Defects,"Two-way, Divided, Positive Median Barrier",Dry,Clear,Five o'clock,Passenger Car,Superficial,N,Moving Constant Speed,2015-02-04 09:11,22,39.36127426,-76.64682627
719,N,Apparently Normal,No Misuse,Y,No Injury,2c9c9eab-8149-4fd4-a883-fd85bd27f697,D,ADJ0050005,Shoulder/Lap Belt(s),F,6a81ec17-f55b-4928-b3a8-678a6498d8fe,Same Direction Sideswipe,N,Intersection,Acceleration Lane,Daylight,No Defects,"Two-way, Divided, Positive Median Barrier",Dry,Clear,Twelve o'clock,Passenger Car,Superficial,N,Accelerating,2015-02-04 09:11,43,39.36127426,-76.64682627
720,N,Apparently Normal,No Misuse,Y,No Injury,49b92d22-a782-486b-9de5-601bbc3b03db,D,ADJ005000C,Shoulder/Lap Belt(s),F,6eff47d8-d8a4-4e80-a368-06d1c4b96433,Same Direction Right Turn,N,Non Intersection,Left Turn Lane,Dark Lights On,No Defects,"Two-way, Divided, Positive Median Barrier",Wet,Raining,One o'clock,Passenger Car,Superficial,N,Changing Lanes,2015-03-04 18:00,50,39.3586571,-76.65322065
721,N,Apparently Normal,No Misuse,N,No Injury,ed1498b0-5c23-4354-887b-0dd4389cea33,D,ADJ0210001,Shoulder/Lap Belt(s),F,f6f467e3-aa1f-479a-a929-d1f7a18a259b,Same Direction Sideswipe,N,Intersection Related,Left Turn Lane,Dark Lights On,No Defects,"Two-way, Divided, Positive Median Barrier",Dry,Clear,Ten o'clock,Passenger Car,Functional,N,Accelerating,2015-01-02 22:38,32,39.28204405,-76.64655268
722,N,Apparently Normal,No Misuse,N,No Injury,ce9b2396-85e2-4eef-95b0-c9b50b14fa99,D,ADJ0210004,Shoulder/Lap Belt(s),F,d0c75415-fe3c-4beb-a03d-3f1e90b9c3a2,Same Direction Sideswipe,N,Non Intersection,Acceleration Lane,Dark Lights On,No Defects,One-way Trafficway,Dry,Clear,Ten o'clock,Passenger Car,Functional,N,Moving Constant Speed,2015-01-08 16:47,67,39.28575192,-76.64504528
723,N,Apparently Normal,No Misuse,Y,No Injury,bbd4f37a-b519-4549-ab31-da6c317fabf3,D,ADJ0210006,Shoulder/Lap Belt(s),M,c7d3a796-e4f4-4cbf-a973-f18b8c757ff8,Angle Meets Left Turn Head On,N,Intersection,Right Turn Lane,Daylight,No Defects,"Two-way, Not Divided",Snow,Snow,Twelve o'clock,Passenger Car,Superficial,N,Making Right Turn,2015-03-05 15:00,21,39.2833956,-76.63933486
724,N,Apparently Normal,No Misuse,N,No Injury,6bbcd0e8-ba00-477a-bd5e-c6c55ccb079d,D,ADJ0220001,Shoulder/Lap Belt(s),F,2d632a0d-6c38-47a5-afa0-037df21015ff,Same Direction Sideswipe,N,Intersection,Left Turn Lane,Dark Lights On,No Defects,"Two-way, Divided, Positive Median Barrier",Ice,Raining,Two o'clock,Passenger Car,Superficial,N,Moving Constant Speed,2015-01-19 01:53,21,39.31252751,-76.56689644
725,N,Apparently Normal,No Misuse,N,No Injury,b81af0e2-9d43-4b4b-a324-495a01a14b47,D,ADJ0250003,Shoulder/Lap Belt(s),F,62729ecd-3161-4973-8e53-446723ddd5fe,Same Direction Right Turn,N,Non Intersection,Left Turn Lane,Daylight,No Defects,"Two-way, Divided, Positive Median Barrier",Wet,Raining,Eleven o'clock,(Sport) Utility Vehicle,Superficial,N,Moving Constant Speed,2015-01-04 11:25,43,39.33132656,-76.64191246
726,N,Apparently Normal,No Misuse,N,No Injury,eb95bbf6-4d2f-499a-96ee-3e6dc3a5b97b,D,ADJ0250003,Shoulder/Lap Belt(s),F,f3998d21-090b-43cc-96f3-814b1f5a6631,Same Direction Right Turn,N,Non Intersection,Left Turn Lane,Daylight,No Defects,"Two-way, Divided, Positive Median Barrier",Wet,Raining,Nine o'clock,(Sport) Utility Vehicle,Functional,N,Moving Constant Speed,2015-01-04 11:25,43,39.33132656,-76.64191246
727,N,Apparently Normal,No Misuse,Y,No Injury,8e3481bc-d26c-4290-a19f-0af41d3d2826,D,ADJ0250003,Shoulder/Lap Belt(s),F,7b902a4f-ce4d-4650-ba74-a89ac789dd6a,Same Direction Right Turn,N,Non Intersection,Left Turn Lane,Daylight,No Defects,"Two-way, Divided, Positive Median Barrier",Wet,Raining,Three o'clock,Passenger Car,Functional,N,Moving Constant Speed,2015-01-04 11:25,47,39.33132656,-76.64191246
728,N,Apparently Normal,No Misuse,Y,No Injury,55dadad0-22e7-4bda-be09-e898f5ec9a1c,D,ADJ0410007,Shoulder/Lap Belt(s),F,e8fbac2c-2b85-49f3-8f6e-0ae54c843e2c,Head On Left Turn,N,Intersection,Right Turn Lane,Dark Lights On,No Defects,"Two-way, Not Divided",Dry,Clear,One o'clock,Passenger Car,Disabling,N,Making Left Turn,2015-02-10 19:05,29,39.27018832,-76.64840341
729,N,Apparently Normal,No Misuse,N,No Injury,c592c67e-8744-486b-8022-089f1e448e60,D,ADJ041000L,Shoulder/Lap Belt(s),F,e230bfd2-dc46-4a69-b7d3-37935eeeb5f1,Same Movement Angle,N,Intersection,Left Turn Lane,Daylight,No Defects,"Two-way, Not Divided",Wet,Raining,Twelve o'clock,Passenger Car,Superficial,N,Moving Constant Speed,2015-03-14 12:30,52,39.27756153,-76.67157099
730,N,Apparently Normal,No Misuse,N,No Injury,1ac4a3a7-cbd2-4382-bf67-4ef807ac59cf,D,ADJ041000N,Shoulder/Lap Belt(s),F,dc1f5de0-fa38-4859-bda5-0da97a8fe8ca,Same Direction Right Turn,N,Non Intersection,Right Turn Lane,Daylight,No Defects,"Two-way, Not Divided",Dry,Clear,Eight o'clock,Passenger Car,Functional,N,Moving Constant Speed,2015-03-22 10:45,31,39.30999983,-76.70663953
731,N,Apparently Normal,No Misuse,Y,No Injury,f94e5fd2-8e5a-40f1-b2c3-1a95608d1380,D,ADJ041000N,Shoulder/Lap Belt(s),M,a0c44d30-6eb3-437f-b4c6-5a00b7b7493c,Same Direction Right Turn,N,Non Intersection,Right Turn Lane,Daylight,No Defects,"Two-way, Not Divided",Dry,Clear,One o'clock,Passenger Car,Disabling,N,Moving Constant Speed,2015-03-22 10:45,56,39.30999983,-76.70663953
732,N,Apparently Normal,No Misuse,N,No Injury,a60e69b3-8ff8-4198-851a-0d27d4fc7420,D,ADJ0420001,Shoulder/Lap Belt(s),F,fb9a5a50-6a31-4057-995e-6b5865ffdedd,Single Vehicle ,N,Non Intersection,Right Turn Lane,Daylight,No Defects,"Two-way, Divided, Unprotected (painted >4 feet) Median",Dry,Clear,Seven o'clock,Passenger Car,No Damage,N,Slowing or Stopping,2015-01-15 16:30,25,39.26733102,-76.65176153
733,N,Apparently Normal,No Misuse,Y,No Injury,f5343537-023f-4376-a723-33bf257fda26,D,ADJ0420002,Shoulder/Lap Belt(s),F,5d8ea47e-500f-491e-809b-8e37cc759b9f,Single Vehicle ,N,Non Intersection,Right Turn Lane,Dark Lights On,No Defects,"Two-way, Divided, Positive Median Barrier",Dry,Clear,Eleven o'clock,Passenger Car,Superficial,N,Slowing or Stopping,2015-02-25 21:00,45,39.29433783,-76.67231798
734,N,Apparently Normal,No Misuse,N,No Injury,06422ecf-121b-4e94-ad13-95858db45f6d,D,ADJ0470001,Shoulder/Lap Belt(s),F,fd9e76ff-4dd3-4b09-b74e-02ba225240b8,Same Direction Rear End,N,Non Intersection,Right Turn Lane,Dark Lights On,No Defects,"Two-way, Not Divided",Dry,Clear,Seven o'clock,Passenger Car,Functional,N,Stopped in Traffic Lane,2015-01-01 02:45,20,39.26247999,-76.6407752
735,N,Apparently Normal,No Misuse,N,No Injury,601b9a5c-4850-4fe5-b0c6-3caa661d1020,D,ADJ0470005,Shoulder/Lap Belt(s),F,4a9c5049-75c9-4f5e-bc1d-c27861332833,Same Movement Angle,N,Intersection,Right Turn Lane,Dusk,No Defects,"Two-way, Not Divided",Dry,Clear,Eleven o'clock,(Sport) Utility Vehicle,Functional,N,Moving Constant Speed,2015-02-06 18:15,45,39.27032122,-76.59292459
736,N,Apparently Normal,No Misuse,Y,No Injury,e654d14e-9bb7-4ee8-8e8c-7d89fa8e63d7,D,ADJ0470006,Shoulder/Lap Belt(s),F,1f108d3f-9849-43d1-a30b-0d7a9d729a0d,Same Direction Left Turn,N,Intersection,Right Turn Lane,Daylight,No Defects,One-way Trafficway,Dry,Clear,Ten o'clock,(Sport) Utility Vehicle,Functional,N,Making Left Turn,2015-02-13 17:15,33,39.25346647,-76.61785841
737,N,Apparently Normal,No Misuse,N,No Injury,2b6fcc9e-8266-4870-a869-7cb3efc84fc5,D,ADJ0470006,Shoulder/Lap Belt(s),M,e26155c7-7f39-4aec-a8fa-e04fb5f000c4,Same Direction Left Turn,N,Intersection,Right Turn Lane,Daylight,No Defects,One-way Trafficway,Dry,Clear,One o'clock,Passenger Car,No Damage,N,Moving Constant Speed,2015-02-13 17:15,32,39.25346647,-76.61785841
738,N,Apparently Normal,No Misuse,Y,No Injury,b90347b6-996e-4aa5-bb88-8ed8282d5507,D,ADJ047000D,Shoulder/Lap Belt(s),F,715b546c-54ee-46a3-b20f-c22ce5bd3cba,Same Direction Left Turn,N,Intersection,Right Turn Lane,Daylight,No Defects,One-way Trafficway,Dry,Clear,Nine o'clock,Passenger Car,Functional,N,Making Left Turn,2015-03-16 15:51,23,39.22764901,-76.58710957
739,N,Apparently Normal,No Misuse,N,No Injury,c8899ab9-4dea-46d3-8a64-d8dffb655e6b,D,ADJ0610001,Shoulder/Lap Belt(s),F,2edbb0f8-0cf5-4363-9334-21d31b2d8e33,Same Movement Angle,N,Intersection,Right Turn Lane,Daylight,No Defects,"Two-way, Not Divided with a Continuous Left Turn Lane",Dry,Clear,One o'clock,Passenger Car,Functional,N,Negotiating a Curve,2015-01-05 15:50,33,39.28319058,-76.64339639
740,N,Apparently Normal,No Misuse,Y,No Injury,6679a209-973f-4aee-ace0-c2fc42b03247,D,ADJ0610001,Shoulder/Lap Belt(s),F,2c1b0210-8e7d-4053-b937-abb25db518c6,Same Movement Angle,N,Intersection,Right Turn Lane,Daylight,No Defects,"Two-way, Not Divided with a Continuous Left Turn Lane",Dry,Clear,Eleven o'clock,Passenger Car,Disabling,N,Starting From Lane,2015-01-05 15:50,35,39.28319058,-76.64339639
741,N,Apparently Normal,No Misuse,N,No Injury,b7b1fcce-f9b1-44ec-a7a6-5c12b2024b6f,D,ADJ0610004,Shoulder/Lap Belt(s),F,5d140bc3-32f6-47fb-85a9-96338766b1ac,Same Movement Angle,N,Intersection,Deceleration Lane,Dusk,No Defects,"Two-way, Divided, Positive Median Barrier",Dry,Clear,Nine o'clock,(Sport) Utility Vehicle,Disabling,N,Moving Constant Speed,2015-01-14 17:00,31,39.28607786,-76.62752643
742,N,Apparently Normal,No Misuse,N,No Injury,dd10ebe1-f8b1-4793-96c0-b3e143979436,D,ADJ065000B,Shoulder/Lap Belt(s),F,0923e8c5-29e2-4f8e-a7cd-31342bd32422,Same Movement Angle,N,Intersection,Left Turn Lane,Daylight,Shoulder Defect,"Two-way, Divided, Unprotected (painted >4 feet) Median",Dry,Clear,One o'clock,Passenger Car,Functional,N,Moving Constant Speed,2015-03-24 08:00,49,39.32238,-76.58931971
743,N,Apparently Normal,No Misuse,Y,No Injury,8ea19d63-b7c1-4ff3-8ea5-9ec67952177b,D,ADJ065000B,Shoulder/Lap Belt(s),F,3dd0b8a5-2cb6-4a8f-9294-58a18d4ea473,Same Movement Angle,N,Intersection,Left Turn Lane,Daylight,Shoulder Defect,"Two-way, Divided, Unprotected (painted >4 feet) Median",Dry,Clear,Eleven o'clock,Passenger Car,Functional,N,Making Left Turn,2015-03-24 08:00,21,39.32238,-76.58931971
744,N,Apparently Normal,No Misuse,Y,No Injury,1865c22c-1454-4227-a924-5638610c5e26,D,ADJ086000B,Shoulder/Lap Belt(s),F,48c78c3c-c94b-4654-82d6-ad3a134c8f58,Same Direction Rear End,N,Intersection,Right Turn Lane,Dark Lights On,No Defects,"Two-way, Not Divided",Wet,Raining,One o'clock,Passenger Car,Superficial,N,Accelerating,2015-03-01 22:00,23,39.31175552,-76.60258055
745,N,Apparently Normal,No Misuse,N,No Injury,7cc8672a-7401-4732-9c99-fa35d2033256,D,ADJ086000B,Shoulder/Lap Belt(s),M,e3afe12b-9618-47b0-ae8f-786cf6014a12,Same Direction Rear End,N,Intersection,Right Turn Lane,Dark Lights On,No Defects,"Two-way, Not Divided",Wet,Raining,Eleven o'clock,Passenger Car,Disabling,N,Accelerating,2015-03-01 22:00,56,39.31175552,-76.60258055
746,N,Apparently Normal,No Misuse,N,No Injury,ca6cf682-26fb-4911-8443-89fda6f1d694,D,ADJ0890002,Shoulder/Lap Belt(s),F,9ad6ed37-0bf9-4655-b7c1-7360c1cfcda5,Same Movement Angle,N,Intersection,Right Turn Lane,Dark Lights On,No Defects,"Two-way, Divided, Positive Median Barrier",Dry,Clear,Twelve o'clock,Passenger Car,Superficial,N,Moving Constant Speed,2015-02-05 18:36,42,39.31443358,-76.67125247
747,N,Apparently Normal,No Misuse,N,No Injury,7b294faf-ef6d-4d3d-bbc7-ea64ca7be724,D,ADJ1000003,Shoulder/Lap Belt(s),F,3725f9d2-bba6-47ad-8aae-70be3cf1d8e2,Same Movement Angle,N,Intersection,Right Turn Lane,Dark Lights On,No Defects,One-way Trafficway,Dry,Clear,Twelve o'clock,(Sport) Utility Vehicle,Disabling,N,Moving Constant Speed,2015-02-06 02:30,80,39.28653925,-76.61353804
748,N,Apparently Normal,No Misuse,Y,No Injury,ba66888f-8298-4fe2-9568-16d6cd737408,D,ADJ1000003,Shoulder/Lap Belt(s),M,28307061-07a3-4f69-9525-d034b31ac543,Same Movement Angle,N,Intersection,Right Turn Lane,Dark Lights On,No Defects,One-way Trafficway,Dry,Clear,Four o'clock,Passenger Car,Disabling,N,Moving Constant Speed,2015-02-06 02:30,23,39.28653925,-76.61353804
749,N,Apparently Normal,No Misuse,N,No Injury,34abe191-8572-461e-95b8-e1cf211cd333,D,ADJ1000008,Shoulder/Lap Belt(s),F,b898c2fa-5412-4a14-acf6-c8ad2b28d9fe,Same Movement Angle,N,Intersection,Right Turn Lane,Dawn,No Defects,"Two-way, Divided, Positive Median Barrier",Dry,Clear,Twelve o'clock,(Sport) Utility Vehicle,Disabling,N,Moving Constant Speed,2015-03-16 07:02,57,39.31097522,-76.61790803
750,N,Apparently Normal,No Misuse,Y,No Injury,4e078c67-5f62-417a-bdcf-1d563a54955c,D,ADJ1000008,Shoulder/Lap Belt(s),M,983075c0-8823-4369-b1d6-202176a995fe,Same Movement Angle,N,Intersection,Right Turn Lane,Dawn,No Defects,"Two-way, Divided, Positive Median Barrier",Dry,Clear,Eight o'clock,(Sport) Utility Vehicle,Disabling,N,Moving Constant Speed,2015-03-16 07:02,46,39.31097522,-76.61790803
751,N,Apparently Normal,No Misuse,Y,No Injury,ad2f5432-e9f5-46b1-aaa6-049e0581916b,D,ADJ1010001,Shoulder/Lap Belt(s),F,567070bd-2114-458c-821a-77ef06e79a09,Same Direction Rear End,N,Intersection Related,Right Turn Lane,Daylight,No Defects,"Two-way, Divided, Positive Median Barrier",Dry,Clear,Twelve o'clock,Passenger Car,Disabling,N,Moving Constant Speed,2015-02-03 13:24,47,39.31574196,-76.63966209
752,N,Apparently Normal,No Misuse,N,No Injury,e86e17e6-5e7c-4680-aef4-0e56929e3224,D,ADJ1010001,Shoulder/Lap Belt(s),M,1ddc774b-2602-4d7f-9eb1-e1e1826c7421,Same Direction Rear End,N,Intersection Related,Right Turn Lane,Daylight,No Defects,"Two-way, Divided, Positive Median Barrier",Dry,Clear,Six o'clock,(Sport) Utility Vehicle,Superficial,N,Stopped in Traffic Lane,2015-02-03 13:24,67,39.31574196,-76.63966209
753,N,Apparently Normal,No Misuse,Y,No Injury,096a0741-678c-4e24-88be-b24f261fd1b0,D,ADJ1010002,Shoulder/Lap Belt(s),F,3b54ae55-7a2a-4c46-b31c-1cbd0c7a65e1,Head On Left Turn,N,Intersection,Right Turn Lane,Daylight,No Defects,"Two-way, Divided, Unprotected (painted >4 feet) Median",Dry,Clear,Eleven o'clock,Passenger Car,Functional,N,Making Left Turn,2015-02-05 15:18,43,39.30087827,-76.61755666
754,N,Apparently Normal,No Misuse,N,No Injury,84af27fe-738b-435b-87eb-5a1c3ebb8959,D,ADJ1010002,Shoulder/Lap Belt(s),M,e5ddf736-4189-42af-8455-d2ad46616403,Head On Left Turn,N,Intersection,Right Turn Lane,Daylight,No Defects,"Two-way, Divided, Unprotected (painted >4 feet) Median",Dry,Clear,Ten o'clock,Passenger Car,Superficial,N,Starting From Lane,2015-02-05 15:18,40,39.30087827,-76.61755666
755,N,Apparently Normal,No Misuse,N,No Injury,ce7a6cc2-9ec8-4dc8-81b2-5e7fb4b10f0f,D,ADJ1140001,Shoulder/Lap Belt(s),F,b4085f17-3fb4-473e-a592-1848926e21ce,Same Movement Angle,N,Intersection,Left Turn Lane,Daylight,No Defects,One-way Trafficway,Dry,Clear,Twelve o'clock,Passenger Car,Destroyed,N,Moving Constant Speed,2015-01-10 16:00,32,39.30506458,-76.60177588
756,N,Apparently Normal,No Misuse,N,No Injury,6035db44-d3bb-4824-be6c-9fd260c214f1,D,ADJ1140001,Shoulder/Lap Belt(s),M,9c4106e4-bf6e-496d-976b-b9034fcbd1c4,Same Movement Angle,N,Intersection,Left Turn Lane,Daylight,No Defects,One-way Trafficway,Dry,Clear,Eleven o'clock,(Sport) Utility Vehicle,Destroyed,N,Moving Constant Speed,2015-01-10 16:00,55,39.30506458,-76.60177588
757,N,Apparently Normal,No Misuse,N,No Injury,2a295081-06d5-4144-b737-16bac4b2c36d,D,ADJ1160003,Shoulder/Lap Belt(s),F,0e858643-6fc8-4b2c-9314-7ee6da166a44,Same Direction Rear End,N,Non Intersection,Right Turn Lane,Daylight,No Defects,"Two-way, Divided, Positive Median Barrier",Dry,Cloudy,Twelve o'clock,Passenger Car,Superficial,N,Slowing or Stopping,2015-01-14 14:55,25,39.31389715,-76.67754292
758,N,Apparently Normal,No Misuse,N,Non-incapacitating Injury,ee7c2253-1df9-4d7b-8f51-963fc6002e17,D,ADJ1160004,Shoulder/Lap Belt(s),F,0ed41b35-fc88-40a0-9880-ffb390f71871,Same Movement Angle,N,Intersection,Left Turn Lane,Daylight,No Defects,"Two-way, Divided, Positive Median Barrier",Dry,Cloudy,Twelve o'clock,Passenger Car,Disabling,N,Moving Constant Speed,2015-01-29 15:55,60,39.31444499,-76.67122364
759,N,Apparently Normal,No Misuse,N,No Injury,9535689c-c2e7-4633-a72b-3a092a2bb242,D,ADJ1330001,Shoulder/Lap Belt(s),F,9cd66425-b219-433a-af27-6c9c31bdc28f,Same Direction Rear End,N,Non Intersection,Right Turn Lane,Dusk,No Defects,"Two-way, Divided, Positive Median Barrier",Dry,Clear,Six o'clock,(Sport) Utility Vehicle,Functional,N,Stopped in Traffic Lane,2015-03-08 19:20,41,39.28049108,-76.58012778
760,N,Apparently Normal,No Misuse,N,No Injury,b488f47b-77ef-48a7-b86b-654f38886b62,D,ADJ1330001,Shoulder/Lap Belt(s),F,f56a32ec-5719-4c75-8157-d22591425aa8,Same Direction Rear End,N,Non Intersection,Right Turn Lane,Dusk,No Defects,"Two-way, Divided, Positive Median Barrier",Dry,Clear,Six o'clock,Passenger Car,No Damage,N,Stopped in Traffic Lane,2015-03-08 19:20,27,39.28049108,-76.58012778
761,N,Apparently Normal,No Misuse,Y,No Injury,d575b228-55ef-411c-94c9-73ddcc2686e9,D,ADJ1330001,Shoulder/Lap Belt(s),M,4dcf245b-6be9-48fe-9af3-351c60ae9bc7,Same Direction Rear End,N,Non Intersection,Right Turn Lane,Dusk,No Defects,"Two-way, Divided, Positive Median Barrier",Dry,Clear,Twelve o'clock,Passenger Car,Disabling,N,Slowing or Stopping,2015-03-08 19:20,31,39.28049108,-76.58012778
762,N,Apparently Normal,No Misuse,Y,No Injury,4328977a-f9a5-457d-a1f5-90411b91a917,D,ADJ1340005,Shoulder/Lap Belt(s),F,6bf3fdaa-25da-42fc-a7fc-4dcc420ba6f0,Same Direction Sideswipe,N,Non Intersection,Left Turn Lane,Dark Lights On,No Defects,One-way Trafficway,Snow,Blowing Snow,One o'clock,Passenger Car,Functional,N,Changing Lanes,2015-02-14 19:45,22,39.26650869,-76.66753292
763,N,Apparently Normal,No Misuse,N,No Injury,2e79c9fa-6cf9-463e-899e-d907df575266,D,ADJ1340005,Shoulder/Lap Belt(s),M,2d729281-383b-4212-ade3-cedd89db6c7e,Same Direction Sideswipe,N,Non Intersection,Left Turn Lane,Dark Lights On,No Defects,One-way Trafficway,Snow,Blowing Snow,Twelve o'clock,Ambulance/Non Emergency,Superficial,N,Moving Constant Speed,2015-02-14 19:45,27,39.26650869,-76.66753292
764,N,Apparently Normal,No Misuse,N,No Injury,f42004eb-8ef6-4da9-ac1c-c31a75f7cb51,D,ADJ1340005,Shoulder/Lap Belt(s),M,2b2add7a-d424-44f1-b73f-2e59d289b524,Same Direction Sideswipe,N,Non Intersection,Left Turn Lane,Dark Lights On,No Defects,One-way Trafficway,Snow,Blowing Snow,Twelve o'clock,Passenger Car,Disabling,N,Moving Constant Speed,2015-02-14 19:45,26,39.26650869,-76.66753292
765,N,Apparently Normal,No Misuse,N,No Injury,0f63242f-25ce-497e-a06f-a0bacea976d5,D,ADJ1340008,Shoulder/Lap Belt(s),F,b1d38bc6-337b-4d1a-921b-2ae673414f4a,Same Direction Rear End,N,Non Intersection,Right Turn Lane,Dark Lights On,No Defects,"Two-way, Divided, Unprotected (painted >4 feet) Median",Dry,Clear,One o'clock,Passenger Car,Disabling,N,Moving Constant Speed,2015-03-07 23:34,23,39.28364265,-76.67215705
766,N,Apparently Normal,No Misuse,N,No Injury,eb455270-c420-444e-9747-57ec221d3772,D,ADJ134000B,Shoulder/Lap Belt(s),M,3e514219-c431-47a0-90b2-d495b67810b8,Opposite Direction Sideswipe,Y,Non Intersection,Right Turn Lane,Daylight,No Defects,"Two-way, Divided, Positive Median Barrier",Dry,Clear,Nine o'clock,School Bus,Superficial,N,Moving Constant Speed,2015-03-25 08:30,77,39.29380643,-76.6862601
767,N,Apparently Normal,No Misuse,N,No Injury,e754f1e6-f462-497c-8134-7948cfbd1995,D,ADJ1620001,Shoulder/Lap Belt(s),M,0c57685f-82a1-4888-bcdb-c156235b0cfc,Same Direction Right Turn,N,Non Intersection,Left Turn Lane,Dark Lights On,No Defects,One-way Trafficway,Snow,Sleet,Eleven o'clock,Station Wagon,Functional,N,Slowing or Stopping,2015-01-29 16:56,44,39.32214761,-76.61212921
768,N,Apparently Normal,No Misuse,N,No Injury,bac8618c-53e3-4562-a50a-7ee01372c7f6,D,ADJ1680001,Shoulder/Lap Belt(s),F,a57411b8-a503-4ca2-a467-593ec4a8456d,Same Movement Angle,N,Intersection,Right Turn Lane,Daylight,No Defects,"Two-way, Divided, Positive Median Barrier",Dry,Clear,Eleven o'clock,Van,Disabling,N,Moving Constant Speed,2015-03-03 07:15,36,39.32300248,-76.54278874
769,N,Apparently Normal,No Misuse,Y,No Injury,c6b29ce4-b501-4f3b-a65f-659afaf3fc91,D,ADJ1680001,Shoulder/Lap Belt(s),F,65946ecf-749d-45bf-ac4f-e070c2d2f1b9,Same Movement Angle,N,Intersection,Right Turn Lane,Daylight,No Defects,"Two-way, Divided, Positive Median Barrier",Dry,Clear,One o'clock,Van,Superficial,N,Making Left Turn,2015-03-03 07:15,40,39.32300248,-76.54278874
770,N,Apparently Normal,No Misuse,N,No Injury,a9463e1d-9efa-4ee6-89b3-a1322ec8dc8a,D,ADJ1740001,Shoulder/Lap Belt(s),F,85eeee91-03f9-4448-8d8f-3bd57612f367,Single Vehicle ,N,Non Intersection,Left Turn Lane,Daylight,No Defects,"Two-way, Divided, Unprotected (painted >4 feet) Median",Dry,Clear,Twelve o'clock,Recreational Vehicle,No Damage,N,Moving Constant Speed,2015-01-28 07:30,55,39.3380188,-76.55192435
771,N,Apparently Normal,No Misuse,N,No Injury,29f58c3a-519b-47ba-a5ee-c9bfc08c257b,D,ADJ1760006,Shoulder/Lap Belt(s),F,6ae3640a-ae1a-44dd-9098-1e5c6bb6d30c,Same Direction Rear End,N,Intersection Related,Right Turn Lane,Daylight,No Defects,"Two-way, Divided, Unprotected (painted >4 feet) Median",Ice,Blowing Snow,Six o'clock,Passenger Car,Superficial,N,Slowing or Stopping,2015-02-15 10:00,37,39.27228139,-76.61163568
772,N,Apparently Normal,No Misuse,N,No Injury,6d2436e7-d7d0-43ce-90f0-47ebd1517887,D,ADJ1790002,Shoulder/Lap Belt(s),F,ceeff4a6-65b1-4ad0-8b36-4282a180d7dc,Same Direction Sideswipe,N,Non Intersection,Left Turn Lane,Daylight,No Defects,"Two-way, Divided, Positive Median Barrier",Dry,Clear,One o'clock,Passenger Car,Superficial,N,Moving Constant Speed,2015-01-08 10:30,68,39.36159362,-76.64571047
773,N,Apparently Normal,No Misuse,Y,No Injury,f52f7f06-2e74-4a29-8f11-54ae7ad0358d,D,ADJ1790002,Shoulder/Lap Belt(s),M,8db3f60e-6ad6-4727-9e5f-3252b4e9acd9,Same Direction Sideswipe,N,Non Intersection,Left Turn Lane,Daylight,No Defects,"Two-way, Divided, Positive Median Barrier",Dry,Clear,Seven o'clock,(Sport) Utility Vehicle,No Damage,N,Changing Lanes,2015-01-08 10:30,69,39.36159362,-76.64571047
774,N,Apparently Normal,No Misuse,N,No Injury,4b243e04-37c5-460b-8d8b-3ed83e2354ec,D,ADJ1790004,Shoulder/Lap Belt(s),F,47da213a-0ccd-4aae-b37b-367c4041487c,Same Direction Rear End,N,Intersection Related,Right Turn Lane,Daylight,Loose Surface Material,"Two-way, Divided, Positive Median Barrier",Dry,Clear,Six o'clock,Passenger Car,Superficial,N,Stopped in Traffic Lane,2015-01-27 15:50,33,39.3571639,-76.65484071
775,N,Apparently Normal,No Misuse,Y,No Injury,2ffffdda-e398-4867-bac6-fe688dce42f0,D,ADJ1790004,Shoulder/Lap Belt(s),M,af579396-8c07-421b-a987-2eb15ed6119f,Same Direction Rear End,N,Intersection Related,Right Turn Lane,Daylight,Loose Surface Material,"Two-way, Divided, Positive Median Barrier",Dry,Clear,Twelve o'clock,Passenger Car,No Damage,N,Skidding,2015-01-27 15:50,23,39.3571639,-76.65484071
776,N,Apparently Normal,No Misuse,N,No Injury,f0f59adc-6eff-4187-a31c-f30d3f1d62cd,D,ADJ1790005,Shoulder/Lap Belt(s),F,9de1d9aa-b421-455a-938a-535b6667074d,Same Direction Rear End,N,Intersection Related,Left Turn Lane,Dark Lights On,No Defects,"Two-way, Divided, Positive Median Barrier",Dry,Clear,Six o'clock,(Sport) Utility Vehicle,Superficial,N,Stopped in Traffic Lane,2015-01-31 18:30,56,39.36146297,-76.64604843