KEY_INDEX,CDL_FLAG,CONDITION_CODE,EQUIP_PROB_CODE,FAULT_FLAG,INJ_SEVER_CODE,PERSON_ID,PERSON_TYPE,REPORT_NO,SAF_EQUIP_CODE,SEX_CODE,VEHICLE_ID,COLLISION_TYPE_CODE,C_M_ZONE_FLAG,JUNCTION_CODE,LANE_CODE,LIGHT_CODE,RD_COND_CODE,RD_DIV_CODE,SURF_COND_CODE,WEATHER_CODE,AREA_DAMAGED_CODE_MAIN,BODY_TYPE_CODE,DAMAGE_CODE,HIT_AND_RUN_FLAG,MOVEMENT_CODE,TIME,AGE,LATITUDE,LONGITUDE
897,N,Apparently Normal,No Misuse,N,No Injury,8aa42f7d-79a3-4cf8-9096-df82192a22ef,D,ADJ390000L,Shoulder/Lap Belt(s),F,bbad54b8-6da4-4f7c-8bab-ce44f2e7e11f,Same Direction Rear End,N,Non Intersection,Left Turn Lane,Daylight,No Defects,"Two-way, Divided, Positive Median Barrier",Dry,Clear,Six o'clock,Passenger Car,Superficial,N,Slowing or Stopping,2015-03-21 09:00,31,39.29455371,-76.67235017
898,N,Apparently Normal,No Misuse,N,No Injury,f773a82f-80f5-4998-a6f6-6c07181489c6,D,ADJ3930004,Shoulder/Lap Belt(s),F,fe639541-34b6-439f-a44d-3a6fd5f2ac24,Same Direction Rear End,N,Non Intersection,Right Turn Lane,Dark Lights On,No Defects,"Two-way, Not Divided",Dry,Clear,Six o'clock,Passenger Car,Functional,N,Slowing or Stopping,2015-02-27 18:18,27,39.29289308,-76.65625691
899,N,Apparently Normal,No Misuse,Y,No Injury,5eb909a8-593f-43ba-9218-03b4ab9c4532,D,ADJ3940004,Shoulder/Lap Belt(s),F,78c0a186-eca8-4173-b9bd-38a42fdfc678,Single Vehicle ,N,Non Intersection,Left Turn Lane,Daylight,No Defects,"Two-way, Divided, Positive Median Barrier",Wet,Raining,Twelve o'clock,(Sport) Utility Vehicle,Disabling,N,Moving Constant Speed,2015-03-26 12:11,23,39.31648693,-76.63785696
900,N,Had Been Drinking,No Misuse,Y,No Injury,ad17e3af-b44a-4a97-8d2c-73f9a1b7a207,D,ADJ4140005,Shoulder/Lap Belt(s),M,c0097145-3743-4461-84a2-a1ad12b99baa,Same Direction Rear End,N,Intersection Related,Right Turn Lane,Dark Lights On,No Defects,"Two-way, Divided, Unprotected (painted >4 feet) Median",Wet,Clear,Twelve o'clock,Pickup Truck,Functional,N,Slowing or Stopping,2015-03-07 19:00,56,39.31346966,-76.56808197
901,N,Apparently Normal,No Misuse,N,No Injury,d1eaf18e-b3bb-400b-a47a-a8429d07ec41,D,ADJ4240002,Shoulder/Lap Belt(s),F,e90494f4-c2b9-4700-92fd-5d28593b38e1,Same Direction Rear End,N,Non Intersection,Left Turn Lane,Daylight,No Defects,"Two-way, Divided, Positive Median Barrier",Snow,Snow,Four o'clock,(Sport) Utility Vehicle,Superficial,N,Moving Constant Speed,2015-01-06 07:30,46,39.29161437,-76.60324574
902,N,Apparently Normal,No Misuse,Y,No Injury,e068c21c-53bf-42f6-bb8c-c84e0faa3190,D,ADJ4240002,Shoulder/Lap Belt(s),F,66597fe5-880d-4591-ae17-69a0eaf1a162,Same Direction Rear End,N,Non Intersection,Left Turn Lane,Daylight,No Defects,"Two-way, Divided, Positive Median Barrier",Snow,Snow,Six o'clock,Passenger Car,Superficial,N,Skidding,2015-01-06 07:30,56,39.29161437,-76.60324574
903,N,Apparently Normal,No Misuse,N,No Injury,a123a931-2caf-40e9-8c62-334bbfaf08d0,D,ADJ4240002,Shoulder/Lap Belt(s),M,e61b99f7-eba9-4e18-bf39-56bf84067049,Same Direction Rear End,N,Non Intersection,Left Turn Lane,Daylight,No Defects,"Two-way, Divided, Positive Median Barrier",Snow,Snow,Twelve o'clock,Passenger Car,Disabling,N,Moving Constant Speed,2015-01-06 07:30,25,39.29161437,-76.60324574
904,N,Apparently Normal,No Misuse,Y,No Injury,f05a4b54-51ba-453c-8753-1fbfa672255b,D,ADJ4240003,Shoulder/Lap Belt(s),F,cc9414d2-8f18-499b-ab62-05d4d77a7392,Same Direction Right Turn,N,Non Intersection,Right Turn Lane,Daylight,No Defects,"Two-way, Not Divided",Dry,Clear,Ten o'clock,Passenger Car,Functional,N,Passing,2015-01-09 09:45,28,39.28870812,-76.59554243
905,N,Apparently Normal,No Misuse,N,No Injury,2855d50d-c854-41e7-89f2-1186c6407f4d,D,ADJ4240003,Shoulder/Lap Belt(s),M,08b6eebb-2e07-426a-ac78-2945c3f575c8,Same Direction Right Turn,N,Non Intersection,Right Turn Lane,Daylight,No Defects,"Two-way, Not Divided",Dry,Clear,One o'clock,"Other Light Trucks (10,000 lbs (4,536 kg))",No Damage,N,Making Right Turn,2015-01-09 09:45,27,39.28870812,-76.59554243
906,N,Apparently Normal,No Misuse,Y,No Injury,6b19dc94-4f15-4aa2-a86b-67e945986767,D,ADJ4240004,Shoulder/Lap Belt(s),F,a9a65200-8492-4119-9b5e-9b1459258bee,Same Movement Angle,N,Intersection,Right Turn Lane,Daylight,No Defects,"Two-way, Not Divided",Dry,Clear,Eleven o'clock,Passenger Car,Functional,N,Accelerating,2015-01-10 10:20,46,39.2895551,-76.58612251
907,N,Apparently Normal,No Misuse,N,No Injury,a38d69dd-8c0c-473c-9f08-fe78035910ef,D,ADJ4240004,Shoulder/Lap Belt(s),M,54b55197-abe4-45c3-b292-650ab91b53c9,Same Movement Angle,N,Intersection,Right Turn Lane,Daylight,No Defects,"Two-way, Not Divided",Dry,Clear,Twelve o'clock,Passenger Car,Functional,N,Moving Constant Speed,2015-01-10 10:20,30,39.2895551,-76.58612251
908,N,Apparently Normal,No Misuse,N,No Injury,224c6b47-3669-4435-a548-90d927c91bea,D,ADJ4240005,Shoulder/Lap Belt(s),F,d3f494f7-2d63-4202-aee0-6c3d2be3f725,Same Movement Angle,N,Intersection,Right Turn Lane,Daylight,No Defects,"Two-way, Not Divided",Dry,Clear,One o'clock,Passenger Car,Disabling,N,Moving Constant Speed,2015-01-10 13:50,47,39.29164758,-76.59049988
909,N,Apparently Normal,No Misuse,Y,No Injury,0003fe63-f059-44ad-bb8d-d051a51869f1,D,ADJ4240005,Shoulder/Lap Belt(s),M,63f7dff1-cb12-425b-aaef-8c3a9361d492,Same Movement Angle,N,Intersection,Right Turn Lane,Daylight,No Defects,"Two-way, Not Divided",Dry,Clear,Twelve o'clock,Passenger Car,Disabling,N,Moving Constant Speed,2015-01-10 13:50,21,39.29164758,-76.59049988
910,N,Apparently Normal,No Misuse,Y,No Injury,8fa13fe9-4c95-4a4a-89cd-c9ea665a1df7,D,ADJ424000C,Shoulder/Lap Belt(s),F,0d4cffce-49e4-4a7a-8322-94ef4ff6b4e9,Same Direction Rear End,N,Intersection,Right Turn Lane,Daylight,No Defects,"Two-way, Not Divided",Ice,Clear,Twelve o'clock,Passenger Car,Superficial,N,Skidding,2015-02-10 09:00,36,39.29106634,-76.57322645
911,N,Apparently Normal,No Misuse,N,No Injury,99be6caa-2a87-4157-ba16-2b360f2c617d,D,ADJ424000C,Shoulder/Lap Belt(s),M,02ff72c5-26ff-4a35-b216-5a8e69a04343,Same Direction Rear End,N,Intersection,Right Turn Lane,Daylight,No Defects,"Two-way, Not Divided",Ice,Clear,Six o'clock,Passenger Car,Superficial,N,Slowing or Stopping,2015-02-10 09:00,52,39.29106634,-76.57322645
912,N,Apparently Normal,No Misuse,Y,No Injury,22894f05-2e32-4de9-9ef3-4f1d01ff829c,D,ADJ4320001,Shoulder/Lap Belt(s),F,7b8fbc7b-a1f8-4a97-8e6e-9940ba3b78c8,Same Direction Right Turn,N,Non Intersection,Right Turn Lane,Daylight,No Defects,"Two-way, Divided, Unprotected (painted >4 feet) Median",Dry,Clear,Eleven o'clock,(Sport) Utility Vehicle,Disabling,N,Moving Constant Speed,2015-01-14 13:15,50,39.3482725,-76.67453751
913,N,Apparently Normal,No Misuse,N,No Injury,273d30b3-4057-4100-bd14-a59eed27fcf0,D,ADJ4320001,Shoulder/Lap Belt(s),M,fa3b62c6-1712-4a91-9445-fbc309ccbc1f,Same Direction Right Turn,N,Non Intersection,Right Turn Lane,Daylight,No Defects,"Two-way, Divided, Unprotected (painted >4 feet) Median",Dry,Clear,One o'clock,Pickup Truck,Disabling,N,Moving Constant Speed,2015-01-14 13:15,73,39.3482725,-76.67453751
914,N,Apparently Normal,No Misuse,Y,No Injury,2decdfdc-0cf6-4f2f-b02d-48670c6e648e,D,ADJ4430001,Shoulder/Lap Belt(s),F,9c681e85-26c0-4f32-89bf-671d3a4ce40b,Same Movement Angle,N,Intersection,Right Turn Lane,Daylight,No Defects,"Two-way, Not Divided",Dry,Cloudy,Twelve o'clock,Passenger Car,Functional,N,Moving Constant Speed,2015-01-01 15:15,30,39.28749369,-76.57078832
915,N,Apparently Normal,No Misuse,N,No Injury,1881baca-69d6-49be-94a5-893f15692564,D,ADJ4430001,Shoulder/Lap Belt(s),M,5e69cabd-9270-46b1-8f26-e26ad33f906c,Same Movement Angle,N,Intersection,Right Turn Lane,Daylight,No Defects,"Two-way, Not Divided",Dry,Cloudy,Nine o'clock,Passenger Car,Functional,N,Moving Constant Speed,2015-01-01 15:15,28,39.28749369,-76.57078832
916,N,Apparently Normal,No Misuse,N,No Injury,56079f3d-1625-469d-8b01-b6082679f725,D,ADJ4430003,Shoulder/Lap Belt(s),F,30f33afb-57d5-4aa3-9dd6-1ffed6eca2b3,Same Movement Angle,N,Intersection,Right Turn Lane,Daylight,No Defects,"Two-way, Not Divided",Dry,Cloudy,Twelve o'clock,Passenger Car,Functional,N,Moving Constant Speed,2015-01-16 14:11,44,39.29562168,-76.58208713
917,N,Apparently Normal,No Misuse,Y,No Injury,ae2708dc-fc42-41ce-a6f1-b38b4cfb5185,D,ADJ4430003,Shoulder/Lap Belt(s),F,ec2a9779-4d60-4d2e-8486-379c4efdf3e5,Same Movement Angle,N,Intersection,Right Turn Lane,Daylight,No Defects,"Two-way, Not Divided",Dry,Cloudy,Three o'clock,Passenger Car,Disabling,N,Making Left Turn,2015-01-16 14:11,28,39.29562168,-76.58208713
918,N,Apparently Normal,No Misuse,Y,No Injury,1b22f79b-5756-4c88-b097-7c5e96573c6c,D,ADJ4430004,Shoulder/Lap Belt(s),F,a3f72409-4fab-4cda-b591-bfa619b6e8be,Single Vehicle ,N,Intersection,Right Turn Lane,Daylight,No Defects,"Two-way, Not Divided",Dry,Cloudy,Twelve o'clock,Passenger Car,Disabling,N,Making Left Turn,2015-01-25 12:52,42,39.28651797,-76.56897381
919,N,Apparently Normal,No Misuse,N,No Injury,422a6be2-f151-43b2-a08c-2744e1470403,D,ADJ4430005,Shoulder/Lap Belt(s),F,c66f1fe0-ae4d-49e3-be5e-aad5ea2641d2,Same Direction Right Turn,N,Non Intersection,Right Turn Lane,Daylight,No Defects,"Two-way, Not Divided",Dry,Cloudy,Eleven o'clock,Passenger Car,Superficial,N,Slowing or Stopping,2015-01-31 10:20,24,39.28867906,-76.56636536
920,N,Apparently Normal,No Misuse,Y,No Injury,77d67e76-ab5b-4ade-b6d9-93c5927463dc,D,ADJ4430005,Shoulder/Lap Belt(s),M,d21b15b4-6f18-4100-94e9-0984e9c1af7b,Same Direction Right Turn,N,Non Intersection,Right Turn Lane,Daylight,No Defects,"Two-way, Not Divided",Dry,Cloudy,One o'clock,Passenger Car,Functional,Y,Passing,2015-01-31 10:20,24,39.28867906,-76.56636536
921,N,Apparently Normal,No Misuse,Y,No Injury,173d1d0f-ae84-4a90-9620-82be5890532b,D,ADJ4460002,Shoulder/Lap Belt(s),F,d8a39190-07d0-4951-bc26-9c8299b62c5c,Same Direction Rear End,N,Non Intersection,Left Turn Lane,Daylight,No Defects,"Two-way, Not Divided",Dry,Clear,Twelve o'clock,Pickup Truck,Functional,N,Slowing or Stopping,2015-02-24 09:28,26,39.29423819,-76.5867126
922,N,Apparently Normal,No Misuse,N,No Injury,e2a69c15-7347-4686-9bed-9a7a3a7055ff,D,ADJ4460002,Shoulder/Lap Belt(s),M,767f40f2-ddac-4eb0-812c-f80299acf8a6,Same Direction Rear End,N,Non Intersection,Left Turn Lane,Daylight,No Defects,"Two-way, Not Divided",Dry,Clear,Six o'clock,(Sport) Utility Vehicle,Superficial,N,Slowing or Stopping,2015-02-24 09:28,44,39.29423819,-76.5867126
923,N,Apparently Normal,No Misuse,N,No Injury,4c858944-eb51-4f1d-a260-a02c4c37436c,D,ADJ4480002,Shoulder/Lap Belt(s),F,9ae27218-dc76-4778-b831-c44be93d2cae,Same Movement Angle,N,Intersection,Right Turn Lane,Daylight,No Defects,One-way Trafficway,Dry,Clear,One o'clock,Passenger Car,Functional,N,Moving Constant Speed,2015-02-24 15:10,26,39.31256901,-76.63777113
924,N,Had Been Drinking,No Misuse,Y,No Injury,1177472f-66b2-44bc-9309-ec0bba41a12e,D,ADJ4480002,Shoulder/Lap Belt(s),M,361064c5-40c3-44d0-a058-3ae148674d5c,Same Movement Angle,N,Intersection,Right Turn Lane,Daylight,No Defects,One-way Trafficway,Dry,Clear,One o'clock,Passenger Car,Disabling,Y,Moving Constant Speed,2015-02-24 15:10,45,39.31256901,-76.63777113
925,N,Apparently Normal,No Misuse,N,No Injury,de86feaf-1302-4cb6-bcea-f4b30c55f633,D,ADJ4490004,Shoulder/Lap Belt(s),F,14916820-feec-4889-91a4-b3ddd23793bc,Same Direction Rear End,N,Intersection Related,Left Turn Lane,Daylight,No Defects,"Two-way, Divided, Positive Median Barrier",Dry,Clear,Six o'clock,Van,Superficial,N,Slowing or Stopping,2015-02-27 14:14,31,39.29370679,-76.68219924
926,N,Apparently Normal,No Misuse,N,No Injury,85a5c74b-1e87-4b49-a0e1-76c0ac7b8a43,D,ADJ4490008,Shoulder/Lap Belt(s),F,cde4a11c-f93c-4cf6-a3ac-61242cac4152,Same Direction Sideswipe,N,Intersection,Left Turn Lane,Daylight,No Defects,"Two-way, Divided, Positive Median Barrier",Snow,Snow,Seven o'clock,Passenger Car,Functional,N,Moving Constant Speed,2015-03-05 14:30,56,39.29331655,-76.65626764
927,N,Apparently Normal,No Misuse,Y,No Injury,3fcfd13d-71ab-4d49-9631-f339dc6f51fa,D,ADJ4500005,Shoulder/Lap Belt(s),F,8832610e-b22b-4090-aed1-64b4fc18cebf,Same Movement Angle,N,Intersection,Right Turn Lane,Dark Lights On,No Defects,One-way Trafficway,Dry,Clear,Nine o'clock,Passenger Car,Disabling,N,Moving Constant Speed,2015-03-21 20:50,34,39.29292214,-76.64718032
928,N,Apparently Normal,No Misuse,N,Possible Incapacitating Injury,82a6926f-cacc-47e2-940d-9261ea3abe91,D,ADJ4500005,Shoulder/Lap Belt(s),F,aad746ba-7639-4ea2-a359-bce18db9e436,Same Movement Angle,N,Intersection,Right Turn Lane,Dark Lights On,No Defects,One-way Trafficway,Dry,Clear,Twelve o'clock,Passenger Car,Disabling,N,Accelerating,2015-03-21 20:50,25,39.29292214,-76.64718032
929,N,Apparently Normal,No Misuse,N,No Injury,5f7c80d3-ec8d-4149-9f4d-8b53af292e1b,D,ADJ4550003,Shoulder/Lap Belt(s),F,59460bd4-537c-4f91-bafc-20b810040904,Same Direction Right Turn,N,Interchange Related,Right Turn Lane,Daylight,No Defects,One-way Trafficway,Dry,Clear,Nine o'clock,Van,Functional,N,Moving Constant Speed,2015-02-05 17:30,32,39.25870857,-76.6645503
930,N,Apparently Normal,No Misuse,N,No Injury,05f1dfdf-88ba-48de-b4ff-b39ab99d211f,D,ADJ4550009,Shoulder/Lap Belt(s),M,43b8791a-acd5-45e2-b014-689e94cb5de7,Same Direction Sideswipe,N,Non Intersection,Right Turn Lane,Daylight,No Defects,One-way Trafficway,Wet,Clear,Nine o'clock,Van,Superficial,N,Parked  ,2015-02-25 11:23,68,39.29533419,-76.6772747
931,N,Apparently Normal,No Misuse,N,No Injury,2d075d1d-5e47-48f5-b0b9-ae661938f4c7,D,ADJ4570001,Shoulder Belt Only,F,897e8a32-541e-4714-823e-86222e24bda4,Same Direction Rear End Left Turn,N,Non Intersection,Left Turn Lane,Daylight,No Defects,"Two-way, Divided, Positive Median Barrier",Wet,Raining,Six o'clock,Low Speed Vehicle,Superficial,N,Moving Constant Speed,2015-01-04 11:13,46,39.28753105,-76.54526979
932,N,Apparently Normal,No Misuse,N,No Injury,f06bf49e-18d9-46b7-a8d7-041f44ec6d14,D,ADJ4650003,Shoulder/Lap Belt(s),F,bc95e3a6-5ab7-4fd4-bbe8-3acf71f89502,Same Direction Rear End Right Turn,N,Intersection,Left Turn Lane,Daylight,No Defects,"Two-way, Not Divided",Dry,Clear,Two o'clock,Passenger Car,Superficial,N,Moving Constant Speed,2015-01-05 13:40,41,39.31083618,-76.62341326
933,N,Apparently Normal,No Misuse,N,No Injury,fb7973b6-c09f-48d1-a218-a368ef2d44d8,D,ADJ4650003,Shoulder/Lap Belt(s),M,2afa5160-38ee-4689-a586-64b90014ee82,Same Direction Rear End Right Turn,N,Intersection,Left Turn Lane,Daylight,No Defects,"Two-way, Not Divided",Dry,Clear,Six o'clock,(Sport) Utility Vehicle,Disabling,N,Slowing or Stopping,2015-01-05 13:40,50,39.31083618,-76.62341326
934,N,Apparently Normal,No Misuse,N,No Injury,f534c7e9-dfc3-4c68-9d7e-0219a809b969,D,ADJ4660001,Shoulder/Lap Belt(s),F,af921cc1-6103-48ec-8bcb-96111e7271c6,Same Movement Angle,N,Intersection,Right Turn Lane,Daylight,No Defects,"Two-way, Not Divided",Dry,Clear,Twelve o'clock,Passenger Car,Superficial,N,Stopped in Traffic Lane,2015-02-18 12:33,37,39.316676,-76.650441
935,N,Apparently Normal,No Misuse,N,No Injury,365beb7c-c189-4433-85f8-78f81654424d,D,ADJ4660001,Shoulder/Lap Belt(s),M,d97f8388-b879-40cd-b878-a832f7c826f7,Same Movement Angle,N,Intersection,Right Turn Lane,Daylight,No Defects,"Two-way, Not Divided",Dry,Clear,One o'clock,"Cargo Van/Light Truck 2 axles (10,000 lbs (4,536 kg) or less)",Superficial,N,Stopped in Traffic Lane,2015-02-18 12:33,40,39.316676,-76.650441
936,N,Apparently Normal,No Misuse,Y,No Injury,e3867667-0689-4045-b299-23a1d57c78aa,D,ADJ4660001,Shoulder/Lap Belt(s),M,15c0437d-8ae9-46d2-82d9-b998259a85d5,Same Movement Angle,N,Intersection,Right Turn Lane,Daylight,No Defects,"Two-way, Not Divided",Dry,Clear,Two o'clock,Passenger Car,Disabling,N,Making Left Turn,2015-02-18 12:33,25,39.316676,-76.650441
937,N,Apparently Normal,No Misuse,N,No Injury,acabfb11-0d2d-489b-9fb7-18332b1b9a87,D,ADJ4740001,Shoulder/Lap Belt(s),F,7679ff23-91ff-490e-a57a-792f563c0ca9,Same Direction Right Turn,N,Intersection Related,Deceleration Lane,Dark Lights On,No Defects,One-way Trafficway,Wet,Raining,Eleven o'clock,(Sport) Utility Vehicle,Superficial,N,Starting From Lane,2015-01-03 22:30,52,39.28781287,-76.61212452
938,N,Apparently Normal,No Misuse,N,No Injury,418a4d18-5cb8-46b6-b3c7-654bb4225617,D,ADJ474000C,Shoulder/Lap Belt(s),F,d6a2a62d-2de5-49ca-a106-546db62ed4f8,Same Movement Angle,N,Intersection,Right Turn Lane,Daylight,No Defects,"Two-way, Divided, Unprotected (painted >4 feet) Median",Dry,Clear,Twelve o'clock,(Sport) Utility Vehicle,Disabling,N,Moving Constant Speed,2015-03-17 11:52,31,39.27736429,-76.55612469
939,N,Apparently Normal,No Misuse,N,No Injury,2f8e97fa-d06c-4dc9-8478-865487f5337e,D,ADJ475000H,Shoulder/Lap Belt(s),F,d8485d61-d0c4-4a38-a575-63f8571aee32,Same Movement Angle,N,Intersection,Right Turn Lane,Daylight,No Defects,"Two-way, Not Divided",Dry,Clear,Eleven o'clock,Passenger Car,Disabling,N,Making Left Turn,2015-03-31 12:00,63,39.35194991,-76.60977691
940,N,Apparently Normal,No Misuse,Y,No Injury,a4976649-8b45-418f-9dd9-48935825a654,D,ADJ475000H,Shoulder/Lap Belt(s),F,9ae7f226-afaa-4f81-8a5d-3226d4262e5b,Same Movement Angle,N,Intersection,Right Turn Lane,Daylight,No Defects,"Two-way, Not Divided",Dry,Clear,Twelve o'clock,Passenger Car,Superficial,N,Slowing or Stopping,2015-03-31 12:00,31,39.35194991,-76.60977691
941,N,Apparently Normal,No Misuse,Y,No Injury,360d8a5d-4e06-4dfc-9844-c21f8a8f13a0,D,ADJ4790002,Shoulder/Lap Belt(s),F,67c7a2d4-40c5-46f4-a50f-6948a3d6bdbe,Single Vehicle ,N,Non Intersection,Left Turn Lane,Dark Lights On,No Defects,"Two-way, Not Divided",Wet,Raining,Twelve o'clock,Passenger Car,Disabling,N,Accelerating,2015-01-11 23:47,25,39.34180702,-76.67966723
942,N,Apparently Normal,No Misuse,Y,No Injury,78c46409-3194-411a-bbf7-a39a7b67c8d3,D,ADJ4840003,Shoulder/Lap Belt(s),F,4d4794f5-b071-469c-ab2b-c564db1244b8,Same Movement Angle,N,Intersection Related,Right Turn Lane,Daylight,No Defects,"Two-way, Divided, Unprotected (painted >4 feet) Median",Dry,Clear,Twelve o'clock,Passenger Car,Functional,N,Accelerating,2015-01-30 15:10,25,39.28536993,-76.59828365
943,N,Apparently Normal,No Misuse,N,No Injury,5be5af64-4310-4a98-9e95-53d38614f606,D,ADJ4840003,Shoulder/Lap Belt(s),M,94ea6786-3374-485a-bae8-c93f3fd839df,Same Movement Angle,N,Intersection Related,Right Turn Lane,Daylight,No Defects,"Two-way, Divided, Unprotected (painted >4 feet) Median",Dry,Clear,One o'clock,Pickup Truck,Superficial,N,Moving Constant Speed,2015-01-30 15:10,43,39.28536993,-76.59828365
944,N,Apparently Normal,No Misuse,Y,No Injury,58ece5b5-6233-4e0f-97ef-df622a007fa6,D,ADJ4870006,Shoulder/Lap Belt(s),F,d889b430-6122-4805-8ef3-d4ac3f902288,Head On Left Turn,N,Intersection,Right Turn Lane,Dawn,No Defects,"Two-way, Divided, Unprotected (painted >4 feet) Median",Wet,Wintry Mix,Twelve o'clock,Passenger Car,Destroyed,N,Making Left Turn,2015-03-20 06:59,55,39.35116591,-76.534722
945,N,Apparently Normal,No Misuse,N,No Injury,991010a1-20dc-4bfd-af3a-4070c076d062,D,ADJ4870006,Shoulder/Lap Belt(s),M,34c59152-fd81-4bce-9e25-2e751e32c3f1,Head On Left Turn,N,Intersection,Right Turn Lane,Dawn,No Defects,"Two-way, Divided, Unprotected (painted >4 feet) Median",Wet,Wintry Mix,Ten o'clock,Passenger Car,Superficial,N,Moving Constant Speed,2015-03-20 06:59,47,39.35116591,-76.534722
946,N,Apparently Normal,No Misuse,N,Possible Incapacitating Injury,4fbe3b0c-71c0-414f-804f-fd7336579742,D,ADJ4870006,Shoulder/Lap Belt(s),M,9485efc5-a67a-47f0-a176-eedea34353d8,Head On Left Turn,N,Intersection,Right Turn Lane,Dawn,No Defects,"Two-way, Divided, Unprotected (painted >4 feet) Median",Wet,Wintry Mix,Twelve o'clock,Passenger Car,Destroyed,N,Moving Constant Speed,2015-03-20 06:59,39,39.35116591,-76.534722
947,Y,Apparently Normal,No Misuse,Y,No Injury,e74ab2b4-e969-48b4-85b7-43bc949b0b4e,D,ADJ4930003,Shoulder/Lap Belt(s),F,e7b427b1-d446-4c58-8bbf-20391ac3cf5b,Opposite Direction Sideswipe,N,Non Intersection,Right Turn Lane,Daylight,No Defects,"Two-way, Not Divided",Snow,Snow,One o'clock,"Medium/Heavy Truck 2 axles (10,000 lbs (4,536 kg) or less)",No Damage,N,Backing,2015-01-06 13:30,41,39.28266273,-76.69304073
948,N,Apparently Normal,No Misuse,Y,No Injury,31cf88ba-501b-464e-9fdb-7a826e62ae50,D,ADJ4930006,Shoulder/Lap Belt(s),F,5306fe68-7201-4697-b474-adb0d1605330,Single Vehicle ,N,Non Intersection,Right Turn Lane,Dark No Lights,No Defects,"Two-way, Not Divided",Ice,Clear,Twelve o'clock,Passenger Car,Disabling,N,Moving Constant Speed,2015-01-17 22:03,30,39.30146151,-76.69574976
949,N,Apparently Normal,No Misuse,Y,No Injury,cb86746e-41ce-4b0b-a385-3fd55f15bc85,D,ADJ4940009,Shoulder/Lap Belt(s),F,89eb5fb2-9337-48a3-9f23-890bbe1211de,Same Direction Rear End,N,Non Intersection,Right Turn Lane,Daylight,No Defects,"Two-way, Divided, Unprotected (painted >4 feet) Median",Dry,Clear,Twelve o'clock,Passenger Car,Functional,N,Moving Constant Speed,2015-02-14 14:40,37,39.24860617,-76.63989812
950,N,Apparently Normal,No Misuse,N,No Injury,18d15fa4-eb58-42e4-86d1-2353a943b14c,D,ADJ4940009,Shoulder/Lap Belt(s),M,87dba2bc-4ed4-4288-b10c-d22fb6939683,Same Direction Rear End,N,Non Intersection,Right Turn Lane,Daylight,No Defects,"Two-way, Divided, Unprotected (painted >4 feet) Median",Dry,Clear,Six o'clock,Passenger Car,Functional,N,Stopped in Traffic Lane,2015-02-14 14:40,42,39.24860617,-76.63989812
951,N,Apparently Normal,No Misuse,Y,No Injury,5d6eba76-40b7-44ad-a77b-80bac87eaffe,D,ADJ4980006,Shoulder/Lap Belt(s),F,04c76364-dac4-408a-8476-1eb17e0c52ac,Same Movement Angle,N,Intersection,Right Turn Lane,Daylight,No Defects,"Two-way, Not Divided",Dry,Clear,Twelve o'clock,Passenger Car,Superficial,N,Entering Traffic Lane,2015-02-27 07:45,31,39.29084578,-76.6016411
952,N,Apparently Normal,No Misuse,N,No Injury,ed54aacd-97b2-4dc6-b62e-d9f8bccbf365,D,ADJ4980006,Shoulder/Lap Belt(s),M,dca397f8-cc44-4306-b576-f0192fb7501e,Same Movement Angle,N,Intersection,Right Turn Lane,Daylight,No Defects,"Two-way, Not Divided",Dry,Clear,One o'clock,Passenger Car,Superficial,N,Moving Constant Speed,2015-02-27 07:45,28,39.29084578,-76.6016411
953,N,Apparently Normal,No Misuse,Y,No Injury,418b2605-cdda-46e8-951f-0cefed40deb7,D,ADJ501000D,Shoulder/Lap Belt(s),F,53f96460-20dd-40e4-a1c5-f8aa745e684d,Same Direction Rear End,N,Non Intersection,Right Turn Lane,Daylight,No Defects,"Two-way, Not Divided",Ice,Blowing Snow,Twelve o'clock,Passenger Car,Superficial,N,Slowing or Stopping,2015-02-15 09:15,28,39.2806032,-76.56678915
954,N,Apparently Normal,No Misuse,N,No Injury,176d489c-950e-4140-8f40-c2b55b24b819,D,ADJ501000D,Shoulder/Lap Belt(s),M,76de398d-0b7b-4a81-979a-257358d8953f,Same Direction Rear End,N,Non Intersection,Right Turn Lane,Daylight,No Defects,"Two-way, Not Divided",Ice,Blowing Snow,Six o'clock,Passenger Car,Superficial,N,Stopped in Traffic Lane,2015-02-15 09:15,47,39.2806032,-76.56678915
955,N,Apparently Normal,No Misuse,N,No Injury,dc18ed26-9c01-4c03-af65-7e0456c6a4ba,D,ADJ5040002,Shoulder/Lap Belt(s),F,1e9b3d27-2393-47b8-ac3e-7dff239bd4f0,Same Direction Rear End,N,Non Intersection,Left Turn Lane,Dark Lights On,No Defects,"Two-way, Divided, Positive Median Barrier",Wet,Raining,Six o'clock,Passenger Car,Superficial,N,Moving Constant Speed,2015-01-23 18:55,31,39.29345123,-76.69266656
956,N,Apparently Normal,No Misuse,Y,No Injury,c983dc0a-0775-490e-af58-7db3f0b8ca2e,D,ADJ5040002,Shoulder/Lap Belt(s),M,654c8c71-fa82-42ce-ab3c-72b6b6986742,Same Direction Rear End,N,Non Intersection,Left Turn Lane,Dark Lights On,No Defects,"Two-way, Divided, Positive Median Barrier",Wet,Raining,Twelve o'clock,Passenger Car,Superficial,N,Moving Constant Speed,2015-01-23 18:55,55,39.29345123,-76.69266656