KEY_INDEX,CDL_FLAG,CONDITION_CODE,EQUIP_PROB_CODE,FAULT_FLAG,INJ_SEVER_CODE,PERSON_ID,PERSON_TYPE,REPORT_NO,SAF_EQUIP_CODE,SEX_CODE,VEHICLE_ID,COLLISION_TYPE_CODE,C_M_ZONE_FLAG,JUNCTION_CODE,LANE_CODE,LIGHT_CODE,RD_COND_CODE,RD_DIV_CODE,SURF_COND_CODE,WEATHER_CODE,AREA_DAMAGED_CODE_MAIN,BODY_TYPE_CODE,DAMAGE_CODE,HIT_AND_RUN_FLAG,MOVEMENT_CODE,TIME,AGE,LATITUDE,LONGITUDE
957,N,Apparently Normal,No Misuse,N,No Injury,18c23566-727e-49d0-8fb0-14e860ea9a9a,D,ADJ5040006,Shoulder/Lap Belt(s),F,8033f549-2436-4303-9a7a-55ea09039fa3,Same Direction Rear End,N,Non Intersection,Right Turn Lane,Daylight,No Defects,"Two-way, Not Divided",Dry,Cloudy,Twelve o'clock,Passenger Car,Superficial,N,Moving Constant Speed,2015-03-11 17:30,45,39.3088718,-76.70833334
958,N,Apparently Normal,No Misuse,N,No Injury,03fc7bfc-fb14-4aed-896d-3fcab2bdf734,D,ADJ5060003,Shoulder/Lap Belt(s),F,f7319da6-2f5b-4a96-868b-7500a3eeebb9,Same Direction Right Turn,N,Non Intersection,Right Turn Lane,Daylight,No Defects,"Two-way, Divided, Positive Median Barrier",Snow,Snow,Five o'clock,(Sport) Utility Vehicle,Functional,N,Skidding,2015-03-05 14:18,40,39.26131205,-76.6355744
959,N,Apparently Normal,No Misuse,Y,No Injury,6ffad086-fff2-4fa9-ba5c-9b24ce5c5fc9,D,ADJ5060003,Shoulder/Lap Belt(s),M,dc21b68b-040a-49db-8649-b5c3beab99dd,Same Direction Right Turn,N,Non Intersection,Right Turn Lane,Daylight,No Defects,"Two-way, Divided, Positive Median Barrier",Snow,Snow,Eight o'clock,Passenger Car,Disabling,N,Skidding,2015-03-05 14:18,61,39.26131205,-76.6355744
960,N,Apparently Normal,No Misuse,N,No Injury,f58f1d0f-a665-4c45-85f9-8e6e440f95be,D,ADJ508000B,Shoulder/Lap Belt(s),F,536b3223-eae3-4b78-bb83-ef736f6d1af5,Same Movement Angle,N,Intersection,Right Turn Lane,Daylight,No Defects,"Two-way, Not Divided",Wet,Raining,Twelve o'clock,Passenger Car,Functional,N,Moving Constant Speed,2015-03-10 14:20,65,39.28576853,-76.58879668
961,N,Apparently Normal,No Misuse,Y,No Injury,2a72607e-59d8-44b2-bf67-31cb31e1b6d0,D,ADJ5090003,Shoulder Belt Only,F,7bbcf4c2-dd09-426b-bf21-785d8412453d,Same Movement Angle,N,Intersection,Right Turn Lane,Dark Lights On,No Defects,"Two-way, Divided, Positive Median Barrier",Wet,Wintry Mix,Twelve o'clock,Van,Disabling,N,Making Left Turn,2015-01-29 20:45,35,39.30019956,-76.53552532
962,N,Apparently Normal,No Misuse,N,No Injury,fd53d955-bb08-4399-8569-a9d7d5520568,D,ADJ5090003,Shoulder/Lap Belt(s),M,9fda82d5-2a25-435d-9795-966734921ced,Same Movement Angle,N,Intersection,Right Turn Lane,Dark Lights On,No Defects,"Two-way, Divided, Positive Median Barrier",Wet,Wintry Mix,Seven o'clock,Pickup Truck,Functional,N,Moving Constant Speed,2015-01-29 20:45,30,39.30019956,-76.53552532
963,N,Apparently Normal,No Misuse,Y,No Injury,aa1a94b0-ca5e-4198-a94d-cbc03b148540,D,ADJ5090008,Shoulder/Lap Belt(s),F,c2042ef5-577c-43a8-9615-4f59821049b7,Same Direction Rear End,N,Intersection Related,Right Turn Lane,Daylight,No Defects,"Two-way, Divided, Positive Median Barrier",Dry,Clear,Twelve o'clock,Passenger Car,Superficial,N,Moving Constant Speed,2015-02-28 12:06,24,39.28054922,-76.56660944
964,N,Apparently Normal,No Misuse,N,Possible Incapacitating Injury,b4c269ba-00fc-4a0f-a481-82d9bc662c2a,D,ADJ5090008,Shoulder/Lap Belt(s),F,9fe221f0-2eb0-46d5-860a-a9c9d73de7cd,Same Direction Rear End,N,Intersection Related,Right Turn Lane,Daylight,No Defects,"Two-way, Divided, Positive Median Barrier",Dry,Clear,Six o'clock,Passenger Car,Superficial,N,Stopped in Traffic Lane,2015-02-28 12:06,22,39.28054922,-76.56660944
965,N,Apparently Normal,No Misuse,N,No Injury,1cb661d0-a18b-47b0-8d74-6dedd129b4a3,D,ADJ5140001,Shoulder/Lap Belt(s),F,8b09f54c-b705-4e7b-b215-966360f3393d,Same Direction Rear End Right Turn,N,Intersection,Acceleration Lane,Daylight,No Defects,"Two-way, Divided, Positive Median Barrier",Dry,Cloudy,Twelve o'clock,Passenger Car,Disabling,N,Making Right Turn,2015-01-25 13:09,42,39.3004083,-76.62183478
966,Y,Apparently Normal,No Misuse,Y,No Injury,13921042-5bf6-4389-806e-c3bfb9727c43,D,ADJ5140001,Shoulder/Lap Belt(s),M,9fea096a-0f89-4896-a76f-f298b66ac64a,Same Direction Rear End Right Turn,N,Intersection,Acceleration Lane,Daylight,No Defects,"Two-way, Divided, Positive Median Barrier",Dry,Cloudy,Twelve o'clock,Van,Superficial,N,Moving Constant Speed,2015-01-25 13:09,58,39.3004083,-76.62183478
967,N,Apparently Normal,No Misuse,Y,No Injury,39aab302-f147-4c8a-adc7-716b3427d117,D,ADJ5140002,Shoulder/Lap Belt(s),F,1ec7f4e6-c0c9-47f2-a7b1-2e5e92518f90,Same Movement Angle,N,Intersection,Right Turn Lane,Daylight,No Defects,"Two-way, Divided, Unprotected (painted >4 feet) Median",Dry,Clear,Twelve o'clock,Passenger Car,Superficial,N,Moving Constant Speed,2015-01-31 09:00,29,39.30177174,-76.62676871
968,N,Apparently Normal,No Misuse,N,No Injury,ba131648-3ccf-4ce4-adf9-38191f3e7203,D,ADJ5140002,Shoulder/Lap Belt(s),M,02b32fa5-3ff2-48a8-aeec-d4fd4a016d29,Same Movement Angle,N,Intersection,Right Turn Lane,Daylight,No Defects,"Two-way, Divided, Unprotected (painted >4 feet) Median",Dry,Clear,Seven o'clock,Passenger Car,Disabling,N,Moving Constant Speed,2015-01-31 09:00,38,39.30177174,-76.62676871
969,N,Apparently Normal,No Misuse,Y,No Injury,b148dbee-b475-42a4-9a7f-ba3018e8a7ad,D,ADJ5150001,Lap Belt Only,F,6a074bb1-597a-4d1f-b38d-73245a2212a2,Same Direction Rear End Left Turn,N,Intersection,Right Turn Lane,Dark Lights On,No Defects,"Two-way, Divided, Positive Median Barrier",Dry,Clear,Seven o'clock,Passenger Car,Superficial,Y,Accelerating,2015-02-25 22:31,28,39.31521695,-76.67445302
970,N,Apparently Normal,No Misuse,Y,No Injury,94114d13-fb0b-4b3e-9733-8dee4d5b44bc,D,ADJ5150001,Lap Belt Only,M,b56fb8fa-fd8b-4047-9d89-fc3ef89f8e6f,Same Direction Rear End Left Turn,N,Intersection,Right Turn Lane,Dark Lights On,No Defects,"Two-way, Divided, Positive Median Barrier",Dry,Clear,Twelve o'clock,Passenger Car,Disabling,N,Accelerating,2015-02-25 22:31,22,39.31521695,-76.67445302
971,N,Apparently Normal,No Misuse,N,No Injury,3d7feaf2-2032-4e16-a363-8bca6fd2de1c,D,ADJ5170002,Shoulder/Lap Belt(s),F,72b11dfb-f68b-4e2c-a0f2-6fb6c84f50b9,Same Direction Rear End,N,Non Intersection,Right Turn Lane,Dark Lights On,No Defects,One-way Trafficway,Dry,Clear,Six o'clock,Passenger Car,Superficial,N,Moving Constant Speed,2015-01-02 22:00,37,39.30185171,-76.70871019
972,N,Apparently Normal,No Misuse,Y,No Injury,12134f97-58a1-4ff5-8206-81083c07c442,D,ADJ5170002,Shoulder/Lap Belt(s),M,16aac91b-c67c-463b-8250-72b7c892f0f9,Same Direction Rear End,N,Non Intersection,Right Turn Lane,Dark Lights On,No Defects,One-way Trafficway,Dry,Clear,Twelve o'clock,Passenger Car,Superficial,N,Moving Constant Speed,2015-01-02 22:00,25,39.30185171,-76.70871019
973,N,Apparently Normal,No Misuse,N,No Injury,03d708b8-5c98-424b-b8ca-056c7d0b5213,D,ADJ5170009,Shoulder/Lap Belt(s),F,7c63b691-8ee4-4e8e-b2bc-1d701e74e0f8,Same Direction Rear End,N,Intersection Related,Right Turn Lane,Dark Lights On,No Defects,"Two-way, Not Divided",Ice,Clear,Six o'clock,Passenger Car,No Damage,N,Stopped in Traffic Lane,2015-02-15 21:45,45,39.31409636,-76.67262912
974,N,Apparently Normal,No Misuse,N,No Injury,3e5c0ba7-1e40-4399-af75-085381467248,D,ADJ5170009,Shoulder/Lap Belt(s),M,0ed7b047-e94d-407f-a94f-0fe71a53f632,Same Direction Rear End,N,Intersection Related,Right Turn Lane,Dark Lights On,No Defects,"Two-way, Not Divided",Ice,Clear,Six o'clock,Passenger Car,Functional,N,Stopped in Traffic Lane,2015-02-15 21:45,29,39.31409636,-76.67262912
975,N,Apparently Normal,No Misuse,N,No Injury,9a760a61-3ada-415a-8152-a56433579cd1,D,ADJ5210001,Shoulder/Lap Belt(s),F,4e91baa3-3f80-4cd9-87d4-20100d150e78,Opposite Direction Both Left Turn,N,Non Intersection,Right Turn Lane,Daylight,No Defects,"Two-way, Divided, Unprotected (painted >4 feet) Median",Dry,Cloudy,One o'clock,Passenger Car,Functional,N,Moving Constant Speed,2015-01-22 08:20,27,39.28566058,-76.64993763
976,N,Apparently Normal,No Misuse,N,No Injury,f690d6b0-f18e-435b-b39c-be08a22d5272,D,ADJ5230002,Shoulder/Lap Belt(s),M,9f9e3dd8-dac6-40cc-98e1-adce927ed65d,Same Direction Rear End Left Turn,N,Intersection,Left Turn Lane,Dark Lights On,No Defects,"Two-way, Divided, Unprotected (painted >4 feet) Median",Dry,Clear,Six o'clock,Passenger Car,Functional,N,Making Left Turn,2015-01-14 18:44,22,39.33194066,-76.66083813
977,N,Apparently Normal,No Misuse,N,No Injury,31f58faf-959d-4f66-ba1c-a2d373e2d6aa,D,ADJ5300001,Shoulder/Lap Belt(s),F,2187522a-039a-4ae0-bb1f-773b6cea337e,Same Direction Rear End,N,Intersection Related,Right Turn Lane,Dark Lights On,No Defects,One-way Trafficway,Dry,Clear,Seven o'clock,Passenger Car,Functional,N,Moving Constant Speed,2015-01-08 17:26,41,39.28767014,-76.61499381
978,N,Apparently Normal,No Misuse,Y,No Injury,cc278bf8-e220-4b75-aaff-77b12aed884f,D,ADJ5300001,Shoulder/Lap Belt(s),M,bd76a34e-32b6-4b5b-93d7-b8506df87808,Same Direction Rear End,N,Intersection Related,Right Turn Lane,Dark Lights On,No Defects,One-way Trafficway,Dry,Clear,One o'clock,Passenger Car,Disabling,N,Moving Constant Speed,2015-01-08 17:26,33,39.28767014,-76.61499381
979,N,Apparently Normal,No Misuse,Y,No Injury,a5d1939e-24b6-40d5-8717-ef33174cf0a9,D,ADJ531000J,Shoulder/Lap Belt(s),F,5f9091d8-3c2f-4947-ad73-cdbec3f8becd,Same Movement Angle,N,Intersection,Left Turn Lane,Dark Lights On,No Defects,"Two-way, Divided, Unprotected (painted >4 feet) Median",Ice,Clear,One o'clock,Passenger Car,Superficial,N,Moving Constant Speed,2015-02-05 18:57,23,39.32930995,-76.59789741
980,N,Apparently Normal,No Misuse,N,No Injury,cf057a22-93bb-43be-96d1-0b99403096fd,D,ADJ531000J,Shoulder/Lap Belt(s),M,288461c8-8412-4e9d-9899-c8f8e34dad55,Same Movement Angle,N,Intersection,Left Turn Lane,Dark Lights On,No Defects,"Two-way, Divided, Unprotected (painted >4 feet) Median",Ice,Clear,Eight o'clock,Passenger Car,Superficial,N,Moving Constant Speed,2015-02-05 18:57,47,39.32930995,-76.59789741
981,Y,Apparently Normal,No Misuse,Y,No Injury,e7919ce1-5297-4892-ab36-292373550633,D,ADJ531000K,Shoulder/Lap Belt(s),F,e6df0304-a704-4bb3-bb52-0b9a699a432e,Same Direction Sideswipe,N,Non Intersection,Right Turn Lane,Daylight,No Defects,One-way Trafficway,Dry,Clear,Ten o'clock,School Bus,Superficial,N,Slowing or Stopping,2015-02-05 17:10,38,39.32298381,-76.57067567
982,N,Apparently Normal,No Misuse,Y,No Injury,7b8bf2a8-98a7-4cc4-989b-d91ee6718fcc,D,ADJ531000M,Shoulder/Lap Belt(s),F,a1907225-2cce-44b2-ab63-9bdc30efb40c,Angle Meets Left Turn Head On,N,Intersection,Left Turn Lane,Daylight,No Defects,"Two-way, Divided, Unprotected (painted >4 feet) Median",Dry,Clear,Twelve o'clock,Passenger Car,Superficial,N,Accelerating,2015-02-11 08:00,37,39.33840499,-76.54105872
983,Y,Apparently Normal,No Misuse,N,No Injury,884c3a93-0a36-452a-947c-f73a54e18995,D,ADJ531000M,Shoulder/Lap Belt(s),M,546da7ed-51c2-48ab-9254-ad1bec3163e3,Angle Meets Left Turn Head On,N,Intersection,Left Turn Lane,Daylight,No Defects,"Two-way, Divided, Unprotected (painted >4 feet) Median",Dry,Clear,Nine o'clock,School Bus,Superficial,N,Accelerating,2015-02-11 08:00,28,39.33840499,-76.54105872
984,N,Apparently Normal,No Misuse,N,No Injury,2a53c920-c4be-4e3e-9daf-e3bb0fce1f59,D,ADJ531000R,Shoulder/Lap Belt(s),F,5a8324a8-df3c-429d-b320-d17efad178a4,Same Direction Rear End,N,Non Intersection,Left Turn Lane,Daylight,No Defects,"Two-way, Divided, Unprotected (painted >4 feet) Median",Wet,Clear,Six o'clock,Passenger Car,Superficial,N,Stopped in Traffic Lane,2015-02-18 14:30,36,39.317082,-76.594993
985,N,Apparently Normal,No Misuse,Y,No Injury,d885dfdc-b2fe-4ea0-879c-9ce46f2555b2,D,ADJ531000R,Shoulder/Lap Belt(s),F,23ff5d1e-e99e-4e3d-a417-4ed9dfd50306,Same Direction Rear End,N,Non Intersection,Left Turn Lane,Daylight,No Defects,"Two-way, Divided, Unprotected (painted >4 feet) Median",Wet,Clear,Twelve o'clock,Passenger Car,Functional,N,Moving Constant Speed,2015-02-18 14:30,45,39.317082,-76.594993
986,N,Apparently Normal,No Misuse,N,No Injury,6b2598cf-266d-424a-b9de-e84edd1a319d,D,ADJ531001B,Shoulder/Lap Belt(s),F,bb44d7ee-be31-4586-8473-e431519f66f9,Same Movement Angle,N,Intersection,Left Turn Lane,Dark Lights On,No Defects,"Two-way, Divided, Positive Median Barrier",Dry,Clear,Nine o'clock,Passenger Car,Superficial,N,Moving Constant Speed,2015-03-30 22:50,28,39.33095727,-76.59514546
987,N,Apparently Normal,No Misuse,Y,No Injury,4a6aa1c7-7947-4f00-969b-9e7ea9289234,D,ADJ531001B,Shoulder/Lap Belt(s),M,5ee8b430-4746-4640-a646-5807d2c94ced,Same Movement Angle,N,Intersection,Left Turn Lane,Dark Lights On,No Defects,"Two-way, Divided, Positive Median Barrier",Dry,Clear,Twelve o'clock,Passenger Car,Superficial,N,Moving Constant Speed,2015-03-30 22:50,40,39.33095727,-76.59514546
988,N,Apparently Normal,No Misuse,Y,No Injury,669c2876-c979-44fa-b890-c9a256ef9f35,D,ADJ5350001,Shoulder/Lap Belt(s),F,0f84274b-574d-4b92-b95e-792c4ce1478e,Angle Meets Right Turn,N,Intersection,Acceleration Lane,Dark No Lights,No Defects,"Two-way, Divided, Positive Median Barrier",Snow,Snow,Ten o'clock,Passenger Car,Disabling,N,Making Left Turn,2015-01-06 20:29,26,39.31086419,-76.64824784
989,N,Apparently Normal,No Misuse,N,No Injury,4e6d4ab1-e1c3-4a15-bf79-13625a616e01,D,ADJ5350001,Shoulder/Lap Belt(s),M,c5b1e71c-67a2-494f-be22-f12308a54d54,Angle Meets Right Turn,N,Intersection,Acceleration Lane,Dark No Lights,No Defects,"Two-way, Divided, Positive Median Barrier",Snow,Snow,One o'clock,Passenger Car,Functional,N,Moving Constant Speed,2015-01-06 20:29,48,39.31086419,-76.64824784
990,N,Apparently Normal,No Misuse,Y,No Injury,6566076c-9bf8-47a2-b380-19142970b70e,D,ADJ5380002,Shoulder/Lap Belt(s),F,77cb3b93-5b47-4f0a-b436-d8b838331191,Single Vehicle ,N,Intersection,Right Turn Lane,Daylight,No Defects,One-way Trafficway,Dry,Cloudy,Twelve o'clock,Passenger Car,No Damage,N,Starting From Lane,2015-01-23 14:45,39,39.31936298,-76.6171664
991,N,Apparently Normal,No Misuse,Y,No Injury,645b8a87-e350-4cfa-9704-7e4f62b3b2a1,D,ADJ5390001,Shoulder/Lap Belt(s),F,3860efa6-793e-49a7-8300-26957b9314ec,Same Direction Left Turn,N,Intersection,Left Turn Lane,Dark Lights On,No Defects,"Two-way, Not Divided",Wet,Raining,Seven o'clock,Passenger Car,Functional,N,Moving Constant Speed,2015-01-24 00:22,32,39.27801935,-76.65869772
992,N,Apparently Normal,No Misuse,Y,No Injury,6c859cf5-3d22-4661-ae1d-7647d874ecf8,D,ADJ5390001,Shoulder/Lap Belt(s),M,10027ff1-8abb-49b2-8084-31ea2977915f,Same Direction Left Turn,N,Intersection,Left Turn Lane,Dark Lights On,No Defects,"Two-way, Not Divided",Wet,Raining,One o'clock,Passenger Car,Superficial,N,Moving Constant Speed,2015-01-24 00:22,42,39.27801935,-76.65869772
993,Y,Apparently Normal,No Misuse,N,No Injury,5dd7a176-7676-46fd-84ce-e611e35e4425,D,ADJ5390003,Shoulder/Lap Belt(s),F,bc2183c1-e2ef-4655-81a5-f0dc01cfb864,Same Movement Angle,N,Intersection,Right Turn Lane,Daylight,No Defects,"Two-way, Not Divided",Dry,Clear,One o'clock,Pickup Truck,Functional,N,Moving Constant Speed,2015-02-11 10:28,66,39.28408019,-76.65122978
994,N,Apparently Normal,No Misuse,N,No Injury,8075a9e2-69d4-48fe-84b5-d0b38da5f264,D,ADJ5400005,Shoulder/Lap Belt(s),F,62ce82e6-00f9-47be-8d34-f3bdc959136f,Same Direction Rear End,N,Intersection,Right Turn Lane,Dark Lights On,No Defects,"Two-way, Divided, Positive Median Barrier",Dry,Cloudy,Six o'clock,Passenger Car,Superficial,N,Stopped in Traffic Lane,2015-01-24 19:00,26,39.34232146,-76.54560506
995,N,Apparently Normal,No Misuse,N,No Injury,64a1a3bb-2551-4e91-a5a7-a537264632e1,D,ADJ5400009,Shoulder/Lap Belt(s),F,daa9aad2-5155-4c17-bd15-1c0f1dc9e5a7,Same Movement Angle,N,Intersection,Left Turn Lane,Daylight,No Defects,"Two-way, Divided, Positive Median Barrier",Dry,Cloudy,Three o'clock,(Sport) Utility Vehicle,Functional,N,Moving Constant Speed,2015-02-12 12:25,24,39.3631199,-76.55120015
996,N,Apparently Normal,No Misuse,Y,No Injury,544e914d-9fb3-4116-b2be-fc607f55a764,D,ADJ5400009,Shoulder/Lap Belt(s),F,92828d57-af07-400f-810e-f8d8e6f65bd5,Same Movement Angle,N,Intersection,Left Turn Lane,Daylight,No Defects,"Two-way, Divided, Positive Median Barrier",Dry,Cloudy,Twelve o'clock,Passenger Car,Functional,N,Making Right Turn,2015-02-12 12:25,83,39.3631199,-76.55120015
997,N,Apparently Normal,No Misuse,Y,No Injury,7ebb030d-addd-4aca-a23f-362c06b409d0,D,ADJ540000T,Shoulder/Lap Belt(s),F,fca5f8f6-1f9f-4393-9687-bee61cd97c2d,Same Movement Angle,N,Intersection,Right Turn Lane,Daylight,No Defects,"Two-way, Divided, Positive Median Barrier",Dry,Cloudy,Twelve o'clock,Passenger Car,Functional,N,Moving Constant Speed,2015-03-12 18:00,18,39.37011217,-76.58341885
998,N,Apparently Normal,No Misuse,N,No Injury,b7f01871-869b-4d8a-9a0c-a4cc467d8b78,D,ADJ540000T,Shoulder/Lap Belt(s),M,f569837b-fb3a-4305-ba56-6c6a57420dd9,Same Movement Angle,N,Intersection,Right Turn Lane,Daylight,No Defects,"Two-way, Divided, Positive Median Barrier",Dry,Cloudy,Eleven o'clock,Passenger Car,Functional,N,Accelerating,2015-03-12 18:00,39,39.37011217,-76.58341885
999,N,Apparently Normal,No Misuse,N,No Injury,28dab734-31f0-4ecd-9a92-9a31c4218218,D,ADJ547000D,Shoulder/Lap Belt(s),F,37c2a901-e11a-47aa-862f-d2f75bc2a4d1,Same Direction Right Turn,N,Intersection,Left Turn Lane,Daylight,No Defects,One-way Trafficway,Snow,Snow,Five o'clock,Passenger Car,Superficial,N,Moving Constant Speed,2015-01-06 10:20,43,39.28788604,-76.61073446
1000,N,Apparently Normal,No Misuse,Y,No Injury,3f101923-fe70-430a-a29b-5c59d606522e,D,ADJ547000D,Shoulder/Lap Belt(s),F,7f6987a4-ddf0-478b-851e-d5d6a20ebb85,Same Direction Right Turn,N,Intersection,Left Turn Lane,Daylight,No Defects,One-way Trafficway,Snow,Snow,Eleven o'clock,Passenger Car,Superficial,N,Moving Constant Speed,2015-01-06 10:20,22,39.28788604,-76.61073446
1001,N,Apparently Normal,No Misuse,N,No Injury,4e511256-bb67-43be-ba56-8b47e83eeeca,D,ADJ547000L,Shoulder/Lap Belt(s),F,26e8be14-d507-4a97-88f7-88764531a4e0,Same Direction Rear End Left Turn,N,Non Intersection,Left Turn Lane,Dark Lights On,No Defects,"Two-way, Divided, Positive Median Barrier",Dry,Clear,Six o'clock,Passenger Car,Functional,N,Moving Constant Speed,2015-01-19 22:30,33,39.31069298,-76.62277222
1002,N,Apparently Normal,No Misuse,N,No Injury,3dacea55-face-4207-aaa8-29452e897a48,D,ADJ547000X,Shoulder/Lap Belt(s),F,5cfd6f73-7eea-44d6-be8c-a1ad4059f309,Same Direction Left Turn,N,Intersection,Right Turn Lane,Daylight,No Defects,One-way Trafficway,Dry,Clear,Eleven o'clock,Passenger Car,Functional,N,Slowing or Stopping,2015-02-09 08:30,35,39.29474468,-76.62390947
1003,N,Apparently Normal,No Misuse,N,No Injury,cbcb9af5-3ea3-4a80-9bc6-d46d04c71440,D,ADJ547001M,Shoulder/Lap Belt(s),F,cfbe595d-b4d0-4275-8bf2-55bc95742604,Same Direction Sideswipe,N,Non Intersection,Acceleration Lane,Daylight,No Defects,"Two-way, Divided, Positive Median Barrier",Dry,Clear,Ten o'clock,Passenger Car,Functional,N,Moving Constant Speed,2015-02-25 15:00,28,39.31041904,-76.63359761
1004,N,Apparently Normal,No Misuse,N,No Injury,8b5ccf1d-ba92-4ec4-af87-5e75cea1acf3,D,ADJ5470024,Shoulder/Lap Belt(s),F,f61a98cc-6d88-491a-a25a-945d5419a766,Same Direction Left Turn,N,Non Intersection,Right Turn Lane,Daylight,No Defects,One-way Trafficway,Wet,Raining,One o'clock,Passenger Car,Disabling,N,Moving Constant Speed,2015-03-10 16:30,25,39.31109974,-76.61376536
1005,N,Apparently Normal,No Misuse,Y,No Injury,c09a50ba-c427-4d35-83c1-b24830622e4b,D,ADJ5470024,Shoulder/Lap Belt(s),M,1954e604-bd4a-4647-a402-33c471701b6b,Same Direction Left Turn,N,Non Intersection,Right Turn Lane,Daylight,No Defects,One-way Trafficway,Wet,Raining,Seven o'clock,Passenger Car,Functional,N,Moving Constant Speed,2015-03-10 16:30,29,39.31109974,-76.61376536
1006,N,Apparently Normal,No Misuse,N,No Injury,72d86a81-a3f3-4f8e-8653-2f8f72cce658,D,ADJ547002R,Shoulder/Lap Belt(s),F,be862b1b-211c-43dc-a832-11a7bff4bc78,Single Vehicle ,N,Non Intersection,Right Turn Lane,Daylight,"Holes, Ruts, Etc.","Two-way, Not Divided",Wet,Raining,Underside,Passenger Car,Disabling,N,Moving Constant Speed,2015-03-31 16:50,26,39.30237475,-76.63499236
1007,N,Apparently Normal,No Misuse,Y,No Injury,036b8c39-bcc7-4ccc-a318-f8e972198141,D,ADJ5510003,Shoulder/Lap Belt(s),F,d2d38fd8-6441-4b6f-9981-50891ddd541e,Same Movement Angle,N,Non Intersection,Right Turn Lane,Daylight,No Defects,"Two-way, Not Divided",Dry,Clear,One o'clock,Passenger Car,Disabling,N,Moving Constant Speed,2015-02-11 13:04,29,39.33662922,-76.68401241
1008,N,Apparently Normal,No Misuse,N,No Injury,870d568e-cafb-4f61-b4ee-cef63649f01a,D,ADJ5630007,Shoulder/Lap Belt(s),F,ad945663-623e-4359-85fa-0ad745392537,Same Direction Left Turn,N,Non Intersection,Right Turn Lane,Daylight,No Defects,One-way Trafficway,Dry,Clear,Three o'clock,(Sport) Utility Vehicle,Superficial,N,Moving Constant Speed,2015-02-19 08:45,44,39.29995671,-76.58093244
1009,N,Apparently Normal,No Misuse,N,No Injury,3289c18f-9a0d-42c6-8d5a-01a3fc4adbce,D,ADJ563000C,Shoulder/Lap Belt(s),F,b36d9dd4-afba-4643-8f70-2453d6cbebae,Same Movement Angle,N,Intersection,Right Turn Lane,Dark Lights On,No Defects,"Two-way, Not Divided",Dry,Clear,Two o'clock,Van,Superficial,N,Moving Constant Speed,2015-03-25 19:30,69,39.31556143,-76.60954356
1010,N,Apparently Normal,No Misuse,Y,No Injury,6616b885-31a4-44a3-a408-dc273fbacfa6,D,ADJ563000C,Shoulder/Lap Belt(s),M,aa85c625-e2fd-4fd1-85e2-ac06ae3a4d19,Same Movement Angle,N,Intersection,Right Turn Lane,Dark Lights On,No Defects,"Two-way, Not Divided",Dry,Clear,Twelve o'clock,Passenger Car,Superficial,N,Starting From Parked,2015-03-25 19:30,22,39.31556143,-76.60954356
1011,N,Apparently Normal,No Misuse,N,No Injury,81ec9667-c729-4de1-97ea-2fd0593923c9,D,ADJ566000B,Shoulder/Lap Belt(s),F,db04915b-315c-4c7e-b903-cdc80f691094,Same Direction Rear End,N,Intersection Related,Right Turn Lane,Dark Lights On,No Defects,"Two-way, Not Divided",Dry,Clear,Six o'clock,Passenger Car,Functional,N,Stopped in Traffic Lane,2015-03-09 20:35,40,39.36240654,-76.69972211
1012,N,Apparently Normal,No Misuse,N,No Injury,904dfe6b-d663-4584-a6b5-41eaf8e87e34,D,ADJ566000B,Shoulder/Lap Belt(s),M,4714fb06-8e81-4256-8534-87bb0638e228,Same Direction Rear End,N,Intersection Related,Right Turn Lane,Dark Lights On,No Defects,"Two-way, Not Divided",Dry,Clear,Six o'clock,Passenger Car,Superficial,N,Stopped in Traffic Lane,2015-03-09 20:35,53,39.36240654,-76.69972211
1013,N,Apparently Normal,No Misuse,N,No Injury,21344880-b171-4c2a-b3cc-c45a607f3541,D,ADJ569000F,Shoulder/Lap Belt(s),F,90d4aae7-3cdc-428f-bc84-f926fc1d62bc,Same Direction Right Turn,N,Non Intersection,Acceleration Lane,Daylight,No Defects,One-way Trafficway,Dry,Clear,Eleven o'clock,Ambulance/Non Emergency,No Damage,N,Stopped in Traffic Lane,2015-03-25 10:30,41,39.29254019,-76.612553
1014,N,Apparently Normal,No Misuse,Y,No Injury,0b61f540-27a9-45c6-8d80-6be67bd79270,D,ADJ569000F,Shoulder/Lap Belt(s),M,e3f4b6e9-87a3-432c-8dce-c791b3101ef6,Same Direction Right Turn,N,Non Intersection,Acceleration Lane,Daylight,No Defects,One-way Trafficway,Dry,Clear,Three o'clock,Van,Superficial,N,Changing Lanes,2015-03-25 10:30,63,39.29254019,-76.612553
1015,N,Apparently Normal,No Misuse,Y,No Injury,555e3b40-348e-46e6-9431-0a06e3c11b22,D,ADJ569000G,Shoulder/Lap Belt(s),F,2d0d6b9a-3284-4866-a2f4-c5e1078b2500,Same Direction Right Turn,N,Intersection,Deceleration Lane,Daylight,No Defects,One-way Trafficway,Dry,Clear,Eleven o'clock,Passenger Car,Superficial,N,Accelerating,2015-03-31 11:00,36,39.28611315,-76.62207484
1016,N,Apparently Normal,No Misuse,N,No Injury,b26635bb-5f17-4d57-90a6-35d3c83e1e9a,D,ADJ569000G,Shoulder/Lap Belt(s),M,ad48509e-3980-4fe3-a0ba-89b67d413242,Same Direction Right Turn,N,Intersection,Deceleration Lane,Daylight,No Defects,One-way Trafficway,Dry,Clear,Three o'clock,Passenger Car,Superficial,N,Making Right Turn,2015-03-31 11:00,39,39.28611315,-76.62207484