KEY_INDEX,CDL_FLAG,CONDITION_CODE,EQUIP_PROB_CODE,FAULT_FLAG,INJ_SEVER_CODE,PERSON_ID,PERSON_TYPE,REPORT_NO,SAF_EQUIP_CODE,SEX_CODE,VEHICLE_ID,COLLISION_TYPE_CODE,C_M_ZONE_FLAG,JUNCTION_CODE,LANE_CODE,LIGHT_CODE,RD_COND_CODE,RD_DIV_CODE,SURF_COND_CODE,WEATHER_CODE,AREA_DAMAGED_CODE_MAIN,BODY_TYPE_CODE,DAMAGE_CODE,HIT_AND_RUN_FLAG,MOVEMENT_CODE,TIME,AGE,LATITUDE,LONGITUDE
1017,N,Apparently Normal,No Misuse,N,No Injury,dd586b31-afe9-44e8-84d3-6e12bb60b924,D,ADJ5770003,Shoulder/Lap Belt(s),M,d5adc847-cdf5-4dbc-9435-98be0a9316f5,Same Direction Rear End,N,Non Intersection,Right Turn Lane,Dark Lights On,No Defects,"Two-way, Divided, Unprotected (painted >4 feet) Median",Dry,Clear,Six o'clock,Recreational Vehicle,Functional,N,Slowing or Stopping,2015-02-11 20:54,19,39.33963306,-76.54932261
1018,N,Apparently Normal,No Misuse,N,No Injury,b7089f2d-b2da-40d7-a27f-11eab3905347,D,ADJ5770004,Shoulder/Lap Belt(s),F,7cc6e3ed-c3c6-4605-bc02-384265b5eb69,Same Direction Rear End,N,Non Intersection,Left Turn Lane,Dark Lights On,No Defects,"Two-way, Divided, Unprotected (painted >4 feet) Median",Ice,Sleet,Six o'clock,Passenger Car,Superficial,N,Slowing or Stopping,2015-02-25 18:40,67,39.36852798,-76.57388091
1019,N,Apparently Normal,No Misuse,N,No Injury,05c948b3-24dd-4a52-a871-0526fbd72f16,D,ADJ5770004,Shoulder/Lap Belt(s),F,afa54f70-c0a2-4f70-96c5-78fc3b255b04,Same Direction Rear End,N,Non Intersection,Left Turn Lane,Dark Lights On,No Defects,"Two-way, Divided, Unprotected (painted >4 feet) Median",Ice,Sleet,Six o'clock,Passenger Car,Superficial,N,Stopped in Traffic Lane,2015-02-25 18:40,31,39.36852798,-76.57388091
1020,N,Apparently Normal,No Misuse,Y,No Injury,78780646-a159-4502-b4d6-426118c5488b,D,ADJ5790003,Shoulder/Lap Belt(s),F,ce79dde9-cd44-44d5-a5f8-efd4c8621a0e,Angle Meets Left Turn Head On,N,Intersection,Right Turn Lane,Daylight,No Defects,"Two-way, Not Divided",Dry,Clear,Nine o'clock,Passenger Car,Functional,N,Moving Constant Speed,2015-02-12 13:44,26,39.34561544,-76.68731689
1021,N,Apparently Normal,No Misuse,N,No Injury,57456bf2-00a1-43c5-a02a-008c9cb94dc0,D,ADJ5790003,Shoulder/Lap Belt(s),M,29f90e38-567b-438f-acf8-2c2512919bda,Angle Meets Left Turn Head On,N,Intersection,Right Turn Lane,Daylight,No Defects,"Two-way, Not Divided",Dry,Clear,Twelve o'clock,Passenger Car,Functional,N,Moving Constant Speed,2015-02-12 13:44,58,39.34561544,-76.68731689
1022,N,Apparently Normal,No Misuse,N,No Injury,25a97757-67eb-454f-a171-c706647f0ac6,D,ADJ5790005,Shoulder/Lap Belt(s),F,53b4e86e-bf1a-4a49-a3b8-a588f79816ba,Same Direction Rear End,N,Non Intersection,Right Turn Lane,Daylight,No Defects,"Two-way, Divided, Positive Median Barrier",Ice,Blowing Snow,Eleven o'clock,Passenger Car,Superficial,N,Stopped in Traffic Lane,2015-02-21 15:08,50,39.33048009,-76.65959358
1023,N,Apparently Normal,No Misuse,N,No Injury,44b5a907-54e8-4502-9d84-8603847edaff,D,ADJ6240001,Shoulder/Lap Belt(s),F,70d478a2-b1e7-4932-8724-4cf420bc4f32,Same Direction Rear End,N,Intersection Related,Left Turn Lane,Dark Lights On,No Defects,"Two-way, Divided, Unprotected (painted >4 feet) Median",Dry,Clear,Six o'clock,Passenger Car,Functional,N,Stopped in Traffic Lane,2015-01-07 23:15,53,39.33110214,-76.56156823
1024,N,Apparently Normal,No Misuse,Y,No Injury,eb15f854-d709-40db-b5ee-05553aea5b91,D,ADJ6240004,Shoulder/Lap Belt(s),F,b55f4573-f811-4b0f-ab81-950309824513,Same Movement Angle,N,Intersection,Left Turn Lane,Dusk,No Defects,"Two-way, Divided, Unprotected (painted >4 feet) Median",Dry,Clear,Twelve o'clock,(Sport) Utility Vehicle,Functional,N,Moving Constant Speed,2015-01-31 16:40,41,39.32361873,-76.54074222
1025,N,Apparently Normal,No Misuse,N,Possible Incapacitating Injury,acc8d332-bed3-48d9-8f84-7bec7255b9bc,D,ADJ6240004,Shoulder/Lap Belt(s),M,cf3fbe7c-5218-40e8-9dc3-0c91a7dc28ea,Same Movement Angle,N,Intersection,Left Turn Lane,Dusk,No Defects,"Two-way, Divided, Unprotected (painted >4 feet) Median",Dry,Clear,Nine o'clock,Passenger Car,Functional,N,Accelerating,2015-01-31 16:40,64,39.32361873,-76.54074222
1026,N,Apparently Normal,No Misuse,N,No Injury,ea200ab5-92d9-4673-92c2-d11f7c958024,D,ADJ6240008,Shoulder/Lap Belt(s),F,d9b1f66f-23cf-48ce-848b-0a2b3606af2b,Same Direction Rear End Left Turn,N,Non Intersection,Right Turn Lane,Daylight,No Defects,"Two-way, Not Divided",Dry,Clear,Seven o'clock,Passenger Car,Superficial,Y,Slowing or Stopping,2015-03-10 08:30,51,39.32191937,-76.57326132
1027,N,Apparently Normal,No Misuse,N,No Injury,43e8d9df-9a0b-4acf-ac5d-e0e0e808de9c,D,ADJ6250002,Shoulder/Lap Belt(s),F,03b9bab1-32d9-4b67-89a7-294933fba39e,Same Direction Rear End,N,Non Intersection,Right Turn Lane,Daylight,No Defects,"Two-way, Not Divided",Dry,Clear,Six o'clock,Passenger Car,Superficial,N,Stopped in Traffic Lane,2015-03-02 09:22,20,39.35409031,-76.69932246
1028,N,Apparently Normal,No Misuse,N,No Injury,f689a594-9c33-4f14-a275-52434cd354e1,D,ADJ6250002,Shoulder/Lap Belt(s),M,dc2732bb-c401-4c8e-acde-26e2567f7ea2,Same Direction Rear End,N,Non Intersection,Right Turn Lane,Daylight,No Defects,"Two-way, Not Divided",Dry,Clear,Six o'clock,Passenger Car,Superficial,N,Stopped in Traffic Lane,2015-03-02 09:22,83,39.35409031,-76.69932246
1029,N,Apparently Normal,No Misuse,Y,No Injury,d787af0c-63f3-443f-9f4c-857ebb1235cf,D,ADJ6250002,Shoulder/Lap Belt(s),M,be237ab0-2c0a-494b-ba95-a7cf2b611c1b,Same Direction Rear End,N,Non Intersection,Right Turn Lane,Daylight,No Defects,"Two-way, Not Divided",Dry,Clear,Twelve o'clock,"Other Light Trucks (10,000 lbs (4,536 kg))",Superficial,N,Moving Constant Speed,2015-03-02 09:22,22,39.35409031,-76.69932246
1030,N,Apparently Normal,No Misuse,Y,No Injury,9f39dae5-8fbd-478b-a84a-c5314620bb3b,D,ADJ6260004,Shoulder/Lap Belt(s),F,c459a717-71c3-49b2-ab8d-b265575c9b69,Same Movement Angle,N,Intersection,Right Turn Lane,Daylight,No Defects,"Two-way, Divided, Positive Median Barrier",Dry,Clear,Three o'clock,Passenger Car,Functional,N,Accelerating,2015-02-07 11:20,51,39.31435369,-76.5729475
1031,N,Apparently Normal,No Misuse,N,No Injury,295cda7d-bdc6-4475-ad08-0f9021ee05b8,D,ADJ6260004,Shoulder/Lap Belt(s),M,b7ae7e5c-da19-4329-92c1-e7880e878386,Same Movement Angle,N,Intersection,Right Turn Lane,Daylight,No Defects,"Two-way, Divided, Positive Median Barrier",Dry,Clear,Twelve o'clock,Passenger Car,Functional,N,Moving Constant Speed,2015-02-07 11:20,21,39.31435369,-76.5729475
1032,N,Apparently Normal,No Misuse,N,No Injury,ae4b0a11-0302-4897-8fd8-b7dca0eb374c,D,ADJ638000H,Shoulder/Lap Belt(s),F,5333d773-68f7-4600-a539-5032fd39f4d1,Same Movement Angle,N,Intersection,Left Turn Lane,Daylight,No Defects,"Two-way, Not Divided",Wet,Clear,Twelve o'clock,Passenger Car,Functional,N,Moving Constant Speed,2015-02-26 13:30,66,39.279573,-76.569664
1033,N,Apparently Normal,No Misuse,Y,No Injury,85803c65-8272-4c9a-bab1-24a75e7441f0,D,ADJ638000H,Shoulder/Lap Belt(s),M,b0fb90da-3ddf-4e41-bdf6-7f3c918a92d2,Same Movement Angle,N,Intersection,Left Turn Lane,Daylight,No Defects,"Two-way, Not Divided",Wet,Clear,Twelve o'clock,Passenger Car,Functional,N,Moving Constant Speed,2015-02-26 13:30,47,39.279573,-76.569664
1034,N,Apparently Normal,No Misuse,N,No Injury,f8bac7d6-84a0-4de7-8eca-3c4ff60bd42f,D,ADJ6420005,Shoulder/Lap Belt(s),F,b0c7f976-a7fb-44f0-abf2-c313018573f5,Same Direction Sideswipe,N,Non Intersection,Right Turn Lane,Dark Lights On,No Defects,"Two-way, Divided, Positive Median Barrier",Wet,Raining,Ten o'clock,Passenger Car,Superficial,N,Parking  ,2015-01-04 01:55,29,39.34729038,-76.56568676
1035,N,Apparently Normal,No Misuse,Y,No Injury,2c48a7ba-e2eb-49ee-b9dd-33c677b6881f,D,ADJ642000F,Shoulder/Lap Belt(s),F,e1fa83b8-bcf3-4bbf-9170-1caf11a5556b,Same Direction Sideswipe,N,Intersection Related,Acceleration Lane,Dawn,No Defects,"Two-way, Divided, Positive Median Barrier",Dry,Cloudy,One o'clock,Passenger Car,Functional,N,Making Left Turn,2015-02-12 07:32,63,39.35409653,-76.57684207
1036,N,Apparently Normal,No Misuse,N,Possible Incapacitating Injury,3b16589a-c9ff-47ee-a81b-eaa81eb4d7ce,D,ADJ642000F,Shoulder/Lap Belt(s),F,fb9d172c-d636-437c-b3b6-cfdb903b9f80,Same Direction Sideswipe,N,Intersection Related,Acceleration Lane,Dawn,No Defects,"Two-way, Divided, Positive Median Barrier",Dry,Cloudy,Eight o'clock,Passenger Car,Superficial,N,Moving Constant Speed,2015-02-12 07:32,35,39.35409653,-76.57684207
1037,N,Apparently Normal,No Misuse,N,No Injury,9f478bf1-8c5d-4735-adae-66a73ba285e0,D,ADJ6430001,Shoulder/Lap Belt(s),F,2c242ccd-4993-4b75-9b67-e596c73862de,Same Direction Left Turn,N,Intersection,Left Turn Lane,Dark Lights On,No Defects,One-way Trafficway,Dry,Clear,Eleven o'clock,Pickup Truck,Functional,N,Making Left Turn,2015-01-01 18:30,55,39.3233133,-76.6132316
1038,N,Apparently Normal,No Misuse,N,No Injury,266a6856-0e5a-4828-9445-c918e90dd1a3,D,ADJ6470002,Shoulder/Lap Belt(s),F,2ce0e88d-26a6-4109-b888-6a8930f58b43,Same Direction Sideswipe,N,Intersection,Left Turn Lane,Daylight,No Defects,"Two-way, Divided, Positive Median Barrier",Wet,Clear,One o'clock,(Sport) Utility Vehicle,Superficial,N,Moving Constant Speed,2015-01-22 12:25,45,39.30430496,-76.53958619
1039,N,Apparently Normal,No Misuse,N,No Injury,f3d93817-2df7-4a9a-acda-a8b95b69a537,D,ADJ6740004,Shoulder/Lap Belt(s),F,04e0620a-6857-4436-8ed4-2255ceb725a6,Same Movement Angle,N,Intersection,Left Turn Lane,Daylight,No Defects,"Two-way, Not Divided",Slush,Clear,One o'clock,Passenger Car,Superficial,N,Slowing or Stopping,2015-02-10 11:20,36,39.34042963,-76.58214211
1040,N,Apparently Normal,No Misuse,Y,Possible Incapacitating Injury,9378f29a-096e-417a-94e0-e7917f0d8da9,D,ADJ6740004,Shoulder/Lap Belt(s),M,014815ce-ac35-4fd6-b799-cd56f42b4394,Same Movement Angle,N,Intersection,Left Turn Lane,Daylight,No Defects,"Two-way, Not Divided",Slush,Clear,Eleven o'clock,Passenger Car,Disabling,N,Accelerating,2015-02-10 11:20,66,39.34042963,-76.58214211
1041,N,Apparently Normal,No Misuse,N,No Injury,fa66e74e-8381-496f-9965-d471b46d61d6,D,ADJ678000M,Shoulder/Lap Belt(s),F,b7128311-1776-4306-9686-ad851366bfde,Same Direction Right Turn,N,Intersection Related,Left Turn Lane,Daylight,No Defects,"Two-way, Not Divided",Dry,Clear,Eleven o'clock,Passenger Car,Superficial,N,Moving Constant Speed,2015-02-24 07:50,30,39.30897462,-76.58286095
1042,N,Apparently Normal,No Misuse,Y,No Injury,a6c29a9c-f2c5-4537-8ca3-6398ed74cc4f,D,ADJ678000M,Shoulder/Lap Belt(s),M,d2899e27-d764-462f-a00a-0819c69d0e71,Same Direction Right Turn,N,Intersection Related,Left Turn Lane,Daylight,No Defects,"Two-way, Not Divided",Dry,Clear,Twelve o'clock,"Other Light Trucks (10,000 lbs (4,536 kg))",Superficial,N,Making Right Turn,2015-02-24 07:50,31,39.30897462,-76.58286095
1043,N,Apparently Normal,No Misuse,N,No Injury,3eca0f70-ebd0-4aec-8d24-4cd109e842f5,D,ADJ6800006,Shoulder/Lap Belt(s),F,f922d0e3-2b50-4ca0-8546-8c378b7ecc14,Same Direction Rear End,N,Intersection Related,Right Turn Lane,Dark Lights On,No Defects,"Two-way, Divided, Positive Median Barrier",Wet,Clear,Six o'clock,Passenger Car,Disabling,N,Moving Constant Speed,2015-03-20 23:34,33,39.31257731,-76.64655805
1044,N,Apparently Normal,No Misuse,N,Non-incapacitating Injury,cbf7905e-9749-4830-8c2f-a7ad89b32ed1,D,ADJ6800006,Shoulder/Lap Belt(s),F,51d1f5d7-b710-465c-963c-8b4f08408412,Same Direction Rear End,N,Intersection Related,Right Turn Lane,Dark Lights On,No Defects,"Two-way, Divided, Positive Median Barrier",Wet,Clear,Six o'clock,Passenger Car,Superficial,N,Moving Constant Speed,2015-03-20 23:34,60,39.31257731,-76.64655805
1045,N,Apparently Normal,No Misuse,Y,No Injury,23cae8b1-351e-4d09-9ae4-e5f8bedf3a75,D,ADJ7000002,Shoulder/Lap Belt(s),F,8eefc785-bd8a-41fb-8c3e-4fd482c653a1,Same Movement Angle,N,Non Intersection,Right Turn Lane,Dark Lights On,No Defects,"Two-way, Not Divided",Wet,Clear,Nine o'clock,Passenger Car,Disabling,N,Moving Constant Speed,2015-03-06 20:30,35,39.25784461,-76.64443776
1046,N,Apparently Normal,No Misuse,N,No Injury,058f8420-2d29-4e93-a5cd-c45c7887da4a,D,ADJ7000002,Shoulder/Lap Belt(s),M,e861d552-5234-405d-a929-c67220924f0f,Same Movement Angle,N,Non Intersection,Right Turn Lane,Dark Lights On,No Defects,"Two-way, Not Divided",Wet,Clear,Twelve o'clock,Passenger Car,Superficial,N,Moving Constant Speed,2015-03-06 20:30,52,39.25784461,-76.64443776
1047,N,Apparently Normal,No Misuse,N,No Injury,08c73437-9161-4c32-a723-22036d43fa47,D,ADJ7060002,Shoulder/Lap Belt(s),F,0a933fe2-f03f-44cb-9e0b-1ecb1ccc4dc5,Same Direction Sideswipe,N,Intersection,Right Turn Lane,Dark Lights On,No Defects,"Two-way, Not Divided",Dry,Cloudy,Three o'clock,Passenger Car,Functional,N,Moving Constant Speed,2015-03-09 00:24,22,39.30243286,-76.6410327
1048,N,Apparently Normal,No Misuse,N,No Injury,bd66cda4-feae-4b26-bdea-612ed67b7311,D,ADJ7140002,Shoulder/Lap Belt(s),F,75e7fdc1-2b2b-40a6-a5b8-55bcdf65f71e,Same Direction Sideswipe,N,Non Intersection,Left Turn Lane,Daylight,No Defects,"Two-way, Not Divided",Dry,Clear,Ten o'clock,Passenger Car,Superficial,N,Parked  ,2015-03-16 08:05,59,39.31231998,-76.6455549
1049,N,Apparently Normal,No Misuse,Y,No Injury,7c2790e6-84e4-4104-b1c2-ed3c5a4456c6,D,ADJ7180002,Shoulder/Lap Belt(s),F,d2071ff7-fd2f-45c6-9e3f-a7c94ef5cbd0,Same Direction Left Turn,N,Intersection,Right Turn Lane,Dark Lights On,No Defects,"Two-way, Not Divided",Dry,Clear,Two o'clock,"Cargo Van/Light Truck 2 axles (10,000 lbs (4,536 kg) or less)",Superficial,N,Moving Constant Speed,2015-02-13 20:00,30,39.28885759,-76.64695501
1050,N,Apparently Normal,No Misuse,N,No Injury,9dd83b5f-4f91-44b4-a984-10d23fa040e4,D,ADJ7180002,Shoulder/Lap Belt(s),M,808dd218-8b43-41a8-a867-78dcabad2cc2,Same Direction Left Turn,N,Intersection,Right Turn Lane,Dark Lights On,No Defects,"Two-way, Not Divided",Dry,Clear,Ten o'clock,Passenger Car,Superficial,N,Moving Constant Speed,2015-02-13 20:00,52,39.28885759,-76.64695501
1051,N,Apparently Normal,No Misuse,N,No Injury,a486f162-352f-47ff-8f49-321f0bee89aa,D,ADJ7180003,Shoulder/Lap Belt(s),F,bf72faac-dfd7-426d-94f2-68173d57d21c,Same Direction Rear End,N,Intersection,Right Turn Lane,Dark Lights On,No Defects,"Two-way, Not Divided",Dry,Clear,Six o'clock,Passenger Car,Superficial,N,Stopped in Traffic Lane,2015-02-19 18:30,38,39.29543383,-76.63852215
1052,N,Apparently Normal,No Misuse,N,No Injury,30db2f3a-269e-46fc-aea1-4a93d9297006,D,ADJ7180004,Shoulder/Lap Belt(s),F,7ecda820-7912-493b-8971-64f9a8c42561,Same Direction Left Turn,N,Intersection,Right Turn Lane,Dark Lights On,No Defects,"Two-way, Not Divided",Dry,Clear,Twelve o'clock,Passenger Car,Disabling,N,Accelerating,2015-02-24 18:30,50,39.28977099,-76.63822174
1053,N,Apparently Normal,No Misuse,Y,No Injury,7be8455d-171e-4973-9d1e-29b24f2e2bf6,D,ADJ7180004,Shoulder/Lap Belt(s),M,d3c403da-964e-4809-9b53-bd10241b6e29,Same Direction Left Turn,N,Intersection,Right Turn Lane,Dark Lights On,No Defects,"Two-way, Not Divided",Dry,Clear,Eight o'clock,Passenger Car,Functional,N,Passing,2015-02-24 18:30,25,39.28977099,-76.63822174
1054,N,Apparently Normal,No Misuse,N,No Injury,6ce4a589-96e6-4764-8311-d683d922229a,D,ADJ7230006,Shoulder/Lap Belt(s),F,3f11ab59-a620-45fd-a444-d8fec0f5eb1d,Same Direction Rear End,N,Non Intersection,Acceleration Lane,Daylight,No Defects,"Two-way, Divided, Positive Median Barrier",Wet,Cloudy,Six o'clock,(Sport) Utility Vehicle,No Damage,N,Slowing or Stopping,2015-03-04 08:15,47,39.32386564,-76.63303971
1055,N,Apparently Normal,No Misuse,N,No Injury,a42d5d9e-fa1f-4f4f-8d95-af72568c9180,D,ADJ7230006,Shoulder/Lap Belt(s),F,773bb3e2-7681-441c-a4bf-7624748e3406,Same Direction Rear End,N,Non Intersection,Acceleration Lane,Daylight,No Defects,"Two-way, Divided, Positive Median Barrier",Wet,Cloudy,Six o'clock,(Sport) Utility Vehicle,No Damage,N,Moving Constant Speed,2015-03-04 08:15,32,39.32386564,-76.63303971
1056,N,Apparently Normal,No Misuse,N,No Injury,b0dc769b-3667-41c8-9957-602e8695a413,D,ADJ7230009,Shoulder/Lap Belt(s),F,ef18c7c7-f2bb-4195-b891-60d995f0f960,Same Direction Rear End,N,Intersection,Right Turn Lane,Daylight,No Defects,"Two-way, Divided, Positive Median Barrier",Dry,Clear,Twelve o'clock,(Sport) Utility Vehicle,Superficial,N,Stopped in Traffic Lane,2015-03-21 17:10,43,39.36645853,-76.596331
1057,N,Apparently Normal,No Misuse,Y,No Injury,f58284e9-0dd6-4af5-bdcd-7209000b1428,D,ADJ7260001,Shoulder/Lap Belt(s),F,c8b4a8b5-cfc8-4257-9b4e-3baf5f74edc2,Same Direction Rear End,N,Intersection Related,Right Turn Lane,Daylight,No Defects,One-way Trafficway,Dry,Clear,Six o'clock,Passenger Car,Functional,N,Slowing or Stopping,2015-03-09 14:00,36,39.27478966,-76.59667969
1058,N,Apparently Normal,No Misuse,Y,Possible Incapacitating Injury,d25dab0b-0028-4935-8e79-9e73404ec73c,D,ADJ7260001,Shoulder/Lap Belt(s),F,a36d1dc7-17a1-4fb7-bd81-37089333cb0e,Same Direction Rear End,N,Intersection Related,Right Turn Lane,Daylight,No Defects,One-way Trafficway,Dry,Clear,Twelve o'clock,Passenger Car,Disabling,N,Slowing or Stopping,2015-03-09 14:00,24,39.27478966,-76.59667969
1059,N,Apparently Normal,No Misuse,N,No Injury,7230515f-2530-44ac-a61e-6a2e07196e44,D,ADJ7260001,Shoulder/Lap Belt(s),M,2fc6762a-514e-4a32-ab8b-4b2fda9d01d5,Same Direction Rear End,N,Intersection Related,Right Turn Lane,Daylight,No Defects,One-way Trafficway,Dry,Clear,Six o'clock,Passenger Car,Superficial,N,Stopped in Traffic Lane,2015-03-09 14:00,79,39.27478966,-76.59667969
1060,N,Apparently Normal,No Misuse,Y,No Injury,6669cd48-0636-44db-99ea-1085741e0b5e,D,ADJ7260001,Shoulder/Lap Belt(s),M,15b7cbe0-c4a9-49ef-bcbd-3b736c974a61,Same Direction Rear End,N,Intersection Related,Right Turn Lane,Daylight,No Defects,One-way Trafficway,Dry,Clear,Six o'clock,Passenger Car,Disabling,N,Slowing or Stopping,2015-03-09 14:00,24,39.27478966,-76.59667969
1061,N,Apparently Normal,No Misuse,Y,No Injury,cbcf590f-473c-4a3a-95fd-744ecb7a400f,D,ADJ7270001,Shoulder/Lap Belt(s),F,55e5a018-ce75-49d7-8292-822a7ee0b3aa,Same Direction Rear End,N,Intersection,Left Turn Lane,Dark Lights On,No Defects,"Two-way, Divided, Positive Median Barrier",Wet,Raining,Twelve o'clock,(Sport) Utility Vehicle,Superficial,Y,Moving Constant Speed,2015-03-04 21:00,54,39.31330779,-76.64658621
1062,N,Apparently Normal,No Misuse,N,No Injury,2ea636af-807d-4d54-ae71-7740b0835f16,D,ADJ7270001,Shoulder/Lap Belt(s),M,d7e021d3-0368-415f-ae7a-ee4b10316924,Same Direction Rear End,N,Intersection,Left Turn Lane,Dark Lights On,No Defects,"Two-way, Divided, Positive Median Barrier",Wet,Raining,Six o'clock,Passenger Car,Superficial,Y,Stopped in Traffic Lane,2015-03-04 21:00,24,39.31330779,-76.64658621
1063,N,Apparently Normal,No Misuse,Y,No Injury,bb0043c1-ac99-4582-a9bc-42d6b27e43fb,D,ADJ7270003,Shoulder/Lap Belt(s),F,402bad78-5188-4a57-b95d-7d1e6bf1981c,Head On Left Turn,N,Non Intersection,Left Turn Lane,Dusk,No Defects,"Two-way, Not Divided",Wet,Raining,Twelve o'clock,Passenger Car,Disabling,N,Making Left Turn,2015-03-20 19:00,38,39.3515185,-76.69570953
1064,N,Apparently Normal,No Misuse,N,No Injury,8039ae2a-5460-4654-b124-27428210b37b,D,ADJ7270003,Shoulder/Lap Belt(s),M,8b64347d-24d8-438a-9f95-1a631bda6737,Head On Left Turn,N,Non Intersection,Left Turn Lane,Dusk,No Defects,"Two-way, Not Divided",Wet,Raining,Twelve o'clock,Passenger Car,Disabling,N,Moving Constant Speed,2015-03-20 19:00,18,39.3515185,-76.69570953
1065,N,Apparently Normal,No Misuse,N,No Injury,b9a75392-3acb-4c07-b4d4-ccf7dccf4b8f,D,AE26320010,Shoulder/Lap Belt(s),F,95f7b5b9-8b8f-47b7-849c-1594aad67d13,Same Direction Rear End,N,Non Intersection,Left Turn Lane,Daylight,No Defects,"Two-way, Divided, Positive Median Barrier",Ice,Clear,Six o'clock,(Sport) Utility Vehicle,Functional,N,Slowing or Stopping,2015-01-07 09:42,62,39.3289531,-76.47046566
1066,N,Apparently Normal,No Misuse,Y,Non-incapacitating Injury,fbd70d88-5aa3-47bf-ae37-ea8a0f288940,D,AE26320010,Shoulder/Lap Belt(s),F,560d5dc5-b5bc-44cb-82a6-9cf0a4083b9b,Same Direction Rear End,N,Non Intersection,Left Turn Lane,Daylight,No Defects,"Two-way, Divided, Positive Median Barrier",Ice,Clear,Twelve o'clock,Passenger Car,Disabling,N,Moving Constant Speed,2015-01-07 09:42,18,39.3289531,-76.47046566
1067,N,Apparently Normal,No Misuse,N,No Injury,f65b6241-998a-4d27-9c9a-737da59fc801,D,AE26320012,Shoulder/Lap Belt(s),F,826daf00-f046-455b-806a-341cecb318ea,Same Direction Rear End,N,Non Intersection,Right Turn Lane,Daylight,No Defects,"Two-way, Not Divided",Dry,Cloudy,Twelve o'clock,Passenger Car,Disabling,N,Stopped in Traffic Lane,2015-01-23 14:27,26,39.30215059,-76.44398153
1068,N,Apparently Normal,No Misuse,N,Non-incapacitating Injury,8378e146-092c-40bd-8de7-1e1425b2cb89,D,AE26320012,Shoulder/Lap Belt(s),F,37916d83-807f-42f7-8de6-d4c1d95a19cd,Same Direction Rear End,N,Non Intersection,Right Turn Lane,Daylight,No Defects,"Two-way, Not Divided",Dry,Cloudy,Six o'clock,Passenger Car,Functional,N,Stopped in Traffic Lane,2015-01-23 14:27,32,39.30215059,-76.44398153
1069,N,Apparently Normal,No Misuse,N,Non-incapacitating Injury,b312d24c-c6dd-43d6-b5f1-b3f719286a20,D,AE26320012,Shoulder/Lap Belt(s),F,e9a0ffdc-4710-41a9-9564-da008f3bcde6,Same Direction Rear End,N,Non Intersection,Right Turn Lane,Daylight,No Defects,"Two-way, Not Divided",Dry,Cloudy,Twelve o'clock,Passenger Car,Functional,N,Stopped in Traffic Lane,2015-01-23 14:27,26,39.30215059,-76.44398153
1070,N,Apparently Normal,No Misuse,Y,No Injury,7edd26c0-459a-46e4-ae0c-0d01c57e01b7,D,AE26320012,Shoulder/Lap Belt(s),M,154e88b2-048c-4969-a82f-246284eb4e39,Same Direction Rear End,N,Non Intersection,Right Turn Lane,Daylight,No Defects,"Two-way, Not Divided",Dry,Cloudy,Twelve o'clock,"Cargo Van/Light Truck 2 axles (10,000 lbs (4,536 kg) or less)",Disabling,N,Moving Constant Speed,2015-01-23 14:27,22,39.30215059,-76.44398153
1071,N,Apparently Normal,No Misuse,N,No Injury,90c216c9-36de-4e9f-99ed-6da2541260ed,D,AE2632001B,Shoulder/Lap Belt(s),F,dc902d87-1549-4972-af48-a0bd865ea0a2,Head On Left Turn,N,Intersection,Left Turn Lane,Daylight,No Defects,"Two-way, Divided, Positive Median Barrier",Dry,Clear,Twelve o'clock,Pickup Truck,Disabling,N,Moving Constant Speed,2015-03-18 15:49,41,39.33303607,-76.44407272
1072,N,Apparently Normal,No Misuse,Y,No Injury,ccfc977e-abf8-43e1-9aa7-22335144ec00,D,AE2632001B,Shoulder/Lap Belt(s),F,4f6c7ac0-9879-4139-b198-1ba403a7519f,Head On Left Turn,N,Intersection,Left Turn Lane,Daylight,No Defects,"Two-way, Divided, Positive Median Barrier",Dry,Clear,Four o'clock,Pickup Truck,Disabling,N,Making Left Turn,2015-03-18 15:49,26,39.33303607,-76.44407272
1073,Y,Apparently Normal,No Misuse,N,No Injury,159aac02-6246-4331-b0c6-d9c4783410a8,D,AE2638001C,Shoulder/Lap Belt(s),F,346f4b41-063c-4f22-a4be-2a1e9641a7de,Same Direction Rear End,N,Intersection Related,Left Turn Lane,Dark Lights On,No Defects,"Two-way, Divided, Positive Median Barrier",Dry,Clear,Six o'clock,Passenger Car,Functional,N,Stopped in Traffic Lane,2015-03-02 18:26,56,39.27661682,-76.50405765
1074,N,Apparently Normal,No Misuse,N,No Injury,77878d95-132f-4c7d-b0ca-39728fb64e83,D,AE2638001C,Shoulder/Lap Belt(s),F,28d9f462-fe77-417a-bde7-9ab841b294f7,Same Direction Rear End,N,Intersection Related,Left Turn Lane,Dark Lights On,No Defects,"Two-way, Divided, Positive Median Barrier",Dry,Clear,Six o'clock,(Sport) Utility Vehicle,Superficial,N,Stopped in Traffic Lane,2015-03-02 18:26,24,39.27661682,-76.50405765
1075,N,Apparently Normal,No Misuse,Y,No Injury,258882e5-49fd-4f52-9a3e-712613a3d862,D,AE2638001C,Shoulder/Lap Belt(s),F,ee808130-2162-42a5-8f75-122d93322843,Same Direction Rear End,N,Intersection Related,Left Turn Lane,Dark Lights On,No Defects,"Two-way, Divided, Positive Median Barrier",Dry,Clear,Twelve o'clock,Passenger Car,Disabling,N,Moving Constant Speed,2015-03-02 18:26,34,39.27661682,-76.50405765