KEY_INDEX,CDL_FLAG,CONDITION_CODE,EQUIP_PROB_CODE,FAULT_FLAG,INJ_SEVER_CODE,PERSON_ID,PERSON_TYPE,REPORT_NO,SAF_EQUIP_CODE,SEX_CODE,VEHICLE_ID,COLLISION_TYPE_CODE,C_M_ZONE_FLAG,JUNCTION_CODE,LANE_CODE,LIGHT_CODE,RD_COND_CODE,RD_DIV_CODE,SURF_COND_CODE,WEATHER_CODE,AREA_DAMAGED_CODE_MAIN,BODY_TYPE_CODE,DAMAGE_CODE,HIT_AND_RUN_FLAG,MOVEMENT_CODE,TIME,AGE,LATITUDE,LONGITUDE
1136,N,Apparently Normal,No Misuse,Y,No Injury,1a288e71-8c28-4edf-bcbb-daf43b5f886d,D,AE3788001F,Shoulder/Lap Belt(s),F,8c2c9c64-3cb4-4ec9-9b1f-0f146924352a,Same Movement Angle,N,Intersection,Right Turn Lane,Daylight,No Defects,"Two-way, Not Divided",Wet,Clear,One o'clock,(Sport) Utility Vehicle,Functional,N,Making Left Turn,2015-02-24 15:47,62,39.29669587,-76.76593781
1137,N,Apparently Normal,No Misuse,Y,No Injury,dbee394a-40d8-4905-9292-50ca18b5312e,D,AE3788001G,Shoulder/Lap Belt(s),F,d3eb2a1d-3fc6-4a82-a5ed-ed602d2a6bd5,Same Movement Angle,N,Intersection,Left Turn Lane,Dark Lights On,No Defects,"Two-way, Not Divided",Ice,Clear,Eleven o'clock,Passenger Car,Disabling,N,Making Right Turn,2015-02-24 21:08,32,39.32579942,-76.76147461
1138,N,Apparently Normal,No Misuse,N,No Injury,aadffb5e-e12d-4841-a8ff-e11dfff10bef,D,AE3788001G,Shoulder/Lap Belt(s),M,b41c134c-b432-4448-aad2-0369e377a7f4,Same Movement Angle,N,Intersection,Left Turn Lane,Dark Lights On,No Defects,"Two-way, Not Divided",Ice,Clear,Twelve o'clock,(Sport) Utility Vehicle,Disabling,N,Moving Constant Speed,2015-02-24 21:08,47,39.32579942,-76.76147461
1139,N,Apparently Normal,No Misuse,Y,No Injury,d9891ca1-d2d9-4732-8a20-a3ff94c03b86,D,AE3788001H,Shoulder/Lap Belt(s),F,556390ea-249f-4cfd-8e0f-7c711a4f13ef,Same Movement Angle,N,Intersection,Right Turn Lane,Dark Lights On,No Defects,"Two-way, Not Divided",Dry,Clear,One o'clock,Passenger Car,Disabling,N,Accelerating,2015-02-25 19:58,61,39.34647833,-76.75377131
1140,N,Apparently Normal,No Misuse,N,No Injury,ad94720b-cede-483c-bd18-98c27e37de15,D,AE3788001H,Shoulder/Lap Belt(s),M,d1b2567d-e12d-4cc7-9344-1947c45f3823,Same Movement Angle,N,Intersection,Right Turn Lane,Dark Lights On,No Defects,"Two-way, Not Divided",Dry,Clear,Twelve o'clock,Pickup Truck,Functional,N,Moving Constant Speed,2015-02-25 19:58,53,39.34647833,-76.75377131
1141,N,Apparently Normal,No Misuse,N,No Injury,1c37073a-6e36-40a3-a5cf-fd2e33adfcdc,D,AE3788001V,Shoulder/Lap Belt(s),F,6959d4cd-1ec5-417b-97a8-ccde2e7622d1,Same Movement Angle,N,Commercial Driveway,Left Turn Lane,Daylight,No Defects,"Two-way, Not Divided",Wet,Cloudy,Twelve o'clock,Passenger Car,Functional,N,Slowing or Stopping,2015-03-20 16:50,59,39.3600839,-76.77521825
1142,N,Apparently Normal,No Misuse,Y,No Injury,349c7548-6440-467e-802f-c43e0f3ddcc5,D,AE3788001V,Shoulder/Lap Belt(s),F,23910ab5-b896-4050-81c4-08127c364701,Same Movement Angle,N,Commercial Driveway,Left Turn Lane,Daylight,No Defects,"Two-way, Not Divided",Wet,Cloudy,Eleven o'clock,Passenger Car,Disabling,N,Making Left Turn,2015-03-20 16:50,29,39.3600839,-76.77521825
1143,N,Apparently Normal,No Misuse,N,No Injury,2ab114a7-cb5e-4e6a-9321-8ea46d1273cb,D,AE37980007,Shoulder/Lap Belt(s),F,aeed2770-4fc3-4026-bd09-06fa531d9d52,Same Movement Angle,N,Intersection,Left Turn Lane,Daylight,No Defects,"Two-way, Divided, Positive Median Barrier",Wet,Raining,Twelve o'clock,Passenger Car,Disabling,N,Moving Constant Speed,2015-02-02 10:30,55,39.40539457,-76.59835339
1144,N,Apparently Normal,No Misuse,Y,No Injury,aa7c2b70-fcbd-4119-8c74-96cc68e55d25,D,AE37980007,Shoulder/Lap Belt(s),M,97e6e9c9-ed53-4229-a027-fa479e0a9721,Same Movement Angle,N,Intersection,Left Turn Lane,Daylight,No Defects,"Two-way, Divided, Positive Median Barrier",Wet,Raining,Twelve o'clock,Passenger Car,Functional,N,Making U Turn,2015-02-02 10:30,24,39.40539457,-76.59835339
1145,N,Apparently Normal,No Misuse,Y,No Injury,884e876d-31a6-4a60-afe1-df81d27d8480,D,AE38030004,Shoulder/Lap Belt(s),F,b3b8df3b-8b26-48f9-b395-41bb3529bceb,Same Movement Angle,N,Intersection,Right Turn Lane,Daylight,No Defects,"Two-way, Divided, Positive Median Barrier",Dry,Clear,Twelve o'clock,(Sport) Utility Vehicle,Disabling,N,Moving Constant Speed,2015-01-17 11:00,20,39.45558008,-76.64206266
1146,N,Apparently Normal,No Misuse,Y,Non-incapacitating Injury,6234e326-f4e6-48b9-93fb-2980ebd098d8,D,AE38030004,Shoulder/Lap Belt(s),F,db224c2b-a801-42e1-8cc1-fe6d8324098e,Same Movement Angle,N,Intersection,Right Turn Lane,Daylight,No Defects,"Two-way, Divided, Positive Median Barrier",Dry,Clear,Two o'clock,(Sport) Utility Vehicle,Disabling,N,Making Left Turn,2015-01-17 11:00,49,39.45558008,-76.64206266
1147,N,Apparently Normal,No Misuse,Y,No Injury,ffe6ded7-6a27-4d76-92b0-bb584dec99c2,D,AE38030007,Shoulder/Lap Belt(s),F,c7119d00-13b8-497e-8d3b-4aa70d56cc83,Head On Left Turn,N,Commercial Driveway,Right Turn Lane,Daylight,No Defects,"Two-way, Not Divided",Dry,Cloudy,Four o'clock,(Sport) Utility Vehicle,Disabling,N,Making Left Turn,2015-02-04 08:09,27,39.42046396,-76.6170001
1148,N,Apparently Normal,No Misuse,N,No Injury,668d301a-ce75-4ddc-b4bd-252e9bae5b06,D,AE38030007,Shoulder/Lap Belt(s),M,c8cd0110-a3a6-48f9-9a80-b91298e8dddd,Head On Left Turn,N,Commercial Driveway,Right Turn Lane,Daylight,No Defects,"Two-way, Not Divided",Dry,Cloudy,One o'clock,Passenger Car,Functional,N,Moving Constant Speed,2015-02-04 08:09,64,39.42046396,-76.6170001
1149,N,Apparently Normal,No Misuse,N,No Injury,b754a25e-3d29-4d8f-8ad2-ec3d894d26ef,D,AE3803000F,Shoulder/Lap Belt(s),F,66531f06-1c2a-4c7a-b018-50c575295fce,Head On Left Turn,N,Intersection,Right Turn Lane,Daylight,No Defects,"Two-way, Not Divided",Dry,Clear,Twelve o'clock,Passenger Car,Disabling,N,Moving Constant Speed,2015-03-16 17:00,41,39.43304416,-76.62927389
1150,N,Apparently Normal,No Misuse,Y,No Injury,cb03a7e5-8197-4c4e-bd6d-51a534706dea,D,AE3803000F,Shoulder/Lap Belt(s),F,ef7a258c-32ae-49e9-b44b-e0295ecfdb80,Head On Left Turn,N,Intersection,Right Turn Lane,Daylight,No Defects,"Two-way, Not Divided",Dry,Clear,One o'clock,Passenger Car,Disabling,N,Making Left Turn,2015-03-16 17:00,33,39.43304416,-76.62927389
1151,N,Apparently Normal,No Misuse,N,No Injury,4023e5a2-e832-404f-bbd9-60917743233c,D,AE38460001,Shoulder/Lap Belt(s),F,7abb5b3e-0d3f-400e-882d-26d1ecc0d07f,Same Movement Angle,N,Intersection,Right Turn Lane,Dark Lights On,No Defects,"Two-way, Not Divided",Dry,Clear,Ten o'clock,Passenger Car,Disabling,N,Moving Constant Speed,2015-03-18 21:40,30,39.35152265,-76.51119232
1152,N,Apparently Normal,No Misuse,Y,No Injury,6dbedf53-18c9-4919-ba54-f4bc917f0e25,D,AE38630005,Shoulder/Lap Belt(s),F,63c7c7ed-fb7f-4801-8aad-cfedc0679ec3,Same Direction Rear End,N,Intersection,Right Turn Lane,Daylight,No Defects,"Two-way, Not Divided",Ice,Raining,Twelve o'clock,Passenger Car,Disabling,N,Moving Constant Speed,2015-01-03 10:30,26,39.42391173,-76.80649281
1153,N,Apparently Normal,No Misuse,N,No Injury,ff8808ad-58de-40f1-b61c-7ba6dbd13f15,D,AE38630005,Shoulder/Lap Belt(s),M,7fd34f12-52fe-4404-8025-53fbe1be0c06,Same Direction Rear End,N,Intersection,Right Turn Lane,Daylight,No Defects,"Two-way, Not Divided",Ice,Raining,Six o'clock,(Sport) Utility Vehicle,Superficial,N,Stopped in Traffic Lane,2015-01-03 10:30,48,39.42391173,-76.80649281
1154,N,Apparently Normal,No Misuse,N,No Injury,e865b5ed-9a21-4ee8-913c-ed20ad80478d,D,AE38630007,Shoulder/Lap Belt(s),F,e7ec3897-bd52-438e-bc7f-18794efe6217,Head On,N,Non Intersection,Right Turn Lane,Dark Lights On,No Defects,"Two-way, Not Divided",Dry,Clear,Ten o'clock,Passenger Car,Superficial,N,Moving Constant Speed,2015-01-08 18:09,52,39.39382092,-76.80275917
1155,N,Apparently Normal,No Misuse,N,No Injury,4a283f8c-d880-456d-b3c3-e4b10b28a92b,D,AE3863000F,Shoulder/Lap Belt(s),F,70a8ebff-76b9-4456-824e-3854d72119ce,Same Direction Rear End,N,Intersection,Right Turn Lane,Daylight,No Defects,"Two-way, Not Divided",Wet,Raining,Seven o'clock,Passenger Car,Superficial,N,Making Right Turn,2015-03-10 14:56,35,39.4200164,-76.84024572
1156,N,Apparently Normal,No Misuse,Y,No Injury,2f8ea6ca-7bea-4d74-a2c2-dd25801ac34a,D,AE3877000J,Shoulder/Lap Belt(s),F,78d1de8a-8994-4d1b-91fc-9e796b657fc5,Single Vehicle ,N,Non Intersection,Left Turn Lane,Daylight,No Defects,"Two-way, Not Divided",Ice,Wintry Mix,Twelve o'clock,Passenger Car,Disabling,N,Skidding,2015-03-01 12:23,29,39.45060954,-76.41744375
1157,N,Apparently Normal,No Misuse,N,Possible Incapacitating Injury,0e29bd7f-523b-4043-8ce5-10e6818c24c2,D,AE3900000B,Shoulder/Lap Belt(s),F,8288fbc1-0c4e-4fd6-be0f-9ac8ae5fdaa5,Head On Left Turn,N,Intersection,Left Turn Lane,Daylight,No Defects,"Two-way, Not Divided",Wet,Raining,Twelve o'clock,Passenger Car,Disabling,N,Moving Constant Speed,2015-01-18 14:49,72,39.37190366,-76.80537701
1158,N,Apparently Normal,No Misuse,N,No Injury,d9399021-f635-454b-94a3-a7b03b3e658f,D,AE3900000C,Shoulder/Lap Belt(s),F,82ab4da2-4479-4312-9e40-e6df587bf08a,Same Direction Rear End,N,Intersection Related,Right Turn Lane,Daylight,No Defects,"Two-way, Not Divided",Dry,Clear,Six o'clock,(Sport) Utility Vehicle,Superficial,N,Stopped in Traffic Lane,2015-03-02 15:50,49,39.49530878,-76.65015221
1159,Y,Apparently Normal,No Misuse,N,No Injury,7e660c34-10bf-40fb-812a-cf0d817d7f27,D,AE3900000C,Shoulder/Lap Belt(s),M,17a13826-e5e8-43ca-9ad2-a411ebcf061b,Same Direction Rear End,N,Intersection Related,Right Turn Lane,Daylight,No Defects,"Two-way, Not Divided",Dry,Clear,Six o'clock,Passenger Car,Functional,N,Stopped in Traffic Lane,2015-03-02 15:50,59,39.49530878,-76.65015221
1160,N,Apparently Normal,No Misuse,N,No Injury,00cf4434-3633-43ec-b1d5-96b8d167a31c,D,AE39030005,Shoulder/Lap Belt(s),F,63beb32a-6417-41a8-9159-773708f32a4a,Same Movement Angle,N,Intersection,Right Turn Lane,Dark Lights On,No Defects,"Two-way, Divided, Unprotected (painted >4 feet) Median",Dry,Clear,Twelve o'clock,Passenger Car,Functional,N,Moving Constant Speed,2015-03-24 22:20,23,39.342811,-76.48535728
1161,N,Apparently Normal,No Misuse,Y,No Injury,8bbceb76-4148-482f-aa4f-fc3223c77e28,D,AE3925000H,Shoulder/Lap Belt(s),F,32c2c994-cb28-4afe-9eb9-81bd0d4d6524,Same Direction Rear End,N,Intersection,Right Turn Lane,Daylight,No Defects,"Two-way, Not Divided",Dry,Clear,Twelve o'clock,Passenger Car,Disabling,N,Slowing or Stopping,2015-03-15 15:36,24,39.40056969,-76.54563189
1162,N,Apparently Normal,No Misuse,N,No Injury,ca3e082e-a972-4c97-a904-a222e56b03b2,D,AE3969000B,Shoulder/Lap Belt(s),F,1a278ef3-fd49-4af4-b7e7-edc1eb855e96,Same Direction Rear End,N,Non Intersection,Right Turn Lane,Daylight,No Defects,"Two-way, Not Divided",Snow,Blowing Snow,Six o'clock,Station Wagon,Disabling,N,Moving Constant Speed,2015-03-05 13:30,46,39.42651401,-76.6916728
1163,N,Apparently Normal,No Misuse,N,No Injury,92609655-9295-4dae-914a-c7c5f577cf24,D,AE3978000R,Shoulder/Lap Belt(s),F,bb4459a0-2fda-4cf8-9966-0e2d9568e5ee,Same Direction Rear End,N,Non Intersection,Right Turn Lane,Daylight,Foreign Material,"Two-way, Not Divided",Snow,Snow,Six o'clock,Passenger Car,Superficial,N,Moving Constant Speed,2015-01-21 12:37,77,39.51708585,-76.83552504
1164,N,Apparently Normal,No Misuse,N,No Injury,aa5bd1fb-3a3c-4152-b6d8-fe731a42d6a7,D,AE4014000G,Shoulder/Lap Belt(s),M,7482053a-d82f-4bc6-9f9f-dede33afc1ac,Same Direction Rear End Right Turn,N,Non Intersection,Right Turn Lane,Daylight,No Defects,"Two-way, Not Divided",Dry,Clear,Six o'clock,Pickup Truck,Superficial,N,Making Right Turn,2015-03-19 13:22,35,39.54233368,-76.73602782
1165,N,Apparently Normal,No Misuse,N,No Injury,344c0845-abf8-4003-8775-5655ac3c3236,D,AE40450034,Shoulder/Lap Belt(s),F,90b07e64-83c0-4dae-85af-e04c5f04071d,Same Movement Angle,N,Non Intersection,Right Turn Lane,Daylight,No Defects,"Two-way, Not Divided",Wet,Raining,Ten o'clock,Passenger Car,Superficial,N,Moving Constant Speed,2015-03-10 14:51,89,39.37841405,-76.52750015
1166,N,Apparently Normal,No Misuse,Y,No Injury,a465e02c-e232-49d5-a09c-10bb82afa66b,D,AE40480007,Shoulder/Lap Belt(s),F,750f8665-c445-43d1-a16d-6d2465c04912,Same Direction Sideswipe,N,Non Intersection,Right Turn Lane,Dark Lights On,No Defects,"Two-way, Not Divided",Dry,Clear,One o'clock,(Sport) Utility Vehicle,Disabling,N,Moving Constant Speed,2015-03-14 23:45,59,39.38190536,-76.57893419
1167,N,Apparently Normal,No Misuse,N,No Injury,dfbdd000-aa84-4180-a165-bb28c1729514,D,AE40480007,Shoulder/Lap Belt(s),M,497ede74-a93b-4ca8-acfa-9570bf18ca72,Same Direction Sideswipe,N,Non Intersection,Right Turn Lane,Dark Lights On,No Defects,"Two-way, Not Divided",Dry,Clear,Seven o'clock,Passenger Car,Disabling,N,Moving Constant Speed,2015-03-14 23:45,68,39.38190536,-76.57893419
1168,N,Apparently Normal,No Misuse,N,No Injury,40dcb62e-08e4-4cab-b074-07dc81dee541,D,AE4053000Y,Shoulder/Lap Belt(s),F,d9a5733a-25e6-433c-be6f-8bb7f2c4d14f,Same Direction Rear End,N,Residential Driveway,Right Turn Lane,Daylight,No Defects,"Two-way, Not Divided",Dry,Clear,Six o'clock,Pickup Truck,Functional,N,Stopped in Traffic Lane,2015-01-22 16:23,52,39.34678946,-76.39078259
1169,N,Apparently Normal,No Misuse,Y,No Injury,f8855a78-1322-4ee7-b58f-79715c2b3763,D,AE40530010,Shoulder/Lap Belt(s),F,3f38c574-6dda-4ce9-8151-53f7af668871,Same Direction Left Turn,N,Non Intersection,Right Turn Lane,Daylight,No Defects,"Two-way, Not Divided",Wet,Raining,Two o'clock,Passenger Car,Superficial,Y,Moving Constant Speed,2015-02-02 09:25,24,39.32178242,-76.45387888
1170,N,Apparently Normal,No Misuse,Y,No Injury,5ee61ac5-e7df-4edc-a76d-f9a214116fd7,D,AE40530014,Shoulder/Lap Belt(s),F,aa69920f-3a69-4212-b95e-842650178bb4,Same Direction Rear End,N,Non Intersection,Right Turn Lane,Daylight,No Defects,"Two-way, Not Divided",Dry,Clear,Twelve o'clock,School Bus,Functional,N,Moving Constant Speed,2015-02-05 08:31,74,39.3339655,-76.45593882
1171,N,Apparently Normal,No Misuse,Y,No Injury,e70762ed-de1d-4911-b91d-55a542ca32e8,D,AE40530016,Shoulder/Lap Belt(s),F,fbc607ac-8496-448b-a451-d7300b16fbb5,Same Movement Angle,N,Intersection,Right Turn Lane,Dark Lights On,No Defects,"Two-way, Not Divided",Wet,Raining,Eleven o'clock,Passenger Car,Functional,N,Making Left Turn,2015-02-09 18:22,24,39.33613964,-76.44643307
1172,N,Apparently Normal,No Misuse,Y,No Injury,bb8777b1-e9b6-4d58-8420-b13e18e42a1d,D,AE40530019,Shoulder/Lap Belt(s),F,dc2b20f8-fa4e-4faf-bfc8-d1bb29207a08,Same Direction Rear End,N,Intersection,Right Turn Lane,Daylight,No Defects,"Two-way, Divided, Positive Median Barrier",Dry,Clear,Twelve o'clock,(Sport) Utility Vehicle,Disabling,N,Moving Constant Speed,2015-02-23 12:36,63,39.39954166,-76.40209079
1173,N,Apparently Normal,No Misuse,Y,No Injury,f495c388-aa03-4f42-b9fa-0c8cddec56a0,D,AE40530019,Shoulder/Lap Belt(s),F,b89198e4-4305-42b8-87e8-a10e6c0220a3,Same Direction Rear End,N,Intersection,Right Turn Lane,Daylight,No Defects,"Two-way, Divided, Positive Median Barrier",Dry,Clear,Twelve o'clock,(Sport) Utility Vehicle,Functional,N,Slowing or Stopping,2015-02-23 12:36,38,39.39954166,-76.40209079
1174,N,Apparently Normal,No Misuse,N,No Injury,34bdba7c-d930-4e62-a9fd-a71f8cb71639,D,AE40530019,Shoulder/Lap Belt(s),M,56e5870b-0b1d-485c-a344-0692b92c5193,Same Direction Rear End,N,Intersection,Right Turn Lane,Daylight,No Defects,"Two-way, Divided, Positive Median Barrier",Dry,Clear,Six o'clock,(Sport) Utility Vehicle,Functional,N,Accelerating,2015-02-23 12:36,66,39.39954166,-76.40209079
1175,N,Apparently Normal,No Misuse,N,No Injury,0dd1132e-c165-4c28-988d-74a7e7db99ce,D,AE4053001B,Shoulder/Lap Belt(s),F,6272fdb7-6449-47cc-934f-dd4b4e202e1e,Same Movement Angle,N,Crossover Related,Left Turn Lane,Daylight,No Defects,"Two-way, Not Divided",Dry,Clear,Twelve o'clock,(Sport) Utility Vehicle,Disabling,N,Moving Constant Speed,2015-02-25 11:53,60,39.33660433,-76.47990704
1176,N,Apparently Normal,No Misuse,Y,No Injury,c3b5e4c6-5570-452a-b1d7-e4f4b5439657,D,AE4053001B,Shoulder/Lap Belt(s),M,4a027e7b-e094-4155-97e1-c6ff8352f4ae,Same Movement Angle,N,Crossover Related,Left Turn Lane,Daylight,No Defects,"Two-way, Not Divided",Dry,Clear,One o'clock,(Sport) Utility Vehicle,Disabling,N,Making Left Turn,2015-02-25 11:53,48,39.33660433,-76.47990704
1177,N,Apparently Normal,No Misuse,N,No Injury,5c145506-c7d7-47d3-b773-7b80ce60d765,D,AE4053001C,Shoulder/Lap Belt(s),F,9e2eb56e-aac3-4dfc-a2ec-c3e3588100a6,Same Direction Rear End,N,Intersection Related,Left Turn Lane,Daylight,No Defects,"Two-way, Divided, Positive Median Barrier",Dry,Clear,Six o'clock,Passenger Car,Disabling,N,Stopped in Traffic Lane,2015-02-27 11:46,47,39.33301947,-76.44435167
1178,Y,Apparently Normal,No Misuse,Y,No Injury,5d30fd98-a5c4-4a5d-9747-3cfaa99a57db,D,AE4053001C,Shoulder/Lap Belt(s),M,7344a1dc-11c0-47ac-85a5-6ca4fdd39e23,Same Direction Rear End,N,Intersection Related,Left Turn Lane,Daylight,No Defects,"Two-way, Divided, Positive Median Barrier",Dry,Clear,Twelve o'clock,Passenger Car,Disabling,N,Moving Constant Speed,2015-02-27 11:46,35,39.33301947,-76.44435167
1179,N,Apparently Normal,No Misuse,N,No Injury,87497782-251d-4cdb-9314-4e32c451c756,D,AE4053001G,Shoulder/Lap Belt(s),F,93dea5c4-5758-4e2d-adae-8c9fa2495b7d,Same Direction Sideswipe,N,Non Intersection,Left Turn Lane,Dusk,No Defects,"Two-way, Divided, Positive Median Barrier",Dry,Clear,One o'clock,Passenger Car,Functional,N,Moving Constant Speed,2015-03-19 19:10,45,39.4206463,-76.37444258
1180,N,Apparently Normal,No Misuse,Y,No Injury,cad31abd-56fd-4513-afb4-f90525a942f0,D,AE4053001G,Shoulder/Lap Belt(s),M,05155322-069e-4f1e-be91-709553a68254,Same Direction Sideswipe,N,Non Intersection,Left Turn Lane,Dusk,No Defects,"Two-way, Divided, Positive Median Barrier",Dry,Clear,Twelve o'clock,Pickup Truck,Disabling,N,Moving Constant Speed,2015-03-19 19:10,51,39.4206463,-76.37444258
1181,N,Apparently Normal,No Misuse,N,No Injury,91d01f68-c31d-48b1-8f22-21e378f1952d,D,AE40600004,Shoulder/Lap Belt(s),F,a84889ff-77e2-4d0a-a920-5fca721ecbd7,Same Movement Angle,N,Intersection Related,Left Turn Lane,Daylight,No Defects,"Two-way, Not Divided",Wet,Clear,Two o'clock,Passenger Car,Disabling,N,Moving Constant Speed,2015-03-09 12:15,62,39.45490493,-76.82405055
1182,N,Apparently Normal,No Misuse,Y,No Injury,795f307b-0934-4fa7-b634-f2ffae0c7a90,D,AE40600004,Shoulder/Lap Belt(s),F,6e7aeb94-f864-4e00-bbf3-db90679ad22d,Same Movement Angle,N,Intersection Related,Left Turn Lane,Daylight,No Defects,"Two-way, Not Divided",Wet,Clear,Twelve o'clock,Pickup Truck,Superficial,N,Stopped in Traffic Lane,2015-03-09 12:15,46,39.45490493,-76.82405055
1183,N,Apparently Normal,No Misuse,Y,No Injury,3b26e72f-903f-4745-b9c5-03f93fe5bfb2,D,AE40860010,Shoulder/Lap Belt(s),F,2e3bc20a-8537-44ff-9979-ceb9120cba02,Same Direction Rear End,N,Non Intersection,Left Turn Lane,Dark Lights On,No Defects,"Two-way, Divided, Positive Median Barrier",Ice,Wintry Mix,One o'clock,Passenger Car,Disabling,N,Skidding,2015-01-06 18:38,23,39.38895378,-76.6265595
1184,N,Apparently Normal,No Misuse,N,No Injury,bb5ee113-8828-4426-ba86-8f3b4c35bc75,D,AE40860010,Shoulder/Lap Belt(s),M,2098f699-af69-40ff-b370-f2dfe60754ac,Same Direction Rear End,N,Non Intersection,Left Turn Lane,Dark Lights On,No Defects,"Two-way, Divided, Positive Median Barrier",Ice,Wintry Mix,Twelve o'clock,Passenger Car,Disabling,N,Moving Constant Speed,2015-01-06 18:38,34,39.38895378,-76.6265595
1185,N,Apparently Normal,No Misuse,Y,No Injury,06783b07-ef82-428c-9e2d-756d9fddf893,D,AE40860011,Shoulder/Lap Belt(s),F,d8dd7218-e1b6-43e8-ad58-9c4ce0deeab2,Single Vehicle ,N,Intersection Related,Right Turn Lane,Daylight,No Defects,"Two-way, Divided, Positive Median Barrier",Dry,Clear,Underside,Passenger Car,Functional,N,Slowing or Stopping,2015-01-09 15:55,30,39.40513418,-76.59785718
1186,N,Apparently Normal,No Misuse,N,No Injury,04bd21ed-71e4-4058-a898-160360f794e8,D,AE40860013,Shoulder/Lap Belt(s),F,6d124555-4ebf-4660-94b5-8d95a3869a18,Same Movement Angle,N,Intersection,Right Turn Lane,Daylight,No Defects,"Two-way, Divided, Unprotected (painted >4 feet) Median",Dry,Clear,One o'clock,Passenger Car,Disabling,N,Moving Constant Speed,2015-01-21 09:52,45,39.37347326,-76.6473788
1187,N,Apparently Normal,No Misuse,Y,Possible Incapacitating Injury,983969f3-e407-4737-91b0-b003ffa76c78,D,AE40860013,Shoulder/Lap Belt(s),F,0bce79f6-2906-4970-baa8-7c9b6191c081,Same Movement Angle,N,Intersection,Right Turn Lane,Daylight,No Defects,"Two-way, Divided, Unprotected (painted >4 feet) Median",Dry,Clear,Twelve o'clock,Passenger Car,Destroyed,N,Starting From Parked,2015-01-21 09:52,19,39.37347326,-76.6473788
1188,N,Apparently Normal,No Misuse,Y,No Injury,f2cbbf13-1456-41df-9530-35b02b9a141d,D,AE41040007,Shoulder/Lap Belt(s),F,1be38638-bda6-4a45-8bdf-8e58e38294c6,Same Direction Rear End,N,Intersection,Acceleration Lane,Daylight,No Defects,"Two-way, Divided, Positive Median Barrier",Dry,Cloudy,Twelve o'clock,Van,Superficial,N,Slowing or Stopping,2015-03-04 13:01,27,39.35039435,-76.48505688
1189,N,Apparently Normal,No Misuse,N,No Injury,2701d455-37a7-4b9d-b438-893b72423624,D,AE41040007,Shoulder/Lap Belt(s),M,3b6c724b-b10e-4c6c-b582-9b364ebfc6a2,Same Direction Rear End,N,Intersection,Acceleration Lane,Daylight,No Defects,"Two-way, Divided, Positive Median Barrier",Dry,Cloudy,Six o'clock,Ambulance/Emergency,Superficial,N,Making Right Turn,2015-03-04 13:01,21,39.35039435,-76.48505688
1190,N,Apparently Normal,No Misuse,Y,No Injury,b29545fc-2c40-4770-8cf2-3a1c405a6bd9,D,AE41080005,Shoulder/Lap Belt(s),F,ce560294-c246-457d-b253-f07674e4aea3,Same Direction Rear End,N,Non Intersection,Right Turn Lane,Daylight,No Defects,"Two-way, Not Divided",Snow,Snow,Five o'clock,Passenger Car,Functional,N,Slowing or Stopping,2015-03-05 13:50,40,39.29599012,-76.46048784
1191,N,Apparently Normal,No Misuse,Y,Possible Incapacitating Injury,b3a29f90-ce73-4c9c-b1b1-bbb8bf0261ca,D,AE41080005,Shoulder/Lap Belt(s),F,bc70e64c-1be8-49e3-bc95-abd9f932f462,Same Direction Rear End,N,Non Intersection,Right Turn Lane,Daylight,No Defects,"Two-way, Not Divided",Snow,Snow,Eight o'clock,Passenger Car,Disabling,N,Slowing or Stopping,2015-03-05 13:50,24,39.29599012,-76.46048784
1192,N,Apparently Normal,No Misuse,Y,No Injury,4ccaaaa4-6cff-4ee2-917b-51bc98f8196a,D,AE41080005,Shoulder/Lap Belt(s),M,93f281a3-a603-41d5-a0bd-7605dd8a7eb4,Same Direction Rear End,N,Non Intersection,Right Turn Lane,Daylight,No Defects,"Two-way, Not Divided",Snow,Snow,Twelve o'clock,Passenger Car,Superficial,N,Moving Constant Speed,2015-03-05 13:50,49,39.29599012,-76.46048784
1193,N,Apparently Normal,No Misuse,N,No Injury,927b617c-d061-4aab-bc61-ce8a50c6312f,D,AE41080006,Shoulder/Lap Belt(s),F,a17a2341-3b4e-4e2b-b510-5b90c7dadeeb,Same Direction Rear End,N,Non Intersection,Left Turn Lane,Daylight,No Defects,One-way Trafficway,Dry,Clear,Five o'clock,(Sport) Utility Vehicle,Functional,N,Moving Constant Speed,2015-03-31 10:33,62,39.32208121,-76.46496713
1194,N,Apparently Normal,No Misuse,N,No Injury,a03f9573-0454-4d98-b04a-9304072d885a,D,AE4115000N,Shoulder/Lap Belt(s),F,43da707e-7aa7-4429-b829-f108a5132144,Head On,N,Non Intersection,Right Turn Lane,Daylight,No Defects,"Two-way, Divided, Unprotected (painted >4 feet) Median",Dry,Clear,Twelve o'clock,Passenger Car,Disabling,N,Moving Constant Speed,2015-01-09 16:01,52,39.44406447,-76.81801558
1195,N,Apparently Normal,No Misuse,N,No Injury,0618dc62-a3b6-4f2a-9991-de6e809f1aa5,D,AE4115000N,Shoulder/Lap Belt(s),M,cef70816-4303-4916-86a8-b59f9f1057ad,Head On,N,Non Intersection,Right Turn Lane,Daylight,No Defects,"Two-way, Divided, Unprotected (painted >4 feet) Median",Dry,Clear,One o'clock,Passenger Car,Functional,N,Moving Constant Speed,2015-01-09 16:01,44,39.44406447,-76.81801558
1196,N,Apparently Normal,No Misuse,N,No Injury,04e2b807-ecbc-48f3-95db-e49991601d6e,D,AE4115000N,Shoulder/Lap Belt(s),M,f80a27b0-89be-45cf-8987-e1d5f7a6160f,Head On,N,Non Intersection,Right Turn Lane,Daylight,No Defects,"Two-way, Divided, Unprotected (painted >4 feet) Median",Dry,Clear,Twelve o'clock,Passenger Car,Disabling,N,Moving Constant Speed,2015-01-09 16:01,30,39.44406447,-76.81801558