KEY_INDEX,CDL_FLAG,CONDITION_CODE,EQUIP_PROB_CODE,FAULT_FLAG,INJ_SEVER_CODE,PERSON_ID,PERSON_TYPE,REPORT_NO,SAF_EQUIP_CODE,SEX_CODE,VEHICLE_ID,COLLISION_TYPE_CODE,C_M_ZONE_FLAG,JUNCTION_CODE,LANE_CODE,LIGHT_CODE,RD_COND_CODE,RD_DIV_CODE,SURF_COND_CODE,WEATHER_CODE,AREA_DAMAGED_CODE_MAIN,BODY_TYPE_CODE,DAMAGE_CODE,HIT_AND_RUN_FLAG,MOVEMENT_CODE,TIME,AGE,LATITUDE,LONGITUDE
1197,N,Apparently Normal,No Misuse,N,No Injury,63cb94df-db24-4ffc-a9ed-9ad3b49bc89c,D,AE4134001G,Shoulder/Lap Belt(s),F,f26dacc9-452e-47ec-a154-1324b61b5c16,Same Direction Rear End,N,Intersection Related,Right Turn Lane,Dusk,No Defects,"Two-way, Divided, Positive Median Barrier",Dry,Cloudy,Six o'clock,(Sport) Utility Vehicle,Superficial,N,Stopped in Traffic Lane,2015-03-27 18:49,52,39.39735291,-76.40504122
1198,N,Apparently Normal,No Misuse,Y,No Injury,6ca53d56-964a-4ac5-b4c2-0d2385bb4b34,D,AE4134001G,Shoulder/Lap Belt(s),F,f8c7d07a-24e4-46e4-89f2-febb8d46c65d,Same Direction Rear End,N,Intersection Related,Right Turn Lane,Dusk,No Defects,"Two-way, Divided, Positive Median Barrier",Dry,Cloudy,Twelve o'clock,Van,Disabling,N,Moving Constant Speed,2015-03-27 18:49,58,39.39735291,-76.40504122
1199,N,Apparently Normal,No Misuse,N,No Injury,5390827f-3ac5-4d5a-8f65-4eabf65d1008,D,AE4134001G,Shoulder/Lap Belt(s),M,99ddd58e-6cd6-490d-be06-5c9c59ae956c,Same Direction Rear End,N,Intersection Related,Right Turn Lane,Dusk,No Defects,"Two-way, Divided, Positive Median Barrier",Dry,Cloudy,Six o'clock,Passenger Car,Disabling,N,Stopped in Traffic Lane,2015-03-27 18:49,67,39.39735291,-76.40504122
1200,N,Apparently Normal,No Misuse,N,No Injury,0180ed1c-efac-4bbb-9ff2-55c94f9fb8e9,D,AE4134001G,Shoulder/Lap Belt(s),M,a06ed0db-9e9a-4c66-8779-2df860e071ca,Same Direction Rear End,N,Intersection Related,Right Turn Lane,Dusk,No Defects,"Two-way, Divided, Positive Median Barrier",Dry,Cloudy,Six o'clock,Passenger Car,Functional,N,Stopped in Traffic Lane,2015-03-27 18:49,34,39.39735291,-76.40504122
1201,N,Apparently Normal,No Misuse,N,No Injury,90ed5215-47f1-4426-8827-10d2cb1887a7,D,AE4134001G,Shoulder/Lap Belt(s),M,469d3366-1855-4638-a9b7-22273e400724,Same Direction Rear End,N,Intersection Related,Right Turn Lane,Dusk,No Defects,"Two-way, Divided, Positive Median Barrier",Dry,Cloudy,Six o'clock,Pickup Truck,Functional,N,Stopped in Traffic Lane,2015-03-27 18:49,29,39.39735291,-76.40504122
1202,N,Apparently Normal,No Misuse,Y,No Injury,93f9ceed-0bfe-46c2-b203-2f13a1fb95a4,D,AE42370004,Shoulder/Lap Belt(s),F,74baa72a-262b-42ad-97b9-4c83f8c611d2,Same Direction Rear End,N,Non Intersection,Right Turn Lane,Dark Lights On,No Defects,"Two-way, Not Divided",Slush,Snow,Twelve o'clock,Passenger Car,Functional,N,Slowing or Stopping,2015-02-15 01:56,66,39.35153095,-76.37767196
1203,N,Apparently Normal,No Misuse,Y,No Injury,b523b23b-6c89-42e2-91c5-01a7b21dee47,D,AE4242000Q,Shoulder/Lap Belt(s),F,37e45f9b-2898-4097-9a37-a3a5cbd5fa8f,Head On Left Turn,N,Intersection,Left Turn Lane,Daylight,No Defects,"Two-way, Divided, Positive Median Barrier",Dry,Clear,One o'clock,Passenger Car,Disabling,N,Making U Turn,2015-03-19 14:44,26,39.40383605,-76.7963326
1204,N,Apparently Normal,No Misuse,N,No Injury,ae8f6007-3038-44db-811f-31034f0e1e80,D,AE42620007,Shoulder/Lap Belt(s),F,14431df8-2e69-431d-b9b9-6d86911e0915,Same Direction Sideswipe,N,Non Intersection,Right Turn Lane,Daylight,No Defects,One-way Trafficway,Dry,Clear,Five o'clock,Passenger Car,Functional,N,Making Left Turn,2015-02-20 16:43,27,39.32203141,-76.50510907
1205,N,Apparently Normal,No Misuse,Y,Non-incapacitating Injury,ae4492cc-ca8a-4908-8487-81a342630a01,D,AE42620007,Shoulder/Lap Belt(s),F,d42a7158-bf89-4e01-a4de-d4e49113d3ca,Same Direction Sideswipe,N,Non Intersection,Right Turn Lane,Daylight,No Defects,One-way Trafficway,Dry,Clear,Eleven o'clock,Passenger Car,Disabling,N,Moving Constant Speed,2015-02-20 16:43,41,39.32203141,-76.50510907
1206,N,Apparently Normal,No Misuse,N,No Injury,6b8eec91-cd88-491b-ad11-c20076c26c30,D,AE4288001Z,Shoulder/Lap Belt(s),M,5dd9fbee-5952-4df8-a35b-e071992e81c8,Same Movement Angle,N,Intersection,Left Turn Lane,Daylight,No Defects,"Two-way, Not Divided",Dry,Clear,Twelve o'clock,Passenger Car,Destroyed,N,Moving Constant Speed,2015-01-23 09:58,55,39.38098486,-76.60780549
1207,N,Apparently Normal,No Misuse,Y,No Injury,d0f2f6cb-6dad-4741-b4f8-69ee50c7d559,D,AE42880020,Shoulder/Lap Belt(s),M,ea9a5c06-d245-41e0-9fe3-8c8c4739cf8f,Head On Left Turn,N,Intersection,Right Turn Lane,Dark Lights On,No Defects,"Two-way, Divided, Positive Median Barrier",Dry,Clear,Twelve o'clock,All Terrain Vehicle (ATV),Disabling,N,Making Left Turn,2015-01-30 21:40,21,39.39292546,-76.583848
1208,N,Apparently Normal,No Misuse,N,No Injury,3a3a0445-cb6b-463d-8c21-273512038187,D,AE43210009,Shoulder/Lap Belt(s),F,a4a8b356-4510-4c24-82c7-10103e5f9ca6,Same Direction Rear End,N,Non Intersection,Right Turn Lane,Dark Lights On,No Defects,"Two-way, Divided, Positive Median Barrier",Wet,Wintry Mix,Five o'clock,Passenger Car,Functional,N,Moving Constant Speed,2015-01-21 17:32,34,39.35960277,-76.44696951
1209,N,Apparently Normal,No Misuse,N,No Injury,9c3a17fd-90ae-4752-bbe0-a5cf910795ac,D,AE43370007,Shoulder/Lap Belt(s),F,2bce1af5-bf2b-4e13-9d97-fb0d5befa86c,Head On Left Turn,N,Intersection,Right Turn Lane,Daylight,No Defects,"Two-way, Not Divided",Dry,Clear,Five o'clock,(Sport) Utility Vehicle,Superficial,N,Making Left Turn,2015-02-15 15:00,17,39.28257554,-76.52486086
1210,N,Apparently Normal,No Misuse,Y,No Injury,af7e169b-fa48-48fa-bef9-833840eae25f,D,AE4356000Z,Shoulder/Lap Belt(s),F,f0e0ebf4-daaa-4462-896d-a05a6fd86a1a,Single Vehicle ,N,Intersection,Left Turn Lane,Dawn,No Defects,"Two-way, Not Divided",Dry,Cloudy,Twelve o'clock,Passenger Car,Superficial,N,Making Left Turn,2015-01-14 07:06,83,39.29559574,-76.50919676
1211,N,Apparently Normal,No Misuse,Y,No Injury,c1ec1085-bbc1-4abb-bd08-9431cd598676,D,AE4381000K,Shoulder/Lap Belt(s),F,65efde4a-ea15-49a1-801b-7a92ee3c3c0e,Single Vehicle ,N,Non Intersection,Right Turn Lane,Daylight,Loose Surface Material,"Two-way, Divided, Unprotected (painted >4 feet) Median",Slush,Sleet,Twelve o'clock,Pickup Truck,Disabling,N,Slowing or Stopping,2015-03-01 14:28,19,39.42543664,-76.38374448
1212,N,Apparently Normal,No Misuse,N,No Injury,a453cd31-6a91-4301-8b93-1f7341d5fbd3,D,AE44240004,Shoulder/Lap Belt(s),F,136984b5-c39b-4832-b9eb-332fb1f07a5c,Head On Left Turn,N,Intersection,Left Turn Lane,Daylight,No Defects,"Two-way, Not Divided",Dry,Clear,Twelve o'clock,Passenger Car,Disabling,N,Moving Constant Speed,2015-01-19 13:12,20,39.38123365,-76.82320833
1213,N,Apparently Normal,No Misuse,Y,No Injury,d3949c1b-ce3f-4219-807a-9f89785de4a4,D,AE44240004,Shoulder/Lap Belt(s),M,c45e2a56-134c-4ab2-b33b-00f07c516230,Head On Left Turn,N,Intersection,Left Turn Lane,Daylight,No Defects,"Two-way, Not Divided",Dry,Clear,Four o'clock,Truck Tractor,Superficial,N,Making Left Turn,2015-01-19 13:12,43,39.38123365,-76.82320833
1214,N,Apparently Normal,No Misuse,Y,No Injury,f53f879a-9cf4-48fa-bd12-ba4b7afa79ae,D,AE44240006,Shoulder/Lap Belt(s),F,e9c521f4-456d-4ccb-ad04-1f6255b50642,Same Direction Right Turn,N,Non Intersection,Acceleration Lane,Dark Lights On,No Defects,"Two-way, Divided, Positive Median Barrier",Wet,Wintry Mix,Two o'clock,(Sport) Utility Vehicle,Superficial,N,Moving Constant Speed,2015-01-29 18:30,47,39.27369334,-76.72426701
1215,N,Apparently Normal,No Misuse,Y,No Injury,03940a52-a343-445f-9350-b027be3cef02,D,AE44240008,Shoulder/Lap Belt(s),F,6b07da9e-15a6-4b73-a9c9-c1d66b637649,Same Movement Angle,N,Non Intersection,Right Turn Lane,Daylight,No Defects,"Two-way, Not Divided",Dry,Clear,Eleven o'clock,Passenger Car,Disabling,N,Making Left Turn,2015-02-12 07:48,40,39.33725157,-76.7517972
1216,N,Apparently Normal,No Misuse,N,No Injury,09501a7c-b4cb-4ee6-8456-67d11264749f,D,AE4424000C,Shoulder/Lap Belt(s),F,5111558a-a396-4a95-b3f2-2932c5d67c3f,Head On Left Turn,N,Non Intersection,Right Turn Lane,Daylight,No Defects,"Two-way, Not Divided",Dry,Clear,Twelve o'clock,(Sport) Utility Vehicle,Disabling,N,Moving Constant Speed,2015-02-18 15:35,18,39.37562751,-76.83054686
1217,N,Apparently Normal,No Misuse,Y,No Injury,211e6618-1c39-4e12-be78-d57c922419b7,D,AE4424000C,Shoulder/Lap Belt(s),M,518e70ca-7e22-468a-8c39-b1ddf04156dd,Head On Left Turn,N,Non Intersection,Right Turn Lane,Daylight,No Defects,"Two-way, Not Divided",Dry,Clear,One o'clock,Van,Disabling,N,Making Left Turn,2015-02-18 15:35,81,39.37562751,-76.83054686
1218,N,Apparently Normal,No Misuse,N,No Injury,3633dd09-249a-4ea9-b921-6d45667f5947,D,AE4424000D,Shoulder/Lap Belt(s),F,c2292784-3c9c-4bbc-972f-bfd0db25ee2f,Same Direction Rear End,N,Non Intersection,Right Turn Lane,Daylight,No Defects,"Two-way, Not Divided",Dry,Clear,Twelve o'clock,Passenger Car,Functional,N,Stopped in Traffic Lane,2015-02-19 16:09,34,39.35366306,-76.76754713
1219,N,Apparently Normal,No Misuse,N,No Injury,eec9b19a-bc7c-436b-85da-d5f1834df23d,D,AE4424000F,Shoulder/Lap Belt(s),F,f2ea143d-7f60-4f38-aaee-f2d7f64e170e,Same Movement Angle,N,Intersection,Right Turn Lane,Dark Lights On,No Defects,"Two-way, Not Divided",Dry,Clear,Twelve o'clock,Van,Disabling,N,Starting From Lane,2015-02-19 18:33,45,39.37070104,-76.78670883
1220,N,Apparently Normal,No Misuse,Y,No Injury,5452d078-984e-4a3a-bc65-53f7b7f3433c,D,AE4424000F,Shoulder/Lap Belt(s),M,7df83e58-bb2f-47cb-be57-eb3b31ac1edb,Same Movement Angle,N,Intersection,Right Turn Lane,Dark Lights On,No Defects,"Two-way, Not Divided",Dry,Clear,Twelve o'clock,(Sport) Utility Vehicle,Disabling,N,Moving Constant Speed,2015-02-19 18:33,51,39.37070104,-76.78670883
1221,N,Apparently Normal,No Misuse,Y,No Injury,0c624d6e-c994-4dc3-be27-a91f204c0d70,D,AE4424000K,Shoulder/Lap Belt(s),F,0e51e911-cc38-4ab1-87b0-a96a78bf221b,Opposite Direction Sideswipe,N,Non Intersection,Right Turn Lane,Daylight,"Holes, Ruts, Etc.","Two-way, Not Divided",Snow,Snow,Eight o'clock,Passenger Car,Disabling,N,Moving Constant Speed,2015-02-26 06:45,44,39.33089503,-76.78226709
1222,N,Apparently Normal,No Misuse,Y,No Injury,0bf02efa-58cf-4af4-8bfd-805640fdabca,D,AE4424000K,Shoulder/Lap Belt(s),M,b6a0ce55-3737-462c-945e-4d7ef2122ecc,Opposite Direction Sideswipe,N,Non Intersection,Right Turn Lane,Daylight,"Holes, Ruts, Etc.","Two-way, Not Divided",Snow,Snow,Ten o'clock,"Medium/Heavy Truck 2 axles (10,000 lbs (4,536 kg) or less)",Superficial,N,Moving Constant Speed,2015-02-26 06:45,37,39.33089503,-76.78226709
1223,N,Apparently Normal,No Misuse,N,No Injury,099cb309-cc9e-4d9f-acf6-dd5948e81548,D,AE45020015,Shoulder/Lap Belt(s),F,89f72c33-a730-413b-b8b4-29566cd8f692,Same Direction Right Turn,N,Intersection Related,Left Turn Lane,Daylight,No Defects,"Two-way, Not Divided",Dry,Cloudy,Eleven o'clock,Passenger Car,Superficial,N,Slowing or Stopping,2015-02-04 12:03,24,39.494964,-76.659088
1224,N,Apparently Normal,No Misuse,N,No Injury,2a5ce9b8-fef8-4019-b380-a4ba78924544,D,AE4519000D,Shoulder/Lap Belt(s),F,b389843d-0ddd-4b37-af5f-0c9b30f2254d,Same Direction Sideswipe,N,Intersection,Right Turn Lane,Daylight,No Defects,"Two-way, Not Divided",Dry,Clear,Five o'clock,(Sport) Utility Vehicle,Superficial,N,Moving Constant Speed,2015-01-08 08:50,53,39.27270913,-76.46915674
1225,N,Apparently Normal,No Misuse,Y,No Injury,9bb51a4c-6997-4844-ae3d-a60d8d8416b3,D,AE4519000D,Shoulder/Lap Belt(s),M,4b55761d-fa25-49f0-80d8-6c41b32b688f,Same Direction Sideswipe,N,Intersection,Right Turn Lane,Daylight,No Defects,"Two-way, Not Divided",Dry,Clear,Eleven o'clock,Passenger Car,Superficial,N,Making Left Turn,2015-01-08 08:50,55,39.27270913,-76.46915674
1226,N,Apparently Normal,No Misuse,Y,No Injury,5769e3cd-ecca-4572-b04e-daae496a0860,D,AE4519000M,Shoulder/Lap Belt(s),F,f6f90a3e-cc25-40a8-8550-9acacb238b2a,Same Direction Rear End,N,Non Intersection,Left Turn Lane,Daylight,No Defects,"Two-way, Divided, Positive Median Barrier",Dry,Clear,Twelve o'clock,Passenger Car,Disabling,N,Moving Constant Speed,2015-03-03 07:54,25,39.28972117,-76.52550459
1227,N,Apparently Normal,No Misuse,N,No Injury,2dc833cf-79a0-45e0-96bd-77dc9bc0e760,D,AE4519000M,Shoulder/Lap Belt(s),M,a5d96f8a-8d4c-42e2-8693-e02a4e2aa897,Same Direction Rear End,N,Non Intersection,Left Turn Lane,Daylight,No Defects,"Two-way, Divided, Positive Median Barrier",Dry,Clear,Six o'clock,(Sport) Utility Vehicle,Superficial,N,Stopped in Traffic Lane,2015-03-03 07:54,46,39.28972117,-76.52550459
1228,N,Apparently Normal,No Misuse,N,No Injury,86a830d9-428e-4b3f-8e23-498c21369ead,D,AE4519000M,Shoulder/Lap Belt(s),M,56d81aa1-d42f-420f-8b75-a0871b461f44,Same Direction Rear End,N,Non Intersection,Left Turn Lane,Daylight,No Defects,"Two-way, Divided, Positive Median Barrier",Dry,Clear,Six o'clock,(Sport) Utility Vehicle,Superficial,N,Stopped in Traffic Lane,2015-03-03 07:54,38,39.28972117,-76.52550459
1229,N,Apparently Normal,No Misuse,N,No Injury,e71e1f0d-0dcd-4aeb-aaef-44553cf08284,D,AE4519000N,Shoulder/Lap Belt(s),F,ce0c81fe-b4d1-4a6b-b15b-24204f711e49,Same Direction Left Turn,N,Non Intersection,Right Turn Lane,Daylight,No Defects,"Two-way, Not Divided",Dry,Clear,One o'clock,Station Wagon,Disabling,N,Moving Constant Speed,2015-03-15 12:35,48,39.24282945,-76.4570868
1230,N,Apparently Normal,No Misuse,Y,No Injury,8b114d11-0da2-4b30-b88c-c965cc7cc9f9,D,AE4519000N,Shoulder/Lap Belt(s),M,5b1ec595-b779-4d4d-88bb-bba2d309d6fc,Same Direction Left Turn,N,Non Intersection,Right Turn Lane,Daylight,No Defects,"Two-way, Not Divided",Dry,Clear,Nine o'clock,Passenger Car,Disabling,N,Making U Turn,2015-03-15 12:35,18,39.24282945,-76.4570868
1231,N,Apparently Normal,No Misuse,Y,No Injury,0424cdf0-6e36-4490-be83-94e35f739b74,D,AE45220005,Shoulder/Lap Belt(s),F,484c9dc3-a05d-4e6e-9b1d-cc76b24e6598,Single Vehicle ,N,Intersection Related,Right Turn Lane,Dark Lights On,No Defects,"Two-way, Not Divided",Ice,Clear,Four o'clock,(Sport) Utility Vehicle,Functional,N,Slowing or Stopping,2015-03-03 00:49,52,39.35301597,-76.43626213
1232,N,Apparently Normal,No Misuse,Y,No Injury,4e8f49f4-57c7-4460-abda-ecf88560a076,D,AE45220008,Shoulder/Lap Belt(s),F,4daaff02-871d-41b0-8b5d-84704d7e4a5a,Single Vehicle ,N,Non Intersection,Right Turn Lane,Dark Lights On,No Defects,"Two-way, Divided, Positive Median Barrier",Dry,Clear,One o'clock,Passenger Car,Destroyed,N,Moving Constant Speed,2015-03-18 02:08,21,39.39733633,-76.40544891
1233,N,Apparently Normal,No Misuse,Y,No Injury,32926ce7-d710-4580-9252-458ebf63c177,D,AE4535000B,Shoulder Belt Only,F,2e78645d-14a1-4179-95c9-87145f9926db,Same Direction Left Turn,N,Non Intersection,Right Turn Lane,Dark Lights On,No Defects,"Two-way, Not Divided",Wet,Snow,Twelve o'clock,Passenger Car,Functional,N,Slowing or Stopping,2015-02-01 23:25,27,39.41459574,-76.77329779
1234,N,Apparently Normal,No Misuse,Y,No Injury,3ee58e69-943e-4dbc-8c99-f271efe390fa,D,AE4535000B,Shoulder/Lap Belt(s),F,9b491047-8b3d-4cb3-8c6a-c883c5da560c,Same Direction Left Turn,N,Non Intersection,Right Turn Lane,Dark Lights On,No Defects,"Two-way, Not Divided",Wet,Snow,Ten o'clock,Passenger Car,Disabling,N,Slowing or Stopping,2015-02-01 23:25,28,39.41459574,-76.77329779
1235,N,Apparently Normal,No Misuse,Y,No Injury,2443a054-8d10-40e7-9c98-6ae614ca5a84,D,AE4535000C,Shoulder/Lap Belt(s),F,64173b75-658c-4086-95f5-797e4af54a4c,Same Direction Rear End,N,Intersection,Right Turn Lane,Dark Lights On,No Defects,"Two-way, Divided, Positive Median Barrier",Snow,Snow,Twelve o'clock,(Sport) Utility Vehicle,Functional,N,Slowing or Stopping,2015-02-14 23:50,22,39.414919,-76.77396297
1236,N,Apparently Normal,No Misuse,Y,No Injury,b43402f1-dda5-43ee-a736-ecfdf72dfc82,D,AE4535000C,Shoulder/Lap Belt(s),M,cd0995ca-f553-48f1-b0e4-5d0fb036526f,Same Direction Rear End,N,Intersection,Right Turn Lane,Dark Lights On,No Defects,"Two-way, Divided, Positive Median Barrier",Snow,Snow,Six o'clock,Passenger Car,Disabling,N,Slowing or Stopping,2015-02-14 23:50,24,39.414919,-76.77396297
1237,N,Apparently Normal,No Misuse,N,No Injury,7a5f565f-6dc6-4a9c-99fe-91bdf9017d61,D,AE45380008,Shoulder/Lap Belt(s),F,3c108f5e-065a-4aba-b57b-322c7bba93ee,Angle Meets Right Turn,N,Intersection Related,Right Turn Lane,Daylight,No Defects,"Two-way, Not Divided",Dry,Clear,Five o'clock,Passenger Car,Superficial,N,Stopped in Traffic Lane,2015-01-02 12:07,51,39.25713017,-76.66405678
1238,N,Apparently Normal,No Misuse,Y,No Injury,78183476-ab74-4401-b2e2-563baa709990,D,AE45380008,Shoulder/Lap Belt(s),M,ab5abda1-e84d-4e02-b9af-f3ae9984a66c,Angle Meets Right Turn,N,Intersection Related,Right Turn Lane,Daylight,No Defects,"Two-way, Not Divided",Dry,Clear,Twelve o'clock,Passenger Car,Superficial,Y,Making Right Turn,2015-01-02 12:07,54,39.25713017,-76.66405678
1239,N,Apparently Normal,No Misuse,N,No Injury,fdd1499d-8cdc-45cb-93fb-b74b2c41be04,D,AE45380009,Shoulder/Lap Belt(s),F,00c2e4fa-47fc-4be1-8948-47a4c94c1d3b,Same Direction Sideswipe,Y,Non Intersection,Right Turn Lane,Daylight,No Defects,"Two-way, Not Divided",Dry,Clear,Eleven o'clock,Passenger Car,Superficial,N,Moving Constant Speed,2015-02-12 15:48,26,39.23770457,-76.66008711
1240,N,Apparently Normal,No Misuse,Y,No Injury,5c68631d-6385-4d6a-bc64-5dd2c9cf811f,D,AE45380009,Shoulder/Lap Belt(s),F,31aae625-5118-4ebe-b612-d4707651e9f3,Same Direction Sideswipe,Y,Non Intersection,Right Turn Lane,Daylight,No Defects,"Two-way, Not Divided",Dry,Clear,Three o'clock,Passenger Car,Superficial,N,Moving Constant Speed,2015-02-12 15:48,25,39.23770457,-76.66008711
1241,Y,Apparently Normal,No Misuse,N,No Injury,4decf1a1-ec5e-4900-ac2d-56b6e2432b48,D,AE4546000V,Shoulder/Lap Belt(s),F,88fead5e-3844-4801-b273-2d526ece01c1,Same Direction Rear End Left Turn,N,Intersection,Right Turn Lane,Daylight,No Defects,"Two-way, Not Divided",Wet,Raining,Six o'clock,School Bus,Superficial,N,Stopped in Traffic Lane,2015-03-10 15:57,74,39.46820363,-76.82973146
1242,N,Apparently Normal,No Misuse,N,Possible Incapacitating Injury,9ad233fc-0887-4f77-821f-bf2aaa87c364,D,AE4546000V,Shoulder/Lap Belt(s),F,707b9a28-bfb0-44a4-8b1a-c55e6c1a9103,Same Direction Rear End Left Turn,N,Intersection,Right Turn Lane,Daylight,No Defects,"Two-way, Not Divided",Wet,Raining,Six o'clock,Passenger Car,Functional,N,Stopped in Traffic Lane,2015-03-10 15:57,33,39.46820363,-76.82973146
1243,N,Apparently Normal,No Misuse,Y,No Injury,f5c09095-925d-47c3-a8dc-4c812924f04b,D,AE4546000V,Shoulder/Lap Belt(s),M,44295047-65e6-4a64-be7b-4afe0b423b3a,Same Direction Rear End Left Turn,N,Intersection,Right Turn Lane,Daylight,No Defects,"Two-way, Not Divided",Wet,Raining,Twelve o'clock,Pickup Truck,Superficial,N,Slowing or Stopping,2015-03-10 15:57,73,39.46820363,-76.82973146
1244,N,Apparently Normal,No Misuse,N,No Injury,329bd02d-2491-4ec4-9fe7-842a2788e414,D,AE4546000W,Shoulder/Lap Belt(s),F,0e967662-7b4c-45f3-b186-9c3780336dcc,Same Movement Angle,N,Intersection,Right Turn Lane,Dark Lights On,No Defects,"Two-way, Not Divided",Dry,Clear,Twelve o'clock,(Sport) Utility Vehicle,Disabling,N,Moving Constant Speed,2015-03-12 21:08,75,39.42530404,-76.69085741
1245,N,Apparently Normal,No Misuse,Y,No Injury,65c5222e-8d52-4fe7-aacf-a7ae2c9a0ea4,D,AE4546000W,Shoulder/Lap Belt(s),F,66008405-d6f8-45fc-94cc-a43cb76fbcdb,Same Movement Angle,N,Intersection,Right Turn Lane,Dark Lights On,No Defects,"Two-way, Not Divided",Dry,Clear,Two o'clock,Passenger Car,Disabling,N,Moving Constant Speed,2015-03-12 21:08,55,39.42530404,-76.69085741
1246,N,Apparently Normal,No Misuse,Y,No Injury,326e5f6a-85b3-4ab9-8820-4dc8fedfeda7,D,AE4546000Y,Shoulder/Lap Belt(s),F,e87110fa-5705-4ad6-bc5e-93011c477b38,Same Movement Angle,N,Intersection,Right Turn Lane,Daylight,No Defects,"Two-way, Not Divided",Dry,Clear,Nine o'clock,Passenger Car,Disabling,N,Making Left Turn,2015-03-19 07:38,62,39.45476825,-76.82398081
1247,N,Apparently Normal,No Misuse,N,Possible Incapacitating Injury,95aba483-7ab4-49c1-9517-e79d3b636dc6,D,AE4546000Y,Shoulder/Lap Belt(s),M,ca525c32-a730-4c60-a2ec-529f92603bb6,Same Movement Angle,N,Intersection,Right Turn Lane,Daylight,No Defects,"Two-way, Not Divided",Dry,Clear,Twelve o'clock,Passenger Car,Disabling,N,Moving Constant Speed,2015-03-19 07:38,20,39.45476825,-76.82398081
1248,N,Apparently Normal,No Misuse,Y,No Injury,d2fc2328-4389-47f2-92c5-3377a2a17bb0,D,AE4561000Q,Shoulder/Lap Belt(s),F,638e0a69-5f6b-4389-b2f1-3bdf30dbefef,Same Movement Angle,N,Intersection,Right Turn Lane,Dark No Lights,No Defects,"Two-way, Not Divided",Dry,Clear,Eleven o'clock,Passenger Car,Disabling,N,Starting From Lane,2015-01-09 18:02,58,39.41650836,-76.7159126
1249,N,Apparently Normal,No Misuse,Y,No Injury,bf39c6d0-d7fa-4ddb-be8d-5dfdb6600d22,D,AE4561000Q,Shoulder/Lap Belt(s),M,5d85d018-6c80-45b3-a143-c5bbd517401f,Same Movement Angle,N,Intersection,Right Turn Lane,Dark No Lights,No Defects,"Two-way, Not Divided",Dry,Clear,Twelve o'clock,Passenger Car,Disabling,N,Moving Constant Speed,2015-01-09 18:02,64,39.41650836,-76.7159126
1250,N,Apparently Normal,No Misuse,N,No Injury,2015d5a4-eb24-41b4-bc59-8e587f16561d,D,AE4561000S,Shoulder/Lap Belt(s),F,1c4f35e0-f5fa-4ddb-bbaa-5c15f1bfca94,Head On Left Turn,N,Intersection,Left Turn Lane,Daylight,No Defects,"Two-way, Not Divided",Wet,Raining,One o'clock,Passenger Car,Superficial,N,Moving Constant Speed,2015-01-20 14:57,77,39.37838606,-76.72672056
1251,N,Apparently Normal,No Misuse,Y,No Injury,b2119e8c-e9d0-4311-9f29-fe32256ac62a,D,AE4569000J,Shoulder/Lap Belt(s),F,d86875f2-842a-4d89-9874-86326217254d,Same Movement Angle,N,Intersection,Right Turn Lane,Daylight,No Defects,"Two-way, Not Divided",Dry,Clear,Twelve o'clock,Passenger Car,Destroyed,N,Accelerating,2015-02-27 12:59,32,39.452283,-76.81033373
1252,N,Apparently Normal,No Misuse,Y,No Injury,0a3a449e-d3a9-4725-9830-85dd36be9e06,D,AE46260005,Shoulder/Lap Belt(s),F,df7ea962-8b27-426b-a9bb-89cce6e8c2bd,Single Vehicle ,N,Non Intersection,Right Turn Lane,Dark Lights On,No Defects,"Two-way, Not Divided",Ice,Clear,Two o'clock,Passenger Car,Superficial,N,Moving Constant Speed,2015-01-18 22:38,25,39.41729784,-76.54155493
1253,N,Apparently Normal,No Misuse,Y,No Injury,9ae5440a-c3e4-4c21-8cc3-46d7cea1186e,D,AE46260007,Shoulder/Lap Belt(s),F,eebc539b-aad6-4d1f-a4d5-a6a986f8c138,Same Direction Sideswipe,N,Non Intersection,Right Turn Lane,Dark Lights On,No Defects,"Two-way, Not Divided",Wet,Raining,One o'clock,Passenger Car,Disabling,N,Moving Constant Speed,2015-03-10 23:43,31,39.40789807,-76.53823972
1254,N,Apparently Normal,No Misuse,N,No Injury,36024472-60ca-4d5a-bfb4-fede2901d583,D,AE4652000C,Shoulder/Lap Belt(s),F,7ed7edcb-b916-4d3b-bebd-1210b78c1a23,Same Direction Sideswipe,N,Non Intersection,Right Turn Lane,Daylight,No Defects,"Two-way, Not Divided",Dry,Clear,One o'clock,Pickup Truck,Superficial,Y,Moving Constant Speed,2015-01-30 15:11,42,39.3958564,-76.52248979
1255,N,Apparently Normal,No Misuse,Y,No Injury,a0ff932c-d1c0-4b8d-abf7-f1ee3fb4cde7,D,AE4652000C,Shoulder/Lap Belt(s),M,d48c274f-af6a-4926-bd8b-20e2eadd03d2,Same Direction Sideswipe,N,Non Intersection,Right Turn Lane,Daylight,No Defects,"Two-way, Not Divided",Dry,Clear,Seven o'clock,Passenger Car,Superficial,Y,Changing Lanes,2015-01-30 15:11,71,39.3958564,-76.52248979
1256,N,Apparently Normal,No Misuse,Y,No Injury,b89eae2c-9108-477a-bf94-7d107360e81e,D,AE46530005,Shoulder/Lap Belt(s),F,4e78d3da-be94-4627-b956-fdfd958820e3,Same Direction Rear End,N,Intersection Related,Left Turn Lane,Dark Lights On,No Defects,"Two-way, Divided, Positive Median Barrier",Dry,Cloudy,Twelve o'clock,Passenger Car,Disabling,N,Slowing or Stopping,2015-03-08 00:20,25,39.41600482,-76.62954211