KEY_INDEX,CDL_FLAG,CONDITION_CODE,EQUIP_PROB_CODE,FAULT_FLAG,INJ_SEVER_CODE,PERSON_ID,PERSON_TYPE,REPORT_NO,SAF_EQUIP_CODE,SEX_CODE,VEHICLE_ID,COLLISION_TYPE_CODE,C_M_ZONE_FLAG,JUNCTION_CODE,LANE_CODE,LIGHT_CODE,RD_COND_CODE,RD_DIV_CODE,SURF_COND_CODE,WEATHER_CODE,AREA_DAMAGED_CODE_MAIN,BODY_TYPE_CODE,DAMAGE_CODE,HIT_AND_RUN_FLAG,MOVEMENT_CODE,TIME,AGE,LATITUDE,LONGITUDE
1257,N,Apparently Normal,No Misuse,N,No Injury,20e66724-181e-4067-82bd-9a6cddfdbcb2,D,AE46530005,Shoulder/Lap Belt(s),M,109b9d92-e1fb-452e-8eb4-9a7fba5718ae,Same Direction Rear End,N,Intersection Related,Left Turn Lane,Dark Lights On,No Defects,"Two-way, Divided, Positive Median Barrier",Dry,Cloudy,Six o'clock,Passenger Car,Superficial,N,Stopped in Traffic Lane,2015-03-08 00:20,19,39.41600482,-76.62954211
1258,N,Apparently Normal,No Misuse,Y,No Injury,c9d773bb-2baa-4a57-a566-716e8d2cc8e6,D,AE46610003,Shoulder/Lap Belt(s),F,5de2c3b5-9e99-409c-b903-34949d0be527,Same Direction Rear End,N,Non Intersection,Right Turn Lane,Daylight,No Defects,"Two-way, Not Divided",Ice,Wintry Mix,Ten o'clock,Passenger Car,Functional,N,Parked  ,2015-01-18 08:50,54,39.49761656,-76.6845274
1259,N,Apparently Normal,No Misuse,N,Possible Incapacitating Injury,436a3187-595c-47d0-95fc-17491e77c94c,D,AE46610003,Shoulder/Lap Belt(s),M,d5ed14cb-398d-4322-86a0-fa54542bc196,Same Direction Rear End,N,Non Intersection,Right Turn Lane,Daylight,No Defects,"Two-way, Not Divided",Ice,Wintry Mix,Six o'clock,Police Vehicle/Emergency,Disabling,N,Stopped in Traffic Lane,2015-01-18 08:50,32,39.49761656,-76.6845274
1260,N,Apparently Normal,No Misuse,Y,No Injury,d2fcd621-296a-4bf0-a978-5fc5a145ea32,D,AE4696000R,Shoulder/Lap Belt(s),F,0e16eed4-8155-42dc-b972-49623b520fc4,Same Movement Angle,N,Intersection,Left Turn Lane,Dark Lights On,No Defects,"Two-way, Divided, Unprotected (painted >4 feet) Median",Dry,Clear,Eight o'clock,(Sport) Utility Vehicle,Disabling,N,Moving Constant Speed,2015-01-14 16:40,35,39.37935946,-76.45999432
1261,N,Apparently Normal,No Misuse,Y,No Injury,bed6ee73-3af9-4c84-8001-392c9ecf01ec,D,AE4696000R,Shoulder/Lap Belt(s),M,fe481852-004d-4f43-90a5-b7d10bc0e39e,Same Movement Angle,N,Intersection,Left Turn Lane,Dark Lights On,No Defects,"Two-way, Divided, Unprotected (painted >4 feet) Median",Dry,Clear,Two o'clock,Ambulance/Emergency,Functional,N,Accelerating,2015-01-14 16:40,49,39.37935946,-76.45999432
1262,N,Apparently Normal,No Misuse,N,No Injury,26b8c605-ea18-4703-bfe4-8b1784d7e9aa,D,AE4696000Y,Shoulder/Lap Belt(s),F,97be77ce-998b-4819-8962-46066eafa3fd,Single Vehicle ,N,Non Intersection,Right Turn Lane,Daylight,No Defects,"Two-way, Not Divided",Dry,Clear,Twelve o'clock,Passenger Car,Functional,N,Moving Constant Speed,2015-03-19 17:30,25,39.25821013,-76.51582718
1263,N,Apparently Normal,No Misuse,N,No Injury,86c46cd4-d422-4bb1-b7f4-35c2ba663cf5,D,AE47220007,Shoulder/Lap Belt(s),F,a5cbed5c-fc50-462f-a06d-08db6f32076c,Same Direction Rear End,N,Intersection,Right Turn Lane,Daylight,No Defects,"Two-way, Divided, Positive Median Barrier",Dry,Clear,Twelve o'clock,Passenger Car,Functional,N,Stopped in Traffic Lane,2015-01-30 08:06,42,39.40096763,-76.62888765
1264,N,Apparently Normal,No Misuse,Y,No Injury,5d33f970-54a2-4587-9b20-d7e516a1291b,D,AE47220007,Shoulder/Lap Belt(s),F,4f096c60-3737-4b0c-a286-440b937a3aaf,Same Direction Rear End,N,Intersection,Right Turn Lane,Daylight,No Defects,"Two-way, Divided, Positive Median Barrier",Dry,Clear,Twelve o'clock,Passenger Car,Functional,N,Slowing or Stopping,2015-01-30 08:06,24,39.40096763,-76.62888765
1265,N,Apparently Normal,No Misuse,Y,No Injury,90d81cd7-75f3-4af5-8955-6acee975b36a,D,AE47220007,Shoulder/Lap Belt(s),M,8bded000-72aa-4800-8a31-c73b5b9fc104,Same Direction Rear End,N,Intersection,Right Turn Lane,Daylight,No Defects,"Two-way, Divided, Positive Median Barrier",Dry,Clear,Twelve o'clock,Passenger Car,Functional,N,Slowing or Stopping,2015-01-30 08:06,40,39.40096763,-76.62888765
1266,N,Apparently Normal,No Misuse,N,No Injury,931742ab-9496-4e5c-a130-ab9091184c35,D,AE4722000B,Shoulder/Lap Belt(s),F,4f11257d-3ac9-4439-9500-eea43b26daa1,Same Movement Angle,N,Intersection,Right Turn Lane,Daylight,No Defects,"Two-way, Not Divided",Snow,Snow,Eleven o'clock,Passenger Car,Disabling,N,Moving Constant Speed,2015-02-21 16:30,41,39.38562867,-76.6853857
1267,N,Apparently Normal,No Misuse,Y,No Injury,cfdf130e-29c3-4e1e-ab7d-a4d1bdff492f,D,AE47270015,Shoulder/Lap Belt(s),F,bad20575-750b-455d-8214-2bef6821a191,Same Direction Left Turn,N,Non Intersection,Right Turn Lane,Daylight,No Defects,"Two-way, Not Divided",Dry,Clear,Eleven o'clock,Passenger Car,Functional,N,Starting From Parked,2015-01-05 12:55,65,39.38170633,-76.53610468
1268,N,Apparently Normal,No Misuse,N,Possible Incapacitating Injury,bcdd1eec-c358-4559-a9b1-cf1ca3257b59,D,AE47270015,Shoulder/Lap Belt(s),M,a2b7cac5-af04-41c4-87c4-3272dd5ad585,Same Direction Left Turn,N,Non Intersection,Right Turn Lane,Daylight,No Defects,"Two-way, Not Divided",Dry,Clear,Three o'clock,Passenger Car,Disabling,N,Moving Constant Speed,2015-01-05 12:55,58,39.38170633,-76.53610468
1269,N,Apparently Normal,No Misuse,Y,No Injury,45bac3db-b28e-4099-ad9c-f6634e4e19d8,D,AE47270016,Shoulder/Lap Belt(s),F,409f9f00-cb41-43da-8abf-4ba4e3e5a87e,Single Vehicle ,N,Non Intersection,Right Turn Lane,Daylight,No Defects,"Two-way, Divided, Positive Median Barrier",Snow,Snow,Eleven o'clock,Passenger Car,Superficial,N,Moving Constant Speed,2015-01-06 10:30,21,39.43128738,-76.43909454
1270,N,Apparently Normal,No Misuse,N,No Injury,6e6cb4e2-9486-4624-a924-c3bfd06bfd1e,D,AE4727001J,Shoulder/Lap Belt(s),F,6f4e6689-69f7-4e2d-99c4-68419df9a7f5,Same Direction Rear End,N,Non Intersection,Left Turn Lane,Dark Lights On,No Defects,"Two-way, Divided, Positive Median Barrier",Dry,Clear,Six o'clock,Passenger Car,Functional,N,Stopped in Traffic Lane,2015-01-20 18:55,23,39.38487407,-76.55400038
1271,N,Apparently Normal,No Misuse,N,Possible Incapacitating Injury,40f63de4-6b02-4c03-a85c-c3f4a02421aa,D,AE4727001J,Shoulder/Lap Belt(s),M,f1e8d91d-822c-459d-acd9-6760ecf3f6ac,Same Direction Rear End,N,Non Intersection,Left Turn Lane,Dark Lights On,No Defects,"Two-way, Divided, Positive Median Barrier",Dry,Clear,Six o'clock,Passenger Car,Disabling,N,Stopped in Traffic Lane,2015-01-20 18:55,67,39.38487407,-76.55400038
1272,N,Had Been Drinking,No Misuse,Y,No Injury,2138d1b1-b816-477d-aee0-0cbc32f2cf12,D,AE4727001J,Shoulder/Lap Belt(s),M,10eb5672-314f-448b-a6bb-8b76d7bf1eeb,Same Direction Rear End,N,Non Intersection,Left Turn Lane,Dark Lights On,No Defects,"Two-way, Divided, Positive Median Barrier",Dry,Clear,Twelve o'clock,Pickup Truck,Destroyed,N,Moving Constant Speed,2015-01-20 18:55,51,39.38487407,-76.55400038
1273,N,Apparently Normal,No Misuse,Y,No Injury,798b02b5-5183-4d78-bda5-b3351a6e2799,D,AE4727001M,Shoulder/Lap Belt(s),F,725590bf-643f-4d0c-99e6-9673ba088aff,Single Vehicle ,N,Non Intersection,Right Turn Lane,Daylight,No Defects,"Two-way, Not Divided",Dry,Clear,One o'clock,Passenger Car,Disabling,N,Moving Constant Speed,2015-01-28 14:45,37,39.40247647,-76.54436588
1274,N,Apparently Normal,No Misuse,N,No Injury,11aba4f5-b8dd-49fb-86ab-cf7d5df1038e,D,AE4727001N,Shoulder/Lap Belt(s),F,5ebb9017-2ed4-4f90-83fd-a8d6e8169d95,Same Direction Rear End,N,Non Intersection,Left Turn Lane,Dark Lights On,No Defects,"Two-way, Not Divided",Dry,Clear,Six o'clock,Passenger Car,Functional,N,Slowing or Stopping,2015-01-28 19:10,58,39.36751607,-76.51582718
1275,N,Apparently Normal,No Misuse,Y,No Injury,5f7ccf99-cfdd-44be-a3f0-34505da757e2,D,AE4727001N,Shoulder/Lap Belt(s),F,84ea7c4e-a86d-46d6-845e-2d9d1b7db2ed,Same Direction Rear End,N,Non Intersection,Left Turn Lane,Dark Lights On,No Defects,"Two-way, Not Divided",Dry,Clear,Twelve o'clock,Pickup Truck,Disabling,N,Moving Constant Speed,2015-01-28 19:10,67,39.36751607,-76.51582718
1276,N,Apparently Normal,No Misuse,N,No Injury,53c37538-d1a4-420d-8279-9d4cd3a794fb,D,AE4727001N,Shoulder/Lap Belt(s),M,e53fb2a8-7a03-4473-850a-e407ac1bb691,Same Direction Rear End,N,Non Intersection,Left Turn Lane,Dark Lights On,No Defects,"Two-way, Not Divided",Dry,Clear,Six o'clock,Passenger Car,Disabling,N,Slowing or Stopping,2015-01-28 19:10,37,39.36751607,-76.51582718
1277,N,Apparently Normal,No Misuse,Y,No Injury,8918c200-d614-4aec-8075-5064ea4f1082,D,AE4727001Q,Shoulder/Lap Belt(s),F,0f91a31a-c0c7-4f53-b3ed-ce01acccfe1d,Same Direction Rear End,N,Intersection Related,Right Turn Lane,Daylight,No Defects,"Two-way, Not Divided",Dry,Clear,Twelve o'clock,Passenger Car,Disabling,N,Moving Constant Speed,2015-02-06 12:29,24,39.35845801,-76.52640581
1278,N,Apparently Normal,No Misuse,N,Possible Incapacitating Injury,eb51611c-b321-499c-a5ac-0272c554bd5b,D,AE4727001Q,Shoulder/Lap Belt(s),F,0b3b0517-7251-4245-b852-2b7c00543723,Same Direction Rear End,N,Intersection Related,Right Turn Lane,Daylight,No Defects,"Two-way, Not Divided",Dry,Clear,Six o'clock,Passenger Car,Functional,N,Stopped in Traffic Lane,2015-02-06 12:29,61,39.35845801,-76.52640581
1279,N,Apparently Normal,No Misuse,Y,No Injury,37094910-0728-43d7-9473-c2efe8ad166d,D,AE4727001S,Shoulder/Lap Belt(s),F,09895b2b-9fe4-45b3-ba94-ed8eee94c302,Same Direction Rear End,N,Non Intersection,Left Turn Lane,Daylight,No Defects,"Two-way, Divided, Positive Median Barrier",Dry,Clear,Twelve o'clock,Passenger Car,Destroyed,N,Slowing or Stopping,2015-02-12 07:56,23,39.37167973,-76.51149273
1280,N,Apparently Normal,No Misuse,N,Possible Incapacitating Injury,c469e251-9818-4915-a1e1-ce1288566e15,D,AE4727001S,Shoulder/Lap Belt(s),M,af905ca2-5d93-410a-9da9-98d62fcd046f,Same Direction Rear End,N,Non Intersection,Left Turn Lane,Daylight,No Defects,"Two-way, Divided, Positive Median Barrier",Dry,Clear,Six o'clock,(Sport) Utility Vehicle,Functional,N,Slowing or Stopping,2015-02-12 07:56,68,39.37167973,-76.51149273
1281,N,Apparently Normal,No Misuse,N,No Injury,5ecce1d6-81eb-437e-b24f-ea644f69b5e1,D,AE4727001X,Shoulder/Lap Belt(s),F,1b2a8914-7073-47e1-88ec-f9f152bee22c,Head On Left Turn,N,Intersection Related,Right Turn Lane,Daylight,No Defects,"Two-way, Not Divided",Dry,Cloudy,Twelve o'clock,Passenger Car,Disabling,N,Moving Constant Speed,2015-02-26 15:11,27,39.37973264,-76.55500889
1282,N,Apparently Normal,No Misuse,Y,No Injury,50ccaa3b-92cf-4d03-a8ee-7ee8f767b4c6,D,AE4727001X,Shoulder/Lap Belt(s),M,e3b5eea6-95b7-4a74-989c-53ca9e691f7d,Head On Left Turn,N,Intersection Related,Right Turn Lane,Daylight,No Defects,"Two-way, Not Divided",Dry,Cloudy,One o'clock,Passenger Car,Functional,N,Making Left Turn,2015-02-26 15:11,80,39.37973264,-76.55500889
1283,N,Apparently Normal,No Misuse,N,No Injury,00128cde-c171-4ab6-a725-c0ad2b0bb9a3,D,AE47270021,Shoulder/Lap Belt(s),F,009f8667-652b-4292-9d4f-617af9845db4,Same Direction Rear End,N,Non Intersection,Right Turn Lane,Daylight,No Defects,"Two-way, Not Divided",Wet,Clear,Six o'clock,(Sport) Utility Vehicle,Functional,N,Stopped in Traffic Lane,2015-03-06 11:24,50,39.38981613,-76.52902365
1284,N,Apparently Normal,No Misuse,N,No Injury,d12b35af-73e8-463e-8172-88d039e23e08,D,AE47270021,Shoulder/Lap Belt(s),F,156fca5a-3bef-4d16-96e3-a3ffdfa0de08,Same Direction Rear End,N,Non Intersection,Right Turn Lane,Daylight,No Defects,"Two-way, Not Divided",Wet,Clear,Twelve o'clock,Passenger Car,Disabling,N,Stopped in Traffic Lane,2015-03-06 11:24,26,39.38981613,-76.52902365
1285,N,Apparently Normal,No Misuse,Y,No Injury,be89561e-a5e4-49a3-9e54-5d1337c7d5fc,D,AE47270021,Shoulder/Lap Belt(s),M,f353619a-57b3-45b5-8cc0-4f492c50f721,Same Direction Rear End,N,Non Intersection,Right Turn Lane,Daylight,No Defects,"Two-way, Not Divided",Wet,Clear,Eleven o'clock,Passenger Car,Disabling,N,Moving Constant Speed,2015-03-06 11:24,27,39.38981613,-76.52902365
1286,N,Apparently Normal,No Misuse,N,No Injury,e8a9ba1c-51e2-4f24-afc8-b81122ab33a9,D,AE47270022,Shoulder/Lap Belt(s),F,306b10ad-1fa8-411e-a78b-c017feedfc80,Same Direction Rear End,N,Non Intersection,Right Turn Lane,Daylight,No Defects,"Two-way, Not Divided",Wet,Clear,Six o'clock,(Sport) Utility Vehicle,Functional,N,Slowing or Stopping,2015-03-09 07:37,25,39.39681401,-76.52186751
1287,N,Apparently Normal,No Misuse,N,No Injury,be9dd68f-167e-4bd6-aecf-d65b17e53103,D,AE47270022,Shoulder/Lap Belt(s),M,5ba1adb6-245f-411c-bf58-e3fb035f1cb6,Same Direction Rear End,N,Non Intersection,Right Turn Lane,Daylight,No Defects,"Two-way, Not Divided",Wet,Clear,Six o'clock,Passenger Car,Functional,N,Slowing or Stopping,2015-03-09 07:37,22,39.39681401,-76.52186751
1288,N,Apparently Normal,No Misuse,Y,Possible Incapacitating Injury,a0f487e7-bf61-417b-b300-832528b70b9c,D,AE47270022,Shoulder/Lap Belt(s),M,8afd0280-b13e-4e96-8c46-18df06a3e270,Same Direction Rear End,N,Non Intersection,Right Turn Lane,Daylight,No Defects,"Two-way, Not Divided",Wet,Clear,Twelve o'clock,Passenger Car,Disabling,N,Moving Constant Speed,2015-03-09 07:37,52,39.39681401,-76.52186751
1289,N,Apparently Normal,No Misuse,N,No Injury,78e2250f-5376-4e52-882d-bd02bf6b8ba0,D,AE47270025,Shoulder/Lap Belt(s),F,b0ac6b42-2f8e-4668-b64e-2981e8795cb4,Same Direction Rear End,N,Non Intersection,Left Turn Lane,Daylight,No Defects,"Two-way, Divided, Positive Median Barrier",Dry,Clear,Six o'clock,Passenger Car,Functional,N,Stopped in Traffic Lane,2015-03-18 17:37,25,39.38183901,-76.55574918
1290,N,Apparently Normal,No Misuse,Y,No Injury,ff607d5c-c508-4007-9e16-e44c55e42330,D,AE47270025,Shoulder/Lap Belt(s),F,cd5cd800-b9ff-4d99-9391-b80ef9499a23,Same Direction Rear End,N,Non Intersection,Left Turn Lane,Daylight,No Defects,"Two-way, Divided, Positive Median Barrier",Dry,Clear,Twelve o'clock,Passenger Car,Disabling,N,Moving Constant Speed,2015-03-18 17:37,27,39.38183901,-76.55574918
1291,N,Apparently Normal,No Misuse,N,No Injury,b8c11ab9-1954-4e8a-882d-e932d6836d4e,D,AE47270027,Shoulder/Lap Belt(s),F,e76a9d6c-b7ac-47f0-afd2-6f29e83508e3,Same Movement Angle,N,Non Intersection,Left Turn Lane,Daylight,No Defects,"Two-way, Not Divided",Dry,Clear,Twelve o'clock,Passenger Car,Destroyed,N,Moving Constant Speed,2015-03-23 17:52,26,39.37242618,-76.56745434
1292,N,Apparently Normal,No Misuse,Y,No Injury,78c2c754-15c9-44a8-9e08-4ef504fbbe7b,D,AE47270027,Shoulder/Lap Belt(s),M,0f7f48d8-c288-4e3c-bb24-7e9ae1222300,Same Movement Angle,N,Non Intersection,Left Turn Lane,Daylight,No Defects,"Two-way, Not Divided",Dry,Clear,Four o'clock,Passenger Car,Disabling,N,Starting From Lane,2015-03-23 17:52,27,39.37242618,-76.56745434
1293,N,Apparently Normal,No Misuse,N,No Injury,90960f9f-b7e7-4437-bd54-5fc48aa905c1,D,AE47350002,Shoulder/Lap Belt(s),M,e575719b-2601-4f61-bf67-4698cf81ac9b,Same Movement Angle,N,Intersection,Right Turn Lane,Dark Lights On,No Defects,"Two-way, Not Divided",Ice,Clear,Two o'clock,Passenger Car,Disabling,N,Moving Constant Speed,2015-01-24 20:44,52,39.34369881,-76.82574034
1294,N,Apparently Normal,No Misuse,N,No Injury,2c784423-d9be-4239-aedc-ebcaf6a6f62c,D,AE4742000B,Shoulder/Lap Belt(s),F,57dc400d-9dab-41fe-9891-f2561d9e5b52,Same Direction Rear End,N,Intersection,Left Turn Lane,Daylight,No Defects,"Two-way, Not Divided",Dry,Clear,Six o'clock,Passenger Car,Superficial,N,Slowing or Stopping,2015-02-28 14:20,56,39.33997534,-76.48560673
1295,N,Apparently Normal,No Misuse,Y,No Injury,f05c8b1f-f797-42c9-a9bf-6f9fcdcd0905,D,AE4742000B,Shoulder/Lap Belt(s),M,4063fdd7-1d56-43b6-b3d1-f0bb1d714aa5,Same Direction Rear End,N,Intersection,Left Turn Lane,Daylight,No Defects,"Two-way, Not Divided",Dry,Clear,Twelve o'clock,Passenger Car,Superficial,N,Accelerating,2015-02-28 14:20,33,39.33997534,-76.48560673
1296,N,Apparently Normal,No Misuse,Y,No Injury,63babb36-0ec7-41f8-b15a-11f9ba09fa23,D,AE47780005,Shoulder/Lap Belt(s),F,5ace98dc-c492-47ce-ba6c-c6c335fae3a5,Same Direction Rear End,N,Intersection Related,Acceleration Lane,Daylight,No Defects,"Two-way, Divided, Positive Median Barrier",Dry,Clear,Twelve o'clock,Passenger Car,Disabling,N,Moving Constant Speed,2015-01-02 13:15,45,39.31195474,-76.74078941
1297,N,Apparently Normal,No Misuse,N,No Injury,6c1a5be6-2f8c-45be-a5f2-05d143323239,D,AE47780005,Shoulder/Lap Belt(s),M,cc771f5d-046e-44e2-ade3-e99afe3f0997,Same Direction Rear End,N,Intersection Related,Acceleration Lane,Daylight,No Defects,"Two-way, Divided, Positive Median Barrier",Dry,Clear,Six o'clock,Passenger Car,Functional,N,Stopped in Traffic Lane,2015-01-02 13:15,27,39.31195474,-76.74078941
1298,N,Apparently Normal,No Misuse,N,No Injury,3cdaa97e-4d97-4f47-8fe2-ad92e2428558,D,AE47820005,Shoulder/Lap Belt(s),F,8a9ad807-ea31-4808-b18e-f6212084d45d,Same Direction Rear End,N,Intersection Related,Shoulder Area,Dark Lights On,No Defects,"Two-way, Divided, Positive Median Barrier",Dry,Clear,Six o'clock,Van,Superficial,N,Stopped in Traffic Lane,2015-02-05 22:30,59,39.3289033,-76.44053221
1299,N,Apparently Normal,No Misuse,Y,No Injury,349c305e-2695-4cc0-9ba3-e0179e903a2b,D,AE47870003,Shoulder/Lap Belt(s),F,3b2f8d7f-5341-47ce-9f04-ac43062eea56,Single Vehicle ,N,Non Intersection,Acceleration Lane,Daylight,No Defects,"Two-way, Divided, Positive Median Barrier",Dry,Clear,Twelve o'clock,(Sport) Utility Vehicle,Functional,N,Slowing or Stopping,2015-03-19 14:23,60,39.40109198,-76.60840631
1300,N,Apparently Normal,No Misuse,N,No Injury,a6e6730c-fddb-41d5-b5ae-553ed8dba19d,D,AE47920007,Shoulder/Lap Belt(s),F,53199d4a-a311-4f47-9a1d-a722b121f3e0,Single Vehicle ,N,Non Intersection,Right Turn Lane,Daylight,No Defects,"Two-way, Not Divided",Ice,Sleet,Two o'clock,Passenger Car,Disabling,N,Moving Constant Speed,2015-01-18 12:00,21,39.46293581,-76.4687705
1301,N,Apparently Normal,No Misuse,N,No Injury,e86e74d8-fe3e-4fd8-b47a-c4d5fb9a2a55,D,AE4805000C,Shoulder/Lap Belt(s),F,265010da-7f7a-4198-9f96-8d998b5b6c95,Same Direction Rear End,N,Intersection,Right Turn Lane,Daylight,No Defects,"Two-way, Not Divided",Snow,Snow,Six o'clock,(Sport) Utility Vehicle,Functional,N,Slowing or Stopping,2015-02-21 14:12,26,39.35023671,-76.74895406
1302,N,Apparently Normal,No Misuse,Y,No Injury,cd5f4537-11ba-4d28-8b05-cdae6e7a22b0,D,AE4805000C,Shoulder/Lap Belt(s),M,fff7d388-0210-4946-b9df-05b4ea1b9b12,Same Direction Rear End,N,Intersection,Right Turn Lane,Daylight,No Defects,"Two-way, Not Divided",Snow,Snow,Twelve o'clock,Passenger Car,Functional,N,Slowing or Stopping,2015-02-21 14:12,51,39.35023671,-76.74895406
1303,N,Apparently Normal,No Misuse,N,No Injury,34d69ac4-4ec5-4a66-80b6-45ccff7c9f03,D,AE4805000D,Shoulder/Lap Belt(s),F,b7dce13c-9878-4e77-80ea-dfcf6781cefe,Same Direction Rear End,N,Intersection,Right Turn Lane,Dark Lights On,No Defects,"Two-way, Not Divided",Wet,Clear,Six o'clock,Passenger Car,Superficial,N,Stopped in Traffic Lane,2015-03-07 21:30,32,39.47860557,-76.9317627
1304,N,Apparently Normal,No Misuse,N,No Injury,18c7fb08-bb51-4ac9-bce5-bb4779f4c6ac,D,AE4807000B,Shoulder/Lap Belt(s),F,cfaa5118-33b2-4609-8bf1-4d6557252e49,Same Direction Rear End,N,Intersection Related,Left Turn Lane,Daylight,No Defects,"Two-way, Divided, Positive Median Barrier",Dry,Clear,Six o'clock,Passenger Car,Superficial,N,Stopped in Traffic Lane,2015-03-23 08:00,59,39.33818094,-76.48044348
1305,N,Apparently Normal,No Misuse,N,No Injury,1d974445-0809-4a4e-bfee-8249cfa34445,D,AE48080005,Shoulder/Lap Belt(s),F,912303b1-edea-4562-b70d-b48478568d4f,Head On Left Turn,N,Intersection,Right Turn Lane,Dark Lights On,No Defects,"Two-way, Divided, Positive Median Barrier",Dry,Clear,Five o'clock,Passenger Car,Disabling,N,Making Left Turn,2015-02-11 05:59,76,39.39947534,-76.54631853
1306,N,Apparently Normal,No Misuse,N,No Injury,85ef8b79-b193-42fa-ab6c-1cc97822e69b,D,AE48270008,Shoulder/Lap Belt(s),F,b0ab3641-a5fc-41e1-b030-101d99d7f375,Same Direction Rear End,N,Intersection,Right Turn Lane,Daylight,No Defects,"Two-way, Not Divided",Wet,Raining,Six o'clock,Passenger Car,Superficial,N,Stopped in Traffic Lane,2015-01-18 09:56,41,39.38463359,-76.58004999
1307,N,Apparently Normal,No Misuse,N,No Injury,cfb69693-44b2-4a28-ad3b-0eb39e33a205,D,AE4839000D,Shoulder/Lap Belt(s),F,1e7807a4-e3aa-4a78-b104-d2103d22a68e,Same Direction Sideswipe,N,Non Intersection,Left Turn Lane,Dark Lights On,No Defects,"Two-way, Divided, Positive Median Barrier",Dry,Clear,Nine o'clock,Passenger Car,Functional,N,Moving Constant Speed,2015-03-06 23:15,60,39.3868725,-76.52734995
1308,N,Apparently Normal,No Misuse,N,No Injury,a1869c38-ae6f-4fd7-9bfc-5038074b8004,D,AE4839000F,Shoulder/Lap Belt(s),F,d215c8ab-8fec-404a-9a93-83287999bd99,Same Direction Rear End,N,Intersection Related,Right Turn Lane,Daylight,No Defects,"Two-way, Divided, Positive Median Barrier",Dry,Clear,Six o'clock,Passenger Car,Functional,N,Moving Constant Speed,2015-03-09 12:35,46,39.33155893,-76.4372921
1309,N,Apparently Normal,No Misuse,Y,No Injury,ac3b8276-b611-4fbe-b803-14c404602f05,D,AE4839000F,Shoulder/Lap Belt(s),M,a3aa2445-853e-4372-a0cc-7b32faec6b31,Same Direction Rear End,N,Intersection Related,Right Turn Lane,Daylight,No Defects,"Two-way, Divided, Positive Median Barrier",Dry,Clear,Twelve o'clock,Pickup Truck,Superficial,Y,Moving Constant Speed,2015-03-09 12:35,23,39.33155893,-76.4372921
1310,N,Apparently Normal,No Misuse,Y,No Injury,4758ca82-173e-40c5-bece-8f585d319f63,D,AE4839000G,Shoulder/Lap Belt(s),F,4299cc8d-c9f7-44b2-b105-ac565d64ee74,Same Movement Angle,N,Intersection,Left Turn Lane,Daylight,No Defects,"Two-way, Divided, Unprotected (painted >4 feet) Median",Wet,Raining,Eleven o'clock,Passenger Car,Functional,N,Making Left Turn,2015-03-14 13:22,27,39.35291641,-76.45357847
1311,N,Apparently Normal,No Misuse,N,No Injury,27902f6b-9a60-495e-9a1a-8e524ca3ea5c,D,AE4839000G,Shoulder/Lap Belt(s),M,ddea6734-eecb-4194-a862-56e4fa9cc7a8,Same Movement Angle,N,Intersection,Left Turn Lane,Daylight,No Defects,"Two-way, Divided, Unprotected (painted >4 feet) Median",Wet,Raining,One o'clock,Pickup Truck,Functional,N,Slowing or Stopping,2015-03-14 13:22,52,39.35291641,-76.45357847
1312,N,Apparently Normal,No Misuse,Y,No Injury,1447dfec-8a1a-4846-9714-42f4e5867331,D,AE48470005,Shoulder/Lap Belt(s),F,b25539eb-b104-46df-8c6e-207754064014,Same Direction Sideswipe,N,Non Intersection,Right Turn Lane,Daylight,No Defects,"Two-way, Not Divided",Dry,Clear,One o'clock,Station Wagon,Disabling,N,Accelerating,2015-02-17 14:03,79,39.26085182,-76.4916873
1313,N,Apparently Normal,No Misuse,Y,No Injury,a46fe5bc-1eea-40cc-910e-1e61f47e3179,D,AE4852000M,Shoulder/Lap Belt(s),F,7777ddd4-58f4-46f0-99d6-d287ab7eef5a,Same Direction Right Turn,N,Intersection,Left Turn Lane,Daylight,No Defects,"Two-way, Not Divided",Dry,Clear,Two o'clock,Ambulance/Emergency,Superficial,N,Slowing or Stopping,2015-03-24 08:48,35,39.35042753,-76.74920082
1314,N,Apparently Normal,No Misuse,Y,No Injury,8c52b66c-e153-43cb-864b-388fe44531c9,D,AE4860000D,Shoulder/Lap Belt(s),F,8edbd3d8-d0ff-415f-9dc1-4b21564aa805,Single Vehicle ,N,Non Intersection,Right Turn Lane,Daylight,No Defects,"Two-way, Not Divided",Slush,Snow,Twelve o'clock,Passenger Car,Disabling,N,Moving Constant Speed,2015-01-06 13:06,27,39.45788297,-76.40584588
1315,N,Apparently Normal,No Misuse,N,No Injury,c0287696-215c-440a-b03d-5266149bcee0,D,AE48800044,Shoulder/Lap Belt(s),F,e3279502-c976-4cbf-8fbf-27b5146a11ae,Same Movement Angle,N,Intersection,Right Turn Lane,Daylight,No Defects,"Two-way, Divided, Positive Median Barrier",Dry,Clear,Twelve o'clock,Passenger Car,Functional,N,Moving Constant Speed,2015-01-07 08:15,25,39.402576,-76.446143
1316,N,Apparently Normal,No Misuse,Y,No Injury,9c192253-11b3-4152-a5b6-6353a07d603b,D,AE48800044,Shoulder/Lap Belt(s),M,3ece005b-43be-46f8-950c-54ca15a62b50,Same Movement Angle,N,Intersection,Right Turn Lane,Daylight,No Defects,"Two-way, Divided, Positive Median Barrier",Dry,Clear,Eight o'clock,Passenger Car,Functional,N,Accelerating,2015-01-07 08:15,57,39.402576,-76.446143