KEY_INDEX,CDL_FLAG,CONDITION_CODE,EQUIP_PROB_CODE,FAULT_FLAG,INJ_SEVER_CODE,PERSON_ID,PERSON_TYPE,REPORT_NO,SAF_EQUIP_CODE,SEX_CODE,VEHICLE_ID,COLLISION_TYPE_CODE,C_M_ZONE_FLAG,JUNCTION_CODE,LANE_CODE,LIGHT_CODE,RD_COND_CODE,RD_DIV_CODE,SURF_COND_CODE,WEATHER_CODE,AREA_DAMAGED_CODE_MAIN,BODY_TYPE_CODE,DAMAGE_CODE,HIT_AND_RUN_FLAG,MOVEMENT_CODE,TIME,AGE,LATITUDE,LONGITUDE
1317,N,Apparently Normal,No Misuse,Y,No Injury,f44b5ec4-d6b8-4e6d-8447-9f40e514c465,D,AE48800046,Shoulder/Lap Belt(s),F,cfefaf5e-c632-4daa-830f-071fd944c667,Same Direction Rear End,N,Intersection Related,Right Turn Lane,Daylight,No Defects,"Two-way, Not Divided",Dry,Clear,Twelve o'clock,(Sport) Utility Vehicle,Disabling,N,Moving Constant Speed,2015-01-08 09:43,28,39.338051,-76.505844
1318,N,Apparently Normal,No Misuse,N,No Injury,dce0ff6e-74ab-4774-9a4c-4b339be346c5,D,AE48800046,Shoulder/Lap Belt(s),M,3cbf4fe6-aa1e-4a15-b927-cf3bc956720b,Same Direction Rear End,N,Intersection Related,Right Turn Lane,Daylight,No Defects,"Two-way, Not Divided",Dry,Clear,Six o'clock,Pickup Truck,Superficial,N,Stopped in Traffic Lane,2015-01-08 09:43,50,39.338051,-76.505844
1319,N,Apparently Normal,No Misuse,N,No Injury,4e58a6cf-7cd8-404b-bc83-f4ac0384da34,D,AE48800047,Shoulder/Lap Belt(s),F,f17d09ee-1bc8-47b5-81c8-aa8b1b848b86,Same Direction Rear End,N,Intersection,Acceleration Lane,Daylight,No Defects,"Two-way, Divided, Positive Median Barrier",Dry,Clear,Six o'clock,Pickup Truck,No Damage,N,Making Right Turn,2015-01-09 11:04,37,39.371823,-76.511275
1320,N,Apparently Normal,No Misuse,Y,No Injury,c754d2a8-9a9c-4282-85af-927a40ade6db,D,AE48800047,Shoulder/Lap Belt(s),F,59122c1a-3c1b-48fc-b96b-05ee5878a0fd,Same Direction Rear End,N,Intersection,Acceleration Lane,Daylight,No Defects,"Two-way, Divided, Positive Median Barrier",Dry,Clear,Twelve o'clock,(Sport) Utility Vehicle,Disabling,N,Slowing or Stopping,2015-01-09 11:04,77,39.371823,-76.511275
1321,N,Apparently Normal,No Misuse,N,Non-incapacitating Injury,c986f53a-70cd-4a88-a36e-66b7ca3ce692,D,AE48800047,Shoulder/Lap Belt(s),M,95a45a23-5412-4315-93a2-119fa95f9855,Same Direction Rear End,N,Intersection,Acceleration Lane,Daylight,No Defects,"Two-way, Divided, Positive Median Barrier",Dry,Clear,Six o'clock,Passenger Car,Superficial,N,Slowing or Stopping,2015-01-09 11:04,29,39.371823,-76.511275
1322,N,Apparently Normal,No Misuse,N,No Injury,67785072-1714-4e98-b771-727b0c024600,D,AE48800048,Shoulder/Lap Belt(s),F,eae0fa95-565a-417e-b497-27a1e15ca146,Head On Left Turn,N,Intersection,Right Turn Lane,Daylight,No Defects,"Two-way, Not Divided",Wet,Raining,Twelve o'clock,Passenger Car,Functional,N,Moving Constant Speed,2015-01-12 10:58,26,39.331605,-76.526913
1323,N,Apparently Normal,No Misuse,Y,No Injury,b0fa4d4c-5d39-4ac4-9f9f-bb8c9221c33e,D,AE48800048,Shoulder/Lap Belt(s),F,258e1997-2a9a-4f61-8b3c-3feaa0d073b0,Head On Left Turn,N,Intersection,Right Turn Lane,Daylight,No Defects,"Two-way, Not Divided",Wet,Raining,Two o'clock,Passenger Car,Disabling,N,Making Left Turn,2015-01-12 10:58,61,39.331605,-76.526913
1324,N,Apparently Normal,No Misuse,N,No Injury,1820bbb1-99fa-479b-a016-acfc711dc574,D,AE4880004B,Shoulder/Lap Belt(s),F,6475a8a4-4b51-4f7f-97b5-5b57209deea7,Same Movement Angle,N,Intersection,Right Turn Lane,Daylight,No Defects,"Two-way, Not Divided",Dry,Clear,Twelve o'clock,(Sport) Utility Vehicle,Functional,N,Accelerating,2015-01-15 10:49,77,39.412844,-76.463904
1325,N,Apparently Normal,No Misuse,Y,No Injury,84cab804-2a97-47e3-99c6-38bafcd2e14b,D,AE4880004B,Shoulder/Lap Belt(s),F,1898fbfa-75a9-4c4c-9e54-b45770f714a0,Same Movement Angle,N,Intersection,Right Turn Lane,Daylight,No Defects,"Two-way, Not Divided",Dry,Clear,Four o'clock,(Sport) Utility Vehicle,Superficial,N,Moving Constant Speed,2015-01-15 10:49,49,39.412844,-76.463904
1326,N,Apparently Normal,No Misuse,Y,No Injury,dd8a1cc5-7c6c-4d18-b266-8725096f8a22,D,AE4880004C,Shoulder/Lap Belt(s),F,0797cb45-2521-4383-b30f-69b56cc3ddef,Same Direction Rear End,N,Non Intersection,Right Turn Lane,Daylight,No Defects,"Two-way, Not Divided",Dry,Clear,Twelve o'clock,Passenger Car,Functional,N,Moving Constant Speed,2015-01-16 08:08,60,39.346955,-76.507807
1327,N,Apparently Normal,No Misuse,N,No Injury,bd52924a-6086-42c1-923a-8ea96ccc6c5c,D,AE4880004C,Shoulder/Lap Belt(s),M,f881154a-d189-4ea4-a874-abe7383824b5,Same Direction Rear End,N,Non Intersection,Right Turn Lane,Daylight,No Defects,"Two-way, Not Divided",Dry,Clear,Six o'clock,Passenger Car,Superficial,N,Stopped in Traffic Lane,2015-01-16 08:08,49,39.346955,-76.507807
1328,N,Apparently Normal,No Misuse,N,No Injury,0b1fb01b-3d93-4105-b9eb-dc4fcff3a728,D,AE4880004G,Shoulder/Lap Belt(s),F,48b84425-a47c-462d-b08b-b644c560c50d,Head On Left Turn,N,Intersection,Right Turn Lane,Dark Lights On,No Defects,"Two-way, Divided, Positive Median Barrier",Wet,Clear,Twelve o'clock,Passenger Car,Functional,N,Moving Constant Speed,2015-01-20 18:38,53,39.368408,-76.451894
1329,N,Apparently Normal,No Misuse,Y,No Injury,86d25fbd-d06c-4443-82e2-5a7e50005b34,D,AE4880004G,Shoulder/Lap Belt(s),F,e14fcad0-0fa0-4d14-a9b1-766249410d80,Head On Left Turn,N,Intersection,Right Turn Lane,Dark Lights On,No Defects,"Two-way, Divided, Positive Median Barrier",Wet,Clear,Four o'clock,Passenger Car,Functional,N,Making Left Turn,2015-01-20 18:38,36,39.368408,-76.451894
1330,N,Apparently Normal,No Misuse,N,No Injury,6193e8f8-f48f-472f-a2de-00d128260e9b,D,AE4880004J,Shoulder/Lap Belt(s),F,70d62cd0-abcf-4ada-895e-484046de406f,Same Movement Angle,N,Intersection,Right Turn Lane,Daylight,No Defects,"Two-way, Not Divided",Dry,Clear,Twelve o'clock,(Sport) Utility Vehicle,Superficial,N,Moving Constant Speed,2015-01-22 16:43,23,39.335544,-76.49912
1331,N,Apparently Normal,No Misuse,Y,No Injury,91a588b9-69db-4fe2-a460-e87637a4114e,D,AE4880004J,Shoulder/Lap Belt(s),F,077f6758-ec84-44d8-9a3e-e3b6afe12755,Same Movement Angle,N,Intersection,Right Turn Lane,Daylight,No Defects,"Two-way, Not Divided",Dry,Clear,Eight o'clock,Passenger Car,Functional,N,Making Left Turn,2015-01-22 16:43,31,39.335544,-76.49912
1332,N,Apparently Normal,No Misuse,Y,No Injury,46f04d4c-9d66-4bd8-8d81-01bafe08fca2,D,AE4880004M,Shoulder/Lap Belt(s),F,e863ed43-e5e2-48e3-bbf2-8fdc2bb7192f,Same Movement Angle,N,Intersection,Right Turn Lane,Daylight,No Defects,"Two-way, Not Divided",Wet,Snow,Twelve o'clock,Passenger Car,Disabling,N,Making Left Turn,2015-01-26 13:30,37,39.372654,-76.457334
1333,N,Apparently Normal,No Misuse,N,No Injury,29214f73-8b8e-43af-9550-cedb34a97f40,D,AE4880004M,Shoulder/Lap Belt(s),M,222359b7-ee4e-4d27-ac29-bf55e3b9490e,Same Movement Angle,N,Intersection,Right Turn Lane,Daylight,No Defects,"Two-way, Not Divided",Wet,Snow,Two o'clock,Passenger Car,Superficial,N,Moving Constant Speed,2015-01-26 13:30,50,39.372654,-76.457334
1334,N,Apparently Normal,No Misuse,N,No Injury,8fe9d679-fff2-4763-8b18-1d8807b358b2,D,AE4880004N,Shoulder/Lap Belt(s),F,aff9f069-a935-451d-975f-eda7665b0d62,Same Direction Rear End,N,Intersection Related,Left Turn Lane,Daylight,No Defects,"Two-way, Divided, Positive Median Barrier",Dry,Cloudy,Six o'clock,Passenger Car,Functional,N,Stopped in Traffic Lane,2015-01-27 08:36,23,39.314365,-76.521795
1335,N,Apparently Normal,No Misuse,Y,No Injury,fda59f23-ebf7-4730-9ed7-96bd5bbfe33c,D,AE4880004N,Shoulder/Lap Belt(s),F,2c8c2acf-0490-41a3-92b2-2125649cbfbc,Same Direction Rear End,N,Intersection Related,Left Turn Lane,Daylight,No Defects,"Two-way, Divided, Positive Median Barrier",Dry,Cloudy,Twelve o'clock,Passenger Car,Functional,N,Moving Constant Speed,2015-01-27 08:36,39,39.314365,-76.521795
1336,N,Apparently Normal,No Misuse,N,No Injury,162ed61b-7520-4ca9-b64e-e5ff3dcfa85f,D,AE4880004Q,Shoulder/Lap Belt(s),F,108ec51a-a0cc-48ba-aa92-840c5d2e15c6,Same Direction Right Turn,N,Intersection Related,Right Turn Lane,Daylight,No Defects,"Two-way, Divided, Positive Median Barrier",Dry,Clear,Two o'clock,Van,Superficial,N,Making Right Turn,2015-01-29 08:08,52,39.382207,-76.471162
1337,N,Apparently Normal,No Misuse,Y,No Injury,b3d9e130-3e58-402f-8c59-31ff89f74f88,D,AE4880004Q,Shoulder/Lap Belt(s),M,bb593537-c813-442f-b9f5-98b2c20309a5,Same Direction Right Turn,N,Intersection Related,Right Turn Lane,Daylight,No Defects,"Two-way, Divided, Positive Median Barrier",Dry,Clear,Eleven o'clock,Passenger Car,Functional,N,Passing,2015-01-29 08:08,35,39.382207,-76.471162
1338,N,Apparently Normal,No Misuse,N,No Injury,9240bc00-30df-4269-bbd6-ab2c4f02815c,D,AE4880004V,Shoulder/Lap Belt(s),F,ab97fa2d-94c3-4ce2-ac46-bd0f1da64dd5,Same Direction Rear End,N,Intersection Related,Right Turn Lane,Daylight,No Defects,"Two-way, Not Divided",Dry,Clear,Twelve o'clock,(Sport) Utility Vehicle,Functional,N,Stopped in Traffic Lane,2015-02-04 10:23,68,39.360905,-76.453734
1339,N,Apparently Normal,No Misuse,N,No Injury,2a8d0c04-01e7-423f-a643-79820a2ddcf6,D,AE4880004V,Shoulder/Lap Belt(s),F,722bf376-f0fd-404c-9f3e-dae976e0f8ef,Same Direction Rear End,N,Intersection Related,Right Turn Lane,Daylight,No Defects,"Two-way, Not Divided",Dry,Clear,Six o'clock,Pickup Truck,Superficial,N,Stopped in Traffic Lane,2015-02-04 10:23,34,39.360905,-76.453734
1340,N,Apparently Normal,No Misuse,Y,No Injury,a7ee8080-259c-49c9-ab44-4e8ee0c19be8,D,AE4880004V,Shoulder/Lap Belt(s),F,a4173b1e-063e-4d77-b908-29f03731d5c6,Same Direction Rear End,N,Intersection Related,Right Turn Lane,Daylight,No Defects,"Two-way, Not Divided",Dry,Clear,Twelve o'clock,Passenger Car,Disabling,N,Slowing or Stopping,2015-02-04 10:23,31,39.360905,-76.453734
1341,N,Apparently Normal,No Misuse,N,No Injury,52febb4b-c9a1-4ef2-8adf-b0c0cfb7a849,D,AE4880004W,Shoulder/Lap Belt(s),F,92b90588-227e-4895-9ed7-c48b3f39606f,Same Movement Angle,N,Intersection,Left Turn Lane,Daylight,No Defects,"Two-way, Not Divided",Dry,Cloudy,Twelve o'clock,Passenger Car,Disabling,N,Moving Constant Speed,2015-02-05 07:40,45,39.41169,-76.44783
1342,N,Apparently Normal,No Misuse,N,Non-incapacitating Injury,139c9e71-f5a5-4074-b16b-6109ec725bcc,D,AE4880004W,Shoulder/Lap Belt(s),M,0abc355c-d3f8-4b3c-8965-ba57d08e6956,Same Movement Angle,N,Intersection,Left Turn Lane,Daylight,No Defects,"Two-way, Not Divided",Dry,Cloudy,Eleven o'clock,Truck Tractor,Destroyed,N,Moving Constant Speed,2015-02-05 07:40,62,39.41169,-76.44783
1343,N,Apparently Normal,No Misuse,Y,Possible Incapacitating Injury,207a5054-9843-4146-b3c5-8ec28afec127,D,AE4880004W,Shoulder/Lap Belt(s),M,24604249-cdad-4d86-9c72-f9182de2e6fb,Same Movement Angle,N,Intersection,Left Turn Lane,Daylight,No Defects,"Two-way, Not Divided",Dry,Cloudy,One o'clock,Passenger Car,Destroyed,N,Accelerating,2015-02-05 07:40,51,39.41169,-76.44783
1344,N,Apparently Normal,No Misuse,Y,No Injury,137b91e3-1dc1-4207-9733-258735056ed7,D,AE48800050,Shoulder/Lap Belt(s),F,67d5f4de-1433-4c5b-a4e3-a1323c03a667,Same Direction Left Turn,N,Non Intersection,Left Turn Lane,Daylight,No Defects,"Two-way, Not Divided",Dry,Clear,Eleven o'clock,Passenger Car,Superficial,N,Slowing or Stopping,2015-02-12 17:15,56,39.336669,-76.491121
1345,N,Apparently Normal,No Misuse,N,No Injury,5c1fc787-aed9-4537-9fcc-180f12aeee92,D,AE48800050,Shoulder/Lap Belt(s),M,bbffadf9-6720-4c00-9888-ac494568807b,Same Direction Left Turn,N,Non Intersection,Left Turn Lane,Daylight,No Defects,"Two-way, Not Divided",Dry,Clear,Three o'clock,Passenger Car,Superficial,N,Moving Constant Speed,2015-02-12 17:15,28,39.336669,-76.491121
1346,N,Apparently Normal,No Misuse,Y,No Injury,8e2b582e-f672-4bb5-8987-b4840bf31700,D,AE48800051,Shoulder/Lap Belt(s),F,5e2ec57b-a2ab-4f5d-8660-4a69c75a10af,Same Direction Left Turn,N,Non Intersection,Right Turn Lane,Daylight,No Defects,"Two-way, Not Divided",Dry,Clear,Nine o'clock,Passenger Car,Functional,N,Changing Lanes,2015-02-13 14:56,41,39.340193,-76.485422
1347,N,Apparently Normal,No Misuse,N,No Injury,b75a22da-ce97-4fb3-bbe2-da40eff79f10,D,AE48800051,Shoulder/Lap Belt(s),M,21791afc-1eb1-4acf-a45b-40b0b48418a6,Same Direction Left Turn,N,Non Intersection,Right Turn Lane,Daylight,No Defects,"Two-way, Not Divided",Dry,Clear,One o'clock,Passenger Car,Functional,N,Moving Constant Speed,2015-02-13 14:56,62,39.340193,-76.485422
1348,N,Apparently Normal,No Misuse,Y,No Injury,56aa438b-9c89-45ee-a3ad-88117c37deed,D,AE48800054,Shoulder/Lap Belt(s),F,a859ae2c-eae6-4ed3-b960-34b171d5a1c6,Same Direction Rear End,N,Intersection Related,Right Turn Lane,Daylight,No Defects,"Two-way, Not Divided",Dry,Clear,Twelve o'clock,Passenger Car,Disabling,N,Moving Constant Speed,2015-02-18 07:43,18,39.332725,-76.493287
1349,N,Apparently Normal,No Misuse,N,No Injury,99561075-f412-4dd7-b017-1ddc069176cf,D,AE48800054,Shoulder/Lap Belt(s),M,88a8ac49-f986-47d1-8ab3-96f8e68e54b3,Same Direction Rear End,N,Intersection Related,Right Turn Lane,Daylight,No Defects,"Two-way, Not Divided",Dry,Clear,Six o'clock,Passenger Car,Superficial,N,Stopped in Traffic Lane,2015-02-18 07:43,29,39.332725,-76.493287
1350,N,Apparently Normal,No Misuse,N,No Injury,47a2ae00-b682-42c4-9d54-4b546909c95b,D,AE48800056,Shoulder/Lap Belt(s),F,7f18d574-7a13-461e-9124-1cd755705996,Same Direction Left Turn,N,Non Intersection,Right Turn Lane,Daylight,No Defects,"Two-way, Not Divided",Dry,Cloudy,Two o'clock,Passenger Car,Disabling,N,Moving Constant Speed,2015-02-20 11:06,72,39.351904,-76.476007
1351,N,Apparently Normal,No Misuse,Y,No Injury,99c0c7d0-cdcb-400c-a43f-9152febfda8a,D,AE48800056,Shoulder/Lap Belt(s),M,2d2ed6f6-c0b1-4a97-ae7c-37ce34e315e1,Same Direction Left Turn,N,Non Intersection,Right Turn Lane,Daylight,No Defects,"Two-way, Not Divided",Dry,Cloudy,Eleven o'clock,Passenger Car,Disabling,N,Starting From Parked,2015-02-20 11:06,25,39.351904,-76.476007
1352,N,Apparently Normal,No Misuse,N,No Injury,80de8445-1b7f-4cab-b741-8404253a363a,D,AE4880005D,Shoulder/Lap Belt(s),F,2a942fc0-da9b-41dc-9e74-ec85ac341b1b,Same Direction Sideswipe,N,Non Intersection,Left Turn Lane,Daylight,No Defects,"Two-way, Divided, Positive Median Barrier",Dry,Cloudy,Two o'clock,(Sport) Utility Vehicle,Superficial,N,Moving Constant Speed,2015-02-27 08:30,36,39.312509,-76.453283
1353,N,Apparently Normal,No Misuse,N,No Injury,79420bef-6a3e-4010-ad4b-1d3469838aed,D,AE4880005F,Shoulder/Lap Belt(s),F,8e0ad274-dd17-458a-9c69-caa22b1e74ea,Same Direction Rear End,N,Intersection Related,Right Turn Lane,Daylight,No Defects,"Two-way, Divided, Positive Median Barrier",Dry,Clear,Six o'clock,Passenger Car,Functional,N,Stopped in Traffic Lane,2015-02-27 11:33,34,39.333998,-76.485642
1354,N,Apparently Normal,No Misuse,Y,No Injury,ae5dd8a1-410e-47a2-b5b5-dec403f0395c,D,AE4880005F,Shoulder/Lap Belt(s),M,a696e8b7-012b-42bf-bf4c-f0a2ee3c2d0c,Same Direction Rear End,N,Intersection Related,Right Turn Lane,Daylight,No Defects,"Two-way, Divided, Positive Median Barrier",Dry,Clear,Twelve o'clock,Van,Functional,N,Moving Constant Speed,2015-02-27 11:33,36,39.333998,-76.485642
1355,N,Apparently Normal,No Misuse,N,No Injury,de57a805-51c2-4b25-88b6-dd7787f1050f,D,AE4880005J,Shoulder/Lap Belt(s),F,7e8dc6bc-f587-4c77-86d3-0f954dbdbaba,Same Direction Rear End,N,Intersection Related,Right Turn Lane,Dark - Unknown Lighting,No Defects,"Two-way, Not Divided",Dry,Clear,Six o'clock,Passenger Car,Functional,N,Slowing or Stopping,2015-03-02 20:50,25,39.40308,-76.416465
1356,N,Apparently Normal,No Misuse,N,No Injury,bd0759e1-4c52-4ab8-98d1-329438a9c704,D,AE4880005N,Shoulder/Lap Belt(s),F,89613088-df85-4bf6-ae0d-ad9ed9c2912e,Same Direction Rear End,N,Intersection Related,Left Turn Lane,Daylight,No Defects,"Two-way, Divided, Positive Median Barrier",Wet,Raining,Six o'clock,Passenger Car,Superficial,N,Stopped in Traffic Lane,2015-03-04 15:06,61,39.379851,-76.471353
1357,N,Apparently Normal,No Misuse,N,No Injury,2c5b460c-9166-4aa8-8df9-0b0ff2adfc67,D,AE4880005N,Shoulder/Lap Belt(s),F,8f498b1c-3033-4f90-9765-c6687c820112,Same Direction Rear End,N,Intersection Related,Left Turn Lane,Daylight,No Defects,"Two-way, Divided, Positive Median Barrier",Wet,Raining,Six o'clock,Passenger Car,Superficial,N,Stopped in Traffic Lane,2015-03-04 15:06,22,39.379851,-76.471353
1358,N,Apparently Normal,No Misuse,Y,No Injury,c1cacf1c-fbe3-40bb-9642-064d73226ead,D,AE4880005S,Shoulder/Lap Belt(s),F,e788e9cc-1cdc-4845-9499-f674f5bc0004,Same Movement Angle,N,Intersection,Left Turn Lane,Daylight,No Defects,"Two-way, Divided, Positive Median Barrier",Dry,Clear,Twelve o'clock,Passenger Car,Functional,N,Making Left Turn,2015-03-06 14:40,60,39.325983,-76.49767
1359,N,Apparently Normal,No Misuse,N,No Injury,b88d4cef-9390-43ee-876e-50ff18766824,D,AE4880005S,Shoulder/Lap Belt(s),M,77203848-a89f-4a25-b00f-1a975aaa1839,Same Movement Angle,N,Intersection,Left Turn Lane,Daylight,No Defects,"Two-way, Divided, Positive Median Barrier",Dry,Clear,Three o'clock,Passenger Car,Functional,N,Moving Constant Speed,2015-03-06 14:40,42,39.325983,-76.49767
1360,N,Apparently Normal,No Misuse,Y,No Injury,885fee33-b5d1-48e2-8859-93bb9567946d,D,AE4880005X,Shoulder/Lap Belt(s),F,8b12ab8e-2923-4592-9145-e4863db1a10a,Head On Left Turn,N,Intersection,Right Turn Lane,Daylight,No Defects,"Two-way, Not Divided",Dry,Clear,Four o'clock,Passenger Car,Disabling,N,Making Left Turn,2015-03-09 11:21,19,39.366855,-76.449239
1361,N,Apparently Normal,No Misuse,N,No Injury,01012f48-39f1-41e3-8959-dd7a1833dc2a,D,AE4880005X,Shoulder/Lap Belt(s),M,28209947-77b6-4f6f-a0d2-cae1e9c5c743,Head On Left Turn,N,Intersection,Right Turn Lane,Daylight,No Defects,"Two-way, Not Divided",Dry,Clear,Twelve o'clock,Pickup Truck,Disabling,N,Moving Constant Speed,2015-03-09 11:21,61,39.366855,-76.449239
1362,N,Apparently Normal,No Misuse,N,No Injury,a623651f-731f-4db7-94d5-da42f4ac9641,D,AE4880005Z,Shoulder/Lap Belt(s),F,7bffc968-83f1-4258-b11a-32a8247d294f,Same Direction Right Turn,N,Intersection,Left Turn Lane,Daylight,No Defects,"Two-way, Divided, Positive Median Barrier",Dry,Clear,Eleven o'clock,Passenger Car,Superficial,N,Making Right Turn,2015-03-11 11:40,44,39.350598,-76.485148
1363,N,Apparently Normal,No Misuse,N,No Injury,24de9be9-04cf-4f74-86e8-477c74e9faa6,D,AE4880006B,Shoulder/Lap Belt(s),F,43af6e83-8a03-4f57-9f01-c4fbe9189191,Head On Left Turn,N,Commercial Driveway,Left Turn Lane,Daylight,No Defects,"Two-way, Divided, Positive Median Barrier",Wet,Snow,Twelve o'clock,Passenger Car,Functional,N,Moving Constant Speed,2015-03-20 12:31,84,39.336713,-76.479958
1364,N,Apparently Normal,No Misuse,Y,No Injury,8b6a5a5f-8e57-411e-8263-98892a5688bc,D,AE4880006B,Shoulder/Lap Belt(s),F,fe816d22-027c-4543-89eb-c6e2db2f0835,Head On Left Turn,N,Commercial Driveway,Left Turn Lane,Daylight,No Defects,"Two-way, Divided, Positive Median Barrier",Wet,Snow,Four o'clock,Passenger Car,Functional,N,Making Left Turn,2015-03-20 12:31,34,39.336713,-76.479958
1365,N,Apparently Normal,No Misuse,N,No Injury,cff1754b-81c2-4a44-8486-b3a95c3c4b59,D,AE4880006C,Shoulder/Lap Belt(s),F,e9c29346-853c-486d-a309-d7e7fcf35231,Same Direction Rear End,N,Non Intersection,Acceleration Lane,Daylight,No Defects,"Two-way, Divided, Positive Median Barrier",Dry,Clear,Six o'clock,Passenger Car,Superficial,N,Slowing or Stopping,2015-03-23 17:22,27,39.338475,-76.479344
1366,N,Apparently Normal,No Misuse,N,No Injury,1550b5d7-c25e-4e82-bc3d-dd6c25254c38,D,AE4880006L,Shoulder/Lap Belt(s),F,7e3cf382-a764-42ba-ba33-d1a24732c8a6,Same Direction Rear End,N,Intersection Related,Right Turn Lane,Daylight,No Defects,"Two-way, Not Divided",Dry,Cloudy,Six o'clock,Van,Superficial,N,Stopped in Traffic Lane,2015-03-31 08:13,37,39.335393,-76.492795
1367,N,Apparently Normal,No Misuse,Y,No Injury,d0c96810-beac-438d-b524-b820ba3e7059,D,AE4880006L,Shoulder/Lap Belt(s),M,02a3cac2-d61c-41e5-a69a-9c3a7527a9fe,Same Direction Rear End,N,Intersection Related,Right Turn Lane,Daylight,No Defects,"Two-way, Not Divided",Dry,Cloudy,Twelve o'clock,Passenger Car,Superficial,N,Slowing or Stopping,2015-03-31 08:13,28,39.335393,-76.492795
1368,N,Apparently Normal,No Misuse,N,Non-incapacitating Injury,cacfcfa4-104c-40cc-ab1e-8a5c3be9ac6a,D,AE4880006L,Shoulder/Lap Belt(s),M,a7241bca-9479-4378-a787-d2b943d4c034,Same Direction Rear End,N,Intersection Related,Right Turn Lane,Daylight,No Defects,"Two-way, Not Divided",Dry,Cloudy,Six o'clock,Passenger Car,Superficial,N,Stopped in Traffic Lane,2015-03-31 08:13,38,39.335393,-76.492795
1369,N,Apparently Normal,No Misuse,N,No Injury,3cf2dc37-a0ef-4181-8b79-f382a872640e,D,AE48920015,Shoulder/Lap Belt(s),F,a467fe3e-fcfd-40d2-8dc0-c8bf93142f09,Same Direction Rear End,N,Intersection,Right Turn Lane,Dark Lights On,No Defects,"Two-way, Not Divided",Wet,Cloudy,Six o'clock,(Sport) Utility Vehicle,Functional,N,Stopped in Traffic Lane,2015-02-05 18:10,35,39.532661,-76.646268
1370,N,Apparently Normal,No Misuse,N,Non-incapacitating Injury,05564e98-e477-4a43-a983-f15250ebfe50,D,AE48920015,Shoulder/Lap Belt(s),F,dcfefbc6-3880-426d-adeb-b777929c6832,Same Direction Rear End,N,Intersection,Right Turn Lane,Dark Lights On,No Defects,"Two-way, Not Divided",Wet,Cloudy,Six o'clock,(Sport) Utility Vehicle,Disabling,N,Stopped in Traffic Lane,2015-02-05 18:10,42,39.532661,-76.646268
1371,N,Apparently Normal,No Misuse,Y,No Injury,a39dcece-c26b-48e1-8ee8-3b31a4c3551d,D,AE48920015,Shoulder/Lap Belt(s),M,d7ff3937-aa71-4bf2-8988-bbd42e7ef3af,Same Direction Rear End,N,Intersection,Right Turn Lane,Dark Lights On,No Defects,"Two-way, Not Divided",Wet,Cloudy,Twelve o'clock,Pickup Truck,Disabling,N,Moving Constant Speed,2015-02-05 18:10,40,39.532661,-76.646268
1372,N,Apparently Normal,No Misuse,Y,No Injury,449809ab-f339-41d4-a7b6-95f960866cd3,D,AE4892001H,Shoulder/Lap Belt(s),F,1455ca4e-fc94-4a71-a522-e664272c7b90,Same Direction Rear End,N,Non Intersection,Left Turn Lane,Daylight,No Defects,"Two-way, Not Divided",Dry,Clear,Twelve o'clock,Passenger Car,Functional,N,Moving Constant Speed,2015-03-13 13:14,62,39.439561,-76.625653
1373,N,Apparently Normal,No Misuse,N,No Injury,202f3f80-53e2-4532-ae73-6b50604ae307,D,AE4892001H,Shoulder/Lap Belt(s),M,33cf8394-7f09-4e8d-a16e-51b8c60b0d37,Same Direction Rear End,N,Non Intersection,Left Turn Lane,Daylight,No Defects,"Two-way, Not Divided",Dry,Clear,Six o'clock,Pickup Truck,Functional,N,Slowing or Stopping,2015-03-13 13:14,77,39.439561,-76.625653
1374,N,Apparently Normal,No Misuse,Y,No Injury,a6d829bf-b232-44f2-8377-4ea5ff91c66d,D,AE49220004,Shoulder/Lap Belt(s),F,a39fc894-7fac-4d3f-862a-eea5c371d1bf,Single Vehicle ,N,Non Intersection,Acceleration Lane,Dark Lights On,No Defects,"Two-way, Divided, Positive Median Barrier",Snow,Snow,Twelve o'clock,Passenger Car,Disabling,N,Moving Constant Speed,2015-02-14 20:57,37,39.30715661,-76.44937277
1375,N,Apparently Normal,No Misuse,N,No Injury,633e656a-f9be-4985-8286-3856a3d74725,D,AE49220005,Shoulder/Lap Belt(s),F,c0758b5d-5435-4d40-815d-8e162045ca40,Opposite Direction Sideswipe,N,Intersection,Right Turn Lane,Dark Lights On,No Defects,"Two-way, Not Divided",Dry,Clear,Eight o'clock,Passenger Car,Superficial,N,Moving Constant Speed,2015-03-02 21:25,55,39.30584495,-76.44160509
1376,N,Apparently Normal,No Misuse,Y,No Injury,36d936f6-dece-4801-96c2-0589fa0ba184,D,AE49220005,Shoulder/Lap Belt(s),F,3286130b-6dc7-4b12-b2e3-5b68566fbe21,Opposite Direction Sideswipe,N,Intersection,Right Turn Lane,Dark Lights On,No Defects,"Two-way, Not Divided",Dry,Clear,Twelve o'clock,Passenger Car,Superficial,Y,Accelerating,2015-03-02 21:25,32,39.30584495,-76.44160509
1377,N,Apparently Normal,No Misuse,N,No Injury,b50e0708-557a-466d-8b02-a82684bad5c0,D,AE4926000C,Shoulder/Lap Belt(s),F,c33638be-ac95-45d2-bd9c-371a470c3364,Same Direction Rear End,N,Intersection Related,Acceleration Lane,Daylight,No Defects,"Two-way, Divided, Positive Median Barrier",Ice,Wintry Mix,Six o'clock,Passenger Car,Superficial,N,Stopped in Traffic Lane,2015-01-18 08:56,38,39.40192931,-76.78333998