KEY_INDEX,CDL_FLAG,CONDITION_CODE,EQUIP_PROB_CODE,FAULT_FLAG,INJ_SEVER_CODE,PERSON_ID,PERSON_TYPE,REPORT_NO,SAF_EQUIP_CODE,SEX_CODE,VEHICLE_ID,COLLISION_TYPE_CODE,C_M_ZONE_FLAG,JUNCTION_CODE,LANE_CODE,LIGHT_CODE,RD_COND_CODE,RD_DIV_CODE,SURF_COND_CODE,WEATHER_CODE,AREA_DAMAGED_CODE_MAIN,BODY_TYPE_CODE,DAMAGE_CODE,HIT_AND_RUN_FLAG,MOVEMENT_CODE,TIME,AGE,LATITUDE,LONGITUDE
1438,N,Apparently Normal,No Misuse,N,No Injury,ce32b753-699b-4967-94bc-62edc7213945,D,AE53010008,Shoulder/Lap Belt(s),M,c8636702-55aa-4c42-a586-c4353ab7beaf,Head On Left Turn,N,Commercial Driveway,Right Turn Lane,Daylight,No Defects,"Two-way, Not Divided",Dry,Clear,Twelve o'clock,(Sport) Utility Vehicle,Functional,N,Moving Constant Speed,2015-01-09 15:21,50,39.4041345,-76.75804138
1439,N,Apparently Normal,No Misuse,N,No Injury,041d86af-8828-4985-b68c-929a3e28da89,D,AE53010009,Shoulder/Lap Belt(s),F,db7bd381-0647-4e3f-903c-aac90bb4e101,Same Movement Angle,N,Intersection,Right Turn Lane,Daylight,Foreign Material,"Two-way, Not Divided",Slush,Wintry Mix,Ten o'clock,(Sport) Utility Vehicle,Disabling,N,Moving Constant Speed,2015-03-01 10:46,57,39.40571787,-76.76442504
1440,N,Apparently Normal,No Misuse,Y,No Injury,bd0ed850-097d-449f-843e-a1de8f1dffe1,D,AE53010009,Shoulder/Lap Belt(s),F,c5be4727-30bd-450c-8d6c-935a14fd80ea,Same Movement Angle,N,Intersection,Right Turn Lane,Daylight,Foreign Material,"Two-way, Not Divided",Slush,Wintry Mix,Twelve o'clock,Passenger Car,Functional,N,Skidding,2015-03-01 10:46,41,39.40571787,-76.76442504
1441,N,Apparently Normal,No Misuse,Y,No Injury,708a9d66-648b-4d89-82a1-ce5bb00bdc46,D,AE53020005,Shoulder/Lap Belt(s),F,01a2eef0-3cc7-4fc4-9229-886df2610010,Same Direction Rear End,N,Non Intersection,Right Turn Lane,Dark Lights On,No Defects,"Two-way, Not Divided",Wet,Raining,Twelve o'clock,Passenger Car,Disabling,N,Moving Constant Speed,2015-01-04 00:34,27,39.23912553,-76.67936146
1442,N,Apparently Normal,No Misuse,Y,No Injury,1a0032d1-61cc-4cdd-b382-5e198c9feea6,D,AE53040004,Shoulder/Lap Belt(s),F,713bb6c0-930d-4b2a-b618-923cec3d2a8c,Same Direction Sideswipe,N,Non Intersection,Right Turn Lane,Dark No Lights,No Defects,"Two-way, Not Divided",Dry,Clear,Twelve o'clock,Passenger Car,Disabling,N,Moving Constant Speed,2015-01-17 18:40,34,39.30344571,-76.48242831
1443,N,Apparently Normal,No Misuse,Y,Possible Incapacitating Injury,25003657-3eef-49f9-a376-39e081101ad2,D,AE53050005,Shoulder/Lap Belt(s),F,26cfb461-7816-4674-a7e2-cc091a1bfa68,Same Direction Rear End,N,Intersection Related,Left Turn Lane,Daylight,No Defects,"Two-way, Divided, Positive Median Barrier",Dry,Clear,Twelve o'clock,Passenger Car,Disabling,N,Moving Constant Speed,2015-01-28 11:00,29,39.27562536,-76.50373846
1444,N,Apparently Normal,No Misuse,Y,No Injury,ed048a9a-7db3-4c50-900e-8867b11d9e15,D,AE53400013,Shoulder/Lap Belt(s),F,9f154d50-b776-4b4a-a1cf-deb266bec1f4,Same Direction Rear End,N,Intersection,Left Turn Lane,Daylight,No Defects,"Two-way, Divided, Positive Median Barrier",Dry,Clear,Twelve o'clock,Passenger Car,Disabling,N,Slowing or Stopping,2015-02-19 12:19,58,39.33350079,-76.44424438
1445,N,Apparently Normal,No Misuse,N,Possible Incapacitating Injury,34004d12-9fdd-463e-af2b-8e55428a83d9,D,AE53400013,Shoulder/Lap Belt(s),F,cb46da37-f53a-4194-8cf6-9738b23d11c1,Same Direction Rear End,N,Intersection,Left Turn Lane,Daylight,No Defects,"Two-way, Divided, Positive Median Barrier",Dry,Clear,Six o'clock,Passenger Car,Disabling,N,Stopped in Traffic Lane,2015-02-19 12:19,35,39.33350079,-76.44424438
1446,N,Apparently Normal,No Misuse,N,No Injury,1bc208bb-78d5-4ca8-bf7b-ffd4a0a5bc3a,D,AE53400013,Shoulder/Lap Belt(s),M,9c3baaf3-f974-4aca-97fd-6113943e457c,Same Direction Rear End,N,Intersection,Left Turn Lane,Daylight,No Defects,"Two-way, Divided, Positive Median Barrier",Dry,Clear,Six o'clock,Passenger Car,No Damage,N,Stopped in Traffic Lane,2015-02-19 12:19,26,39.33350079,-76.44424438
1447,N,Apparently Normal,No Misuse,N,No Injury,53ea2470-784c-4de6-a693-d0dcbdcf6c7c,D,AE5342000F,Shoulder/Lap Belt(s),F,4b7532fd-c012-4dd8-a50e-70d5715efce7,Same Direction Rear End,N,Intersection,Right Turn Lane,Daylight,No Defects,"Two-way, Not Divided",Dry,Clear,Six o'clock,Passenger Car,Disabling,N,Stopped in Traffic Lane,2015-02-20 16:45,23,39.38552916,-76.49627924
1448,N,Apparently Normal,No Misuse,Y,No Injury,6232f24c-f52c-4187-9038-21303441adef,D,AE5342000F,Shoulder/Lap Belt(s),F,481bcdee-97e5-483b-bc08-662043ffd7aa,Same Direction Rear End,N,Intersection,Right Turn Lane,Daylight,No Defects,"Two-way, Not Divided",Dry,Clear,Twelve o'clock,Passenger Car,Disabling,N,Slowing or Stopping,2015-02-20 16:45,19,39.38552916,-76.49627924
1449,N,Apparently Normal,No Misuse,Y,No Injury,a018ff4e-b4f2-40a4-9517-a58eae96e8a2,D,AE53500003,Shoulder/Lap Belt(s),F,dadd610d-5287-48fc-9b3f-f10a50abd24f,Same Direction Rear End,N,Non Intersection,Right Turn Lane,Dusk,No Defects,One-way Trafficway,Dry,Clear,Twelve o'clock,Passenger Car,Disabling,N,Moving Constant Speed,2015-01-31 16:37,29,39.28854204,-76.72900915
1450,N,Apparently Normal,No Misuse,N,No Injury,a362c448-67c1-4728-b922-2be457e5bd37,D,AE53500003,Shoulder/Lap Belt(s),M,94ddc8a5-3920-48fd-9d51-1bfd1d5258ac,Same Direction Rear End,N,Non Intersection,Right Turn Lane,Dusk,No Defects,One-way Trafficway,Dry,Clear,Six o'clock,Passenger Car,Superficial,N,Slowing or Stopping,2015-01-31 16:37,74,39.28854204,-76.72900915
1451,N,Apparently Normal,No Misuse,N,No Injury,b0cd490a-b96f-4ddd-a369-cdf1a8ef776a,D,AE53520005,Shoulder/Lap Belt(s),M,3d1da15d-ec2e-4aab-a156-00f8314c2d14,Head On,N,Non Intersection,Right Turn Lane,Dark Lights On,No Defects,"Two-way, Not Divided",Ice,Clear,Twelve o'clock,Passenger Car,Disabling,N,Moving Constant Speed,2015-01-18 23:43,56,39.31756598,-76.73121929
1452,N,Apparently Normal,No Misuse,Y,No Injury,b0fefbf8-457c-48ae-b87b-57c4dd0b9e13,D,AE53530008,Shoulder/Lap Belt(s),F,734a5536-68b8-4572-8452-faeb49e06ec7,Single Vehicle ,N,Non Intersection,Right Turn Lane,Daylight,No Defects,One-way Trafficway,Ice,Sleet,Twelve o'clock,Passenger Car,Disabling,N,Moving Constant Speed,2015-02-10 09:30,32,39.37566069,-76.54204845
1453,N,Apparently Normal,No Misuse,N,No Injury,29a74256-f6f5-4c0e-b57d-00637633eba1,D,AE5353000C,Shoulder/Lap Belt(s),F,51e7ee9a-092e-42b0-9dca-58aedddd9d95,Same Direction Rear End,N,Non Intersection,Left Turn Lane,Daylight,No Defects,"Two-way, Divided, Positive Median Barrier",Dry,Cloudy,Six o'clock,Passenger Car,Functional,N,Slowing or Stopping,2015-03-15 11:26,24,39.37209442,-76.51136398
1454,N,Apparently Normal,No Misuse,Y,No Injury,5d5364ce-c9e1-4178-bc20-fd196a94023e,D,AE53600009,Shoulder/Lap Belt(s),F,508750dc-89ad-4a6c-a3f0-680ff8753c68,Same Direction Right Turn,N,Non Intersection,Left Turn Lane,Dark No Lights,No Defects,"Two-way, Divided, Positive Median Barrier",Snow,Snow,Three o'clock,Passenger Car,Functional,N,Moving Constant Speed,2015-02-14 20:25,30,39.40249305,-76.39828205
1455,N,Apparently Normal,No Misuse,N,No Injury,fca076e2-0a6a-4c36-9334-bda7e0138ede,D,AE53600009,Shoulder/Lap Belt(s),M,8f92fcdc-c170-4e8f-8934-7b08e97d421d,Same Direction Right Turn,N,Non Intersection,Left Turn Lane,Dark No Lights,No Defects,"Two-way, Divided, Positive Median Barrier",Snow,Snow,Twelve o'clock,Police Vehicle/Non Emergency,Superficial,N,Moving Constant Speed,2015-02-14 20:25,47,39.40249305,-76.39828205
1456,N,Apparently Normal,No Misuse,N,No Injury,c67515cb-28e4-4c35-ba9c-92c9a1ade7a7,D,AE53650008,Shoulder/Lap Belt(s),F,8ca465ff-fbda-4a76-9e34-db574ea927a3,Same Direction Rear End,N,Intersection Related,Left Turn Lane,Dark Lights On,No Defects,"Two-way, Divided, Positive Median Barrier",Wet,Raining,Six o'clock,Passenger Car,Superficial,N,Stopped in Traffic Lane,2015-01-26 04:45,30,39.31225358,-76.74027443
1457,N,Apparently Normal,No Misuse,Y,No Injury,6be7c305-8899-4e4c-a65b-78e923b5bea4,D,AE53650008,Shoulder/Lap Belt(s),M,6ab282ad-3183-4f2a-a8e9-f3605248b7c3,Same Direction Rear End,N,Intersection Related,Left Turn Lane,Dark Lights On,No Defects,"Two-way, Divided, Positive Median Barrier",Wet,Raining,Twelve o'clock,Passenger Car,Disabling,N,Slowing or Stopping,2015-01-26 04:45,40,39.31225358,-76.74027443
1458,N,Apparently Normal,No Misuse,N,No Injury,8fb2ac0d-6ebe-4173-aeae-dc7d00866a3b,D,AE5371000D,Shoulder/Lap Belt(s),F,65759307-aca7-4f30-bee9-bbbb3564a178,Same Direction Rear End,N,Non Intersection,Right Turn Lane,Daylight,No Defects,"Two-way, Not Divided",Dry,Clear,Six o'clock,Passenger Car,Functional,N,Stopped in Traffic Lane,2015-01-05 11:30,25,39.33593218,-76.75060093
1459,N,Apparently Normal,No Misuse,N,No Injury,5dec41f6-3d9e-4f5b-bb22-0676b8834141,D,AE53790008,Shoulder/Lap Belt(s),F,a286d196-2b87-40c0-9591-b0e8496275c1,Same Direction Rear End,N,Non Intersection,Left Turn Lane,Dark No Lights,No Defects,"Two-way, Divided, Positive Median Barrier",Wet,Clear,Six o'clock,Passenger Car,Functional,N,Moving Constant Speed,2015-01-17 23:24,22,39.29063456,-76.77265406
1460,N,Apparently Normal,No Misuse,Y,No Injury,95aacbe1-1c94-4603-a682-6d943fc173d5,D,AE53790008,Shoulder/Lap Belt(s),M,67bb5c16-68f9-4b4f-a319-53a44873b5e0,Same Direction Rear End,N,Non Intersection,Left Turn Lane,Dark No Lights,No Defects,"Two-way, Divided, Positive Median Barrier",Wet,Clear,Twelve o'clock,Passenger Car,Disabling,N,Accelerating,2015-01-17 23:24,22,39.29063456,-76.77265406
1461,N,Apparently Normal,No Misuse,N,No Injury,d213c6d4-1988-4c45-a34e-7177e3b17a29,D,AE53900004,Shoulder/Lap Belt(s),F,43e0da8f-350b-4933-8d44-47bdfd40bed3,Same Direction Rear End,N,Non Intersection,Left Turn Lane,Daylight,No Defects,"Two-way, Not Divided",Dry,Clear,Six o'clock,Passenger Car,Functional,N,Accelerating,2015-01-10 15:50,54,39.46798828,-76.62881792
1462,N,Apparently Normal,No Misuse,Y,No Injury,8c1143c4-6e83-4e44-a274-3bedf8309e96,D,AE53900004,Shoulder/Lap Belt(s),F,8b9baf22-d172-4e33-80a5-052b5278fcaf,Same Direction Rear End,N,Non Intersection,Left Turn Lane,Daylight,No Defects,"Two-way, Not Divided",Dry,Clear,Twelve o'clock,Passenger Car,Disabling,N,Slowing or Stopping,2015-01-10 15:50,19,39.46798828,-76.62881792
1463,N,Apparently Normal,No Misuse,N,No Injury,77f6eb17-2d70-4ca6-b719-d90127a668ee,D,AE53900006,Shoulder/Lap Belt(s),F,11d754ab-3df2-41f7-8a81-47859c967d13,Same Movement Angle,N,Intersection,Right Turn Lane,Dark Lights On,No Defects,"Two-way, Not Divided",Dry,Clear,One o'clock,(Sport) Utility Vehicle,Disabling,N,Moving Constant Speed,2015-01-16 18:07,59,39.44326908,-76.6228044
1464,N,Apparently Normal,No Misuse,N,No Injury,995222cd-30d4-45a7-adb6-c0aefb9b288f,D,AE5390000D,Shoulder/Lap Belt(s),F,66d57f03-7913-41c3-a121-2b2d8628a570,Same Movement Angle,N,Intersection,Left Turn Lane,Daylight,No Defects,"Two-way, Not Divided",Wet,Raining,Twelve o'clock,Passenger Car,Disabling,N,Moving Constant Speed,2015-03-10 15:53,64,39.46450957,-76.60938263
1465,N,Apparently Normal,No Misuse,N,No Injury,2742133f-9911-4cd3-8a2b-7970ee23c7f5,D,AE53920001,Shoulder/Lap Belt(s),F,13131392-1af0-4fe7-bf93-8622ff920129,Same Movement Angle,N,Intersection,Right Turn Lane,Daylight,No Defects,"Two-way, Not Divided",Slush,Raining,One o'clock,Passenger Car,Superficial,N,Moving Constant Speed,2015-02-02 09:15,51,39.43677303,-76.60496235
1466,N,Apparently Normal,No Misuse,Y,No Injury,339293a2-b42a-4e1a-a36c-1650d8fcc659,D,AE53920001,Shoulder/Lap Belt(s),M,26b6f294-54ba-4b94-9375-1048c969169d,Same Movement Angle,N,Intersection,Right Turn Lane,Daylight,No Defects,"Two-way, Not Divided",Slush,Raining,Ten o'clock,Passenger Car,Disabling,N,Slowing or Stopping,2015-02-02 09:15,24,39.43677303,-76.60496235
1467,N,Apparently Normal,No Misuse,Y,No Injury,d14098d2-a256-4e68-9eac-a6de9284a99d,D,AE5419001Y,Shoulder/Lap Belt(s),F,62163453-3f5b-4ac6-a157-1aead90a782c,Single Vehicle ,N,Non Intersection,Right Turn Lane,Daylight,No Defects,"Two-way, Not Divided",Ice,Clear,Eight o'clock,Passenger Car,Disabling,N,Skidding,2015-01-13 07:26,27,39.41441339,-76.51714683
1468,N,Apparently Normal,No Misuse,Y,No Injury,ac7bcf12-5641-4d15-8c1a-6631e693f7d0,D,AE5419002L,Shoulder/Lap Belt(s),F,88b7795f-87d4-48f8-be7c-9d1ab5ef8c91,Single Vehicle ,N,Non Intersection,Right Turn Lane,Dark No Lights,No Defects,"Two-way, Not Divided",Ice,Clear,Nine o'clock,(Sport) Utility Vehicle,Functional,N,Passing,2015-03-09 06:23,26,39.44001285,-76.48194551
1469,N,Apparently Normal,No Misuse,N,No Injury,6aa0b0b2-dbd1-4bd3-981c-a134ce5405dc,D,AE5419002M,Shoulder/Lap Belt(s),F,e28a076a-b28c-4461-9329-5972bbff0fa2,Head On,N,Non Intersection,Right Turn Lane,Daylight,No Defects,"Two-way, Not Divided",Ice,Clear,Twelve o'clock,(Sport) Utility Vehicle,Disabling,N,Moving Constant Speed,2015-03-09 07:28,49,39.46986837,-76.49030328
1470,N,Apparently Normal,No Misuse,Y,No Injury,c170f7fc-a0cb-4bdd-a55b-56bca2d466ba,D,AE5419002M,Shoulder/Lap Belt(s),M,3b34cb6e-f58a-41b6-89aa-17f3f62eeecf,Head On,N,Non Intersection,Right Turn Lane,Daylight,No Defects,"Two-way, Not Divided",Ice,Clear,Six o'clock,(Sport) Utility Vehicle,Functional,N,Skidding,2015-03-09 07:28,71,39.46986837,-76.49030328
1471,N,Apparently Normal,No Misuse,Y,No Injury,f47c7d7c-2056-4366-94f7-f386054595ee,D,AE5419002P,Shoulder/Lap Belt(s),F,ba4db38f-56f6-41c8-b945-968b64629712,Single Vehicle ,N,Non Intersection,Right Turn Lane,Daylight,No Defects,"Two-way, Divided, Positive Median Barrier",Wet,Clear,Underside,Passenger Car,Disabling,N,Changing Lanes,2015-03-11 07:34,58,39.36778149,-76.51591301
1472,N,Apparently Normal,No Misuse,N,No Injury,a468ca08-6f49-4523-87cd-3198d3a102d6,D,AE5419002R,Shoulder/Lap Belt(s),F,00fc7600-b64c-47ed-9dd0-29e44fdb3f90,Same Direction Rear End,N,Intersection Related,Right Turn Lane,Daylight,No Defects,"Two-way, Not Divided",Wet,Clear,Six o'clock,Passenger Car,Functional,N,Stopped in Traffic Lane,2015-03-11 10:56,49,39.38176438,-76.53593302
1473,N,Apparently Normal,No Misuse,Y,Possible Incapacitating Injury,3df6e524-4178-4576-a515-a24f6c36086b,D,AE5419002R,Shoulder/Lap Belt(s),F,39946be8-3175-4983-90d6-9f0af442323c,Same Direction Rear End,N,Intersection Related,Right Turn Lane,Daylight,No Defects,"Two-way, Not Divided",Wet,Clear,Twelve o'clock,Passenger Car,Disabling,N,Moving Constant Speed,2015-03-11 10:56,18,39.38176438,-76.53593302
1474,N,Apparently Normal,No Misuse,Y,No Injury,e6f7f2ac-db41-46c3-b163-b186db356f6b,D,AE5419002T,Shoulder/Lap Belt(s),F,80737e2f-7a3a-458d-b834-6de8cb5aafa1,Single Vehicle ,N,Non Intersection,Right Turn Lane,Daylight,No Defects,"Two-way, Not Divided",Slush,Snow,Twelve o'clock,(Sport) Utility Vehicle,Functional,N,Skidding,2015-03-20 17:22,43,39.51127543,-76.50890708
1475,N,Apparently Normal,No Misuse,Y,No Injury,abde3256-2c7d-49b0-84fc-673685aa6340,D,AE5420000C,Shoulder/Lap Belt(s),F,05bc8698-48cb-4d76-a18d-3acd42491856,Single Vehicle ,N,Intersection Related,Right Turn Lane,Daylight,No Defects,"Two-way, Not Divided",Dry,Clear,Twelve o'clock,Passenger Car,Superficial,Y,Making Right Turn,2015-02-10 16:00,17,39.41313275,-76.49119377
1476,N,Apparently Normal,No Misuse,N,No Injury,6f636b08-44fe-4573-b482-dcdb6ff919e4,D,AE54310005,Shoulder/Lap Belt(s),F,127cb16d-773f-4228-82bf-a400ef3bb70c,Same Direction Rear End,N,Non Intersection,Right Turn Lane,Daylight,No Defects,"Two-way, Not Divided",Wet,Raining,Six o'clock,(Sport) Utility Vehicle,Functional,N,Slowing or Stopping,2015-01-18 08:54,43,39.41368397,-76.40744984
1477,N,Apparently Normal,No Misuse,Y,No Injury,6f12a8ab-3a00-445c-bd7a-7fe972fa3997,D,AE54310005,Shoulder/Lap Belt(s),F,c3c99871-cd85-44d6-870a-b23bd65f9483,Same Direction Rear End,N,Non Intersection,Right Turn Lane,Daylight,No Defects,"Two-way, Not Divided",Wet,Raining,Twelve o'clock,(Sport) Utility Vehicle,Functional,N,Slowing or Stopping,2015-01-18 08:54,39,39.41368397,-76.40744984
1478,N,Apparently Normal,No Misuse,N,No Injury,022ac61e-d4aa-4db4-a39d-68d1bfd76cb6,D,AE54310006,Shoulder/Lap Belt(s),F,ecddde2f-5d20-4436-9035-69cb028e105e,Same Direction Rear End,N,Non Intersection,Left Turn Lane,Daylight,"Holes, Ruts, Etc.","Two-way, Divided, Positive Median Barrier",Dry,Clear,Six o'clock,(Sport) Utility Vehicle,Functional,N,Slowing or Stopping,2015-01-26 15:52,24,39.33891115,-76.48974538
1479,N,Apparently Normal,No Misuse,Y,No Injury,eb5412c4-5200-4ea4-9246-1a1a1731625a,D,AE54310006,Shoulder/Lap Belt(s),M,4d941077-c063-4b72-8d02-fc89eb4df749,Same Direction Rear End,N,Non Intersection,Left Turn Lane,Daylight,"Holes, Ruts, Etc.","Two-way, Divided, Positive Median Barrier",Dry,Clear,Twelve o'clock,(Sport) Utility Vehicle,Disabling,N,Moving Constant Speed,2015-01-26 15:52,25,39.33891115,-76.48974538
1480,N,Apparently Normal,No Misuse,N,No Injury,93dbb124-e4e8-43cf-8c1a-f6347d9ede5d,D,AE54310007,Shoulder/Lap Belt(s),F,1b59f28a-bf1d-49e5-b088-42b985734290,Same Direction Rear End,N,Intersection,Left Turn Lane,Dark Lights On,No Defects,"Two-way, Not Divided with a Continuous Left Turn Lane",Dry,Clear,Six o'clock,Passenger Car,Functional,N,Moving Constant Speed,2015-01-26 20:41,45,39.33758349,-76.48062587
1481,N,Apparently Normal,No Misuse,N,No Injury,61abd438-87a5-47b1-9253-0abda57b7a8b,D,AE54310009,Shoulder/Lap Belt(s),F,e0461900-9fce-421e-b5d7-7cda3be9f167,Head On,N,Intersection,Right Turn Lane,Dark - Unknown Lighting,No Defects,"Two-way, Not Divided",Ice,Snow,One o'clock,Passenger Car,Functional,N,Slowing or Stopping,2015-02-14 00:00,28,39.34616304,-76.47412419
1482,N,Apparently Normal,No Misuse,Y,No Injury,2bd57007-000f-469d-9758-56def43caa7a,D,AE5439000P,Shoulder/Lap Belt(s),F,a583c6bc-5589-421c-9d16-507630e956cf,Same Direction Left Turn,N,Non Intersection,Right Turn Lane,Daylight,No Defects,"Two-way, Not Divided",Dry,Clear,Eight o'clock,Passenger Car,Superficial,N,Changing Lanes,2015-03-23 15:23,24,39.45456115,-76.64694428
1483,Y,Apparently Normal,No Misuse,N,No Injury,eb619e93-9fb7-4c44-bf5d-b8cf0e4d2d43,D,AE5439000P,Shoulder/Lap Belt(s),M,f242da78-dc8f-440a-912c-159ea23e9e5e,Same Direction Left Turn,N,Non Intersection,Right Turn Lane,Daylight,No Defects,"Two-way, Not Divided",Dry,Clear,Three o'clock,"Other Light Trucks (10,000 lbs (4,536 kg))",No Damage,N,Moving Constant Speed,2015-03-23 15:23,54,39.45456115,-76.64694428
1484,N,Apparently Normal,No Misuse,Y,No Injury,c31bc399-05d1-4486-adec-39576dd8b14e,D,AE54410007,Shoulder/Lap Belt(s),F,7591af0d-ffdf-4a4a-9390-568a93436ff7,Same Direction Rear End,N,Non Intersection,Right Turn Lane,Daylight,No Defects,"Two-way, Not Divided",Ice,Raining,Twelve o'clock,Passenger Car,Disabling,N,Moving Constant Speed,2015-01-18 09:59,41,39.32506907,-76.71986818
1485,N,Apparently Normal,No Misuse,Y,No Injury,ec54c990-b7fd-4043-98fa-9d8841213855,D,AE5443000F,Shoulder/Lap Belt(s),F,2a95032b-511c-40e8-aae8-84995f91382b,Same Direction Sideswipe,N,Non Intersection,Right Turn Lane,Daylight,No Defects,One-way Trafficway,Dry,Clear,One o'clock,Passenger Car,Superficial,Y,Moving Constant Speed,2015-03-18 17:55,22,39.23510356,-76.50415421
1486,N,Apparently Normal,No Misuse,N,No Injury,d74c37fc-f473-44d1-906d-71073875cb2d,D,AE54500006,Shoulder/Lap Belt(s),F,2b46f914-be9f-42bb-838f-50d4ab4878cc,Same Direction Rear End,N,Residential Driveway,Right Turn Lane,Daylight,No Defects,"Two-way, Not Divided",Dry,Clear,Six o'clock,Passenger Car,Functional,N,Slowing or Stopping,2015-01-02 12:00,44,39.27174982,-76.72837079
1487,N,Apparently Normal,No Misuse,Y,No Injury,b105b585-ffda-48e8-9cd6-5578d8898438,D,AE54520005,Shoulder/Lap Belt(s),F,a6b4e56c-e3d2-4cc6-8d25-a0621e41dd74,Same Movement Angle,Y,Intersection,Left Turn Lane,Dawn,No Defects,"Two-way, Not Divided",Wet,Raining,Four o'clock,Passenger Car,Disabling,N,Making Left Turn,2015-01-12 17:44,21,39.38926058,-76.72182083
1488,N,Apparently Normal,No Misuse,N,No Injury,723b9531-3c66-40f4-8893-2582a8b6f3f9,D,AE54520005,Shoulder/Lap Belt(s),M,e1fdcffb-0889-41f5-837e-18fd902f7509,Same Movement Angle,Y,Intersection,Left Turn Lane,Dawn,No Defects,"Two-way, Not Divided",Wet,Raining,Twelve o'clock,Passenger Car,Functional,N,Moving Constant Speed,2015-01-12 17:44,50,39.38926058,-76.72182083
1489,N,Apparently Normal,No Misuse,N,No Injury,926bd209-07f9-47de-b0eb-ca0aabf09fb8,D,AE54520007,Shoulder/Lap Belt(s),F,ea1111ac-8a7f-43bb-b586-94cd414506e5,Same Direction Left Turn,N,Non Intersection,Right Turn Lane,Dark Lights On,No Defects,"Two-way, Divided, Positive Median Barrier",Dry,Cloudy,Two o'clock,Passenger Car,Superficial,N,Stopped in Traffic Lane,2015-03-31 22:30,27,39.39707931,-76.56323791
1490,N,Apparently Normal,No Misuse,N,No Injury,145ab6e1-e252-414e-8159-a7d80722a4eb,D,AE54650006,Shoulder/Lap Belt(s),F,3588b220-30f9-4a6e-be92-bc4be04cd361,Same Direction Rear End,N,Non Intersection,Right Turn Lane,Dawn,No Defects,"Two-way, Not Divided",Dry,Clear,Eight o'clock,Passenger Car,Superficial,N,Parked  ,2015-02-09 04:42,53,39.27267175,-76.51677132
1491,N,Apparently Normal,No Misuse,N,No Injury,1e07b2dc-7d6f-4e33-a7f6-1ffa50df5c52,D,AE5466000S,Shoulder/Lap Belt(s),F,a4adde34-5c01-4a26-ac58-7b45283bfa96,Head On,N,Intersection,Right Turn Lane,Daylight,No Defects,"Two-way, Not Divided",Dry,Clear,Twelve o'clock,(Sport) Utility Vehicle,Disabling,N,Stopped in Traffic Lane,2015-01-07 10:21,42,39.37192855,-76.82104111
1492,N,Apparently Normal,No Misuse,Y,No Injury,67ee1a75-4c8d-4ee5-9af0-fd64944915ac,D,AE5466000V,Shoulder/Lap Belt(s),F,52222e4d-7139-46f0-8a7e-df17d6c66110,Same Direction Rear End,N,Non Intersection,Right Turn Lane,Daylight,No Defects,"Two-way, Not Divided",Wet,Raining,Two o'clock,Passenger Car,Superficial,N,Passing,2015-01-12 09:37,27,39.29241149,-76.72019005
1493,N,Apparently Normal,No Misuse,N,No Injury,07033cc4-828a-4ec2-82e0-06efff9fffee,D,AE5466000Y,Shoulder/Lap Belt(s),F,8d724019-0354-4503-a806-8623660e3de9,Same Direction Rear End,N,Intersection,Right Turn Lane,Daylight,No Defects,"Two-way, Not Divided",Dry,Clear,Six o'clock,Passenger Car,Functional,N,Slowing or Stopping,2015-01-14 10:51,56,39.3133825,-76.75505877
1494,N,Apparently Normal,No Misuse,Y,No Injury,dc2726c3-9620-40f9-a643-e1d04bd7cb9d,D,AE5466000Y,Shoulder/Lap Belt(s),M,078d4129-c1a6-4a62-a51e-f0613ef8a424,Same Direction Rear End,N,Intersection,Right Turn Lane,Daylight,No Defects,"Two-way, Not Divided",Dry,Clear,Twelve o'clock,(Sport) Utility Vehicle,Functional,N,Slowing or Stopping,2015-01-14 10:51,51,39.3133825,-76.75505877
1495,N,Apparently Normal,No Misuse,Y,No Injury,3b20216e-f9c0-4032-8a57-766cee97b8ab,D,AE54660011,Shoulder/Lap Belt(s),F,bcfd60fa-4eed-4ae2-bfb8-3b0e36d78fce,Same Movement Angle,N,Intersection,Left Turn Lane,Daylight,No Defects,"Two-way, Not Divided",Dry,Clear,Ten o'clock,Passenger Car,Disabling,N,Making Left Turn,2015-01-30 08:45,23,39.32416443,-76.75913572
1496,N,Apparently Normal,No Misuse,N,No Injury,f9d11b72-4566-49a0-b735-6a97bfc79523,D,AE54660011,Shoulder/Lap Belt(s),M,5ec7be4b-8c9e-4845-8d0e-6385a093d6ed,Same Movement Angle,N,Intersection,Left Turn Lane,Daylight,No Defects,"Two-way, Not Divided",Dry,Clear,Twelve o'clock,"Other Light Trucks (10,000 lbs (4,536 kg))",Disabling,N,Moving Constant Speed,2015-01-30 08:45,40,39.32416443,-76.75913572
1497,N,Apparently Normal,No Misuse,N,No Injury,8e176cff-a76d-4a95-b951-6dcf09cdb125,D,AE54660012,Shoulder/Lap Belt(s),F,e64fd20d-db6e-4920-a0df-06e8c45e2591,Head On Left Turn,N,Intersection,Left Turn Lane,Daylight,No Defects,"Two-way, Divided, Positive Median Barrier",Dry,Clear,One o'clock,Passenger Car,Disabling,N,Making Left Turn,2015-02-06 08:02,58,39.31130726,-76.72569394
1498,Y,Apparently Normal,No Misuse,Y,No Injury,6f3623ff-9590-4f77-858b-b0dda74a8511,D,AE54660012,Shoulder/Lap Belt(s),M,f9bc8b61-4e4d-4a22-82c8-8b64f6f418be,Head On Left Turn,N,Intersection,Left Turn Lane,Daylight,No Defects,"Two-way, Divided, Positive Median Barrier",Dry,Clear,Twelve o'clock,Passenger Car,Disabling,N,Slowing or Stopping,2015-02-06 08:02,30,39.31130726,-76.72569394