KEY_INDEX,CDL_FLAG,CONDITION_CODE,EQUIP_PROB_CODE,FAULT_FLAG,INJ_SEVER_CODE,PERSON_ID,PERSON_TYPE,REPORT_NO,SAF_EQUIP_CODE,SEX_CODE,VEHICLE_ID,COLLISION_TYPE_CODE,C_M_ZONE_FLAG,JUNCTION_CODE,LANE_CODE,LIGHT_CODE,RD_COND_CODE,RD_DIV_CODE,SURF_COND_CODE,WEATHER_CODE,AREA_DAMAGED_CODE_MAIN,BODY_TYPE_CODE,DAMAGE_CODE,HIT_AND_RUN_FLAG,MOVEMENT_CODE,TIME,AGE,LATITUDE,LONGITUDE
1499,N,Apparently Normal,No Misuse,N,No Injury,580b5883-0058-489e-ad6b-6122ce3a9dd1,D,AE5466001B,Shoulder/Lap Belt(s),F,567ce899-603c-427a-8a92-4f9566c0d98c,Same Direction Rear End,N,Intersection Related,Right Turn Lane,Daylight,No Defects,"Two-way, Not Divided",Dry,Clear,Twelve o'clock,Passenger Car,Functional,N,Stopped in Traffic Lane,2015-02-25 12:51,28,39.37438349,-76.81026936
1500,Y,Apparently Normal,No Misuse,Y,No Injury,8a0cf3d8-4427-4283-9f06-04550fcf8174,D,AE5466001B,Shoulder/Lap Belt(s),M,731e0e8b-b708-45a1-9bc0-d6944c5945f0,Same Direction Rear End,N,Intersection Related,Right Turn Lane,Daylight,No Defects,"Two-way, Not Divided",Dry,Clear,Six o'clock,Passenger Car,Superficial,N,Backing,2015-02-25 12:51,69,39.37438349,-76.81026936
1501,N,Apparently Normal,No Misuse,N,No Injury,24b5e9bf-9665-480c-b0e3-8a787d42131b,D,AE5466001H,Shoulder/Lap Belt(s),F,4ba526be-0b99-4508-892d-b9d7f641f626,Same Direction Rear End,N,Intersection Related,Right Turn Lane,Daylight,No Defects,"Two-way, Divided, Positive Median Barrier",Wet,Raining,Six o'clock,(Sport) Utility Vehicle,Functional,N,Stopped in Traffic Lane,2015-03-04 15:50,38,39.31265202,-76.74675465
1502,N,Apparently Normal,No Misuse,Y,No Injury,3c528143-0e32-43e8-9b67-c666766343f5,D,AE5466001R,Shoulder/Lap Belt(s),F,df5f9e42-7760-45a1-87ed-231d90ccbde6,Same Movement Angle,N,Intersection,Right Turn Lane,Daylight,No Defects,"Two-way, Not Divided",Dry,Clear,Twelve o'clock,Van,Disabling,N,Moving Constant Speed,2015-03-24 16:17,20,39.37416682,-76.81038871
1503,N,Apparently Normal,No Misuse,N,No Injury,1fa0e49c-a78d-4a33-b5df-274a3ee63488,D,AE5466001R,Shoulder/Lap Belt(s),M,76449a08-8111-40a5-b379-dd468ec13003,Same Movement Angle,N,Intersection,Right Turn Lane,Daylight,No Defects,"Two-way, Not Divided",Dry,Clear,Nine o'clock,Van,Disabling,N,Moving Constant Speed,2015-03-24 16:17,56,39.37416682,-76.81038871
1504,N,Apparently Normal,No Misuse,Y,No Injury,512f7741-34e0-46a1-af46-4424ae0232f0,D,AE5472000B,Shoulder/Lap Belt(s),F,d6023ffc-8f1b-47ae-98a1-ecd62fe3cf43,Single Vehicle ,N,Non Intersection,Right Turn Lane,Daylight,No Defects,"Two-way, Not Divided",Ice,Clear,Twelve o'clock,Passenger Car,Disabling,N,Moving Constant Speed,2015-02-18 08:26,23,39.3986,-76.6369
1505,N,Apparently Normal,No Misuse,Y,No Injury,5630af1c-af2a-46ca-8a13-bed2990b9b5a,D,AE5472000F,Shoulder/Lap Belt(s),F,efdf45e5-130f-428f-a8e6-828e2f8b90a5,Single Vehicle ,N,Intersection,Right Turn Lane,Daylight,No Defects,"Two-way, Not Divided",Snow,Snow,Twelve o'clock,(Sport) Utility Vehicle,Disabling,N,Skidding,2015-03-01 09:36,21,39.41375028,-76.62674189
1506,N,Apparently Normal,No Misuse,Y,No Injury,4bf062e1-30bd-43ac-a630-90a2517ee8bf,D,AE5477000J,Shoulder/Lap Belt(s),F,0ef4747a-6406-4a32-8948-b4cdb79faa36,Same Direction Right Turn,N,Non Intersection,Right Turn Lane,Dark Lights On,No Defects,"Two-way, Not Divided",Dry,Clear,Two o'clock,Passenger Car,Superficial,N,Passing,2015-03-21 22:10,37,39.26006265,-76.49151564
1507,N,Apparently Normal,No Misuse,N,No Injury,bbac9436-9ebe-4839-9995-e7cbb2e97902,D,AE54780003,Shoulder/Lap Belt(s),M,4f4ed9f3-f809-43ce-9397-2b275fe9f476,Same Direction Rear End,N,Non Intersection,Right Turn Lane,Daylight,No Defects,"Two-way, Divided, Positive Median Barrier",Dry,Clear,Six o'clock,Passenger Car,Superficial,N,Slowing or Stopping,2015-01-05 08:51,65,39.29954367,-76.49480939
1508,N,Apparently Normal,No Misuse,N,No Injury,c137d715-f6aa-48da-b1f3-af0d21bf22de,D,AE54780007,Shoulder/Lap Belt(s),M,f3f36ad1-3ba3-4f8e-9794-f1fbd3d2235d,Same Movement Angle,N,Intersection Related,Right Turn Lane,Daylight,No Defects,"Two-way, Not Divided",Dry,Clear,Twelve o'clock,Passenger Car,Superficial,N,Moving Constant Speed,2015-03-08 12:14,82,39.27996373,-76.48471355
1509,N,Apparently Normal,No Misuse,N,No Injury,212ada4e-7336-4668-8629-557a7bcc66ad,D,AE54790008,Shoulder/Lap Belt(s),F,de316e67-e366-4023-9694-ceb24c35675c,Same Direction Right Turn,N,Intersection,Right Turn Lane,Daylight,No Defects,"Two-way, Divided, Positive Median Barrier",Dry,Clear,Twelve o'clock,(Sport) Utility Vehicle,Superficial,N,Accelerating,2015-02-12 16:15,30,39.31297576,-76.46418929
1510,N,Apparently Normal,No Misuse,Y,No Injury,5f1ec149-1b92-4964-b785-f2503b3962d5,D,AE5486000G,Shoulder/Lap Belt(s),F,faf02700-9539-41c2-85c4-5668d21bada8,Single Vehicle ,N,Non Intersection,Right Turn Lane,Daylight,No Defects,"Two-way, Not Divided",Ice,Raining,One o'clock,Passenger Car,Disabling,N,Moving Constant Speed,2015-01-18 11:25,26,39.40706911,-76.68532133
1511,N,Apparently Normal,No Misuse,Y,No Injury,348ee4b6-0ea1-4c23-b1b3-b609c5a74eac,D,AE54920006,Shoulder/Lap Belt(s),M,932492d3-5123-45e0-8fec-b215d492c279,Same Direction Rear End Left Turn,N,Non Intersection,Right Turn Lane,Daylight,No Defects,"Two-way, Divided, Positive Median Barrier",Wet,Clear,Twelve o'clock,Passenger Car,Disabling,N,Slowing or Stopping,2015-01-04 13:39,25,39.37809062,-76.57959938
1512,N,Apparently Normal,No Misuse,N,No Injury,89587ed3-170d-4c84-b3c8-76b4e7b80fcf,D,AE54930008,Shoulder/Lap Belt(s),M,85380061-dbce-46b2-a740-9aa70fe79026,Head On Left Turn,N,Intersection,Right Turn Lane,Dark Lights On,No Defects,"Two-way, Divided, Positive Median Barrier",Dry,Clear,Twelve o'clock,Pickup Truck,Disabling,N,Moving Constant Speed,2015-01-17 18:14,29,39.24551534,-76.67325139
1513,N,Apparently Normal,No Misuse,N,No Injury,2dfcec07-17a3-4ff4-b272-7a508e91a500,D,AE55120009,Shoulder/Lap Belt(s),F,64a575e5-7cd3-4147-8594-daf17b73a9a5,Head On Left Turn,N,Intersection,Right Turn Lane,Dark Lights On,No Defects,"Two-way, Divided, Unprotected (painted >4 feet) Median",Dry,Clear,Twelve o'clock,Passenger Car,Disabling,N,Moving Constant Speed,2015-02-03 17:30,28,39.26910024,-76.51745796
1514,N,Apparently Normal,No Misuse,Y,No Injury,b03f5749-e20f-43a7-83e9-ff543bf613f0,D,AE55120009,Shoulder/Lap Belt(s),M,52fef536-cbdf-4531-8ae7-3f8650f1fbff,Head On Left Turn,N,Intersection,Right Turn Lane,Dark Lights On,No Defects,"Two-way, Divided, Unprotected (painted >4 feet) Median",Dry,Clear,Twelve o'clock,(Sport) Utility Vehicle,Functional,N,Making Left Turn,2015-02-03 17:30,81,39.26910024,-76.51745796
1515,N,Apparently Normal,No Misuse,Y,No Injury,f16ed6d9-eb5d-4e42-b6e4-e000a6c43bef,D,AE55160004,Shoulder/Lap Belt(s),F,4bf692ab-bded-4f6d-9cda-76d57254dd0e,Same Movement Angle,N,Intersection,Left Turn Lane,Daylight,No Defects,"Two-way, Divided, Positive Median Barrier",Wet,Raining,Eleven o'clock,Passenger Car,Disabling,N,Making Right Turn,2015-01-03 13:09,23,39.28366757,-76.75167918
1516,N,Apparently Normal,No Misuse,N,No Injury,3246bc12-58fe-4fd2-a875-af323d6b49f7,D,AE55160004,Shoulder/Lap Belt(s),M,d6da827c-6dca-4e60-8163-232e11797322,Same Movement Angle,N,Intersection,Left Turn Lane,Daylight,No Defects,"Two-way, Divided, Positive Median Barrier",Wet,Raining,Twelve o'clock,(Sport) Utility Vehicle,Disabling,N,Moving Constant Speed,2015-01-03 13:09,64,39.28366757,-76.75167918
1517,N,Apparently Normal,No Misuse,Y,No Injury,5725de9e-4408-4c93-b292-860919c12b0c,D,AE5516000F,Shoulder/Lap Belt(s),F,87706c80-5d74-4e16-871d-99ab9db683d4,Same Movement Angle,N,Intersection,Left Turn Lane,Dark Lights On,No Defects,"Two-way, Not Divided",Dry,Clear,Five o'clock,Passenger Car,Disabling,N,Making Left Turn,2015-03-24 06:14,30,39.26272919,-76.70541644
1518,N,Apparently Normal,No Misuse,Y,No Injury,fb104d0a-798e-4492-ac74-a2151d48d8b7,D,AE5522000D,Shoulder/Lap Belt(s),F,53c7c5a6-8bd5-4aa6-8749-113445d68a61,Angle Meets Left Turn Head On,N,Intersection Related,Right Turn Lane,Daylight,No Defects,"Two-way, Divided, Positive Median Barrier",Dry,Cloudy,One o'clock,Passenger Car,Disabling,N,Making Left Turn,2015-02-09 14:27,60,39.39284255,-76.57781839
1519,N,Apparently Normal,No Misuse,N,Non-incapacitating Injury,9c8ef53a-0ae6-48eb-89f8-81390a731c54,D,AE5522000D,Shoulder/Lap Belt(s),F,6cad4252-6a60-452d-bc27-aefcb88b7e85,Angle Meets Left Turn Head On,N,Intersection Related,Right Turn Lane,Daylight,No Defects,"Two-way, Divided, Positive Median Barrier",Dry,Cloudy,Twelve o'clock,Passenger Car,Disabling,N,Moving Constant Speed,2015-02-09 14:27,37,39.39284255,-76.57781839
1520,N,Apparently Normal,No Misuse,N,No Injury,54d9b924-c0b6-4717-875c-0c5bef000a06,D,AE55250007,Shoulder/Lap Belt(s),F,ad66e036-5f7f-45ba-a595-79da0f4e8b10,Same Direction Rear End,N,Intersection,Right Turn Lane,Daylight,No Defects,"Two-way, Not Divided",Dry,Clear,Six o'clock,(Sport) Utility Vehicle,Functional,N,Stopped in Traffic Lane,2015-03-12 08:54,31,39.31308367,-76.46193624
1521,N,Apparently Normal,No Misuse,Y,No Injury,4d2f549a-c7e7-4d1d-8b3c-b8df2658dd72,D,AE55250007,Shoulder/Lap Belt(s),F,feaa9ff0-25c3-43b6-a217-14f95da8f6fe,Same Direction Rear End,N,Intersection,Right Turn Lane,Daylight,No Defects,"Two-way, Not Divided",Dry,Clear,Twelve o'clock,Passenger Car,Disabling,N,Slowing or Stopping,2015-03-12 08:54,31,39.31308367,-76.46193624
1522,N,Apparently Normal,No Misuse,N,No Injury,4fed1146-3621-4894-8a0c-36d11eee9ff8,D,AE55360003,Shoulder/Lap Belt(s),F,967525c9-21f0-4427-99b0-f0c9b6a342fa,Same Direction Rear End,N,Non Intersection,Right Turn Lane,Daylight,No Defects,"Two-way, Divided, Positive Median Barrier",Dry,Cloudy,Six o'clock,(Sport) Utility Vehicle,Superficial,N,Stopped in Traffic Lane,2015-01-15 16:19,26,39.39289644,-76.5848431
1523,N,Apparently Normal,No Misuse,N,No Injury,2950c3d6-7389-4d0a-a3a6-834107ea0438,D,AE55360003,Shoulder/Lap Belt(s),M,3b065172-c81c-4abc-9c61-ac28d18e8ed1,Same Direction Rear End,N,Non Intersection,Right Turn Lane,Daylight,No Defects,"Two-way, Divided, Positive Median Barrier",Dry,Cloudy,Six o'clock,Passenger Car,Disabling,N,Stopped in Traffic Lane,2015-01-15 16:19,22,39.39289644,-76.5848431
1524,N,Apparently Normal,No Misuse,Y,No Injury,4b527b05-7b6c-4cea-a44a-5855afef93e6,D,AE55360003,Shoulder/Lap Belt(s),M,59f8acb6-2295-4016-9967-ea8e28ac36a1,Same Direction Rear End,N,Non Intersection,Right Turn Lane,Daylight,No Defects,"Two-way, Divided, Positive Median Barrier",Dry,Cloudy,Twelve o'clock,Pickup Truck,Functional,N,Slowing or Stopping,2015-01-15 16:19,54,39.39289644,-76.5848431
1525,N,Apparently Normal,No Misuse,N,No Injury,282ad4fc-29cc-49d0-94af-433094129b7f,D,AE55490008,Shoulder/Lap Belt(s),F,46bb089c-c4ac-41a1-81dd-a08ec9897b13,Head On Left Turn,N,Intersection,Right Turn Lane,Dawn,No Defects,"Two-way, Not Divided",Dry,Clear,One o'clock,Passenger Car,Functional,N,Moving Constant Speed,2015-01-02 17:14,64,39.36355124,-76.78456306
1526,N,Apparently Normal,No Misuse,N,No Injury,a5a4fc8b-82c5-4cde-a583-a5b68fb14551,D,AE55560007,Shoulder/Lap Belt(s),F,6c10425d-bb68-40f5-8258-f36a37e7d6b9,Same Direction Rear End,N,Intersection,Right Turn Lane,Daylight,No Defects,"Two-way, Not Divided",Dry,Clear,Six o'clock,Passenger Car,Disabling,N,Slowing or Stopping,2015-02-08 11:11,36,39.38078583,-76.78240657
1527,N,Apparently Normal,No Misuse,Y,No Injury,ab8a3644-0ba6-49fa-9e27-3299d4215ee6,D,AE55560007,Shoulder/Lap Belt(s),F,222ccd80-2264-4990-b58b-78be8594686e,Same Direction Rear End,N,Intersection,Right Turn Lane,Daylight,No Defects,"Two-way, Not Divided",Dry,Clear,Twelve o'clock,Van,Disabling,N,Moving Constant Speed,2015-02-08 11:11,41,39.38078583,-76.78240657
1528,N,Apparently Normal,No Misuse,N,No Injury,7304b31a-a445-45b2-9dcd-a00d19cbc7e0,D,AE55570008,Shoulder/Lap Belt(s),F,6a2ee818-e94d-4444-b907-4955920b6c70,Same Direction Sideswipe,N,Intersection Related,Right Turn Lane,Dawn,No Defects,"Two-way, Not Divided",Wet,Foggy,Nine o'clock,Passenger Car,Disabling,N,Accelerating,2015-01-24 06:51,43,39.30376949,-76.71348453
1529,N,Apparently Normal,No Misuse,Y,No Injury,eb4ed149-5fb4-4394-bb38-7a75dfd10ad5,D,AE55570008,Shoulder/Lap Belt(s),M,55b5193f-7d08-4c40-82c2-5b66ada6d7f1,Same Direction Sideswipe,N,Intersection Related,Right Turn Lane,Dawn,No Defects,"Two-way, Not Divided",Wet,Foggy,One o'clock,Passenger Car,Functional,N,Accelerating,2015-01-24 06:51,37,39.30376949,-76.71348453
1530,N,Apparently Normal,No Misuse,N,No Injury,b81bfe4b-71ed-4011-9a12-0bd948245639,D,AE55870009,Shoulder/Lap Belt(s),F,d0832ab9-c407-40ee-a94e-8ab54eb8b8f1,Same Direction Left Turn,N,Non Intersection,Right Turn Lane,Daylight,No Defects,"Two-way, Divided, Positive Median Barrier",Ice,Cloudy,Two o'clock,(Sport) Utility Vehicle,Functional,N,Slowing or Stopping,2015-01-18 07:47,42,39.38657398,-76.7582345
1531,N,Apparently Normal,No Misuse,Y,No Injury,2cae71a5-df25-417a-9243-2e068ad81a90,D,AE55870009,Shoulder/Lap Belt(s),M,b18ea876-eb93-45c8-a76f-deedd180a314,Same Direction Left Turn,N,Non Intersection,Right Turn Lane,Daylight,No Defects,"Two-way, Divided, Positive Median Barrier",Ice,Cloudy,Ten o'clock,Passenger Car,Functional,N,Slowing or Stopping,2015-01-18 07:47,26,39.38657398,-76.7582345
1532,N,Apparently Normal,No Misuse,N,No Injury,3d1192be-2d75-4aff-b2e9-3391a90201f4,D,AE5587000G,Shoulder/Lap Belt(s),F,699f1229-2010-420f-9f2f-62289cd0fb1f,Angle Meets Left Turn,N,Non Intersection,Right Turn Lane,Daylight,No Defects,"Two-way, Not Divided",Dry,Cloudy,Eight o'clock,Passenger Car,Functional,N,Moving Constant Speed,2015-01-22 15:41,71,39.4009925,-76.75361037
1533,N,Apparently Normal,No Misuse,Y,No Injury,34bc2249-dd73-4478-adc6-a8174a3486d5,D,AE5587000G,Shoulder/Lap Belt(s),M,e5b43c8d-1adc-475d-9e47-c5f25111870b,Angle Meets Left Turn,N,Non Intersection,Right Turn Lane,Daylight,No Defects,"Two-way, Not Divided",Dry,Cloudy,Twelve o'clock,Passenger Car,Superficial,N,Making Left Turn,2015-01-22 15:41,76,39.4009925,-76.75361037
1534,N,Apparently Normal,No Misuse,Y,No Injury,7afc58d4-fd8e-41ba-8545-63fd8f4ba809,D,AE5587000K,Shoulder/Lap Belt(s),F,bb1374f5-5629-411c-82f7-26bc5c82dbd2,Single Vehicle ,N,Non Intersection,Right Turn Lane,Dark Lights On,No Defects,"Two-way, Divided, Unprotected (painted >4 feet) Median",Wet,Snow,Twelve o'clock,(Sport) Utility Vehicle,Disabling,N,Moving Constant Speed,2015-01-26 20:30,54,39.38576135,-76.75294518
1535,N,Apparently Normal,No Misuse,N,No Injury,42d3fb8e-e131-4e48-82ae-37390054aeb1,D,AE5587000P,Shoulder/Lap Belt(s),F,0ec8a270-fb89-4e44-a6bd-3101668eb3d6,Angle Meets Left Turn Head On,N,Commercial Driveway,Right Turn Lane,Dark Lights On,No Defects,"Two-way, Divided, Unprotected (painted >4 feet) Median",Dry,Clear,Eleven o'clock,Passenger Car,Functional,N,Moving Constant Speed,2015-02-25 18:27,42,39.42389515,-76.70109272
1536,N,Apparently Normal,No Misuse,Y,No Injury,be67fbd8-60ea-4b28-badd-8606140c20a4,D,AE5587000P,Shoulder/Lap Belt(s),M,f54763e1-aa87-4f2c-927f-1252d8c9deb3,Angle Meets Left Turn Head On,N,Commercial Driveway,Right Turn Lane,Dark Lights On,No Defects,"Two-way, Divided, Unprotected (painted >4 feet) Median",Dry,Clear,One o'clock,Passenger Car,Superficial,N,Making Left Turn,2015-02-25 18:27,21,39.42389515,-76.70109272
1537,N,Apparently Normal,No Misuse,Y,No Injury,6565a490-2113-4d04-ae3b-156ce08872c4,D,AE5587000Q,Shoulder/Lap Belt(s),F,b6096140-569b-4115-91dd-0d9350fbfa94,Single Vehicle ,N,Non Intersection,Right Turn Lane,Dark Lights On,No Defects,"Two-way, Divided, Unprotected (painted >4 feet) Median",Wet,Clear,Twelve o'clock,(Sport) Utility Vehicle,Disabling,N,Moving Constant Speed,2015-02-27 18:12,57,39.40269201,-76.72851563
1538,N,Apparently Normal,No Misuse,N,No Injury,d7447ae3-5c60-468a-a809-9d4726d4abfe,D,AE5587000X,Shoulder/Lap Belt(s),F,c1c84363-4613-4410-9fbe-bf5a51b7bc7b,Same Movement Angle,N,Commercial Driveway,Left Turn Lane,Daylight,No Defects,"Two-way, Divided, Unprotected (painted >4 feet) Median",Dry,Clear,One o'clock,Passenger Car,Functional,N,Moving Constant Speed,2015-03-27 17:40,60,39.38984929,-76.78565741
1539,N,Apparently Normal,No Misuse,Y,No Injury,373f3667-7966-4df2-bca8-6fc2b4e6689f,D,AE5587000X,Shoulder/Lap Belt(s),M,1abd5475-ae46-4df1-bc61-bbce4bbe5e86,Same Movement Angle,N,Commercial Driveway,Left Turn Lane,Daylight,No Defects,"Two-way, Divided, Unprotected (painted >4 feet) Median",Dry,Clear,Twelve o'clock,Passenger Car,Functional,N,Making Right Turn,2015-03-27 17:40,20,39.38984929,-76.78565741
1540,N,Apparently Normal,No Misuse,N,No Injury,d8104b6b-0428-483b-8b2f-b043b29cbd50,D,AE5588000D,Shoulder/Lap Belt(s),F,a8535af5-a121-42d6-89cb-4e8d0e21790d,Same Direction Rear End,N,Crossover Related,Right Turn Lane,Daylight,No Defects,"Two-way, Divided, Unprotected (painted >4 feet) Median",Snow,Snow,Six o'clock,Passenger Car,Superficial,N,Moving Constant Speed,2015-03-01 09:59,46,39.396358,-76.568892
1541,N,Apparently Normal,No Misuse,Y,No Injury,e51cd9eb-5a48-4bdb-96ff-9be607b0d269,D,AE5588000D,Shoulder/Lap Belt(s),F,1953962c-dd15-44f0-84eb-caad16192a57,Same Direction Rear End,N,Crossover Related,Right Turn Lane,Daylight,No Defects,"Two-way, Divided, Unprotected (painted >4 feet) Median",Snow,Snow,Twelve o'clock,Passenger Car,Superficial,N,Moving Constant Speed,2015-03-01 09:59,23,39.396358,-76.568892
1542,N,Apparently Normal,No Misuse,N,No Injury,5481f175-2bc3-40bb-ae65-4511dcc8ce20,D,AE55910009,Shoulder/Lap Belt(s),F,4340d00c-a9ed-4119-8800-f44f1d432ad7,Same Direction Rear End,N,Non Intersection,Left Turn Lane,Daylight,No Defects,"Two-way, Not Divided",Wet,Raining,Six o'clock,Passenger Car,Superficial,N,Slowing or Stopping,2015-01-03 12:04,63,39.39767211,-76.56227767
1543,N,Apparently Normal,No Misuse,N,No Injury,81125d76-bd10-41c8-a721-edceabdb06bc,D,AE56120009,Shoulder/Lap Belt(s),F,dbe59908-a442-4491-a854-f3a2db968d7b,Same Direction Rear End,N,Intersection,Right Turn Lane,Dusk,No Defects,"Two-way, Divided, Positive Median Barrier",Snow,Wintry Mix,Six o'clock,Passenger Car,Functional,N,Stopped in Traffic Lane,2015-02-14 00:00,41,39.33772456,-76.39968216
1544,N,Apparently Normal,No Misuse,N,No Injury,07a6af3a-48f8-4e13-a153-87389a012ad0,D,AE56120009,Shoulder/Lap Belt(s),M,c4938832-d868-4e57-8a93-eebb6887f437,Same Direction Rear End,N,Intersection,Right Turn Lane,Dusk,No Defects,"Two-way, Divided, Positive Median Barrier",Snow,Wintry Mix,Six o'clock,(Sport) Utility Vehicle,Functional,N,Stopped in Traffic Lane,2015-02-14 00:00,37,39.33772456,-76.39968216
1545,N,Apparently Normal,No Misuse,Y,No Injury,d99c35ad-5fa8-416c-8e9d-57d97f0913fa,D,AE56120009,Shoulder/Lap Belt(s),M,6603e954-53aa-415a-85ef-b5b3570503dd,Same Direction Rear End,N,Intersection,Right Turn Lane,Dusk,No Defects,"Two-way, Divided, Positive Median Barrier",Snow,Wintry Mix,Twelve o'clock,(Sport) Utility Vehicle,Functional,N,Moving Constant Speed,2015-02-14 00:00,25,39.33772456,-76.39968216
1546,N,Apparently Normal,No Misuse,N,No Injury,5ebce243-a1e3-4856-9b7d-4e5307a5f8d3,D,AE56180006,Shoulder/Lap Belt(s),F,a4c4ac79-4cc9-4453-b5b2-1f18fc0cfa38,Same Movement Angle,N,Intersection,Right Turn Lane,Dark Lights On,No Defects,"Two-way, Not Divided",Wet,Snow,Six o'clock,Passenger Car,Functional,N,Moving Constant Speed,2015-02-16 17:51,55,39.38282584,-76.81664228
1547,N,Apparently Normal,No Misuse,Y,No Injury,6f942421-bc41-406d-8a9b-9f611f8e76cb,D,AE56180006,Shoulder/Lap Belt(s),F,c2db5560-d3bc-49d6-bfb7-a2fa50c8fda9,Same Movement Angle,N,Intersection,Right Turn Lane,Dark Lights On,No Defects,"Two-way, Not Divided",Wet,Snow,Twelve o'clock,Passenger Car,Functional,N,Starting From Lane,2015-02-16 17:51,23,39.38282584,-76.81664228
1548,N,Apparently Normal,No Misuse,Y,No Injury,a17f1ea6-2c10-42f1-9215-afd1cea08a74,D,AE56200006,Shoulder/Lap Belt(s),F,d033ede9-d36a-4792-8a5f-412243791d9a,Single Vehicle ,N,Intersection,Right Turn Lane,Dark Lights On,No Defects,"Two-way, Divided, Unprotected (painted >4 feet) Median",Dry,Cloudy,Twelve o'clock,Passenger Car,Disabling,N,Making Left Turn,2015-01-28 03:06,22,39.39295863,-76.60440445
1549,N,Apparently Normal,No Misuse,N,No Injury,711226f7-0c9f-421a-b039-a0691f8d409f,D,AE5640000B,Shoulder/Lap Belt(s),F,1c99db82-d43b-4a64-a45b-837153180385,Same Movement Angle,N,Intersection,Right Turn Lane,Daylight,No Defects,"Two-way, Not Divided",Dry,Clear,Twelve o'clock,(Sport) Utility Vehicle,Superficial,N,Stopped in Traffic Lane,2015-01-31 14:30,32,39.31049375,-76.4710772
1550,N,Apparently Normal,No Misuse,Y,No Injury,b3cf9761-6f45-4892-bb77-dc8cccee7082,D,AE5640000C,Shoulder/Lap Belt(s),F,59c9b2bc-161d-42ae-9682-8d2dcdbe4879,Same Direction Sideswipe,N,Intersection,Right Turn Lane,Daylight,No Defects,"Two-way, Not Divided",Wet,Raining,One o'clock,Passenger Car,Functional,Y,Moving Constant Speed,2015-03-04 12:40,56,39.27696564,-76.48055077
1551,N,Apparently Normal,No Misuse,Y,No Injury,436bad12-8bad-4d4d-aa78-dbd77f669143,D,AE5640000D,Shoulder/Lap Belt(s),F,97e1ca9f-1e1e-401e-bb50-f31f102e5f65,Same Direction Sideswipe,N,Intersection,Right Turn Lane,Daylight,No Defects,"Two-way, Not Divided",Wet,Raining,One o'clock,Passenger Car,Functional,Y,Moving Constant Speed,2015-03-04 12:55,56,39.27745564,-76.48382306
1552,N,Apparently Normal,No Misuse,N,No Injury,8cc095ef-dee4-4cf4-946b-8febc504672c,D,AE56450017,Shoulder/Lap Belt(s),F,943e81cd-841e-41e7-ade9-57f1a0928a76,Same Direction Rear End,N,Non Intersection,Left Turn Lane,Daylight,No Defects,"Two-way, Not Divided",Dry,Clear,Six o'clock,Passenger Car,Disabling,N,Slowing or Stopping,2015-01-02 11:37,28,39.25656526,-76.66518331
1553,N,Apparently Normal,No Misuse,Y,No Injury,08d3138a-5818-40ef-a58d-74baf059315f,D,AE56450017,Shoulder/Lap Belt(s),F,55440586-af1b-4055-8512-3e2ac7331105,Same Direction Rear End,N,Non Intersection,Left Turn Lane,Daylight,No Defects,"Two-way, Not Divided",Dry,Clear,Twelve o'clock,(Sport) Utility Vehicle,Disabling,N,Slowing or Stopping,2015-01-02 11:37,28,39.25656526,-76.66518331
1554,N,Apparently Normal,No Misuse,N,No Injury,657360e1-b156-4f21-a2cb-98b936fb755a,D,AE56450017,Shoulder/Lap Belt(s),M,d6b9328e-b21b-4489-a5a1-ccddfd681b16,Same Direction Rear End,N,Non Intersection,Left Turn Lane,Daylight,No Defects,"Two-way, Not Divided",Dry,Clear,Six o'clock,Station Wagon,Disabling,N,Stopped in Traffic Lane,2015-01-02 11:37,34,39.25656526,-76.66518331
1555,N,Apparently Normal,No Misuse,Y,No Injury,e56c4f3b-393f-4c2e-b6ea-8e7e1f5ff0f1,D,AE56450018,Shoulder/Lap Belt(s),F,f6b60f47-3909-4d7c-b393-acb8f56e199b,Same Movement Angle,N,Intersection,Right Turn Lane,Dark Lights On,No Defects,"Two-way, Not Divided",Wet,Raining,One o'clock,Passenger Car,Disabling,N,Skidding,2015-01-12 17:04,27,39.26192343,-76.73650861
1556,N,Apparently Normal,No Misuse,N,Non-incapacitating Injury,0a7ae100-af4e-4d17-a38a-17742608843e,D,AE56450018,Shoulder/Lap Belt(s),F,6b90d54c-69c9-46e4-b4f1-c08edd722a5e,Same Movement Angle,N,Intersection,Right Turn Lane,Dark Lights On,No Defects,"Two-way, Not Divided",Wet,Raining,Ten o'clock,Passenger Car,Functional,N,Moving Constant Speed,2015-01-12 17:04,32,39.26192343,-76.73650861
1557,N,Apparently Normal,No Misuse,N,No Injury,a22339ae-96d5-47fd-b416-bf4203cc79e9,D,AE5645001P,Shoulder/Lap Belt(s),M,dd28322f-cb34-49a8-9dee-62cb7317f888,Same Direction Rear End,N,Non Intersection,Right Turn Lane,Daylight,No Defects,"Two-way, Not Divided",Wet,Clear,Six o'clock,Passenger Car,Functional,N,Stopped in Traffic Lane,2015-03-02 08:34,35,39.26229724,-76.67755365
1558,N,Apparently Normal,No Misuse,N,No Injury,d4eeace8-8061-426f-aa59-0249b64eeb64,D,AE5647000C,Shoulder/Lap Belt(s),F,26ef9b88-04b2-4439-a79c-5d30ccad0163,Same Direction Sideswipe,N,Intersection,Acceleration Lane,Daylight,No Defects,"Two-way, Divided, Unprotected (painted >4 feet) Median",Dry,Clear,Eleven o'clock,Passenger Car,Superficial,N,Moving Constant Speed,2015-02-27 11:15,75,39.31114124,-76.45276308