KEY_INDEX,CDL_FLAG,CONDITION_CODE,EQUIP_PROB_CODE,FAULT_FLAG,INJ_SEVER_CODE,PERSON_ID,PERSON_TYPE,REPORT_NO,SAF_EQUIP_CODE,SEX_CODE,VEHICLE_ID,COLLISION_TYPE_CODE,C_M_ZONE_FLAG,JUNCTION_CODE,LANE_CODE,LIGHT_CODE,RD_COND_CODE,RD_DIV_CODE,SURF_COND_CODE,WEATHER_CODE,AREA_DAMAGED_CODE_MAIN,BODY_TYPE_CODE,DAMAGE_CODE,HIT_AND_RUN_FLAG,MOVEMENT_CODE,TIME,AGE,LATITUDE,LONGITUDE
1559,N,Apparently Normal,No Misuse,N,No Injury,47552b57-714f-43ff-be6d-bed6c6495a0a,D,AE56530008,Shoulder/Lap Belt(s),F,96a78c20-1c63-4e0f-8c2d-c9a7c8f4bc0d,Same Direction Rear End,Y,Non Intersection,Right Turn Lane,Dusk,No Defects,"Two-way, Divided, Positive Median Barrier",Wet,Cloudy,Six o'clock,Passenger Car,Superficial,N,Slowing or Stopping,2015-03-14 16:35,29,39.39785865,-76.60446882
1560,N,Apparently Normal,No Misuse,N,No Injury,cc1bf9b6-54ac-4ff5-9b75-281adbd05557,D,AE56580004,Shoulder/Lap Belt(s),F,e2060e0d-7f7b-4db4-bfcb-994233e6739a,Same Direction Rear End,N,Intersection Related,Right Turn Lane,Dusk,No Defects,"Two-way, Not Divided",Dry,Clear,Five o'clock,Passenger Car,Superficial,N,Stopped in Traffic Lane,2015-01-01 16:58,57,39.50526586,-76.57010436
1561,N,Apparently Normal,No Misuse,Y,No Injury,777fbabe-7bad-4f70-a8e7-65252a605100,D,AE56580004,Shoulder Belt Only,M,71b363d1-2499-43fc-b6ff-d7811864e79e,Same Direction Rear End,N,Intersection Related,Right Turn Lane,Dusk,No Defects,"Two-way, Not Divided",Dry,Clear,Twelve o'clock,Pickup Truck,Destroyed,N,Moving Constant Speed,2015-01-01 16:58,45,39.50526586,-76.57010436
1562,N,Apparently Normal,No Misuse,N,Non-incapacitating Injury,1a91eefc-8914-4c67-b473-eba4e481db21,D,AE56580004,Shoulder/Lap Belt(s),M,4f40e25c-2dd3-4406-b10c-c3287c80361e,Same Direction Rear End,N,Intersection Related,Right Turn Lane,Dusk,No Defects,"Two-way, Not Divided",Dry,Clear,Six o'clock,Station Wagon,Functional,N,Stopped in Traffic Lane,2015-01-01 16:58,20,39.50526586,-76.57010436
1563,N,Apparently Normal,No Misuse,N,No Injury,af9ec924-4213-430f-8416-734e81be70ea,D,AE56640007,Shoulder/Lap Belt(s),F,13ee4c59-a0d1-4165-abd0-f464ddb408b6,Same Direction Rear End,N,Intersection,Left Turn Lane,Daylight,No Defects,"Two-way, Not Divided",Dry,Clear,Six o'clock,Passenger Car,Functional,N,Stopped in Traffic Lane,2015-02-05 13:19,31,39.31251091,-76.46533728
1564,N,Apparently Normal,No Misuse,Y,No Injury,bd7bcc38-b45b-43ea-adaf-a722f4117fd3,D,AE56640007,Shoulder/Lap Belt(s),M,a9d03738-6fde-42b9-ae57-1425a329feda,Same Direction Rear End,N,Intersection,Left Turn Lane,Daylight,No Defects,"Two-way, Not Divided",Dry,Clear,Twelve o'clock,Passenger Car,Disabling,N,Moving Constant Speed,2015-02-05 13:19,39,39.31251091,-76.46533728
1565,N,Apparently Normal,No Misuse,Y,No Injury,8330fe13-68f0-454f-8bf7-561fd276718f,D,AE56700006,Shoulder/Lap Belt(s),F,deebc814-9fdb-4cc3-acc2-0b2a71b85cb1,Same Direction Right Turn,N,Non Intersection,Left Turn Lane,Dark Lights On,No Defects,"Two-way, Divided, Positive Median Barrier",Wet,Clear,One o'clock,Van,Superficial,N,Making Right Turn,2015-02-09 19:04,47,39.33750051,-76.48984194
1566,N,Apparently Normal,No Misuse,N,No Injury,0e513561-7b93-4b04-abd6-a4c17f860b9d,D,AE56700006,Shoulder/Lap Belt(s),M,b15accdd-a8c6-44d3-a440-e610042af591,Same Direction Right Turn,N,Non Intersection,Left Turn Lane,Dark Lights On,No Defects,"Two-way, Divided, Positive Median Barrier",Wet,Clear,Ten o'clock,Passenger Car,Disabling,N,Moving Constant Speed,2015-02-09 19:04,29,39.33750051,-76.48984194
1567,N,Apparently Normal,No Misuse,Y,No Injury,a2ce23d7-54ba-4da3-893e-806158a12dd1,D,AE56710009,Shoulder/Lap Belt(s),M,80149b01-c783-41b1-abdb-a3a514525132,Same Direction Right Turn,N,Non Intersection,Right Turn Lane,Daylight,No Defects,"Two-way, Divided, Positive Median Barrier",Dry,Clear,Eight o'clock,Passenger Car,Functional,N,Making U Turn,2015-02-02 13:51,66,39.37848039,-76.7182374
1568,N,Apparently Normal,No Misuse,N,No Injury,cd082ab3-f494-413b-9b39-05388cd3fac6,D,AE5677000C,Shoulder/Lap Belt(s),F,9cf47f86-f525-4955-adc0-6b96864bbcf7,Same Movement Angle,N,Intersection,Right Turn Lane,Dark - Unknown Lighting,No Defects,"Two-way, Not Divided",Dry,Clear,Seven o'clock,Passenger Car,Superficial,N,Accelerating,2015-02-03 18:19,41,39.32181562,-76.7432785
1569,N,Apparently Normal,No Misuse,Y,No Injury,d98a5240-eb12-499e-ad00-9600c924536d,D,AE56960007,Shoulder/Lap Belt(s),F,12f6e3e6-f26f-4acc-b7aa-3ddd90c6c5be,Head On,N,Non Intersection,Right Turn Lane,Daylight,No Defects,"Two-way, Not Divided",Ice,Wintry Mix,Nine o'clock,(Sport) Utility Vehicle,Disabling,N,Negotiating a Curve,2015-01-19 09:52,57,39.497725,-76.681893
1570,N,Apparently Normal,No Misuse,N,No Injury,038e34ad-9d8a-4ce2-ab61-d7c8784e13f0,D,AE56960007,Shoulder/Lap Belt(s),M,4b3627b3-62e5-4c6c-b9db-3f30d482ea90,Head On,N,Non Intersection,Right Turn Lane,Daylight,No Defects,"Two-way, Not Divided",Ice,Wintry Mix,Twelve o'clock,(Sport) Utility Vehicle,Disabling,N,Moving Constant Speed,2015-01-19 09:52,68,39.497725,-76.681893
1571,N,Apparently Normal,No Misuse,N,No Injury,3d4786d3-fd20-4ac5-91d2-fe972736f0e2,D,AE56960009,Shoulder/Lap Belt(s),F,4a3823eb-a75d-4008-a8c6-7cba16dfdfff,Same Direction Left Turn,N,Intersection,Right Turn Lane,Daylight,No Defects,"Two-way, Divided, Positive Median Barrier",Dry,Clear,Twelve o'clock,Passenger Car,Functional,N,Moving Constant Speed,2015-01-31 16:40,65,39.495118,-76.67235
1572,N,Apparently Normal,No Misuse,Y,No Injury,f7999a54-fcd5-4baf-95ff-e402f0e7331b,D,AE56960009,Shoulder/Lap Belt(s),F,e1f1aae0-4e8d-4892-ab2e-51da6a64f081,Same Direction Left Turn,N,Intersection,Right Turn Lane,Daylight,No Defects,"Two-way, Divided, Positive Median Barrier",Dry,Clear,Eight o'clock,(Sport) Utility Vehicle,Disabling,N,Making Left Turn,2015-01-31 16:40,18,39.495118,-76.67235
1573,N,Apparently Normal,No Misuse,Y,No Injury,624d0777-fd90-4f84-9787-54532a4dfc81,D,AE57060005,Shoulder/Lap Belt(s),F,1419ce94-a444-41d9-ba18-4c990679db15,Same Movement Angle,N,Intersection,Right Turn Lane,Dark Lights On,No Defects,"Two-way, Not Divided",Slush,Clear,Twelve o'clock,Passenger Car,Disabling,N,Accelerating,2015-02-17 18:00,56,39.30083054,-76.44591808
1574,N,Apparently Normal,No Misuse,N,No Injury,eadc8127-b015-45d6-9e23-365415b9d1ce,D,AE5711000C,Shoulder/Lap Belt(s),F,ea77e1e2-6634-44f6-bd7a-06a2af30077d,Same Movement Angle,N,Non Intersection,Right Turn Lane,Dark No Lights,No Defects,"Two-way, Divided, Positive Median Barrier",Wet,Raining,Twelve o'clock,Passenger Car,Disabling,N,Moving Constant Speed,2015-01-25 18:23,34,39.31207926,-76.73135877
1575,N,Apparently Normal,No Misuse,Y,Non-incapacitating Injury,faf42aa9-7b3d-45c0-95c8-4e086d594dfe,D,AE5711000C,Shoulder/Lap Belt(s),F,fc27c712-6676-4729-bdc6-60a163e18b97,Same Movement Angle,N,Non Intersection,Right Turn Lane,Dark No Lights,No Defects,"Two-way, Divided, Positive Median Barrier",Wet,Raining,Twelve o'clock,Passenger Car,Disabling,N,Accelerating,2015-01-25 18:23,50,39.31207926,-76.73135877
1576,N,Apparently Normal,No Misuse,N,No Injury,83db8591-3cc8-42be-9c95-38aa8055cf81,D,AE5711000D,Shoulder/Lap Belt(s),F,1f537fb1-94c2-462c-887f-4dcfc86a990f,Same Direction Left Turn,N,Non Intersection,Right Turn Lane,Dusk,No Defects,"Two-way, Not Divided",Dry,Clear,Eleven o'clock,Transit Bus,Superficial,N,Making Left Turn,2015-01-29 16:16,61,39.31187173,-76.76073432
1577,N,Apparently Normal,No Misuse,N,No Injury,bb073404-b799-4c1b-8bb1-c9f1bab38962,D,AE5711000G,Shoulder/Lap Belt(s),F,4c689bbd-62d0-4126-8f7d-06b7d1b2eed8,Same Direction Both Left Turn,N,Non Intersection,Right Turn Lane,Daylight,No Defects,"Two-way, Not Divided",Wet,Cloudy,Eleven o'clock,Passenger Car,Functional,N,Parked  ,2015-02-18 15:19,64,39.290884,-76.734025
1578,N,Apparently Normal,No Misuse,Y,No Injury,5e45e0ec-bba7-45b6-934a-3d55801c79ed,D,AE57280007,Shoulder/Lap Belt(s),F,36fc1559-504e-465f-9d82-5462b4da7633,Same Direction Rear End,N,Non Intersection,Right Turn Lane,Daylight,No Defects,"Two-way, Not Divided",Dry,Clear,Twelve o'clock,Passenger Car,Superficial,Y,Moving Constant Speed,2015-01-08 15:10,48,39.27717327,-76.73310757
1579,N,Apparently Normal,No Misuse,N,No Injury,507e5fda-638f-425f-b8fc-05544dfdd29a,D,AE5729000Z,Shoulder/Lap Belt(s),F,c483d679-4d79-4b75-8109-664b4c5095c5,Same Direction Rear End,N,Intersection Related,Right Turn Lane,Daylight,No Defects,"Two-way, Divided, Positive Median Barrier",Dry,Clear,Six o'clock,Passenger Car,Superficial,N,Slowing or Stopping,2015-03-21 12:25,24,39.3379652,-76.48018599
1580,N,Apparently Normal,No Misuse,N,No Injury,d8aa129d-0ad2-4b2a-b443-570885a3400a,D,AE57370007,Shoulder/Lap Belt(s),F,0c368685-7509-4ba1-8527-068a4a6b728a,Same Direction Rear End,N,Non Intersection,Right Turn Lane,Daylight,No Defects,"Two-way, Not Divided",Dry,Clear,Six o'clock,Passenger Car,Superficial,N,Slowing or Stopping,2015-02-03 15:10,40,39.4141067,-76.60034895
1581,N,Apparently Normal,No Misuse,Y,No Injury,e1cde5aa-73da-442e-b9a5-0f515cae6b54,D,AE57370009,Shoulder/Lap Belt(s),F,0d25e168-8332-425b-912e-f6c9f7e2a5aa,Same Direction Rear End,N,Non Intersection,Right Turn Lane,Daylight,No Defects,"Two-way, Not Divided",Dry,Clear,Twelve o'clock,Passenger Car,Disabling,N,Moving Constant Speed,2015-02-10 15:57,22,39.39447593,-76.59170151
1582,N,Apparently Normal,No Misuse,N,No Injury,d2cf39fe-dd22-4317-bf39-a80977100365,D,AE57370009,Shoulder/Lap Belt(s),M,adb4eb30-533a-4df2-a219-fe385b23053a,Same Direction Rear End,N,Non Intersection,Right Turn Lane,Daylight,No Defects,"Two-way, Not Divided",Dry,Clear,Six o'clock,Passenger Car,Disabling,N,Slowing or Stopping,2015-02-10 15:57,36,39.39447593,-76.59170151
1583,N,Apparently Normal,No Misuse,N,No Injury,0a820852-fef7-4377-9436-3644ac49cb6c,D,AE5737000D,Shoulder/Lap Belt(s),F,e6bf0cf5-cf4e-44d7-bc55-01076f80b11f,Same Movement Angle,N,Intersection,Right Turn Lane,Daylight,No Defects,"Two-way, Not Divided",Dry,Clear,Twelve o'clock,Passenger Car,Functional,N,Accelerating,2015-03-06 16:00,30,39.40023807,-76.59989297
1584,N,Apparently Normal,No Misuse,N,No Injury,7667dfa9-8e59-485d-930e-c13964850ab7,D,AE5737000F,Shoulder/Lap Belt(s),F,acdbb1ff-7062-4d0f-a489-5f745266c43c,Same Direction Rear End,N,Non Intersection,Left Turn Lane,Daylight,No Defects,"Two-way, Divided, Positive Median Barrier",Wet,Clear,Four o'clock,Passenger Car,Disabling,N,Stopped in Traffic Lane,2015-03-09 16:06,67,39.39606782,-76.62681699
1585,N,Apparently Normal,No Misuse,N,No Injury,0316f39f-22d0-4929-9186-a218e800fa06,D,AE5737000F,Shoulder/Lap Belt(s),M,4ea5db2a-e65b-434e-acbf-2c0c6aca6ca3,Same Direction Rear End,N,Non Intersection,Left Turn Lane,Daylight,No Defects,"Two-way, Divided, Positive Median Barrier",Wet,Clear,Eight o'clock,Passenger Car,Disabling,N,Stopped in Traffic Lane,2015-03-09 16:06,65,39.39606782,-76.62681699
1586,N,Apparently Normal,No Misuse,N,No Injury,ab296451-8adf-4d02-977e-242addaec1bc,D,AE57380005,Shoulder/Lap Belt(s),F,9152b477-8318-432d-886d-311f75836f1a,Same Direction Rear End,N,Intersection,Right Turn Lane,Dark No Lights,No Defects,One-way Trafficway,Dry,Clear,Six o'clock,Passenger Car,Superficial,N,Stopped in Traffic Lane,2015-02-05 18:17,62,39.37333849,-76.56809807
1587,N,Apparently Normal,No Misuse,Y,No Injury,a59afbdd-86bf-4cc7-a9b5-c3f8940f3500,D,AE5739000F,Shoulder/Lap Belt(s),F,326121c9-37df-49ea-871b-3ae48510b9c0,Same Movement Angle,N,Commercial Driveway,Right Turn Lane,Daylight,No Defects,"Two-way, Divided, Unprotected (painted >4 feet) Median",Dry,Clear,Ten o'clock,Passenger Car,Disabling,N,Accelerating,2015-01-01 11:10,27,39.36269686,-76.78223491
1588,N,Apparently Normal,No Misuse,N,No Injury,03ba2ac5-e45d-41c1-b142-709c8234db30,D,AE5739000F,Shoulder/Lap Belt(s),M,183da3e3-d947-44cf-b347-8ee1ae1fad8c,Same Movement Angle,N,Commercial Driveway,Right Turn Lane,Daylight,No Defects,"Two-way, Divided, Unprotected (painted >4 feet) Median",Dry,Clear,Twelve o'clock,Passenger Car,Superficial,N,Moving Constant Speed,2015-01-01 11:10,34,39.36269686,-76.78223491
1589,N,Apparently Normal,No Misuse,Y,No Injury,a8918b64-1c18-4f41-bc0a-f51b6919b317,D,AE57480009,Shoulder/Lap Belt(s),F,ab489d57-27eb-4c31-8191-35205fd24c59,Same Movement Angle,N,Intersection,Right Turn Lane,Daylight,No Defects,"Two-way, Divided, Unprotected (painted >4 feet) Median",Dry,Clear,Twelve o'clock,Passenger Car,Functional,N,Moving Constant Speed,2015-01-23 11:45,31,39.34379838,-76.8257618
1590,N,Apparently Normal,No Misuse,N,No Injury,515c9f9e-3b24-4412-84e0-d18cbdbb3fe4,D,AE57480009,Shoulder/Lap Belt(s),M,08a7c199-61bd-446b-ae59-008158d709e8,Same Movement Angle,N,Intersection,Right Turn Lane,Daylight,No Defects,"Two-way, Divided, Unprotected (painted >4 feet) Median",Dry,Clear,Eleven o'clock,Passenger Car,Disabling,N,Making Left Turn,2015-01-23 11:45,23,39.34379838,-76.8257618
1591,N,Apparently Normal,No Misuse,N,No Injury,332442df-f69c-4d55-a5f0-6d402b885b77,D,AE5748000B,Shoulder/Lap Belt(s),F,52f9d7cd-abe6-4f53-ab6c-e155d1faf919,Head On,N,Non Intersection,Right Turn Lane,Daylight,No Defects,"Two-way, Divided, Unprotected (painted >4 feet) Median",Ice,Sleet,Twelve o'clock,Passenger Car,Disabling,N,Moving Constant Speed,2015-03-05 12:36,60,39.32091923,-76.72520041
1592,N,Apparently Normal,No Misuse,Y,No Injury,7aaafe12-ad50-4db3-8972-4e537d40b64e,D,AE5748000B,Shoulder/Lap Belt(s),M,3acda62c-83a3-48bb-82f6-59f9f04a5b3e,Head On,N,Non Intersection,Right Turn Lane,Daylight,No Defects,"Two-way, Divided, Unprotected (painted >4 feet) Median",Ice,Sleet,Twelve o'clock,(Sport) Utility Vehicle,Functional,N,Moving Constant Speed,2015-03-05 12:36,31,39.32091923,-76.72520041
1593,N,Apparently Normal,No Misuse,Y,No Injury,0b77bf81-fa00-48f8-acdb-2636f0fb62c1,D,AE57670009,Shoulder/Lap Belt(s),F,be4c8650-776e-43e5-8783-3ae0a8bd2e65,Single Vehicle ,N,Non Intersection,Right Turn Lane,Dark Lights On,No Defects,"Two-way, Divided, Positive Median Barrier",Snow,Snow,Two o'clock,Passenger Car,Disabling,N,Moving Constant Speed,2015-01-06 07:13,40,39.28732968,-76.73141241
1594,N,Apparently Normal,No Misuse,Y,No Injury,ab8d2d29-2225-4839-9908-794c48570fa0,D,AE5768000B,Shoulder/Lap Belt(s),F,3d8780ec-1e91-4153-86ab-9cba92d91c57,Same Direction Rear End,N,Non Intersection,Right Turn Lane,Daylight,No Defects,"Two-way, Not Divided",Dry,Clear,Twelve o'clock,Passenger Car,Disabling,N,Slowing or Stopping,2015-03-02 10:10,28,39.27097738,-76.73624039
1595,N,Apparently Normal,No Misuse,N,No Injury,de346b9a-99ee-49e2-bb37-8b63d47fe8e0,D,AE57720006,Shoulder/Lap Belt(s),F,6578bdbd-97fd-426c-b729-faf3c3a2901a,Head On,N,Non Intersection,Right Turn Lane,Daylight,No Defects,"Two-way, Not Divided",Dry,Clear,Ten o'clock,(Sport) Utility Vehicle,Superficial,N,Moving Constant Speed,2015-01-08 08:54,67,39.27085279,-76.52894855
1596,N,Apparently Normal,No Misuse,N,No Injury,cd62af01-0ac3-4698-b932-efd8ebb34160,D,AE57800007,Shoulder/Lap Belt(s),F,89b422d5-fcaf-4735-a29f-f374e5bb57a1,Same Direction Left Turn,Y,Non Intersection,Left Turn Lane,Daylight,No Defects,"Two-way, Not Divided",Dry,Clear,Seven o'clock,Passenger Car,Superficial,N,Moving Constant Speed,2015-01-15 08:57,25,39.3598226,-76.74551547
1597,Y,Apparently Normal,No Misuse,Y,No Injury,9c8c37ea-3a72-47cd-b220-6d5c92eafff2,D,AE57800007,Shoulder/Lap Belt(s),M,780a3440-57ea-4548-8f73-5f998277d9d4,Same Direction Left Turn,Y,Non Intersection,Left Turn Lane,Daylight,No Defects,"Two-way, Not Divided",Dry,Clear,One o'clock,"Medium/Heavy Truck 2 axles (10,000 lbs (4,536 kg) or less)",No Damage,N,Moving Constant Speed,2015-01-15 08:57,61,39.3598226,-76.74551547
1598,N,Apparently Normal,No Misuse,Y,No Injury,0e413b2d-e24c-4b28-9ad6-c008876ad712,D,AE57820008,Shoulder/Lap Belt(s),M,4cab7ba1-297f-46db-9d83-c0786c913a7d,Same Movement Angle,N,Intersection,Right Turn Lane,Daylight,No Defects,"Two-way, Divided, Positive Median Barrier",Snow,Severe Winds,One o'clock,Van,Disabling,N,Making Left Turn,2015-02-15 10:26,34,39.36070812,-76.44553185
1599,N,Apparently Normal,No Misuse,Y,No Injury,74ccfa4b-bcaa-4d69-a7f8-bb54311ecdf7,D,AE57820009,Shoulder/Lap Belt(s),F,76e5d501-f6f6-4bab-b4ae-20b9b4e1009c,Single Vehicle ,N,Non Intersection,Right Turn Lane,Daylight,No Defects,"Two-way, Not Divided",Snow,Severe Winds,One o'clock,Passenger Car,Superficial,N,Skidding,2015-02-15 11:35,50,39.34364073,-76.42935276
1600,N,Apparently Normal,No Misuse,Y,Possible Incapacitating Injury,755971ee-8980-47bf-aa2b-5daf6a574bf1,D,AE57910007,Shoulder/Lap Belt(s),F,1812a55b-e4aa-487f-89b5-38a008f046c9,Same Direction Rear End Left Turn,N,Intersection,Right Turn Lane,Daylight,No Defects,"Two-way, Divided, Unprotected (painted >4 feet) Median",Dry,Clear,Twelve o'clock,Pickup Truck,Functional,N,Moving Constant Speed,2015-01-21 13:48,67,39.30954741,-76.478405
1601,N,Apparently Normal,No Misuse,N,No Injury,6d3af646-f28c-4155-b45e-c545e96d191c,D,AE5794000K,Shoulder/Lap Belt(s),F,1dbec888-26b5-467e-b267-7f97abcd0129,Same Movement Angle,N,Intersection,Right Turn Lane,Daylight,No Defects,"Two-way, Not Divided",Dry,Clear,Twelve o'clock,Passenger Car,Disabling,N,Accelerating,2015-03-25 13:05,63,39.38193023,-76.77937031
1602,N,Apparently Normal,No Misuse,N,No Injury,e1e1ab17-7543-495c-a450-c9251f9e044b,D,AE5797000L,Shoulder/Lap Belt(s),F,90097ec8-805d-4fbe-be02-6f939256b718,Same Direction Rear End,N,Intersection,Right Turn Lane,Daylight,No Defects,"Two-way, Not Divided",Dry,Clear,Seven o'clock,Passenger Car,Functional,Y,Starting From Lane,2015-03-19 08:15,26,39.39738608,-76.56299114
1603,N,Apparently Normal,No Misuse,N,No Injury,6eb52b5a-5e36-43cf-a18f-1a1875afed84,D,AJ01090002,Shoulder/Lap Belt(s),F,558f8a2d-d8c4-4faf-a40f-cda4a5f898c0,Same Movement Angle,N,Non Intersection,Right Turn Lane,Daylight,Loose Surface Material,"Two-way, Not Divided",Ice,Raining,Twelve o'clock,(Sport) Utility Vehicle,Functional,N,Moving Constant Speed,2015-01-18 08:02,55,39.53221382,-76.325562
1604,N,Apparently Normal,No Misuse,Y,No Injury,abe65d0e-c0da-4c48-a471-c4cf4d1b8570,D,AJ01090002,Shoulder/Lap Belt(s),F,22fde8cf-5e49-4402-aa8e-1c182d505606,Same Movement Angle,N,Non Intersection,Right Turn Lane,Daylight,Loose Surface Material,"Two-way, Not Divided",Ice,Raining,One o'clock,Passenger Car,Disabling,N,Slowing or Stopping,2015-01-18 08:02,47,39.53221382,-76.325562
1605,N,Apparently Normal,No Misuse,N,No Injury,acfdfddd-7fa9-48a5-91e6-cf50d73b0182,D,AJ01090002,Shoulder/Lap Belt(s),M,da0fac68-699e-4730-bb12-dc760a0fe451,Same Movement Angle,N,Non Intersection,Right Turn Lane,Daylight,Loose Surface Material,"Two-way, Not Divided",Ice,Raining,Twelve o'clock,Passenger Car,Functional,N,Moving Constant Speed,2015-01-18 08:02,72,39.53221382,-76.325562
1606,N,Apparently Normal,No Misuse,N,No Injury,35442bd5-e058-4f4b-b01f-3a4455d6b008,D,AJ01090002,Shoulder/Lap Belt(s),M,f825d924-5c5a-4679-9445-5abc149b78a0,Same Movement Angle,N,Non Intersection,Right Turn Lane,Daylight,Loose Surface Material,"Two-way, Not Divided",Ice,Raining,Twelve o'clock,(Sport) Utility Vehicle,Superficial,N,Moving Constant Speed,2015-01-18 08:02,57,39.53221382,-76.325562
1607,N,Apparently Normal,No Misuse,Y,Non-incapacitating Injury,4cb1007e-ce98-44c1-a374-658020873b72,D,AJ01190005,Shoulder/Lap Belt(s),F,327443b5-b0e4-4b5e-85f2-155ac32643ac,Same Movement Angle,N,Intersection,Right Turn Lane,Dark Lights On,No Defects,"Two-way, Not Divided",Dry,Clear,Twelve o'clock,Passenger Car,Disabling,N,Making Left Turn,2015-03-29 20:26,48,39.53219727,-76.34884357
1608,N,Apparently Normal,No Misuse,N,No Injury,fb5dd382-9526-4cba-b30d-ec09b031dbf9,D,AM0323000B,Shoulder/Lap Belt(s),F,195ac52e-e578-4b49-811b-a6907c8beecc,Same Direction Rear End,N,Intersection,Acceleration Lane,Dark Lights On,No Defects,"Two-way, Divided, Positive Median Barrier",Ice,Clear,Six o'clock,Passenger Car,Superficial,N,Slowing or Stopping,2015-02-23 19:04,24,38.9395046,-76.91799223
1609,N,Apparently Normal,No Misuse,Y,No Injury,24c1ab20-a13a-4440-8421-327f571f852e,D,AM0323000F,Shoulder/Lap Belt(s),F,70920b90-be64-44f9-b721-97245ad84fe7,Same Direction Rear End,N,Non Intersection,Right Turn Lane,Daylight,No Defects,"Two-way, Not Divided",Dry,Clear,Twelve o'clock,(Sport) Utility Vehicle,Functional,N,Slowing or Stopping,2015-03-13 17:37,70,38.93945036,-76.93299651
1610,N,Apparently Normal,No Misuse,Y,No Injury,090fa3a0-e96c-4ed4-885a-ae61dcbc2e14,D,AM0323000F,Shoulder/Lap Belt(s),F,4a102e94-4c3e-4963-a3e3-9ec97b98e6e5,Same Direction Rear End,N,Non Intersection,Right Turn Lane,Daylight,No Defects,"Two-way, Not Divided",Dry,Clear,Twelve o'clock,Passenger Car,Functional,N,Slowing or Stopping,2015-03-13 17:37,56,38.93945036,-76.93299651
1611,N,Apparently Normal,No Misuse,Y,No Injury,ad360f7e-9e02-42e2-91c1-8d8e64ca09e9,D,AM0323000F,Shoulder/Lap Belt(s),F,8b62e7fe-ae87-42be-a52c-0f4e2e28371e,Same Direction Rear End,N,Non Intersection,Right Turn Lane,Daylight,No Defects,"Two-way, Not Divided",Dry,Clear,Twelve o'clock,(Sport) Utility Vehicle,Functional,N,Slowing or Stopping,2015-03-13 17:37,29,38.93945036,-76.93299651
1612,N,Apparently Normal,No Misuse,N,No Injury,a47ceccd-8e11-41cd-ac8a-ecb3b7a67354,D,AM0323000F,Shoulder/Lap Belt(s),M,ddef9f2e-e8eb-480e-80c8-50955882afdd,Same Direction Rear End,N,Non Intersection,Right Turn Lane,Daylight,No Defects,"Two-way, Not Divided",Dry,Clear,Six o'clock,Passenger Car,Functional,N,Slowing or Stopping,2015-03-13 17:37,33,38.93945036,-76.93299651
1613,N,Apparently Normal,No Misuse,Y,No Injury,da78e450-3dfa-49bb-8853-be80fd9f454f,D,AM0323000F,Shoulder/Lap Belt(s),M,8f0194a3-3715-432b-b6ec-8fe6e0223d73,Same Direction Rear End,N,Non Intersection,Right Turn Lane,Daylight,No Defects,"Two-way, Not Divided",Dry,Clear,Twelve o'clock,Passenger Car,Disabling,N,Moving Constant Speed,2015-03-13 17:37,60,38.93945036,-76.93299651
1614,N,Apparently Normal,No Misuse,Y,Possible Incapacitating Injury,1391f54f-c17c-400b-a0ae-384477449811,D,AM03330005,Shoulder/Lap Belt(s),F,9e7ecebf-637e-4da9-b0cd-52130f083e7b,Head On Left Turn,N,Intersection,Right Turn Lane,Dawn,No Defects,"Two-way, Divided, Positive Median Barrier",Wet,Sleet,One o'clock,Passenger Car,Destroyed,N,Making Left Turn,2015-03-20 06:44,64,38.9395119,-76.91809282
1615,N,Apparently Normal,No Misuse,Y,No Injury,9687ff90-d76a-4f26-ab15-376b381b3fc3,D,AP01270007,Shoulder/Lap Belt(s),F,4e4dc9f8-2bf0-44b1-b3ad-653f7137a853,Single Vehicle ,N,Intersection,Right Turn Lane,Daylight,No Defects,"Two-way, Not Divided",Snow,Snow,Twelve o'clock,Pickup Truck,Disabling,N,Slowing or Stopping,2015-03-05 11:26,64,39.31407976,-77.62648702
1616,N,Apparently Normal,No Misuse,N,No Injury,6210d14c-5a9a-49a0-8e00-33a83012f1b6,D,AP01300006,Shoulder/Lap Belt(s),F,b2640977-0aee-4b17-806b-9f386d21ed94,Head On,N,Non Intersection,Right Turn Lane,Dark Lights On,No Defects,"Two-way, Not Divided",Dry,Clear,Eleven o'clock,Van,Superficial,N,Moving Constant Speed,2015-01-07 18:12,50,39.32157285,-77.61903852
1617,N,Apparently Normal,No Misuse,N,No Injury,eb5c40ae-a5af-42ce-894c-53e6ff9cb374,D,AS01310004,Shoulder/Lap Belt(s),F,cc49ed60-6f19-45a9-b5df-131b219a3dab,Same Direction Rear End,N,Intersection Related,Left Turn Lane,Dark Lights On,No Defects,"Two-way, Divided, Positive Median Barrier",Dry,Cloudy,Six o'clock,Van,Disabling,N,Stopped in Traffic Lane,2015-03-22 20:04,54,38.56449218,-76.06568545
1618,N,Apparently Normal,No Misuse,N,No Injury,7e02e0ee-3f9c-430b-a192-92032d49e69e,D,AS01310004,Shoulder/Lap Belt(s),M,616808a9-e62c-4a59-a3e0-8dc3520d28fa,Same Direction Rear End,N,Intersection Related,Left Turn Lane,Dark Lights On,No Defects,"Two-way, Divided, Positive Median Barrier",Dry,Cloudy,Six o'clock,Passenger Car,Superficial,N,Stopped in Traffic Lane,2015-03-22 20:04,70,38.56449218,-76.06568545