KEY_INDEX,CDL_FLAG,CONDITION_CODE,EQUIP_PROB_CODE,FAULT_FLAG,INJ_SEVER_CODE,PERSON_ID,PERSON_TYPE,REPORT_NO,SAF_EQUIP_CODE,SEX_CODE,VEHICLE_ID,COLLISION_TYPE_CODE,C_M_ZONE_FLAG,JUNCTION_CODE,LANE_CODE,LIGHT_CODE,RD_COND_CODE,RD_DIV_CODE,SURF_COND_CODE,WEATHER_CODE,AREA_DAMAGED_CODE_MAIN,BODY_TYPE_CODE,DAMAGE_CODE,HIT_AND_RUN_FLAG,MOVEMENT_CODE,TIME,AGE,LATITUDE,LONGITUDE
1619,N,Had Been Drinking,No Misuse,Y,No Injury,23dfe7b7-5c59-4227-8439-3ebfc4c488d8,D,AS01310004,Shoulder/Lap Belt(s),M,a0e18739-b0a1-4a91-93f4-1ae26df48972,Same Direction Rear End,N,Intersection Related,Left Turn Lane,Dark Lights On,No Defects,"Two-way, Divided, Positive Median Barrier",Dry,Cloudy,Twelve o'clock,Pickup Truck,Functional,N,Moving Constant Speed,2015-03-22 20:04,50,38.56449218,-76.06568545
1620,N,Apparently Normal,No Misuse,N,No Injury,7e0db1ca-fdc6-4eb9-bbc9-234ef9d49c35,D,AS01420004,Shoulder/Lap Belt(s),F,a93086e0-e9d0-479e-9594-12a0df3d1a9b,Head On Left Turn,N,Intersection,Right Turn Lane,Daylight,No Defects,"Two-way, Not Divided",Dry,Clear,One o'clock,Station Wagon,Disabling,N,Moving Constant Speed,2015-03-07 08:54,32,38.56326528,-76.07854664
1621,N,Apparently Normal,No Misuse,Y,No Injury,5b6ced6a-ec84-420d-864b-5ae7fe490acc,D,AV10520001,Shoulder/Lap Belt(s),F,0ca6d34e-d86e-44ac-a048-9c215b957086,Same Direction Rear End,N,Intersection Related,Left Turn Lane,Daylight,No Defects,"Two-way, Not Divided",Dry,Clear,Twelve o'clock,Passenger Car,Disabling,N,Moving Constant Speed,2015-03-23 16:20,28,39.03368616,-76.07549429
1622,N,Apparently Normal,No Misuse,N,No Injury,86fdc362-fb32-459c-928e-3839914573aa,D,AV10520001,Shoulder/Lap Belt(s),M,023771ee-3803-4d0b-82d6-715fb20cc8f0,Same Direction Rear End,N,Intersection Related,Left Turn Lane,Daylight,No Defects,"Two-way, Not Divided",Dry,Clear,Six o'clock,Pickup Truck,Superficial,N,Slowing or Stopping,2015-03-23 16:20,18,39.03368616,-76.07549429
1623,N,Apparently Normal,No Misuse,N,No Injury,23a68b2a-afd0-4aac-8a6a-444724c0b31d,D,AZ1674000G,Shoulder/Lap Belt(s),F,977c3806-2031-4817-b84b-dffbf0c35d13,Same Direction Rear End,N,Intersection,Acceleration Lane,Dark Lights On,No Defects,"Two-way, Divided, Positive Median Barrier",Dry,Clear,Six o'clock,Passenger Car,Functional,N,Making Right Turn,2015-03-15 20:59,34,38.93542795,-76.91764355
1624,N,Apparently Normal,No Misuse,N,No Injury,1930d67b-3722-4bdb-8419-4c0ba369ccbb,D,AZ16830009,Shoulder/Lap Belt(s),F,64056d0a-a31d-480a-86a0-a54cf0694425,Same Direction Rear End,N,Intersection Related,Right Turn Lane,Daylight,No Defects,"Two-way, Divided, Positive Median Barrier",Dry,Clear,Six o'clock,Passenger Car,Superficial,N,Stopped in Traffic Lane,2015-01-22 08:35,67,38.93429296,-76.91428542
1625,N,Apparently Normal,No Misuse,Y,Non-incapacitating Injury,8a239116-3744-4ced-bbb4-c155cf437a1a,D,AZ16830009,Shoulder/Lap Belt(s),F,73e3bf09-caa3-45c9-8233-b6c7cc4970e2,Same Direction Rear End,N,Intersection Related,Right Turn Lane,Daylight,No Defects,"Two-way, Divided, Positive Median Barrier",Dry,Clear,Twelve o'clock,Passenger Car,Functional,N,Slowing or Stopping,2015-01-22 08:35,22,38.93429296,-76.91428542
1626,N,Apparently Normal,No Misuse,N,Non-incapacitating Injury,790af77e-c78a-4703-93a7-45cc0dbb978b,D,AZ16830009,Shoulder/Lap Belt(s),M,6452178a-af9c-4611-860f-69ed4e979e14,Same Direction Rear End,N,Intersection Related,Right Turn Lane,Daylight,No Defects,"Two-way, Divided, Positive Median Barrier",Dry,Clear,Six o'clock,Passenger Car,Functional,N,Stopped in Traffic Lane,2015-01-22 08:35,48,38.93429296,-76.91428542
1627,N,Apparently Normal,No Misuse,Y,No Injury,658009d4-7113-4e15-8cc8-ead6a78d2ba0,D,AZ1687000P,Shoulder/Lap Belt(s),F,c1f60c51-b489-4574-bb1a-6b0c90935bba,Same Direction Right Turn,N,Intersection,Acceleration Lane,Daylight,No Defects,"Two-way, Divided, Positive Median Barrier",Wet,Cloudy,One o'clock,Passenger Car,Disabling,N,Making Right Turn,2015-03-04 11:40,20,38.93634595,-76.91993952
1628,N,Apparently Normal,No Misuse,N,Incapacitating/Disabled Injury,681c7cb2-a7af-4359-9a5b-f1cde7a304c6,D,AZ1687000P,Shoulder/Lap Belt(s),M,3c1f2f67-fe4f-43bc-a97c-1b4494acfd88,Same Direction Right Turn,N,Intersection,Acceleration Lane,Daylight,No Defects,"Two-way, Divided, Positive Median Barrier",Wet,Cloudy,Two o'clock,Passenger Car,Disabling,N,Moving Constant Speed,2015-03-04 11:40,23,38.93634595,-76.91993952
1629,N,Apparently Normal,No Misuse,N,No Injury,26d77f44-775f-4c2f-88df-d36fb4748b50,D,AZ16910007,Shoulder/Lap Belt(s),F,b3985b23-9050-45ec-9d3e-678dd789eba2,Same Direction Rear End,N,Intersection Related,Left Turn Lane,Daylight,No Defects,"Two-way, Divided, Positive Median Barrier",Wet,Raining,Six o'clock,Passenger Car,Disabling,N,Slowing or Stopping,2015-01-24 13:47,26,38.93541126,-76.91742897
1630,N,Apparently Normal,No Misuse,N,No Injury,4220c543-9bcd-4466-ad5f-fab5eccdf4b5,D,BD02050008,Shoulder/Lap Belt(s),F,c86d0b15-3cba-4b88-be3b-40c4d617944a,Same Direction Rear End,N,Non Intersection,Right Turn Lane,Daylight,No Defects,"Two-way, Not Divided",Dry,Clear,Six o'clock,(Sport) Utility Vehicle,Superficial,N,Stopped in Traffic Lane,2015-01-27 14:58,41,39.63293592,-78.76484871
1631,N,Apparently Normal,No Misuse,N,No Injury,9126e64f-86fb-4c10-a90b-07c43996e017,D,BD02050009,Shoulder/Lap Belt(s),F,b0cdc6b0-3de9-40b1-80f9-38085a33718d,Same Movement Angle,N,Intersection,Right Turn Lane,Daylight,No Defects,"Two-way, Not Divided",Wet,Raining,Eleven o'clock,Passenger Car,Disabling,N,Moving Constant Speed,2015-03-05 09:04,24,39.63572455,-78.7588191
1632,N,Apparently Normal,No Misuse,Y,No Injury,14aa373b-806d-49d6-adfa-ad541b20fcaa,D,BD02050009,Shoulder/Lap Belt(s),F,fd6503ae-e3af-4224-b185-e8f63b9713d0,Same Movement Angle,N,Intersection,Right Turn Lane,Daylight,No Defects,"Two-way, Not Divided",Wet,Raining,One o'clock,(Sport) Utility Vehicle,Disabling,N,Moving Constant Speed,2015-03-05 09:04,34,39.63572455,-78.7588191
1633,N,Apparently Normal,No Misuse,Y,No Injury,e58ca36e-1de9-4c3b-876b-1da48bae1d44,D,BD02070006,Shoulder/Lap Belt(s),F,ba9529aa-f04c-425e-a0b4-44c5fdc9d132,Same Direction Rear End,N,Intersection,Right Turn Lane,Daylight,No Defects,"Two-way, Not Divided",Snow,Snow,Twelve o'clock,Passenger Car,Disabling,N,Slowing or Stopping,2015-02-14 15:00,21,39.64811298,-78.75725269
1634,N,Apparently Normal,No Misuse,N,No Injury,cb33d06f-63f9-47a1-843d-b3d0652da939,D,BD02070006,Shoulder/Lap Belt(s),M,2b5b294d-4cf4-4e85-ad95-b6f9d2f53c4f,Same Direction Rear End,N,Intersection,Right Turn Lane,Daylight,No Defects,"Two-way, Not Divided",Snow,Snow,Six o'clock,Passenger Car,Functional,N,Slowing or Stopping,2015-02-14 15:00,60,39.64811298,-78.75725269
1635,N,Apparently Normal,No Misuse,Y,No Injury,21ae6ac2-d1fe-41b1-a59b-c53b3f05bde0,D,BJ00820002,Shoulder/Lap Belt(s),F,9fef2d94-363a-4be6-af51-09c0b439634d,Same Movement Angle,N,Intersection,Right Turn Lane,Dusk,No Defects,"Two-way, Not Divided",Dry,Cloudy,Twelve o'clock,Passenger Car,Functional,N,Making Left Turn,2015-01-23 17:14,60,38.78056757,-76.07742548
1636,N,Apparently Normal,No Misuse,N,No Injury,31e3d278-c761-4179-93ca-da8ae2eb4748,D,BJ00820002,Shoulder/Lap Belt(s),M,2ed5e249-cbfb-4287-bf4b-aa2e844c68c4,Same Movement Angle,N,Intersection,Right Turn Lane,Dusk,No Defects,"Two-way, Not Divided",Dry,Cloudy,One o'clock,Police Vehicle/Non Emergency,Disabling,N,Moving Constant Speed,2015-01-23 17:14,38,38.78056757,-76.07742548
1637,N,Apparently Normal,No Misuse,N,No Injury,a0167a2f-4022-4cc3-a079-053664284260,D,BJ01550004,Shoulder/Lap Belt(s),F,61170ddc-617d-43ba-a477-4fd5369e2e51,Opposite Direction Both Left Turn,N,Non Intersection,Right Turn Lane,Dark Lights On,No Defects,"Two-way, Not Divided",Wet,Raining,Eleven o'clock,(Sport) Utility Vehicle,Disabling,N,Moving Constant Speed,2015-03-31 20:24,55,38.77081486,-76.0815239
1638,N,Apparently Normal,No Misuse,N,No Injury,02bc2e05-22de-4942-8ebf-d6df0b0437d3,D,BJ0165000P,Shoulder/Lap Belt(s),F,f4b99b8b-d21c-4392-9f6f-897b4b942a90,Same Movement Angle,N,Intersection,Right Turn Lane,Dark Lights On,No Defects,"Two-way, Not Divided",Dry,Cloudy,Five o'clock,(Sport) Utility Vehicle,Disabling,N,Moving Constant Speed,2015-02-27 21:26,18,38.77571647,-76.07156754
1639,N,Apparently Normal,No Misuse,Y,No Injury,c4e1befb-9d87-45b2-8f39-ff74a3fd46e4,D,BJ0165000P,Shoulder/Lap Belt(s),F,6b4532ab-4202-448c-a606-38af99d7516f,Same Movement Angle,N,Intersection,Right Turn Lane,Dark Lights On,No Defects,"Two-way, Not Divided",Dry,Cloudy,Twelve o'clock,Van,Functional,N,Moving Constant Speed,2015-02-27 21:26,58,38.77571647,-76.07156754
1640,N,Apparently Normal,No Misuse,Y,No Injury,03c5dc4c-a5cc-471a-9882-002f93151907,D,BJ0167000K,Shoulder/Lap Belt(s),F,c427412f-ae76-45f4-bade-ad19e8f738fe,Same Direction Rear End,N,Intersection Related,Right Turn Lane,Dusk,No Defects,"Two-way, Divided, Positive Median Barrier",Wet,Cloudy,Twelve o'clock,Passenger Car,Disabling,N,Moving Constant Speed,2015-01-04 16:24,21,38.74071192,-76.06882095
1641,N,Apparently Normal,No Misuse,N,No Injury,bb92bc82-ac60-4a90-bce5-b6abe29c8efe,D,BJ0167000K,Shoulder/Lap Belt(s),M,9bdaf3b5-1806-414e-9780-2993f2be8f8c,Same Direction Rear End,N,Intersection Related,Right Turn Lane,Dusk,No Defects,"Two-way, Divided, Positive Median Barrier",Wet,Cloudy,Six o'clock,(Sport) Utility Vehicle,Superficial,N,Stopped in Traffic Lane,2015-01-04 16:24,48,38.74071192,-76.06882095
1642,N,Apparently Normal,No Misuse,Y,No Injury,185057d1-3c07-4829-953c-df5b3d8fa51d,D,BJ0167000M,Shoulder/Lap Belt(s),F,741f7255-9322-401c-84d8-3e476093f0f8,Same Direction Rear End,N,Intersection Related,Acceleration Lane,Dark Lights On,No Defects,"Two-way, Not Divided",Dry,Clear,Twelve o'clock,Passenger Car,Functional,N,Slowing or Stopping,2015-02-04 19:20,57,38.78133702,-76.0827899
1643,N,Apparently Normal,No Misuse,N,No Injury,0ceaf433-226b-45e4-a639-c3632a54df00,D,BJ0167000M,Shoulder/Lap Belt(s),M,3e4c60c0-e613-417e-91bd-a9723ac981a5,Same Direction Rear End,N,Intersection Related,Acceleration Lane,Dark Lights On,No Defects,"Two-way, Not Divided",Dry,Clear,Six o'clock,Pickup Truck,Superficial,N,Stopped in Traffic Lane,2015-02-04 19:20,58,38.78133702,-76.0827899
1644,N,Apparently Normal,No Misuse,N,No Injury,a8ee860d-b37b-493c-b170-20df21d1eb73,D,BJ01700005,Shoulder/Lap Belt(s),F,478e67df-5ec8-4d6e-ab99-d4183326c027,Same Movement Angle,N,Intersection,Right Turn Lane,Daylight,No Defects,"Two-way, Not Divided",Dry,Clear,Twelve o'clock,(Sport) Utility Vehicle,Superficial,N,Stopped in Traffic Lane,2015-03-09 12:00,60,38.77603431,-76.07139587
1645,N,Apparently Normal,No Misuse,Y,No Injury,acbbd597-a5c9-4b46-afef-b988ae1de8b2,D,BJ01700005,Shoulder/Lap Belt(s),F,bd2705c7-0a2b-4987-9cc9-ada82cc43211,Same Movement Angle,N,Intersection,Right Turn Lane,Daylight,No Defects,"Two-way, Not Divided",Dry,Clear,Two o'clock,Passenger Car,Disabling,N,Moving Constant Speed,2015-03-09 12:00,72,38.77603431,-76.07139587
1646,N,Apparently Normal,No Misuse,N,Non-incapacitating Injury,7cbfbaac-b298-4a71-bde4-2ef2cfbeed24,D,BJ01700005,Shoulder/Lap Belt(s),F,f1e912d7-1b7f-40aa-9ef8-8586bbc2e752,Same Movement Angle,N,Intersection,Right Turn Lane,Daylight,No Defects,"Two-way, Not Divided",Dry,Clear,Twelve o'clock,Passenger Car,Disabling,N,Moving Constant Speed,2015-03-09 12:00,72,38.77603431,-76.07139587
1647,N,Apparently Normal,No Misuse,N,No Injury,937c5b81-e99a-4c9a-ab43-6b2329d56d05,D,BJ01810005,Shoulder/Lap Belt(s),F,23814fb1-32ba-4740-bbe8-839ed45a4d23,Same Direction Rear End,N,Intersection Related,Left Turn Lane,Dark Lights On,No Defects,"Two-way, Divided, Positive Median Barrier",Dry,Clear,Six o'clock,Passenger Car,Functional,N,Slowing or Stopping,2015-01-08 18:10,49,38.79287783,-76.0600394
1648,N,Apparently Normal,No Misuse,Y,No Injury,b4851dcc-1107-4fa1-b779-55e5973d8b77,D,BJ01810005,Shoulder/Lap Belt(s),F,5206fb78-ac5d-4b33-8ff5-bfc31a8c0b5b,Same Direction Rear End,N,Intersection Related,Left Turn Lane,Dark Lights On,No Defects,"Two-way, Divided, Positive Median Barrier",Dry,Clear,Twelve o'clock,Passenger Car,Disabling,N,Moving Constant Speed,2015-01-08 18:10,36,38.79287783,-76.0600394
1649,N,Apparently Normal,No Misuse,N,No Injury,eaace243-8216-4d64-8d62-7f5320cea2bd,D,BJ01810005,Shoulder/Lap Belt(s),M,d740683f-00cb-4f09-929d-52ceb88f30f1,Same Direction Rear End,N,Intersection Related,Left Turn Lane,Dark Lights On,No Defects,"Two-way, Divided, Positive Median Barrier",Dry,Clear,Six o'clock,Passenger Car,Disabling,N,Slowing or Stopping,2015-01-08 18:10,74,38.79287783,-76.0600394
1650,N,Apparently Normal,No Misuse,Y,No Injury,cbb249c3-c465-4b31-ace1-f6fa177dcee8,D,BJ01810006,Shoulder/Lap Belt(s),F,6aa7e2d5-6cad-4129-8a42-fb53565829ed,Same Direction Rear End Right Turn,N,Commercial Driveway,Acceleration Lane,Daylight,No Defects,"Two-way, Divided, Positive Median Barrier",Dry,Clear,Twelve o'clock,Passenger Car,Superficial,N,Moving Constant Speed,2015-02-13 13:50,43,38.78254137,-76.06008768
1651,N,Apparently Normal,No Misuse,N,No Injury,32d4e5d0-3750-4796-8ce8-2582e6cce2ba,D,BJ01810006,Shoulder/Lap Belt(s),M,e3786ad7-e662-444a-884b-0412d9f6aeb6,Same Direction Rear End Right Turn,N,Commercial Driveway,Acceleration Lane,Daylight,No Defects,"Two-way, Divided, Positive Median Barrier",Dry,Clear,Six o'clock,Passenger Car,Disabling,N,Making Right Turn,2015-02-13 13:50,54,38.78254137,-76.06008768
1652,N,Apparently Normal,No Misuse,N,No Injury,9c342b74-578d-4f84-9ad8-31dbb4e623d0,D,BK02230008,Shoulder/Lap Belt(s),F,5dafaf87-fc9f-42aa-a5f2-ba89e459bd48,Same Direction Rear End,N,Non Intersection,Right Turn Lane,Dusk,No Defects,"Two-way, Divided, Positive Median Barrier",Dry,Cloudy,Six o'clock,Passenger Car,Functional,N,Slowing or Stopping,2015-01-23 16:36,37,39.60098465,-75.83036184
1653,Y,Apparently Normal,No Misuse,N,Non-incapacitating Injury,bc73ae1c-2b5f-4874-9a47-531acd743f3e,D,BK02230008,Shoulder/Lap Belt(s),F,f913f8b7-a672-43b0-bf0c-5b3d814d91cd,Same Direction Rear End,N,Non Intersection,Right Turn Lane,Dusk,No Defects,"Two-way, Divided, Positive Median Barrier",Dry,Cloudy,Six o'clock,Passenger Car,Disabling,N,Slowing or Stopping,2015-01-23 16:36,31,39.60098465,-75.83036184
1654,N,Had Been Drinking,No Misuse,Y,No Injury,12f59a5a-7cb3-4d82-888a-6be34bd0205d,D,BK02230008,Shoulder/Lap Belt(s),M,34371af0-40f8-4fe9-98c2-5742d56aa173,Same Direction Rear End,N,Non Intersection,Right Turn Lane,Dusk,No Defects,"Two-way, Divided, Positive Median Barrier",Dry,Cloudy,Twelve o'clock,Pickup Truck,Disabling,Y,Moving Constant Speed,2015-01-23 16:36,33,39.60098465,-75.83036184
1655,N,Apparently Normal,No Misuse,N,No Injury,f4e4a71f-b1ff-43cf-a988-cb06b947e58b,D,BK02230009,Shoulder/Lap Belt(s),F,4ce1e5db-f094-400c-bc80-fa1bf895ff3d,Same Direction Rear End,N,Non Intersection,Left Turn Lane,Dark Lights On,No Defects,"Two-way, Divided, Positive Median Barrier",Dry,Clear,Six o'clock,(Sport) Utility Vehicle,Disabling,N,Slowing or Stopping,2015-01-28 18:13,47,39.60063745,-75.82917094
1656,N,Apparently Normal,No Misuse,Y,No Injury,4f4f6710-f35e-4d15-981c-9e9962b25857,D,BK02230009,Shoulder/Lap Belt(s),F,eae4213c-d2ac-4d76-a4ed-4835f5a695c8,Same Direction Rear End,N,Non Intersection,Left Turn Lane,Dark Lights On,No Defects,"Two-way, Divided, Positive Median Barrier",Dry,Clear,Twelve o'clock,Passenger Car,Disabling,N,Slowing or Stopping,2015-01-28 18:13,19,39.60063745,-75.82917094
1657,N,Apparently Normal,No Misuse,N,No Injury,c4fb83e5-dfdd-4172-b9fa-25e046a3b483,D,BK02230009,Shoulder/Lap Belt(s),M,06908c40-3471-4eef-a947-d7afdbca6a61,Same Direction Rear End,N,Non Intersection,Left Turn Lane,Dark Lights On,No Defects,"Two-way, Divided, Positive Median Barrier",Dry,Clear,Six o'clock,Passenger Car,Superficial,N,Slowing or Stopping,2015-01-28 18:13,29,39.60063745,-75.82917094
1658,N,Apparently Normal,No Misuse,N,No Injury,aaab7df8-a24f-4733-8480-fe04d883dffb,D,BK0231000C,Shoulder/Lap Belt(s),F,0647b4b1-75bf-453c-b794-cdc6fdbd8450,Same Movement Angle,N,Intersection,Right Turn Lane,Dawn,No Defects,"Two-way, Not Divided",Dry,Clear,Eleven o'clock,Passenger Car,Functional,N,Moving Constant Speed,2015-01-05 06:41,20,39.60843245,-75.83437443
1659,N,Apparently Normal,No Misuse,Y,No Injury,c157d41d-d41f-4113-8cbb-dd1d470f7d38,D,BK0231000C,Shoulder/Lap Belt(s),F,7201f3f8-8fdb-479f-a00f-10410153b3d1,Same Movement Angle,N,Intersection,Right Turn Lane,Dawn,No Defects,"Two-way, Not Divided",Dry,Clear,Twelve o'clock,School Bus,Superficial,N,Moving Constant Speed,2015-01-05 06:41,54,39.60843245,-75.83437443
1660,N,Apparently Normal,No Misuse,N,No Injury,6de0aadf-3128-4958-992d-f08de2402c2a,D,BK0241000T,Shoulder/Lap Belt(s),F,f46c6759-4004-43b7-bb0f-92077a1fb94f,Same Movement Angle,N,Intersection,Right Turn Lane,Daylight,No Defects,"Two-way, Divided, Positive Median Barrier",Dry,Clear,Twelve o'clock,Passenger Car,Disabling,N,Starting From Lane,2015-03-12 14:42,25,39.59915357,-75.8242625
1661,N,Apparently Normal,No Misuse,Y,Possible Incapacitating Injury,1f52d08d-7055-428b-b06d-f0c8a12f7500,D,BK0241000T,Shoulder/Lap Belt(s),F,5547f1f8-3249-4103-a2e2-4714c7edcc6e,Same Movement Angle,N,Intersection,Right Turn Lane,Daylight,No Defects,"Two-way, Divided, Positive Median Barrier",Dry,Clear,Four o'clock,Station Wagon,Destroyed,N,Accelerating,2015-03-12 14:42,87,39.59915357,-75.8242625
1662,N,Apparently Normal,No Misuse,N,No Injury,f21e8227-0a47-408c-aea8-6a0557dc1a0b,D,BK0268000N,Shoulder/Lap Belt(s),F,6d6310e2-0b33-4803-97d6-1aaec202056b,Same Movement Angle,N,Intersection Related,Right Turn Lane,Dark Lights On,No Defects,"Two-way, Not Divided",Dry,Clear,Twelve o'clock,Passenger Car,Functional,N,Accelerating,2015-01-16 20:08,20,39.61884645,-75.83808661
1663,N,Apparently Normal,No Misuse,Y,No Injury,687e34d8-e581-40de-b8dd-da59be42ee19,D,BK0268000N,Shoulder/Lap Belt(s),F,3d0ea00f-dc24-455f-b993-a4ef639e11d6,Same Movement Angle,N,Intersection Related,Right Turn Lane,Dark Lights On,No Defects,"Two-way, Not Divided",Dry,Clear,Eleven o'clock,Passenger Car,Disabling,N,Accelerating,2015-01-16 20:08,72,39.61884645,-75.83808661
1664,N,Apparently Normal,No Misuse,N,No Injury,f6a9cf51-be84-4cf4-b0ad-12319ce74490,D,BS02730006,Shoulder/Lap Belt(s),F,f22f1bfa-574e-4aac-9dc6-377e924c0bb5,Same Direction Sideswipe,N,Intersection Related,Right Turn Lane,Daylight,No Defects,"Two-way, Divided, Positive Median Barrier",Dry,Clear,Seven o'clock,Passenger Car,Superficial,N,Stopped in Traffic Lane,2015-02-03 13:00,67,39.41762937,-77.4486351
1665,N,Apparently Normal,No Misuse,Y,No Injury,702d483e-a289-40e6-8787-da80d0bfdf55,D,BS02730006,Shoulder/Lap Belt(s),M,9e1f4510-19a6-4c18-b18b-36a135f6b045,Same Direction Sideswipe,N,Intersection Related,Right Turn Lane,Daylight,No Defects,"Two-way, Divided, Positive Median Barrier",Dry,Clear,One o'clock,Passenger Car,Superficial,Y,Moving Constant Speed,2015-02-03 13:00,28,39.41762937,-77.4486351
1666,N,Apparently Normal,No Misuse,N,No Injury,3cd3162e-27e9-430c-ae8e-7a3aa828d528,D,BS02850003,Shoulder/Lap Belt(s),F,e7283fc3-fe75-4f06-8f49-9a333c562e5a,Same Direction Rear End,N,Intersection Related,Left Turn Lane,Daylight,No Defects,"Two-way, Not Divided",Dry,Clear,Six o'clock,(Sport) Utility Vehicle,Superficial,N,Stopped in Traffic Lane,2015-02-25 12:58,34,39.41038491,-77.39397168
1667,N,Apparently Normal,No Misuse,Y,No Injury,a1df8acf-c63c-4262-ae67-637c62e36ba7,D,BS02850003,Shoulder/Lap Belt(s),M,652ff5e0-7069-4fbe-91ec-4862ffc7d974,Same Direction Rear End,N,Intersection Related,Left Turn Lane,Daylight,No Defects,"Two-way, Not Divided",Dry,Clear,Twelve o'clock,(Sport) Utility Vehicle,Superficial,N,Slowing or Stopping,2015-02-25 12:58,30,39.41038491,-77.39397168
1668,N,Apparently Normal,No Misuse,N,No Injury,bb8bf448-0393-48af-afb2-b1b69b770bba,D,BS04560006,Shoulder/Lap Belt(s),F,a81a64db-bf25-4f83-85aa-667317e8f7bb,Same Direction Rear End,N,Intersection Related,Right Turn Lane,Dark Lights On,No Defects,"Two-way, Not Divided",Snow,Clear,Twelve o'clock,Passenger Car,Functional,N,Stopped in Traffic Lane,2015-03-07 00:23,43,39.42275144,-77.40923882
1669,Y,Apparently Normal,No Misuse,Y,No Injury,321cd0ae-3660-47fd-8247-d73c2d9d65f0,D,BS04560006,Shoulder/Lap Belt(s),M,2bb60038-59e4-4a4f-9a8b-2045bcf94abd,Same Direction Rear End,N,Intersection Related,Right Turn Lane,Dark Lights On,No Defects,"Two-way, Not Divided",Snow,Clear,Six o'clock,"Medium/Heavy Truck 2 axles (10,000 lbs (4,536 kg) or less)",No Damage,N,Starting From Parked,2015-03-07 00:23,51,39.42275144,-77.40923882
1670,N,Apparently Normal,No Misuse,Y,No Injury,5f2db906-f3aa-4ce8-862c-3f1a42d8037a,D,BS04850004,Shoulder/Lap Belt(s),F,68e40818-2251-4d3d-a7ce-a743ec434d93,Same Direction Sideswipe,N,Non Intersection,Right Turn Lane,Daylight,No Defects,One-way Trafficway,Wet,Cloudy,Eleven o'clock,Passenger Car,Functional,Y,Moving Constant Speed,2015-03-14 13:00,24,39.417066,-77.410376
1671,N,Apparently Normal,No Misuse,N,No Injury,15806461-de26-43cd-8b1b-9281294cd71a,D,BS04850004,Shoulder/Lap Belt(s),M,6a23d7dd-7527-410b-a78d-74341a141e57,Same Direction Sideswipe,N,Non Intersection,Right Turn Lane,Daylight,No Defects,One-way Trafficway,Wet,Cloudy,Two o'clock,Passenger Car,Functional,N,Moving Constant Speed,2015-03-14 13:00,45,39.417066,-77.410376
1672,N,Apparently Normal,No Misuse,N,No Injury,65c2cda8-7faa-40db-a4e0-d57e5ed4e8b6,D,BW0101000G,Shoulder/Lap Belt(s),F,711c7065-edb4-47c1-8748-bf424ddbc6db,Same Direction Rear End,N,Intersection,Acceleration Lane,Daylight,No Defects,"Two-way, Divided, Positive Median Barrier",Dry,Clear,Six o'clock,Passenger Car,Superficial,N,Slowing or Stopping,2015-01-22 13:34,49,39.0006899,-76.8879458
1673,N,Apparently Normal,No Misuse,Y,No Injury,46dd020a-2e83-47a1-8c57-4b39066a8ba6,D,BW0101000G,Shoulder/Lap Belt(s),F,09481cee-40cc-4fb9-9e4b-a905e1f3e3f4,Same Direction Rear End,N,Intersection,Acceleration Lane,Daylight,No Defects,"Two-way, Divided, Positive Median Barrier",Dry,Clear,Twelve o'clock,Passenger Car,Disabling,N,Moving Constant Speed,2015-01-22 13:34,63,39.0006899,-76.8879458
1674,N,Apparently Normal,No Misuse,Y,No Injury,02b099ad-c782-4b5b-9623-4ed5507637e7,D,BW0116000X,Shoulder/Lap Belt(s),F,8c7ad931-076d-4cb9-ae99-a6a2440e4f63,Same Direction Rear End,N,Non Intersection,Right Turn Lane,Daylight,No Defects,"Two-way, Divided, Positive Median Barrier",Wet,Cloudy,Twelve o'clock,Passenger Car,Disabling,N,Slowing or Stopping,2015-01-14 10:11,24,38.994843,-76.881507
1675,N,Apparently Normal,No Misuse,N,No Injury,726f63cc-cc3e-4297-87af-6a60fd0c1ba8,D,BW0116000X,Shoulder/Lap Belt(s),M,babb6127-3b30-430a-b087-af086e1d35a8,Same Direction Rear End,N,Non Intersection,Right Turn Lane,Daylight,No Defects,"Two-way, Divided, Positive Median Barrier",Wet,Cloudy,Six o'clock,"Medium/Heavy Truck 2 axles (10,000 lbs (4,536 kg) or less)",Superficial,N,Moving Constant Speed,2015-01-14 10:11,60,38.994843,-76.881507
1676,N,Apparently Normal,No Misuse,N,No Injury,ca732430-9d50-44de-9742-9d73b4f63a4e,D,BW01160011,Shoulder/Lap Belt(s),F,a685c244-0491-477f-9f06-4135c5ed838b,Same Direction Right Turn,N,Intersection,Left Turn Lane,Daylight,No Defects,"Two-way, Not Divided",Dry,Clear,Ten o'clock,Passenger Car,Superficial,N,Stopped in Traffic Lane,2015-01-28 10:16,27,38.995836,-76.886614
1677,N,Apparently Normal,No Misuse,Y,No Injury,eca57d1b-0d28-4328-af61-ca0e8210088f,D,BW01160012,Shoulder/Lap Belt(s),M,9d378eb0-1779-47b5-b966-70b7486a4831,Same Direction Rear End,N,Non Intersection,Acceleration Lane,Dusk,No Defects,"Two-way, Divided, Positive Median Barrier",Dry,Clear,Twelve o'clock,Pickup Truck,Superficial,N,Slowing or Stopping,2015-02-02 17:21,52,39.00561833,-76.893595