KEY_INDEX,CDL_FLAG,CONDITION_CODE,EQUIP_PROB_CODE,FAULT_FLAG,INJ_SEVER_CODE,PERSON_ID,PERSON_TYPE,REPORT_NO,SAF_EQUIP_CODE,SEX_CODE,VEHICLE_ID,COLLISION_TYPE_CODE,C_M_ZONE_FLAG,JUNCTION_CODE,LANE_CODE,LIGHT_CODE,RD_COND_CODE,RD_DIV_CODE,SURF_COND_CODE,WEATHER_CODE,AREA_DAMAGED_CODE_MAIN,BODY_TYPE_CODE,DAMAGE_CODE,HIT_AND_RUN_FLAG,MOVEMENT_CODE,TIME,AGE,LATITUDE,LONGITUDE
1678,N,Apparently Normal,No Misuse,Y,No Injury,16d23f52-4d1d-4b20-a695-d6e7a68f6414,D,BW01160014,Shoulder/Lap Belt(s),M,59bab4e7-4160-413a-8ebc-d6e383122cb4,Same Direction Rear End,N,Intersection,Acceleration Lane,Daylight,No Defects,"Two-way, Divided, Positive Median Barrier",Dry,Clear,Twelve o'clock,Passenger Car,Disabling,N,Moving Constant Speed,2015-02-13 11:53,32,38.994211,-76.876294
1679,N,Apparently Normal,No Misuse,Y,No Injury,620e6c68-d920-4ac1-aaec-59710fc0efe0,D,BW01160019,Shoulder/Lap Belt(s),F,4ab9cbc6-f6e1-45b5-ac90-045917680feb,Same Direction Rear End,N,Crossover Related,Shoulder Area,Daylight,No Defects,"Two-way, Divided, Positive Median Barrier",Snow,Snow,Twelve o'clock,(Sport) Utility Vehicle,Functional,N,Slowing or Stopping,2015-03-05 13:17,38,38.996298,-76.90009
1680,N,Apparently Normal,No Misuse,N,Possible Incapacitating Injury,7bb2dede-b0bb-40c8-8aca-1316b2ee0959,D,BW01160019,Shoulder/Lap Belt(s),F,0ac310d3-401b-4b0f-a322-8a567c176ae0,Same Direction Rear End,N,Crossover Related,Shoulder Area,Daylight,No Defects,"Two-way, Divided, Positive Median Barrier",Snow,Snow,Six o'clock,Passenger Car,Disabling,N,Slowing or Stopping,2015-03-05 13:17,34,38.996298,-76.90009
1681,N,Apparently Normal,No Misuse,Y,No Injury,9e663d35-da89-4e0d-93c6-b0144e51cfec,D,BW0128000H,Shoulder/Lap Belt(s),F,7530bcb9-9fdd-49fb-ba0e-c9455d4a40d4,Same Direction Rear End,N,Intersection,Acceleration Lane,Dark No Lights,No Defects,"Two-way, Divided, Positive Median Barrier",Dry,Clear,Twelve o'clock,(Sport) Utility Vehicle,Disabling,N,Moving Constant Speed,2015-01-14 23:30,47,38.9941612,-76.878324
1682,N,Apparently Normal,No Misuse,N,Possible Incapacitating Injury,ccdf5f5f-b33c-48c6-a182-fd1f5d420ffd,D,BW0128000H,Shoulder/Lap Belt(s),F,e643282e-379f-4808-97bb-b51ea3139a68,Same Direction Rear End,N,Intersection,Acceleration Lane,Dark No Lights,No Defects,"Two-way, Divided, Positive Median Barrier",Dry,Clear,Six o'clock,Passenger Car,Disabling,N,Stopped in Traffic Lane,2015-01-14 23:30,55,38.9941612,-76.878324
1683,N,Apparently Normal,No Misuse,N,No Injury,6b928971-7812-45d9-9d14-464dc4ae2dd5,D,BW0141000P,Shoulder/Lap Belt(s),F,f6d8ee3c-c7fc-46ef-9776-98dd26b91609,Same Direction Rear End,N,Non Intersection,Deceleration Lane,Daylight,No Defects,"Two-way, Divided, Positive Median Barrier",Dry,Cloudy,Six o'clock,(Sport) Utility Vehicle,Superficial,N,Stopped in Traffic Lane,2015-03-26 07:11,42,38.994845,-76.88054167
1684,N,Apparently Normal,No Misuse,Y,No Injury,d467fdc5-9143-4480-9499-678aed8b3573,D,BW0141000P,Shoulder/Lap Belt(s),M,f06916f5-b252-4f2e-9384-82fccaac5cac,Same Direction Rear End,N,Non Intersection,Deceleration Lane,Daylight,No Defects,"Two-way, Divided, Positive Median Barrier",Dry,Cloudy,Twelve o'clock,Passenger Car,Disabling,N,Moving Constant Speed,2015-03-26 07:11,36,38.994845,-76.88054167
1685,N,Apparently Normal,No Misuse,Y,No Injury,7146c5f3-949b-42b2-b3f5-b096eefb89a4,D,BW01550009,Shoulder/Lap Belt(s),F,28ea438d-40ff-4614-b12c-2501eb9c8cc9,Same Direction Rear End,N,Non Intersection,Deceleration Lane,Dusk,No Defects,"Two-way, Divided, Positive Median Barrier",Dry,Clear,Twelve o'clock,Passenger Car,Superficial,N,Slowing or Stopping,2015-01-05 16:56,30,38.9915374,-76.88610077
1686,Y,Apparently Normal,No Misuse,N,Possible Incapacitating Injury,fa992982-199d-45c3-b492-e44db6177e01,D,BW01550009,Shoulder/Lap Belt(s),M,918c9cf4-4297-4811-baf0-2c034cef06d0,Same Direction Rear End,N,Non Intersection,Deceleration Lane,Dusk,No Defects,"Two-way, Divided, Positive Median Barrier",Dry,Clear,Six o'clock,Passenger Car,Superficial,N,Slowing or Stopping,2015-01-05 16:56,48,38.9915374,-76.88610077
1687,N,Apparently Normal,No Misuse,Y,No Injury,3e41b096-1b35-4574-afe0-ef769715b482,D,BW0155000D,Shoulder/Lap Belt(s),F,bf5666c3-8732-4fe3-be78-b25307a92982,Same Direction Rear End,N,Intersection Related,Acceleration Lane,Dawn,No Defects,"Two-way, Not Divided",Dry,Clear,Twelve o'clock,Passenger Car,Disabling,N,Slowing or Stopping,2015-02-11 06:38,36,38.99418911,-76.87646627
1688,N,Apparently Normal,No Misuse,N,No Injury,0909d5fe-1f9d-48c2-b545-3f08e0ab374a,D,BW0155000D,Shoulder/Lap Belt(s),M,aebda841-7c87-484c-8e79-6707c3eddd12,Same Direction Rear End,N,Intersection Related,Acceleration Lane,Dawn,No Defects,"Two-way, Not Divided",Dry,Clear,Six o'clock,Passenger Car,Superficial,N,Slowing or Stopping,2015-02-11 06:38,32,38.99418911,-76.87646627
1689,N,Apparently Normal,No Misuse,Y,No Injury,cec934df-a040-4578-b4a0-40d5e50bc4e0,D,BX34630001,Shoulder/Lap Belt(s),F,ba66cd5f-8af3-4823-baac-48881873c327,Same Movement Angle,N,Intersection,Acceleration Lane,Daylight,No Defects,One-way Trafficway,Snow,Blowing Snow,Eleven o'clock,Passenger Car,Functional,N,Slowing or Stopping,2015-03-05 07:57,28,39.64522158,-77.72696257
1690,N,Apparently Normal,No Misuse,N,No Injury,8453ff43-df84-4697-855c-1f192792c09a,D,BX34630001,Shoulder/Lap Belt(s),M,559fe0a7-9c36-4d1a-adb2-72499963c37d,Same Movement Angle,N,Intersection,Acceleration Lane,Daylight,No Defects,One-way Trafficway,Snow,Blowing Snow,Eight o'clock,Pickup Truck,Functional,N,Moving Constant Speed,2015-03-05 07:57,30,39.64522158,-77.72696257
1691,N,Apparently Normal,No Misuse,N,No Injury,5222865d-36c2-4a81-b438-968267faa238,D,BX37190002,Shoulder/Lap Belt(s),F,6beaf7d4-a1ed-427d-8019-ab1ec54e355c,Same Movement Angle,N,Intersection,Right Turn Lane,Daylight,No Defects,One-way Trafficway,Dry,Clear,Twelve o'clock,Passenger Car,Disabling,N,Moving Constant Speed,2015-01-14 15:15,43,39.64312317,-77.72267103
1692,N,Apparently Normal,No Misuse,Y,Non-incapacitating Injury,103673c9-4e36-4cfe-ac8c-46528920e3a2,D,BX37190002,Shoulder/Lap Belt(s),F,851a35d7-a321-430f-868d-e0b41be0df1f,Same Movement Angle,N,Intersection,Right Turn Lane,Daylight,No Defects,One-way Trafficway,Dry,Clear,Twelve o'clock,Passenger Car,Disabling,N,Moving Constant Speed,2015-01-14 15:15,76,39.64312317,-77.72267103
1693,N,Apparently Normal,No Misuse,Y,No Injury,93581084-8da1-40ed-b298-fbd9a1e27de9,D,BX38410002,Shoulder/Lap Belt(s),F,41eeffbd-db5e-458a-b0e9-8a0c111f7712,Same Direction Sideswipe,N,Non Intersection,Right Turn Lane,Daylight,No Defects,One-way Trafficway,Dry,Clear,Two o'clock,Transit Bus,Superficial,N,Moving Constant Speed,2015-03-09 10:57,66,39.64703595,-77.7196046
1694,Y,Apparently Normal,No Misuse,Y,No Injury,02068ab4-b9a4-4b79-957e-33323e2de36d,D,BX39080002,Lap Belt Only,F,77127f3c-4af6-4983-b0aa-43c0359d7f86,Same Direction Sideswipe,N,Non Intersection,Right Turn Lane,Daylight,No Defects,"Two-way, Not Divided",Dry,Clear,Two o'clock,School Bus,Superficial,N,Moving Constant Speed,2015-02-03 12:19,55,39.64256139,-77.71260738
1695,N,Apparently Normal,No Misuse,Y,No Injury,5ce1db13-4279-44ac-a62b-ce22e1ac3c01,D,BX39340002,Shoulder/Lap Belt(s),F,71ec63c1-9796-42c9-a4d0-0681ab02d37c,Same Direction Left Turn,N,Intersection,Right Turn Lane,Dark Lights On,No Defects,One-way Trafficway,Dry,Cloudy,Ten o'clock,(Sport) Utility Vehicle,Superficial,N,Making Left Turn,2015-02-08 18:14,52,39.63958094,-77.71897092
1696,N,Apparently Normal,No Misuse,Y,No Injury,9cd49ac2-f8ef-4b96-9132-c062bc7ffe82,D,BX39910005,Shoulder/Lap Belt(s),F,e0f34a00-3a56-4c5f-a19a-f2b6bf149281,Single Vehicle ,N,Non Intersection,Right Turn Lane,Daylight,No Defects,"Two-way, Not Divided",Dry,Clear,Twelve o'clock,Passenger Car,Functional,N,Moving Constant Speed,2015-03-09 12:14,30,39.63544776,-77.71996737
1697,N,Apparently Normal,No Misuse,N,No Injury,96c7dbea-22d7-4042-b501-c26ba9bdb714,D,BX50120003,Shoulder/Lap Belt(s),F,81ccca83-13f0-4fd4-9a84-6c21e2336dba,Same Direction Rear End,N,Intersection Related,Left Turn Lane,Daylight,No Defects,"Two-way, Divided, Positive Median Barrier",Dry,Clear,Six o'clock,Passenger Car,Disabling,N,Slowing or Stopping,2015-01-20 08:37,27,39.62830035,-77.69947529
1698,N,Apparently Normal,No Misuse,Y,No Injury,eb6748ab-3ed7-49dc-ad5c-578263c8c2f9,D,BX50120003,Shoulder/Lap Belt(s),F,b65e107e-b520-49c0-9f4e-7d23c8a43906,Same Direction Rear End,N,Intersection Related,Left Turn Lane,Daylight,No Defects,"Two-way, Divided, Positive Median Barrier",Dry,Clear,Twelve o'clock,Passenger Car,Disabling,N,Slowing or Stopping,2015-01-20 08:37,56,39.62830035,-77.69947529
1699,N,Apparently Normal,No Misuse,Y,No Injury,b1dff463-3365-4268-aef9-08be467f78dd,D,BX50680003,Shoulder/Lap Belt(s),F,fd68b238-fbf2-4d12-9e52-1449e5a21837,Same Movement Angle,N,Intersection,Right Turn Lane,Daylight,No Defects,"Two-way, Not Divided",Dry,Clear,Twelve o'clock,Passenger Car,Disabling,N,Making Left Turn,2015-02-20 14:45,25,39.65984255,-77.71846533
1700,N,Apparently Normal,No Misuse,N,Possible Incapacitating Injury,dfdd3789-558f-4642-9b64-27d786439ce7,D,BX50680003,Shoulder/Lap Belt(s),F,0a50adc6-6feb-4d9b-88b3-7dd4f1ad74b7,Same Movement Angle,N,Intersection,Right Turn Lane,Daylight,No Defects,"Two-way, Not Divided",Dry,Clear,Eleven o'clock,Passenger Car,Disabling,N,Moving Constant Speed,2015-02-20 14:45,41,39.65984255,-77.71846533
1701,N,Apparently Normal,No Misuse,Y,No Injury,4fdc2137-cb65-4e1b-8a88-8209d9d94bb9,D,BX50830002,Shoulder/Lap Belt(s),F,fe340741-9a0d-4d11-88d7-6fbf15385686,Same Movement Angle,N,Intersection,Right Turn Lane,Daylight,No Defects,"Two-way, Not Divided",Dry,Clear,Twelve o'clock,Passenger Car,Disabling,N,Slowing or Stopping,2015-01-11 13:54,43,39.6452381,-77.72687674
1702,N,Apparently Normal,No Misuse,N,No Injury,2a35b4cf-b93f-4ea3-b4c6-aada580edc13,D,BX50830002,Shoulder/Lap Belt(s),M,9cc18a0d-63f6-4c5a-8af2-d1804d3cb636,Same Movement Angle,N,Intersection,Right Turn Lane,Daylight,No Defects,"Two-way, Not Divided",Dry,Clear,Five o'clock,Passenger Car,Functional,N,Moving Constant Speed,2015-01-11 13:54,56,39.6452381,-77.72687674
1703,N,Apparently Normal,No Misuse,N,No Injury,edbac18f-519a-49c9-868c-b26f591619b1,D,BX50830005,Shoulder/Lap Belt(s),F,f60e7939-d5b7-45f4-99f7-566275e06300,Same Movement Angle,N,Non Intersection,Right Turn Lane,Daylight,No Defects,"Two-way, Divided, Positive Median Barrier",Dry,Clear,Twelve o'clock,Passenger Car,Disabling,N,Moving Constant Speed,2015-03-12 16:59,56,39.63322512,-77.69938946
1704,N,Apparently Normal,No Misuse,Y,Possible Incapacitating Injury,1c572fc7-f142-49aa-8911-c2a2a7351944,D,BX50830005,Shoulder/Lap Belt(s),F,955e7df5-637f-4c1e-aec2-b867ab276171,Same Movement Angle,N,Non Intersection,Right Turn Lane,Daylight,No Defects,"Two-way, Divided, Positive Median Barrier",Dry,Clear,Two o'clock,Passenger Car,Disabling,N,Accelerating,2015-03-12 16:59,27,39.63322512,-77.69938946
1705,N,Apparently Normal,No Misuse,N,No Injury,c85950a7-b783-42fc-b9f1-b75b206f9c9d,D,BX50840002,Shoulder/Lap Belt(s),F,3435af1b-de3e-453d-86b3-69298e033c2c,Same Movement Angle,N,Intersection,Right Turn Lane,Daylight,No Defects,"Two-way, Not Divided",Wet,Raining,Three o'clock,(Sport) Utility Vehicle,Functional,N,Moving Constant Speed,2015-01-03 10:02,18,39.64244572,-77.7085948
1706,N,Apparently Normal,No Misuse,Y,No Injury,6f37c93f-5422-44d2-9e96-cc5565df50f2,D,BX50840002,Shoulder/Lap Belt(s),M,0d24787b-a7ad-4d2b-b54e-e762fb717e6b,Same Movement Angle,N,Intersection,Right Turn Lane,Daylight,No Defects,"Two-way, Not Divided",Wet,Raining,Eleven o'clock,(Sport) Utility Vehicle,Functional,N,Slowing or Stopping,2015-01-03 10:02,28,39.64244572,-77.7085948
1707,N,Apparently Normal,No Misuse,Y,No Injury,2391b89e-c3e5-49bb-865c-a297eb90c856,D,BX50870001,Shoulder/Lap Belt(s),M,539712a8-0d50-4fe7-bca7-76b1f5228095,Same Direction Rear End,N,Intersection Related,Right Turn Lane,Daylight,No Defects,"Two-way, Divided, Positive Median Barrier",Dry,Clear,Twelve o'clock,Passenger Car,Disabling,N,Starting From Lane,2015-01-05 16:18,48,39.62160879,-77.71503478
1708,N,Apparently Normal,No Misuse,N,No Injury,6202a8a8-3b0d-4d3c-b793-61afb710fc18,D,BX50870003,Shoulder/Lap Belt(s),M,22a588f8-9d9d-4789-9f8c-17fe7c83c643,Same Direction Left Turn,N,Non Intersection,Acceleration Lane,Daylight,No Defects,"Two-way, Divided, Positive Median Barrier",Dry,Clear,Five o'clock,Pickup Truck,Superficial,Y,Moving Constant Speed,2015-01-14 14:25,52,39.63151264,-77.70151913
1709,N,Apparently Normal,No Misuse,Y,No Injury,7390175a-b482-48ba-a500-90c3d69feeb5,D,BX50870005,Shoulder/Lap Belt(s),F,903031ce-f0be-47fc-b7a9-052a30e1882c,Same Direction Rear End,N,Non Intersection,Right Turn Lane,Daylight,No Defects,One-way Trafficway,Wet,Clear,Ten o'clock,Passenger Car,Superficial,N,Moving Constant Speed,2015-03-06 12:22,50,39.64033278,-77.71681845
1710,N,Apparently Normal,No Misuse,Y,No Injury,7a7f9106-15c8-445c-9d68-cfd532117d24,D,BX50880006,Shoulder/Lap Belt(s),F,57d57445-12c7-477d-b72d-f5ef10faa8ad,Same Direction Left Turn,N,Intersection,Right Turn Lane,Daylight,No Defects,"Two-way, Not Divided",Dry,Cloudy,Eleven o'clock,Passenger Car,Disabling,N,Making U Turn,2015-02-01 15:00,19,39.65283809,-77.70975351
1711,N,Apparently Normal,No Misuse,N,No Injury,cb93bb14-3cc4-467f-a686-3280c3f3b363,D,BX50880006,Shoulder Belt Only,M,7c006258-b546-4c53-9064-6ecf4af72d68,Same Direction Left Turn,N,Intersection,Right Turn Lane,Daylight,No Defects,"Two-way, Not Divided",Dry,Cloudy,One o'clock,Passenger Car,Functional,N,Moving Constant Speed,2015-02-01 15:00,30,39.65283809,-77.70975351
1712,N,Apparently Normal,No Misuse,N,No Injury,f646ffd7-47ca-47dd-af4b-f72674ae6102,D,CA77400004,Shoulder/Lap Belt(s),F,e9287f0b-c419-44fa-8ee2-9851db10b0f7,Single Vehicle ,N,Non Intersection,Right Turn Lane,Daylight,No Defects,"Two-way, Not Divided",Ice,Raining,Twelve o'clock,"Other Light Trucks (10,000 lbs (4,536 kg))",Disabling,N,Skidding,2015-01-18 07:50,28,39.55395244,-76.10331684
1713,N,Apparently Normal,No Misuse,N,No Injury,953e5a4b-90ff-4b03-8a40-57c41780d3ea,D,CA77460004,Shoulder/Lap Belt(s),F,80833d5f-0bb9-486b-b229-a8ef529dbce8,Same Direction Rear End,N,Intersection,Right Turn Lane,Daylight,No Defects,"Two-way, Divided, Unprotected (painted >4 feet) Median",Wet,Clear,One o'clock,Passenger Car,Disabling,N,Stopped in Traffic Lane,2015-03-02 12:01,21,39.54646156,-76.09514952
1714,N,Apparently Normal,No Misuse,Y,No Injury,ce057447-5669-4ea5-b1ca-d7006ed19ac1,D,CA77460004,Shoulder/Lap Belt(s),M,4d9d17e3-a332-4c47-b66c-b6148e90db16,Same Direction Rear End,N,Intersection,Right Turn Lane,Daylight,No Defects,"Two-way, Divided, Unprotected (painted >4 feet) Median",Wet,Clear,Six o'clock,Pickup Truck,Functional,N,Backing,2015-03-02 12:01,21,39.54646156,-76.09514952
1715,N,Apparently Normal,No Misuse,N,No Injury,c40203e6-266f-4758-8066-1ce59686644b,D,CB44450004,Shoulder/Lap Belt(s),F,35a84b6d-52f9-40c0-bfe5-4f7399c65229,Same Movement Angle,N,Commercial Driveway,Left Turn Lane,Dark Lights On,No Defects,"Two-way, Divided, Unprotected (painted >4 feet) Median",Dry,Clear,Two o'clock,(Sport) Utility Vehicle,Disabling,N,Moving Constant Speed,2015-02-11 18:49,28,39.20904657,-76.72465324
1716,N,Apparently Normal,No Misuse,Y,Possible Incapacitating Injury,9de03d37-9fd2-474a-8c67-9631a7d03753,D,CB44450004,Shoulder/Lap Belt(s),M,4cb88ff5-2053-4c46-994d-9b83a165acf4,Same Movement Angle,N,Commercial Driveway,Left Turn Lane,Dark Lights On,No Defects,"Two-way, Divided, Unprotected (painted >4 feet) Median",Dry,Clear,Twelve o'clock,Passenger Car,Disabling,Y,Starting From Parked,2015-02-11 18:49,44,39.20904657,-76.72465324
1717,Y,Apparently Normal,No Misuse,Y,No Injury,2e69cc09-0b37-4ddd-9d65-33350218c8ed,D,CB46000008,Shoulder/Lap Belt(s),F,226fe4ea-cbe8-4dbe-b3d9-20e0e010bf29,Single Vehicle ,N,Non Intersection,Right Turn Lane,Daylight,No Defects,"Two-way, Not Divided",Dry,Clear,Six o'clock,School Bus,Superficial,N,Backing,2015-02-24 08:15,54,39.31374773,-77.15337753
1718,N,Apparently Normal,No Misuse,Y,No Injury,3588f849-f204-4a31-82d7-43909cab1450,D,CB4607000F,Shoulder/Lap Belt(s),F,7c89aa1a-a84b-413a-b11f-b826fb1a4e54,Single Vehicle ,N,Non Intersection,Right Turn Lane,Daylight,No Defects,"Two-way, Not Divided",Ice,Sleet,Twelve o'clock,(Sport) Utility Vehicle,Disabling,N,Moving Constant Speed,2015-02-10 08:10,67,39.22969348,-76.91674232
1719,N,Apparently Normal,No Misuse,Y,No Injury,8ecc6502-8aaf-4e71-83d2-98624dbe18e6,D,CB4707000R,Shoulder/Lap Belt(s),F,8dc52665-40ea-4c27-8853-f1e3803f2fe1,Single Vehicle ,N,Non Intersection,Right Turn Lane,Daylight,No Defects,"Two-way, Not Divided",Ice,Raining,Two o'clock,(Sport) Utility Vehicle,Disabling,N,Moving Constant Speed,2015-01-03 08:49,85,39.33793167,-77.04879167
1720,N,Apparently Normal,No Misuse,Y,No Injury,de0872b9-9a62-42ae-9e0e-af9ac7b5e20a,D,CB48470006,Shoulder/Lap Belt(s),F,1c95b668-6697-403b-816d-ff365260dc29,Single Vehicle ,N,Non Intersection,Left Turn Lane,Daylight,No Defects,"Two-way, Not Divided",Dry,Clear,Twelve o'clock,Passenger Car,Disabling,N,Moving Constant Speed,2015-01-11 09:20,18,39.28854204,-76.82061195
1721,N,Apparently Normal,No Misuse,N,No Injury,45f07885-e487-4ef5-a7e9-84b39d9f45b9,D,CB4906000H,Shoulder/Lap Belt(s),F,643e480c-7423-4028-bb2f-213bee4d4835,Opposite Direction Sideswipe,N,Non Intersection,Right Turn Lane,Daylight,No Defects,"Two-way, Not Divided",Snow,Snow,Seven o'clock,(Sport) Utility Vehicle,Functional,N,Moving Constant Speed,2015-03-05 06:35,23,39.25689756,-76.95796251
1722,Y,Apparently Normal,No Misuse,N,No Injury,518f5d65-9369-4a57-8755-908ba63ee980,D,CB49670004,Shoulder/Lap Belt(s),F,e3be2d0b-ccaa-4279-acbc-3590650cd545,Same Direction Rear End,N,Intersection Related,Deceleration Lane,Dawn,No Defects,"Two-way, Divided, Positive Median Barrier",Dry,Clear,Six o'clock,School Bus,Superficial,N,Stopped in Traffic Lane,2015-02-11 08:28,55,39.2095038,-76.79321051
1723,N,Apparently Normal,No Misuse,Y,No Injury,2725094c-7458-457d-ad0d-d1ef64ab298e,D,CB49670004,Shoulder/Lap Belt(s),F,7b9d13ce-d4f3-4182-8332-9c348f09be71,Same Direction Rear End,N,Intersection Related,Deceleration Lane,Dawn,No Defects,"Two-way, Divided, Positive Median Barrier",Dry,Clear,Twelve o'clock,Passenger Car,Superficial,N,Slowing or Stopping,2015-02-11 08:28,27,39.2095038,-76.79321051
1724,N,Apparently Normal,No Misuse,N,No Injury,5248897b-dbb0-43fe-b1cf-83773e55c70d,D,CB49880002,Shoulder/Lap Belt(s),F,6ab0e554-aee2-4c07-82d2-c4ec03e8ce54,Opposite Direction Both Left Turn,N,Intersection,Right Turn Lane,Dark Lights On,No Defects,"Two-way, Not Divided",Dry,Clear,Ten o'clock,Passenger Car,Superficial,N,Accelerating,2015-03-29 00:00,27,39.26746392,-76.79801702
1725,N,Apparently Normal,No Misuse,N,No Injury,916f9ed5-c405-42c0-a56d-2c5ca0305dc2,D,CB50340001,Shoulder/Lap Belt(s),F,4aad8114-3923-40a8-9f3d-006aa9f3d4b6,Single Vehicle ,N,Intersection,Left Turn Lane,Dark Lights On,No Defects,"Two-way, Divided, Positive Median Barrier",Dry,Clear,Eleven o'clock,Police Vehicle/Non Emergency,Superficial,N,Moving Constant Speed,2015-03-19 01:11,34,39.14481453,-76.88882589
1726,N,Apparently Normal,No Misuse,Y,No Injury,ccf020bd-20cd-4ccf-9fe9-3b713248c23f,D,CB50350005,Shoulder/Lap Belt(s),F,d63ce784-3f6f-4e1d-8fcf-d980b05f9ba8,Single Vehicle ,N,Intersection,Right Turn Lane,Dark No Lights,No Defects,"Two-way, Divided, Positive Median Barrier",Wet,Raining,Twelve o'clock,Passenger Car,Disabling,N,Moving Constant Speed,2015-01-03 21:00,24,39.21301333,-76.833245
1727,N,Apparently Normal,No Misuse,Y,No Injury,911bbc32-fdd7-449f-ad7c-12b8a0bb9b0c,D,CB50470007,Shoulder/Lap Belt(s),F,0ae8b90d-55a0-4988-9728-f584218d3a8a,Same Movement Angle,N,Intersection,Acceleration Lane,Daylight,Foreign Material,"Two-way, Not Divided",Snow,Snow,Twelve o'clock,(Sport) Utility Vehicle,Superficial,N,Skidding,2015-03-01 10:09,57,39.17497,-76.84971667
1728,N,Apparently Normal,No Misuse,Y,No Injury,036ba348-d01c-4227-9a3d-c2b9105a43ca,D,CB5190000J,Shoulder/Lap Belt(s),F,bcd3b8af-6810-482f-ae05-d31a79146662,Single Vehicle ,N,Non Intersection,Right Turn Lane,Daylight,No Defects,"Two-way, Not Divided",Ice,Clear,Twelve o'clock,Passenger Car,Destroyed,N,Moving Constant Speed,2015-02-20 07:30,17,39.26930789,-76.91590548
1729,N,Apparently Normal,No Misuse,N,No Injury,5d2ec10c-ba35-4483-a0b8-2e84af093f0f,D,CB51980004,Shoulder/Lap Belt(s),F,894f39a5-7313-4ef8-bf51-18c0db7e6204,Single Vehicle ,N,Non Intersection,Right Turn Lane,Dark No Lights,No Defects,"Two-way, Not Divided",Ice,Clear,One o'clock,Passenger Car,Functional,N,Moving Constant Speed,2015-03-02 21:50,18,39.30871728,-77.11157799
1730,N,Apparently Normal,No Misuse,Y,No Injury,b201e83e-d591-4b8a-a2a9-0576e8d33a44,D,CB5256000B,Shoulder/Lap Belt(s),F,98b7e51c-98d5-452c-9c71-007fd2c731d7,Single Vehicle ,N,Non Intersection,Left Turn Lane,Daylight,No Defects,"Two-way, Not Divided",Dry,Cloudy,One o'clock,Van,Disabling,N,Moving Constant Speed,2015-01-14 15:49,78,39.1910296,-76.75315976
1731,N,Apparently Normal,No Misuse,Y,No Injury,6ed4e36a-55b7-4fbb-82cb-1aaae9c25064,D,CB5256000D,Shoulder/Lap Belt(s),F,53eae2c0-7b62-48d0-ae3a-54925e044771,Head On Left Turn,N,Intersection,Right Turn Lane,Dusk,No Defects,"Two-way, Not Divided",Dry,Clear,Two o'clock,(Sport) Utility Vehicle,Disabling,N,Making Left Turn,2015-02-20 17:13,66,39.21099183,-76.77736402
1732,N,Apparently Normal,No Misuse,N,Possible Incapacitating Injury,ca38b437-d590-4353-99d4-48a219e8471b,D,CB5256000D,Shoulder/Lap Belt(s),M,ccbdf5c1-ab8c-4717-bff5-ee03ffd87654,Head On Left Turn,N,Intersection,Right Turn Lane,Dusk,No Defects,"Two-way, Not Divided",Dry,Clear,Twelve o'clock,Pickup Truck,Disabling,N,Moving Constant Speed,2015-02-20 17:13,56,39.21099183,-76.77736402
1733,N,Apparently Normal,No Misuse,N,No Injury,fd2af701-fbb5-44ca-a8d6-4ed5b347c630,D,CB5256000L,Shoulder/Lap Belt(s),F,d66a2dc0-21fb-4ee9-916c-557e7a4dca0b,Same Direction Rear End,N,Intersection,Left Turn Lane,Daylight,No Defects,"Two-way, Divided, Positive Median Barrier",Wet,Cloudy,Six o'clock,Passenger Car,Superficial,N,Making Right Turn,2015-03-20 14:25,51,39.1990451,-76.80766225
1734,N,Apparently Normal,No Misuse,Y,No Injury,688894bd-d9a1-4037-bd4c-231ab433a50a,D,CB5356000D,Shoulder/Lap Belt(s),F,7af47ac7-0dea-4f3c-b450-a9e0c7b86dad,Single Vehicle ,N,Intersection,Right Turn Lane,Daylight,No Defects,"Two-way, Not Divided",Snow,Snow,Twelve o'clock,Passenger Car,Functional,N,Slowing or Stopping,2015-01-06 10:45,59,39.24202449,-76.76772952
1735,N,Apparently Normal,No Misuse,Y,No Injury,694077d7-b839-490e-8f0c-bf9c62e63000,D,CB54160003,Shoulder/Lap Belt(s),F,4b288d22-5b57-4db1-84c1-225327e98e80,Single Vehicle ,N,Non Intersection,Right Turn Lane,Dark No Lights,No Defects,"Two-way, Divided, Positive Median Barrier",Snow,Snow,Four o'clock,"Other Light Trucks (10,000 lbs (4,536 kg))",Disabling,N,Moving Constant Speed,2015-02-26 06:04,25,39.18087587,-76.74280643
1736,N,Apparently Normal,No Misuse,N,No Injury,43e2e9f7-7547-4d6c-9edd-eedab6290a5b,D,CB54210009,Shoulder/Lap Belt(s),F,25bc5a41-5cca-47cc-8ab7-aaca365584ff,Head On,N,Non Intersection,Right Turn Lane,Daylight,No Defects,"Two-way, Not Divided",Wet,Raining,Twelve o'clock,Passenger Car,Disabling,N,Moving Constant Speed,2015-03-20 13:25,26,39.11261407,-76.85672522
1737,N,Apparently Normal,No Misuse,Y,No Injury,5a24dd0e-f424-4009-a126-ea4e76173379,D,CB54210009,Shoulder/Lap Belt(s),M,ce7e722f-1e59-41ec-aace-752af1d8e618,Head On,N,Non Intersection,Right Turn Lane,Daylight,No Defects,"Two-way, Not Divided",Wet,Raining,Twelve o'clock,Pickup Truck,Functional,N,Moving Constant Speed,2015-03-20 13:25,35,39.11261407,-76.85672522
1738,N,Apparently Normal,No Misuse,Y,No Injury,b7e72b45-195f-41c8-a465-caf7915ad976,D,CB5421000B,Shoulder/Lap Belt(s),F,0ff9b077-38e3-4015-81af-098a40663165,Single Vehicle ,N,Non Intersection,Right Turn Lane,Daylight,No Defects,"Two-way, Not Divided",Dry,Clear,Twelve o'clock,Passenger Car,Disabling,N,Accelerating,2015-03-21 13:55,45,39.13467077,-76.88077927