KEY_INDEX,CDL_FLAG,CONDITION_CODE,EQUIP_PROB_CODE,FAULT_FLAG,INJ_SEVER_CODE,PERSON_ID,PERSON_TYPE,REPORT_NO,SAF_EQUIP_CODE,SEX_CODE,VEHICLE_ID,COLLISION_TYPE_CODE,C_M_ZONE_FLAG,JUNCTION_CODE,LANE_CODE,LIGHT_CODE,RD_COND_CODE,RD_DIV_CODE,SURF_COND_CODE,WEATHER_CODE,AREA_DAMAGED_CODE_MAIN,BODY_TYPE_CODE,DAMAGE_CODE,HIT_AND_RUN_FLAG,MOVEMENT_CODE,TIME,AGE,LATITUDE,LONGITUDE
1739,N,Apparently Normal,No Misuse,N,No Injury,6f7053cb-f4cd-4a66-b49c-e3e03de8fcff,D,CB54560003,Shoulder/Lap Belt(s),F,1b0c1a1c-598f-4151-a931-3bbcc2161add,Same Direction Rear End,N,Intersection Related,Left Turn Lane,Daylight,No Defects,"Two-way, Divided, Positive Median Barrier",Dry,Foggy,Six o'clock,Passenger Car,Superficial,N,Stopped in Traffic Lane,2015-02-01 11:14,37,39.14055832,-76.87631607
1740,N,Apparently Normal,No Misuse,Y,No Injury,4d1e2dd9-fd3f-4c4c-a7fc-422790d99060,D,CB54560003,Shoulder/Lap Belt(s),M,37e9ee50-435d-481c-8aec-81b99e43367b,Same Direction Rear End,N,Intersection Related,Left Turn Lane,Daylight,No Defects,"Two-way, Divided, Positive Median Barrier",Dry,Foggy,Twelve o'clock,Passenger Car,Disabling,N,Slowing or Stopping,2015-02-01 11:14,59,39.14055832,-76.87631607
1741,N,Apparently Normal,No Misuse,Y,No Injury,64e5184e-6430-4b65-9133-22d6f4857366,D,CB54570009,Shoulder/Lap Belt(s),F,ec0a4d32-faea-4b35-9315-2701f9d81e52,Single Vehicle ,N,Non Intersection,Right Turn Lane,Daylight,No Defects,"Two-way, Not Divided",Wet,Sleet,Twelve o'clock,Passenger Car,Superficial,N,Moving Constant Speed,2015-01-12 08:53,26,39.2202851,-76.86500788
1742,N,Apparently Normal,No Misuse,N,No Injury,cec47554-f482-4506-a92b-d6ae31d61ced,D,CB54580004,Shoulder/Lap Belt(s),F,9cc26b33-d876-4b45-a791-e4f4f9554c62,Same Direction Rear End,N,Intersection Related,Left Turn Lane,Dark No Lights,No Defects,"Two-way, Divided, Positive Median Barrier",Dry,Clear,Six o'clock,(Sport) Utility Vehicle,Superficial,N,Slowing or Stopping,2015-02-06 21:49,61,39.20217124,-76.85964346
1743,N,Apparently Normal,No Misuse,N,Possible Incapacitating Injury,6b6537b0-004d-45ac-89c6-26aa9d4f4235,D,CB54580004,Shoulder/Lap Belt(s),F,67259f38-84a6-4e95-b1a1-c32bacbac342,Same Direction Rear End,N,Intersection Related,Left Turn Lane,Dark No Lights,No Defects,"Two-way, Divided, Positive Median Barrier",Dry,Clear,Six o'clock,(Sport) Utility Vehicle,Disabling,N,Slowing or Stopping,2015-02-06 21:49,45,39.20217124,-76.85964346
1744,N,Had Been Drinking,No Misuse,Y,Non-incapacitating Injury,6a3ca5f6-0c20-4a97-bf3f-c0b1c52929be,D,CB54580004,Shoulder/Lap Belt(s),M,9c195611-e718-41c9-bd34-7f68c0ce6b91,Same Direction Rear End,N,Intersection Related,Left Turn Lane,Dark No Lights,No Defects,"Two-way, Divided, Positive Median Barrier",Dry,Clear,Twelve o'clock,(Sport) Utility Vehicle,Disabling,N,Slowing or Stopping,2015-02-06 21:49,56,39.20217124,-76.85964346
1745,N,Apparently Normal,No Misuse,N,No Injury,7921958a-ba2b-494b-8f88-2117162080ab,D,CB54610007,Shoulder/Lap Belt(s),F,08c6629a-d819-4e4f-a363-8a3c4a390281,Same Direction Rear End,N,Intersection,Left Turn Lane,Daylight,No Defects,"Two-way, Not Divided",Wet,Cloudy,Six o'clock,(Sport) Utility Vehicle,Functional,N,Slowing or Stopping,2015-01-24 15:21,26,39.22158173,-76.88678741
1746,N,Emotional Depressed Angry Disturbed,No Misuse,Y,No Injury,4a3269a0-f09a-4bd9-adc1-674852fa7b32,D,CB54610007,Shoulder/Lap Belt(s),F,00e4ef5e-2619-4cfc-a90f-1e9043d9ede3,Same Direction Rear End,N,Intersection,Left Turn Lane,Daylight,No Defects,"Two-way, Not Divided",Wet,Cloudy,Twelve o'clock,Passenger Car,Disabling,N,Slowing or Stopping,2015-01-24 15:21,19,39.22158173,-76.88678741
1747,N,Apparently Normal,No Misuse,N,No Injury,6ed7b74a-8a6d-4478-b60b-982dd7cee41c,D,CB5506000C,Shoulder/Lap Belt(s),M,0432d2ac-acdc-40b6-a059-14d4b4be8db2,Same Direction Rear End,N,Intersection,Acceleration Lane,Daylight,No Defects,"Two-way, Divided, Positive Median Barrier",Slush,Cloudy,Six o'clock,Passenger Car,Functional,N,Stopped in Traffic Lane,2015-02-10 07:38,37,39.2100109,-76.80124909
1748,N,Apparently Normal,No Misuse,Y,No Injury,cff3d9be-e0bd-456a-afbe-01897e1c3e9d,D,CB55120009,Shoulder/Lap Belt(s),F,02129ccd-fe81-44ab-88bc-545287d7c599,Same Movement Angle,N,Intersection,Left Turn Lane,Dark Lights On,No Defects,"Two-way, Divided, Unprotected (painted >4 feet) Median",Slush,Wintry Mix,Eleven o'clock,Passenger Car,Superficial,N,Making Right Turn,2015-03-03 21:49,52,39.17666759,-76.77477837
1749,N,Apparently Normal,No Misuse,N,Possible Incapacitating Injury,03fbc00e-5e8e-459d-9c27-4970b2457707,D,CB55120009,Shoulder/Lap Belt(s),F,edc94fc8-5e67-42ca-be7c-6b3614dee3ff,Same Movement Angle,N,Intersection,Left Turn Lane,Dark Lights On,No Defects,"Two-way, Divided, Unprotected (painted >4 feet) Median",Slush,Wintry Mix,Four o'clock,Passenger Car,Superficial,N,Moving Constant Speed,2015-03-03 21:49,49,39.17666759,-76.77477837
1750,N,Apparently Normal,No Misuse,Y,No Injury,2d86bb6c-accc-4169-8072-65a54f1f6b69,D,CB55130005,Shoulder/Lap Belt(s),F,4cc1bdeb-64b0-470c-b3d6-99c0e985c28a,Single Vehicle ,N,Non Intersection,Right Turn Lane,Dark - Unknown Lighting,No Defects,"Two-way, Not Divided",Wet,Raining,Twelve o'clock,Passenger Car,Disabling,N,Skidding,2015-01-11 21:40,18,39.24669519,-76.93865061
1751,N,Apparently Normal,No Misuse,Y,No Injury,9518aa95-6fc8-46da-85ca-707caff7ad71,D,CB55200006,Shoulder/Lap Belt(s),F,fbccbbec-bb68-416d-a4a5-d2b077d6f41b,Same Direction Rear End,N,Intersection,Right Turn Lane,Daylight,No Defects,"Two-way, Not Divided",Dry,Clear,Twelve o'clock,Passenger Car,Superficial,N,Slowing or Stopping,2015-03-18 07:43,23,39.2364581,-76.79782391
1752,N,Apparently Normal,No Misuse,Y,No Injury,2b17d0eb-2a74-444b-b777-8ca29f42991d,D,CB56120009,Shoulder/Lap Belt(s),F,3902b73a-a42c-46e8-bf43-09ad89f4f9ed,Single Vehicle ,N,Non Intersection,Right Turn Lane,Daylight,No Defects,"Two-way, Not Divided",Ice,Raining,Twelve o'clock,Van,Disabling,N,Moving Constant Speed,2015-01-03 08:43,38,39.33090167,-76.870345
1753,N,Apparently Normal,No Misuse,Y,No Injury,97c1bc1d-8f91-4b78-ad7f-b82dce267329,D,CB56440004,Shoulder/Lap Belt(s),F,aed047fe-e270-4f65-b03f-b4eb3d8ae482,Single Vehicle ,N,Non Intersection,Right Turn Lane,Daylight,No Defects,"Two-way, Divided, Positive Median Barrier",Dry,Clear,Eleven o'clock,Passenger Car,Functional,N,Making Left Turn,2015-01-31 10:19,54,39.15978202,-76.90327495
1754,N,Apparently Normal,No Misuse,Y,No Injury,b53d66db-9ce4-4b6d-a411-3998e07b0578,D,CB56450009,Shoulder/Lap Belt(s),F,66a77579-c0b9-4389-897f-f59adf9a1cd9,Same Direction Rear End,N,Intersection,Left Turn Lane,Dark Lights On,No Defects,"Two-way, Divided, Positive Median Barrier",Dry,Clear,Six o'clock,(Sport) Utility Vehicle,Functional,N,Making U Turn,2015-01-16 17:54,31,39.1684499,-76.78286791
1755,N,Apparently Normal,No Misuse,N,No Injury,fa20abdd-231c-436a-9d46-68d5b163e754,D,CB56450009,Shoulder/Lap Belt(s),M,6e50271d-d619-4ad7-9e21-67f5e59b83db,Same Direction Rear End,N,Intersection,Left Turn Lane,Dark Lights On,No Defects,"Two-way, Divided, Positive Median Barrier",Dry,Clear,Twelve o'clock,Passenger Car,Functional,N,Moving Constant Speed,2015-01-16 17:54,37,39.1684499,-76.78286791
1756,N,Apparently Normal,No Misuse,Y,No Injury,0d06e111-6e3c-4029-bcd3-a8605bc99361,D,CB5645000H,Shoulder/Lap Belt(s),F,af6841e7-e03e-49a5-8846-d6210fb25185,Single Vehicle ,N,Non Intersection,Right Turn Lane,Daylight,No Defects,"Two-way, Divided, Positive Median Barrier",Wet,Raining,Five o'clock,Passenger Car,Disabling,N,Skidding,2015-03-14 08:02,23,39.20277667,-76.80768833
1757,N,Apparently Normal,No Misuse,N,No Injury,c045a945-3f26-4f31-b7a0-436c8e20a4a4,D,CB56620005,Shoulder/Lap Belt(s),F,4e2ef514-1230-41a6-a3c9-e3a5d09c00d1,Opposite Direction Sideswipe,N,Non Intersection,Right Turn Lane,Dark Lights On,No Defects,"Two-way, Not Divided",Dry,Clear,Eleven o'clock,Passenger Car,Superficial,N,Moving Constant Speed,2015-03-31 19:40,51,39.28664046,-76.82107329
1758,N,Apparently Normal,Air Bag Failed,Y,No Injury,740d94a7-5b27-4b32-b3e6-6cf2893f3dda,D,CB5666000C,Shoulder/Lap Belt(s),F,087985dd-4e83-4568-a3a5-3a87d1b8836a,Single Vehicle ,N,Non Intersection,Deceleration Lane,Daylight,No Defects,"Two-way, Divided, Positive Median Barrier",Ice,Clear,Twelve o'clock,Passenger Car,Disabling,N,Moving Constant Speed,2015-02-11 07:20,70,39.24265703,-76.83382988
1759,N,Apparently Normal,No Misuse,N,No Injury,b8211c35-8e3d-45e4-a2cd-3656352838df,D,CB5666000G,Shoulder/Lap Belt(s),F,ff514316-41e9-4428-a3ee-3b166e8f41f0,Same Direction Rear End,N,Non Intersection,Left Turn Lane,Daylight,No Defects,"Two-way, Divided, Unprotected (painted >4 feet) Median",Wet,Snow,Six o'clock,Passenger Car,Functional,N,Stopped in Traffic Lane,2015-02-16 16:50,34,39.19328301,-76.80990458
1760,N,Apparently Normal,No Misuse,Y,No Injury,57099a6f-2053-4246-93f7-503884553b66,D,CB5666000G,Shoulder/Lap Belt(s),F,e754e1d7-75dd-42f4-87b8-114b3cd96ffd,Same Direction Rear End,N,Non Intersection,Left Turn Lane,Daylight,No Defects,"Two-way, Divided, Unprotected (painted >4 feet) Median",Wet,Snow,Twelve o'clock,Passenger Car,Disabling,N,Moving Constant Speed,2015-02-16 16:50,39,39.19328301,-76.80990458
1761,N,Apparently Normal,No Misuse,N,No Injury,15331ae6-8686-4058-b6c2-47ab0910ece8,D,CB5666000G,Shoulder/Lap Belt(s),M,047dd039-efa1-4b51-9eb9-30729b365d15,Same Direction Rear End,N,Non Intersection,Left Turn Lane,Daylight,No Defects,"Two-way, Divided, Unprotected (painted >4 feet) Median",Wet,Snow,Six o'clock,Passenger Car,Superficial,N,Stopped in Traffic Lane,2015-02-16 16:50,33,39.19328301,-76.80990458
1762,N,Apparently Normal,No Misuse,Y,No Injury,db467b28-60a8-4fac-a844-4711e6af9cd0,D,CB56710009,Shoulder/Lap Belt(s),M,bfd131c5-01d4-43c9-8441-40c51ccc9049,Same Movement Angle,N,Intersection,Right Turn Lane,Daylight,No Defects,"Two-way, Not Divided",Dry,Cloudy,Twelve o'clock,Passenger Car,Disabling,N,Starting From Lane,2015-01-29 14:05,21,39.20678327,-76.72356695
1763,N,Apparently Normal,No Misuse,N,No Injury,606c9283-4aad-4abf-8abe-00701e44f7fa,D,CB57130005,Shoulder/Lap Belt(s),F,804de443-873e-484b-9e1d-45bec99f413f,Same Direction Left Turn,N,Intersection Related,Right Turn Lane,Daylight,No Defects,"Two-way, Divided, Positive Median Barrier",Dry,Clear,One o'clock,Passenger Car,Functional,N,Moving Constant Speed,2015-03-17 18:52,32,39.14485613,-76.89804196
1764,N,Apparently Normal,No Misuse,Y,No Injury,eabcd1c4-2c14-4d2e-97a3-df0df3912fba,D,CB57130005,Shoulder/Lap Belt(s),F,2d24555d-1d31-4bde-bdde-8b994c0b75cf,Same Direction Left Turn,N,Intersection Related,Right Turn Lane,Daylight,No Defects,"Two-way, Divided, Positive Median Barrier",Dry,Clear,Twelve o'clock,Passenger Car,Superficial,N,Changing Lanes,2015-03-17 18:52,19,39.14485613,-76.89804196
1765,N,Apparently Normal,No Misuse,N,No Injury,f134a8ca-7f55-4ecf-a598-0ecace5b85f0,D,CB57140001,Shoulder/Lap Belt(s),F,573827c0-7773-44a1-b442-72b3a72e2f8f,Single Vehicle ,N,Non Intersection,Left Turn Lane,Dark - Unknown Lighting,No Defects,"Two-way, Divided, Positive Median Barrier",Dry,Clear,Ten o'clock,Passenger Car,Functional,N,Moving Constant Speed,2015-01-22 19:54,36,39.22166485,-76.88949108
1766,N,Apparently Normal,No Misuse,Y,No Injury,3bd2ffd6-d907-4e6f-8cf5-0f944bb797ae,D,CB57330007,Shoulder/Lap Belt(s),F,d4fbceeb-0235-4488-b30e-d37893010cbe,Head On,N,Intersection,Right Turn Lane,Dark Lights On,No Defects,"Two-way, Not Divided",Ice,Clear,Twelve o'clock,Passenger Car,Superficial,N,Skidding,2015-01-30 06:25,62,39.28546128,-77.0290947
1767,N,Apparently Normal,No Misuse,N,Possible Incapacitating Injury,9f7dee25-6036-4a1c-bf84-4f678fdbc178,D,CB57330007,Shoulder/Lap Belt(s),F,25d372b0-00e7-4747-9647-4a9518f33d64,Head On,N,Intersection,Right Turn Lane,Dark Lights On,No Defects,"Two-way, Not Divided",Ice,Clear,Twelve o'clock,Passenger Car,Disabling,N,Moving Constant Speed,2015-01-30 06:25,56,39.28546128,-77.0290947
1768,N,Apparently Normal,No Misuse,N,No Injury,b4611946-f477-471f-a888-cc1e29eaae67,D,CB5773000D,Shoulder/Lap Belt(s),F,9477bc29-38c5-4465-b01c-00f42a5f7a3a,Opposite Direction Sideswipe,N,Non Intersection,Right Turn Lane,Dark Lights On,No Defects,"Two-way, Divided, Unprotected (painted >4 feet) Median",Dry,Clear,Four o'clock,Pickup Truck,Superficial,N,Moving Constant Speed,2015-02-06 19:20,56,39.15914145,-76.93250299
1769,N,Apparently Normal,No Misuse,N,No Injury,462c6b6a-06cb-4a0e-b9f8-cfa36bba1dfa,D,CB5773000D,Shoulder/Lap Belt(s),M,a479c7bd-a35a-4783-a835-afead73b8645,Opposite Direction Sideswipe,N,Non Intersection,Right Turn Lane,Dark Lights On,No Defects,"Two-way, Divided, Unprotected (painted >4 feet) Median",Dry,Clear,Eight o'clock,Passenger Car,Disabling,N,Moving Constant Speed,2015-02-06 19:20,19,39.15914145,-76.93250299
1770,N,Apparently Normal,No Misuse,Y,No Injury,51adc78d-6ca0-4db8-95b3-9d0328dcbdc7,D,CB5774000B,Shoulder/Lap Belt(s),F,74b634c3-e3b3-47e7-a1f9-8cb3efeafbdf,Single Vehicle ,N,Intersection,Right Turn Lane,Dark Lights On,No Defects,"Two-way, Not Divided",Dry,Clear,Twelve o'clock,Passenger Car,Superficial,N,Making Left Turn,2015-01-15 19:13,24,39.21134929,-76.85935378
1771,N,Apparently Normal,No Misuse,N,No Injury,f4c40742-1e3f-4de6-b94a-07bbefbd2aea,D,CB5808000D,Shoulder/Lap Belt(s),F,bd5b0430-5096-41a0-90f6-6feb1cf5fb61,Same Direction Rear End,N,Intersection Related,Right Turn Lane,Daylight,No Defects,"Two-way, Divided, Positive Median Barrier",Slush,Clear,Six o'clock,Passenger Car,Functional,N,Slowing or Stopping,2015-01-27 11:04,32,39.20713452,-76.86663866
1772,N,Apparently Normal,No Misuse,Y,No Injury,5be63069-e09f-4929-8d7e-577202c09e65,D,CB5808000D,Shoulder/Lap Belt(s),F,d238cac6-c634-4598-b810-22af3222831d,Same Direction Rear End,N,Intersection Related,Right Turn Lane,Daylight,No Defects,"Two-way, Divided, Positive Median Barrier",Slush,Clear,Twelve o'clock,Passenger Car,Disabling,N,Slowing or Stopping,2015-01-27 11:04,55,39.20713452,-76.86663866
1773,N,Apparently Normal,No Misuse,Y,No Injury,7d5fa48f-e44a-4d34-b6e9-52c9f460ba64,D,CB5808000D,Shoulder/Lap Belt(s),M,54754417-c742-4667-81b1-18e79ca48f49,Same Direction Rear End,N,Intersection Related,Right Turn Lane,Daylight,No Defects,"Two-way, Divided, Positive Median Barrier",Slush,Clear,Twelve o'clock,Passenger Car,No Damage,N,Slowing or Stopping,2015-01-27 11:04,20,39.20713452,-76.86663866
1774,N,Apparently Normal,No Misuse,N,No Injury,5a41a63c-2038-4c4e-ad9f-cb8e732fdae2,D,CB5812000D,Shoulder/Lap Belt(s),M,e1e4f0a6-02a4-4c3c-a542-eab339278187,Same Direction Rear End Left Turn,N,Non Intersection,Right Turn Lane,Daylight,No Defects,"Two-way, Divided, Positive Median Barrier",Snow,Snow,Twelve o'clock,Passenger Car,Functional,N,Slowing or Stopping,2015-03-05 13:50,24,39.16700255,-76.83888316
1775,N,Apparently Normal,No Misuse,N,No Injury,afe0ec9a-751b-4aa3-befd-ee913763f075,D,CB5817000C,Shoulder/Lap Belt(s),F,7f69f365-1ffa-45e5-8b68-0dd10e406b6f,Same Direction Sideswipe,N,Non Intersection,Right Turn Lane,Dawn,No Defects,"Two-way, Divided, Positive Median Barrier",Wet,Raining,One o'clock,Passenger Car,Superficial,N,Moving Constant Speed,2015-02-02 06:59,32,39.11937331,-76.85258389
1776,N,Apparently Normal,No Misuse,Y,No Injury,580d4f5b-e0b4-44ec-b648-0b08a481a672,D,CB5817000D,Shoulder/Lap Belt(s),F,0a2cc2e4-d00a-4e97-9752-4d8dec0d3e1a,Single Vehicle ,N,Non Intersection,Right Turn Lane,Daylight,No Defects,"Two-way, Divided, Positive Median Barrier",Wet,Cloudy,One o'clock,Passenger Car,Disabling,N,Negotiating a Curve,2015-02-02 11:32,29,39.13773319,-76.81637406
1777,N,Apparently Normal,No Misuse,Y,No Injury,84fe5d7d-3952-4490-924f-96c6ea08e7ef,D,CB5821000D,Shoulder/Lap Belt(s),F,86d5dc15-ed93-49eb-b4ea-eb093098266d,Single Vehicle ,N,Non Intersection,Acceleration Lane,Dusk,No Defects,"Two-way, Divided, Positive Median Barrier",Wet,Severe Winds,Six o'clock,Passenger Car,Disabling,N,Moving Constant Speed,2015-02-15 09:31,28,39.21762525,-76.7952919
1778,N,Apparently Normal,No Misuse,Y,No Injury,24a0590b-3707-492a-b8bc-bfa88704a9f0,D,CB58260008,Shoulder/Lap Belt(s),F,7666211e-bea1-4edd-9e58-fba8fc3983a2,Single Vehicle ,N,Non Intersection,Right Turn Lane,Daylight,No Defects,"Two-way, Divided, Unprotected (painted >4 feet) Median",Dry,Clear,Ten o'clock,Passenger Car,Disabling,N,Moving Constant Speed,2015-03-13 12:12,69,39.2959154,-76.78585052
1779,N,Apparently Normal,No Misuse,N,No Injury,2c475b13-75fa-4ce8-8511-5aae18b45985,D,CB5843000B,Shoulder/Lap Belt(s),F,4d142a85-5858-46c6-940c-0fee67e12639,Same Movement Angle,N,Non Intersection,Right Turn Lane,Dark Lights On,No Defects,"Two-way, Not Divided",Dry,Clear,Twelve o'clock,Passenger Car,Superficial,N,Moving Constant Speed,2015-01-31 18:03,55,39.18847675,-76.7910862
1780,N,Apparently Normal,No Misuse,N,No Injury,0b494069-babc-49f1-b168-e4c9f08b6e84,D,CBPD00310005,Shoulder/Lap Belt(s),F,0ab217fe-d40b-48d1-b59f-5f4fdd6bd748,Same Direction Sideswipe,N,Non Intersection,Right Turn Lane,Dawn,No Defects,One-way Trafficway,Wet,Clear,Seven o'clock,Passenger Car,Superficial,N,Moving Constant Speed,2015-03-11 19:00,50,38.94557532,-76.73479199
1781,N,Apparently Normal,No Misuse,Y,No Injury,b6becbee-8cb0-44d3-87e1-420abc447699,D,CBPD0032000J,Shoulder/Lap Belt(s),F,f3222512-c59b-4049-a0dc-87b873b0b801,Head On,N,Non Intersection,Right Turn Lane,Daylight,No Defects,"Two-way, Divided, Unprotected (painted >4 feet) Median",Dry,Cloudy,One o'clock,Passenger Car,Disabling,N,Moving Constant Speed,2015-01-20 09:34,36,38.98706763,-76.74192667
1782,N,Apparently Normal,Belt(s) Misused,Y,No Injury,33f3dfde-f60d-46b1-bacf-a0df179903d1,D,CBPD00360002,Shoulder/Lap Belt(s),F,9bad7414-7fc6-4581-a45f-f36e64f35fa1,Single Vehicle ,N,Non Intersection,Right Turn Lane,Dark - Unknown Lighting,No Defects,"Two-way, Not Divided",Dry,Clear,One o'clock,Passenger Car,Destroyed,N,Moving Constant Speed,2015-01-10 02:17,24,39.00296073,-76.77299738
1783,N,Apparently Normal,No Misuse,N,No Injury,f43d9f44-182d-4f78-b1eb-7bc67f18ec63,D,CBPD0053000J,Shoulder/Lap Belt(s),F,b719dd00-e3d0-416a-9ab7-72eaa4940ef9,Same Movement Angle,N,Intersection,Deceleration Lane,Daylight,No Defects,"Two-way, Divided, Positive Median Barrier",Dry,Clear,Eleven o'clock,Passenger Car,Functional,N,Stopped in Traffic Lane,2015-02-18 08:50,43,38.94630753,-76.73375666
1784,N,Apparently Normal,No Misuse,Y,Incapacitating/Disabled Injury,56d08166-e3fa-49fb-93d7-7963718cd902,D,CBPD0053000J,Shoulder/Lap Belt(s),F,8c44d1a2-cad0-4e67-b09b-846550836e6d,Same Movement Angle,N,Intersection,Deceleration Lane,Daylight,No Defects,"Two-way, Divided, Positive Median Barrier",Dry,Clear,Twelve o'clock,Passenger Car,Disabling,N,Moving Constant Speed,2015-02-18 08:50,28,38.94630753,-76.73375666
1785,N,Apparently Normal,No Misuse,N,No Injury,c250cea6-f888-4f58-bafe-9f873bb8ae6a,D,CBPD0053000J,Shoulder/Lap Belt(s),M,877861a5-a3b4-44d2-8c08-632453773b6b,Same Movement Angle,N,Intersection,Deceleration Lane,Daylight,No Defects,"Two-way, Divided, Positive Median Barrier",Dry,Clear,One o'clock,Passenger Car,Disabling,N,Moving Constant Speed,2015-02-18 08:50,31,38.94630753,-76.73375666
1786,Y,Apparently Normal,No Misuse,N,No Injury,f2f2ac95-bec6-470d-8d27-bae66363b3b4,D,CBPD00540003,Shoulder/Lap Belt(s),F,6bb7eae8-d889-4878-83aa-61b449bcafc8,Same Direction Rear End,N,Non Intersection,Acceleration Lane,Dark Lights On,No Defects,"Two-way, Divided, Positive Median Barrier",Dry,Clear,Six o'clock,Passenger Car,Functional,N,Stopped in Traffic Lane,2015-02-15 19:55,37,38.97222195,-76.77301884
1787,N,Apparently Normal,No Misuse,Y,No Injury,cfcfafb8-ddce-4bb4-a6b5-1ee767ae20ac,D,CBPD00540003,Shoulder/Lap Belt(s),F,9f99e8c4-d7bd-4084-9566-ab2f9ea9f339,Same Direction Rear End,N,Non Intersection,Acceleration Lane,Dark Lights On,No Defects,"Two-way, Divided, Positive Median Barrier",Dry,Clear,Twelve o'clock,"Other Light Trucks (10,000 lbs (4,536 kg))",Functional,N,Moving Constant Speed,2015-02-15 19:55,60,38.97222195,-76.77301884
1788,N,Apparently Normal,No Misuse,Y,No Injury,90df4ebe-1c97-432b-a800-a74492194aa6,D,CBPD0063000D,Shoulder/Lap Belt(s),F,9b37be03-b57f-4533-937d-c7700e21fa58,Same Direction Rear End,N,Intersection Related,Right Turn Lane,Dawn,No Defects,"Two-way, Divided, Positive Median Barrier",Snow,Wintry Mix,Twelve o'clock,(Sport) Utility Vehicle,Functional,N,Slowing or Stopping,2015-01-06 07:00,31,38.94449056,-76.72339797
1789,N,Apparently Normal,No Misuse,N,No Injury,67350ada-5fd0-4df2-a45b-56cac87db95d,D,CBPD0063000D,Shoulder/Lap Belt(s),M,8d944f17-6dd4-4ef2-8e41-57f56e8caac9,Same Direction Rear End,N,Intersection Related,Right Turn Lane,Dawn,No Defects,"Two-way, Divided, Positive Median Barrier",Snow,Wintry Mix,Six o'clock,Pickup Truck,Superficial,N,Stopped in Traffic Lane,2015-01-06 07:00,44,38.94449056,-76.72339797
1790,N,Apparently Normal,No Misuse,N,No Injury,9ab5944c-0bbb-4795-8f6e-60517d25e8f6,D,CBPD00720009,Shoulder/Lap Belt(s),F,c081f224-5c4a-4298-9ae6-37d0764a18aa,Same Direction Rear End,N,Intersection,Left Turn Lane,Dark Lights On,No Defects,"Two-way, Not Divided",Dry,Clear,Six o'clock,Passenger Car,Superficial,N,Stopped in Traffic Lane,2015-01-11 21:00,43,38.97401527,-76.75554156
1791,N,Apparently Normal,No Misuse,N,No Injury,46f2f90a-8147-4973-8671-7c5a60e28615,D,CBPD0072000B,Shoulder/Lap Belt(s),F,222e31ad-26a5-401e-b02c-434f651db506,Same Direction Left Turn,N,Non Intersection,Left Turn Lane,Daylight,No Defects,"Two-way, Not Divided",Dry,Clear,One o'clock,Passenger Car,Disabling,N,Moving Constant Speed,2015-02-11 11:30,69,38.95123252,-76.71536207
1792,N,Apparently Normal,No Misuse,Y,No Injury,d78fb089-0402-4022-a165-b0f850789889,D,CBPD0072000B,Shoulder/Lap Belt(s),F,8504d7f9-525b-467a-a064-b9d360adbdc8,Same Direction Left Turn,N,Non Intersection,Left Turn Lane,Daylight,No Defects,"Two-way, Not Divided",Dry,Clear,Ten o'clock,Passenger Car,Functional,N,Starting From Parked,2015-02-11 11:30,22,38.95123252,-76.71536207
1793,N,Apparently Normal,No Misuse,N,No Injury,a3b6f812-0c1c-4fc4-af94-7be14bb19659,D,CBPD0073000M,Shoulder/Lap Belt(s),F,4bfbe1cc-7ed6-4b13-8518-39f0401bb048,Same Direction Rear End,N,Non Intersection,Right Turn Lane,Dark Lights On,No Defects,"Two-way, Not Divided",Dry,Clear,Twelve o'clock,Passenger Car,Disabling,N,Moving Constant Speed,2015-02-02 19:15,23,39.00407795,-76.77844763
1794,N,Apparently Normal,No Misuse,Y,No Injury,ad1e8524-ae0e-4534-b676-571674e0b2e9,D,CBPD0073000M,Shoulder/Lap Belt(s),F,aecf5af4-ab9f-4a2b-aeef-e787bd2d02e9,Same Direction Rear End,N,Non Intersection,Right Turn Lane,Dark Lights On,No Defects,"Two-way, Not Divided",Dry,Clear,Six o'clock,(Sport) Utility Vehicle,Functional,N,Backing,2015-02-02 19:15,43,39.00407795,-76.77844763
1795,N,Apparently Normal,No Misuse,N,No Injury,88c0200e-42d5-4d51-8e72-5ee897b143db,D,CBPD00830001,Shoulder/Lap Belt(s),F,cdfba4ec-9f8c-4ce2-aedc-313b1feba282,Same Direction Rear End,N,Non Intersection,Right Turn Lane,Daylight,No Defects,"Two-way, Not Divided",Dry,Clear,Six o'clock,Passenger Car,Disabling,N,Slowing or Stopping,2015-02-27 09:00,31,38.96801789,-76.75438285
1796,N,Apparently Normal,No Misuse,Y,No Injury,e3e92c50-fa3c-466b-bd95-9ef4bb66e706,D,CBPD00830001,Shoulder/Lap Belt(s),F,21474e5a-3289-4eab-a8ed-a7d718f670cd,Same Direction Rear End,N,Non Intersection,Right Turn Lane,Daylight,No Defects,"Two-way, Not Divided",Dry,Clear,Twelve o'clock,Van,Disabling,N,Slowing or Stopping,2015-02-27 09:00,30,38.96801789,-76.75438285
1797,N,Apparently Normal,No Misuse,N,No Injury,0395a09f-ee06-4278-988e-baa7b0a8ea1a,D,CBPD00830001,Shoulder/Lap Belt(s),M,0fc6bd0a-db3a-4429-baff-87f2a99759d7,Same Direction Rear End,N,Non Intersection,Right Turn Lane,Daylight,No Defects,"Two-way, Not Divided",Dry,Clear,Six o'clock,Passenger Car,Functional,N,Stopped in Traffic Lane,2015-02-27 09:00,36,38.96801789,-76.75438285