KEY_INDEX,CDL_FLAG,CONDITION_CODE,EQUIP_PROB_CODE,FAULT_FLAG,INJ_SEVER_CODE,PERSON_ID,PERSON_TYPE,REPORT_NO,SAF_EQUIP_CODE,SEX_CODE,VEHICLE_ID,COLLISION_TYPE_CODE,C_M_ZONE_FLAG,JUNCTION_CODE,LANE_CODE,LIGHT_CODE,RD_COND_CODE,RD_DIV_CODE,SURF_COND_CODE,WEATHER_CODE,AREA_DAMAGED_CODE_MAIN,BODY_TYPE_CODE,DAMAGE_CODE,HIT_AND_RUN_FLAG,MOVEMENT_CODE,TIME,AGE,LATITUDE,LONGITUDE
1798,N,Apparently Normal,No Misuse,N,No Injury,99a1b015-8f4e-48e2-a420-c67ae5abb422,D,CBWR96740006,Shoulder/Lap Belt(s),F,b250fe6d-b612-4d32-aac0-0c0a2a221df7,Same Movement Angle,N,Non Intersection,Right Turn Lane,Daylight,No Defects,"Two-way, Divided, Unprotected (painted >4 feet) Median",Wet,Wintry Mix,Twelve o'clock,(Sport) Utility Vehicle,Disabling,N,Moving Constant Speed,2015-01-24 14:07,65,39.46232286,-76.58453465
1799,N,Apparently Normal,No Misuse,Y,No Injury,3fed7741-7b60-4bef-a04c-3b9a6446d9ac,D,CBWR96740006,Shoulder/Lap Belt(s),F,e5f46bee-76ef-4f3c-b2e7-aa0b5661ca30,Same Movement Angle,N,Non Intersection,Right Turn Lane,Daylight,No Defects,"Two-way, Divided, Unprotected (painted >4 feet) Median",Wet,Wintry Mix,Eleven o'clock,Passenger Car,Disabling,N,Starting From Parked,2015-01-24 14:07,70,39.46232286,-76.58453465
1800,N,Apparently Normal,No Misuse,Y,No Injury,69d806e9-ad84-4a98-ba81-de4c1f4357f7,D,CBWR96780003,Shoulder/Lap Belt(s),F,5d4043f2-70d4-43cf-bae1-9bc7d87d0bc7,Single Vehicle ,N,Non Intersection,Right Turn Lane,Dark No Lights,No Defects,"Two-way, Not Divided",Snow,Snow,Eleven o'clock,Passenger Car,Disabling,N,Moving Constant Speed,2015-01-07 20:34,25,39.48638944,-76.56826973
1801,N,Apparently Normal,No Misuse,N,No Injury,d4921f30-a250-4054-a61f-4c12d763f99f,D,CC0219000G,Shoulder/Lap Belt(s),F,1f55cb35-0451-4195-9006-dd69ea09dc12,Same Direction Rear End,N,Intersection Related,Right Turn Lane,Daylight,No Defects,"Two-way, Divided, Unprotected (painted >4 feet) Median",Dry,Clear,Six o'clock,Passenger Car,Disabling,N,Stopped in Traffic Lane,2015-03-28 17:59,23,38.95881646,-76.93988442
1802,N,Apparently Normal,No Misuse,Y,No Injury,7ca5e385-b0f1-40db-9a11-b5ace22cb2d5,D,CC0219000G,Shoulder/Lap Belt(s),F,8c346366-e6c3-439f-8453-e718123ebf04,Same Direction Rear End,N,Intersection Related,Right Turn Lane,Daylight,No Defects,"Two-way, Divided, Unprotected (painted >4 feet) Median",Dry,Clear,One o'clock,Passenger Car,Disabling,N,Moving Constant Speed,2015-03-28 17:59,30,38.95881646,-76.93988442
1803,N,Apparently Normal,No Misuse,N,No Injury,98f7cf36-4344-4b43-a1aa-1f8c83db36b9,D,CC02380009,Shoulder/Lap Belt(s),F,e5420c78-dbd8-46e0-af9c-4a906a437f36,Same Direction Rear End,N,Non Intersection,Right Turn Lane,Daylight,No Defects,"Two-way, Divided, Positive Median Barrier",Dry,Clear,Six o'clock,Passenger Car,Superficial,N,Slowing or Stopping,2015-03-27 16:56,26,38.96600752,-76.9443047
1804,N,Apparently Normal,No Misuse,N,Possible Incapacitating Injury,ac5b5bab-8ca3-4c2f-995f-14389922c94d,D,CC02380009,Shoulder/Lap Belt(s),F,aee1959d-e977-4b19-a843-49da70905055,Same Direction Rear End,N,Non Intersection,Right Turn Lane,Daylight,No Defects,"Two-way, Divided, Positive Median Barrier",Dry,Clear,Twelve o'clock,Passenger Car,Superficial,N,Slowing or Stopping,2015-03-27 16:56,21,38.96600752,-76.9443047
1805,N,Apparently Normal,No Misuse,Y,Possible Incapacitating Injury,d66cb754-5fd6-4514-8e87-2bc2a0a71796,D,CC02380009,Shoulder/Lap Belt(s),M,bbd6d47a-514f-41c9-a516-06354bf3f832,Same Direction Rear End,N,Non Intersection,Right Turn Lane,Daylight,No Defects,"Two-way, Divided, Positive Median Barrier",Dry,Clear,Twelve o'clock,Passenger Car,Disabling,N,Moving Constant Speed,2015-03-27 16:56,45,38.96600752,-76.9443047
1806,N,Apparently Normal,No Misuse,N,No Injury,b01d8667-2f7e-4b2e-90fa-91b1aa747541,D,CC02410009,Shoulder/Lap Belt(s),F,21140e52-3beb-4427-9ab9-a4a307823d0a,Same Direction Rear End,N,Non Intersection,Right Turn Lane,Dark Lights On,No Defects,"Two-way, Divided, Positive Median Barrier",Dry,Clear,Six o'clock,Passenger Car,Superficial,N,Slowing or Stopping,2015-02-01 18:34,44,38.96695849,-76.95427179
1807,N,Apparently Normal,No Misuse,Y,No Injury,ffc513dd-5f1b-4544-92be-c01b3ed74e20,D,CC02410009,Shoulder/Lap Belt(s),F,1c9b077b-d367-4843-91d2-231eef6fdf6c,Same Direction Rear End,N,Non Intersection,Right Turn Lane,Dark Lights On,No Defects,"Two-way, Divided, Positive Median Barrier",Dry,Clear,Twelve o'clock,Passenger Car,Functional,N,Moving Constant Speed,2015-02-01 18:34,20,38.96695849,-76.95427179
1808,N,Apparently Normal,No Misuse,N,Possible Incapacitating Injury,c745efb8-5a96-47bd-a147-a50a912ffda4,D,CC02410009,Shoulder/Lap Belt(s),M,9f22acc8-8da8-45d9-b7b8-315561942b7f,Same Direction Rear End,N,Non Intersection,Right Turn Lane,Dark Lights On,No Defects,"Two-way, Divided, Positive Median Barrier",Dry,Clear,Six o'clock,Passenger Car,Superficial,N,Slowing or Stopping,2015-02-01 18:34,29,38.96695849,-76.95427179
1809,N,Apparently Normal,No Misuse,Y,No Injury,d9b27e63-80db-433c-a8e2-fdb7b652cf85,D,CC0241000B,Shoulder/Lap Belt(s),F,d6850e4d-4837-4a65-9a64-df5ffb4e5311,Same Direction Rear End,N,Non Intersection,Left Turn Lane,Daylight,No Defects,"Two-way, Divided, Unprotected (painted >4 feet) Median",Dry,Clear,Twelve o'clock,Passenger Car,Disabling,N,Moving Constant Speed,2015-02-03 14:54,66,38.95484521,-76.94031358
1810,N,Apparently Normal,No Misuse,N,No Injury,a7852887-cd44-4b8c-9fc3-00fed8e22560,D,CC0241000D,Shoulder/Lap Belt(s),F,96a22ad4-b9f3-4350-ab5d-7d8751a5964f,Same Direction Rear End,N,Non Intersection,Right Turn Lane,Daylight,No Defects,"Two-way, Divided, Positive Median Barrier",Wet,Wintry Mix,Six o'clock,Passenger Car,Superficial,N,Moving Constant Speed,2015-03-20 16:00,76,38.94572552,-76.94135427
1811,N,Apparently Normal,No Misuse,N,No Injury,d0d5c15b-14c4-42f4-b87e-7159878828b0,D,CC02430005,Shoulder/Lap Belt(s),F,2f5197e5-12d0-44ed-833c-ace0a5117599,Same Direction Rear End,N,Non Intersection,Right Turn Lane,Daylight,No Defects,"Two-way, Not Divided",Dry,Clear,Six o'clock,Passenger Car,Superficial,N,Slowing or Stopping,2015-02-13 13:30,30,38.95735647,-76.9400239
1812,N,Apparently Normal,No Misuse,N,Non-incapacitating Injury,9a6e34c7-e4ce-47ad-845d-52385f59d57d,D,CC02430005,Shoulder/Lap Belt(s),F,b2a9fe4d-b115-4935-b33a-9015778ab3bb,Same Direction Rear End,N,Non Intersection,Right Turn Lane,Daylight,No Defects,"Two-way, Not Divided",Dry,Clear,Six o'clock,Passenger Car,Disabling,N,Slowing or Stopping,2015-02-13 13:30,43,38.95735647,-76.9400239
1813,N,Apparently Normal,No Misuse,N,No Injury,4e8b0325-312c-49b7-b017-2cf6b9738360,D,CC02430005,Shoulder/Lap Belt(s),M,d1aaed8c-16e1-4bc6-aa77-9bde42fbd6c3,Same Direction Rear End,N,Non Intersection,Right Turn Lane,Daylight,No Defects,"Two-way, Not Divided",Dry,Clear,Six o'clock,Passenger Car,Functional,N,Slowing or Stopping,2015-02-13 13:30,37,38.95735647,-76.9400239
1814,N,Apparently Normal,No Misuse,Y,No Injury,2ee9b002-c8d3-42f0-9452-7eaecc2bf79b,D,CC02430005,Shoulder/Lap Belt(s),M,c64894b3-f198-494c-88d6-910fe003959a,Same Direction Rear End,N,Non Intersection,Right Turn Lane,Daylight,No Defects,"Two-way, Not Divided",Dry,Clear,Twelve o'clock,Passenger Car,Disabling,N,Slowing or Stopping,2015-02-13 13:30,34,38.95735647,-76.9400239
1815,N,Apparently Normal,No Misuse,N,No Injury,7eb6a0fa-6e46-4e1a-9ead-f5fc40c08e22,D,CD0612000G,Shoulder/Lap Belt(s),F,2276f253-69cf-4676-824c-56a40cfd32af,Same Movement Angle,N,Residential Driveway,Right Turn Lane,Daylight,No Defects,"Two-way, Not Divided",Dry,Cloudy,One o'clock,(Sport) Utility Vehicle,Functional,N,Moving Constant Speed,2015-03-03 09:07,32,38.53962302,-76.99125677
1816,N,Apparently Normal,No Misuse,Y,No Injury,58263a21-021e-4e6a-8f82-98f631ffc156,D,CD0612000G,Shoulder/Lap Belt(s),F,655778db-5b1a-4019-b90f-1849ee1aba8f,Same Movement Angle,N,Residential Driveway,Right Turn Lane,Daylight,No Defects,"Two-way, Not Divided",Dry,Cloudy,One o'clock,Passenger Car,Functional,N,Moving Constant Speed,2015-03-03 09:07,36,38.53962302,-76.99125677
1817,N,Apparently Normal,No Misuse,N,No Injury,3a21c643-1963-4ae5-b886-cf4fba2ac51e,D,CD0616000B,Shoulder/Lap Belt(s),F,0162733a-aa9c-4f50-b0fa-7460bba93c99,Head On Left Turn,N,Intersection,Left Turn Lane,Daylight,No Defects,"Two-way, Not Divided",Dry,Clear,Twelve o'clock,Station Wagon,Functional,N,Moving Constant Speed,2015-01-31 12:30,39,38.53960204,-76.98481143
1818,N,Apparently Normal,No Misuse,Y,No Injury,0c175d39-09a1-44e3-9b0b-7c6c1d354f74,D,CD0616000B,Shoulder/Lap Belt(s),F,319cc3fc-d86d-477c-976d-7807dac65d1f,Head On Left Turn,N,Intersection,Left Turn Lane,Daylight,No Defects,"Two-way, Not Divided",Dry,Clear,One o'clock,(Sport) Utility Vehicle,Functional,N,Making Left Turn,2015-01-31 12:30,52,38.53960204,-76.98481143
1819,N,Apparently Normal,No Misuse,N,No Injury,884e5690-f0af-4c26-b9ae-c8e6730a3caa,D,CD0616000F,Shoulder/Lap Belt(s),F,7bf630eb-28e9-4f13-b98a-2484fbb629eb,Same Movement Angle,N,Intersection,Right Turn Lane,Daylight,No Defects,"Two-way, Not Divided",Wet,Cloudy,Twelve o'clock,(Sport) Utility Vehicle,Functional,N,Moving Constant Speed,2015-02-23 07:25,67,38.5346213,-76.9549799
1820,N,Apparently Normal,No Misuse,Y,No Injury,b1d65f7a-33c3-4296-b530-f0b9a93cca43,D,CD0616000F,Shoulder/Lap Belt(s),F,d54c9cbf-7c96-4ef5-add5-7bf5e6aa992d,Same Movement Angle,N,Intersection,Right Turn Lane,Daylight,No Defects,"Two-way, Not Divided",Wet,Cloudy,One o'clock,Passenger Car,Functional,N,Making Left Turn,2015-02-23 07:25,24,38.5346213,-76.9549799
1821,N,Apparently Normal,No Misuse,Y,No Injury,619f9181-3f80-4c42-94a6-62a7cbe4ff4b,D,CD0616000Q,Shoulder/Lap Belt(s),F,9fdcc9d8-881e-4a92-9e15-cbc7da77c434,Single Vehicle ,N,Intersection,Right Turn Lane,Dark No Lights,No Defects,"Two-way, Not Divided",Dry,Cloudy,Twelve o'clock,Pickup Truck,Superficial,Y,Making Left Turn,2015-03-17 09:30,44,38.53997548,-76.94107533
1822,N,Apparently Normal,No Misuse,N,No Injury,359ea8a2-51de-4940-baf7-49655fa7f487,D,CD06230007,Shoulder/Lap Belt(s),F,2eba67df-7be5-4da3-a033-c8ff6c225c73,Same Movement Angle,N,Intersection Related,Right Turn Lane,Daylight,No Defects,"Two-way, Not Divided",Dry,Clear,Twelve o'clock,Passenger Car,Superficial,N,Moving Constant Speed,2015-02-24 12:13,53,38.53172586,-76.96857333
1823,N,Apparently Normal,No Misuse,Y,Non-incapacitating Injury,8b5edf1f-5521-442b-a39a-2670928c66c0,D,CD06230007,Shoulder/Lap Belt(s),F,fbb7ea9c-b989-48cf-892d-235c2e17014b,Same Movement Angle,N,Intersection Related,Right Turn Lane,Daylight,No Defects,"Two-way, Not Divided",Dry,Clear,Eleven o'clock,Passenger Car,Disabling,N,Making Left Turn,2015-02-24 12:13,68,38.53172586,-76.96857333
1824,N,Apparently Normal,No Misuse,N,No Injury,e5483cd7-2f8f-4329-b85a-3d94bce3b63d,D,CD0626000N,Shoulder/Lap Belt(s),F,2410f081-0a2f-4750-881b-e424c1746b5d,Single Vehicle ,N,Non Intersection,Right Turn Lane,Dark Lights On,No Defects,"Two-way, Not Divided",Dry,Clear,Eleven o'clock,Passenger Car,No Damage,Y,Moving Constant Speed,2015-01-27 18:37,21,38.54756128,-76.98394775
1825,N,Apparently Normal,No Misuse,Y,No Injury,6c8b8105-fb27-4dd7-b2c8-058f1ed420d9,D,CD0626000R,Shoulder/Lap Belt(s),F,08d99b0a-fe23-4ad0-be5b-9bc742cfb0ee,Same Movement Angle,N,Intersection,Left Turn Lane,Daylight,No Defects,"Two-way, Divided, Unprotected (painted >4 feet) Median",Dry,Clear,Four o'clock,Pickup Truck,Superficial,N,Moving Constant Speed,2015-03-30 18:56,39,38.52877993,-76.9828105
1826,N,Apparently Normal,No Misuse,N,No Injury,85073ba1-f32b-405e-b78d-9ace6415b0b0,D,CD0626000R,Shoulder/Lap Belt(s),M,bcde6a87-01f0-4ac5-9fb1-9c1ec2ea3cc7,Same Movement Angle,N,Intersection,Left Turn Lane,Daylight,No Defects,"Two-way, Divided, Unprotected (painted >4 feet) Median",Dry,Clear,Twelve o'clock,Passenger Car,Functional,N,Moving Constant Speed,2015-03-30 18:56,57,38.52877993,-76.9828105
1827,N,Apparently Normal,No Misuse,N,No Injury,61cc6efb-44b0-4c5f-934e-f4517cbe5929,D,CD0626000R,Shoulder/Lap Belt(s),M,e65c39dd-6a74-4895-8365-1915795acabd,Same Movement Angle,N,Intersection,Left Turn Lane,Daylight,No Defects,"Two-way, Divided, Unprotected (painted >4 feet) Median",Dry,Clear,Twelve o'clock,"Other Light Trucks (10,000 lbs (4,536 kg))",Functional,N,Moving Constant Speed,2015-03-30 18:56,30,38.52877993,-76.9828105
1828,N,Apparently Normal,No Misuse,N,No Injury,e203d21e-5d5d-440c-842c-5cc067d54caa,D,CD0632000J,Shoulder/Lap Belt(s),F,12cd7f9f-b129-4b39-9508-34dc53c12e7c,Same Direction Rear End,N,Intersection Related,Right Turn Lane,Daylight,No Defects,"Two-way, Not Divided",Wet,Snow,Six o'clock,Passenger Car,Functional,N,Stopped in Traffic Lane,2015-02-21 15:34,25,38.53972667,-76.986515
1829,N,Apparently Normal,No Misuse,Y,No Injury,130594ff-2cd5-40ab-ba62-3519c0440bb5,D,CD0632000J,Shoulder/Lap Belt(s),M,e61d295f-3159-4574-ac1e-16d2a3ab1e33,Same Direction Rear End,N,Intersection Related,Right Turn Lane,Daylight,No Defects,"Two-way, Not Divided",Wet,Snow,Twelve o'clock,Passenger Car,Disabling,N,Accelerating,2015-02-21 15:34,21,38.53972667,-76.986515
1830,N,Apparently Normal,No Misuse,N,No Injury,d5c6f8c3-31b4-4388-a060-015e3bbe042c,D,CE42340008,Shoulder/Lap Belt(s),F,7267d704-668f-4530-994d-90cfef1e80a0,Same Direction Rear End,N,Intersection,Right Turn Lane,Daylight,No Defects,One-way Trafficway,Wet,Clear,Six o'clock,Passenger Car,Superficial,N,Stopped in Traffic Lane,2015-03-02 12:20,35,39.09523852,-76.84250951
1831,N,Apparently Normal,No Misuse,Y,No Injury,6114d5b3-11af-43d8-b7c1-b885288857d8,D,CE42340008,Shoulder/Lap Belt(s),M,10f031d0-3dbc-4f3d-b496-07fe106cc1ba,Same Direction Rear End,N,Intersection,Right Turn Lane,Daylight,No Defects,One-way Trafficway,Wet,Clear,Twelve o'clock,(Sport) Utility Vehicle,Superficial,N,Slowing or Stopping,2015-03-02 12:20,32,39.09523852,-76.84250951
1832,N,Apparently Normal,No Misuse,N,No Injury,40143635-5804-48f7-ab4b-3068f00fa1f2,D,CE42340009,Shoulder/Lap Belt(s),F,7896b342-d289-4b74-9362-19d0f8962c23,Head On Left Turn,N,Intersection,Shoulder Area,Dark Lights On,No Defects,"Two-way, Divided, Positive Median Barrier",Wet,Raining,Two o'clock,Passenger Car,Destroyed,N,Making Left Turn,2015-03-10 21:24,24,39.09547999,-76.84206963
1833,N,Apparently Normal,No Misuse,Y,No Injury,11d0cc88-87be-4c67-a400-3a67c926777b,D,CE42340009,Shoulder/Lap Belt(s),F,9223ce86-55d0-432e-9a8b-c5c5e2ab8038,Head On Left Turn,N,Intersection,Shoulder Area,Dark Lights On,No Defects,"Two-way, Divided, Positive Median Barrier",Wet,Raining,Twelve o'clock,Pickup Truck,Disabling,N,Moving Constant Speed,2015-03-10 21:24,40,39.09547999,-76.84206963
1834,N,Apparently Normal,No Misuse,Y,No Injury,cf414c7b-a9d9-4348-bda5-5d83a450d533,D,CE42610002,Shoulder/Lap Belt(s),F,e3c783ad-e9c7-420c-b3a2-c55905bd82f4,Same Direction Right Turn,N,Non Intersection,Left Turn Lane,Daylight,No Defects,"Two-way, Not Divided",Dry,Clear,One o'clock,Passenger Car,Disabling,N,Changing Lanes,2015-01-09 12:18,27,39.08382178,-76.8625617
1835,N,Apparently Normal,No Misuse,N,No Injury,3a798164-9db5-4a43-b60a-0b797119f78b,D,CE42610002,Shoulder/Lap Belt(s),M,8eed71b3-bb35-4d86-a464-ac3eb45655e4,Same Direction Right Turn,N,Non Intersection,Left Turn Lane,Daylight,No Defects,"Two-way, Not Divided",Dry,Clear,Eleven o'clock,Passenger Car,Functional,N,Moving Constant Speed,2015-01-09 12:18,46,39.08382178,-76.8625617
1836,N,Apparently Normal,No Misuse,N,No Injury,129622f2-6958-4461-b331-52e5b79e126e,D,CE44470005,Shoulder/Lap Belt(s),F,b29ceea1-fb1c-42e3-8e9a-9261e66f52f0,Same Direction Left Turn,N,Non Intersection,Right Turn Lane,Dark Lights On,No Defects,One-way Trafficway,Dry,Clear,Twelve o'clock,Passenger Car,Disabling,N,Moving Constant Speed,2015-03-19 19:21,41,39.09767819,-76.85028791
1837,N,Apparently Normal,No Misuse,Y,No Injury,82d8c7db-365f-4bf6-b7b5-aa9c20d77b9e,D,CE44470005,Shoulder/Lap Belt(s),M,54f47a0d-46cb-42c2-9115-703a2fc7c79f,Same Direction Left Turn,N,Non Intersection,Right Turn Lane,Dark Lights On,No Defects,One-way Trafficway,Dry,Clear,Seven o'clock,(Sport) Utility Vehicle,Functional,N,Making Left Turn,2015-03-19 19:21,29,39.09767819,-76.85028791
1838,N,Apparently Normal,No Misuse,Y,No Injury,0948472d-2438-49be-a0b0-50cfb2689d41,D,CE44470006,Shoulder/Lap Belt(s),F,22544000-585d-4780-88c3-a617aa1641c7,Single Vehicle ,N,Intersection Related,Acceleration Lane,Daylight,No Defects,One-way Trafficway,Dry,Clear,Twelve o'clock,Passenger Car,Disabling,N,Moving Constant Speed,2015-03-29 07:34,85,39.1001927,-76.85304523
1839,N,Apparently Normal,No Misuse,N,No Injury,138eea7e-84e5-4c77-a3f2-a68fcef3712b,D,CE44480006,Shoulder/Lap Belt(s),F,858f211a-50a4-427c-aa6c-be39c82deb21,Same Direction Left Turn,N,Non Intersection,Right Turn Lane,Daylight,No Defects,One-way Trafficway,Dry,Clear,One o'clock,(Sport) Utility Vehicle,Functional,N,Moving Constant Speed,2015-01-05 16:02,49,39.09438087,-76.85391426
1840,N,Apparently Normal,No Misuse,N,No Injury,8e307d35-59da-4337-87b6-af98332f7e6a,D,CE45040004,Shoulder/Lap Belt(s),F,f5104039-ab6b-4cb7-b9a0-80f411fd2176,Single Vehicle ,N,Intersection,Left Turn Lane,Dark Lights On,No Defects,One-way Trafficway,Wet,Raining,Twelve o'clock,Passenger Car,Destroyed,N,Moving Constant Speed,2015-01-04 03:38,41,39.09765737,-76.84858203
1841,N,Apparently Normal,No Misuse,Y,No Injury,36c91622-e273-470f-9d49-2e9329303dfc,D,CE45040005,Shoulder/Lap Belt(s),F,b40bdb53-476e-4c51-9e8c-3dfd48f6d205,Same Direction Left Turn,N,Non Intersection,Right Turn Lane,Daylight,No Defects,One-way Trafficway,Wet,Clear,Seven o'clock,Passenger Car,Disabling,N,Moving Constant Speed,2015-03-07 17:42,18,39.10220757,-76.85867786
1842,N,Apparently Normal,No Misuse,N,No Injury,2101b529-b1e7-466e-9be8-f92e2494fe25,D,CE45040005,Shoulder/Lap Belt(s),M,55045b52-4b7a-4856-a9c8-07eaf71432cd,Same Direction Left Turn,N,Non Intersection,Right Turn Lane,Daylight,No Defects,One-way Trafficway,Wet,Clear,Twelve o'clock,Passenger Car,Disabling,N,Moving Constant Speed,2015-03-07 17:42,21,39.10220757,-76.85867786
1843,N,Apparently Normal,No Misuse,N,No Injury,fa50a7eb-22b9-437f-8b33-0844a2e7bded,D,CE45070003,Shoulder/Lap Belt(s),F,458af65a-e898-4b28-8f9f-6dbfc7237d1f,Same Direction Rear End,N,Non Intersection,Acceleration Lane,Daylight,No Defects,One-way Trafficway,Dry,Clear,Six o'clock,Passenger Car,Functional,N,Slowing or Stopping,2015-01-23 07:56,42,39.09749501,-76.84687614
1844,N,Apparently Normal,No Misuse,Y,No Injury,47d1c1d8-6145-49ba-8112-403f136f68b0,D,CE45070003,Shoulder/Lap Belt(s),M,c3605b9d-79ed-4996-a790-47ca5205f27d,Same Direction Rear End,N,Non Intersection,Acceleration Lane,Daylight,No Defects,One-way Trafficway,Dry,Clear,Twelve o'clock,Passenger Car,Disabling,N,Moving Constant Speed,2015-01-23 07:56,53,39.09749501,-76.84687614
1845,N,Apparently Normal,No Misuse,Y,No Injury,13be28f3-09a6-42bd-8b40-3b2f61a9cf3c,D,CE45070004,Shoulder/Lap Belt(s),F,f5e023dc-16cf-43e5-b3ed-4aa6f01c39b9,Same Movement Angle,N,Intersection,Right Turn Lane,Dark Lights On,No Defects,One-way Trafficway,Dry,Clear,Twelve o'clock,Passenger Car,Disabling,N,Moving Constant Speed,2015-01-30 23:34,26,39.10290694,-76.85567379
1846,N,Apparently Normal,No Misuse,N,No Injury,1a9ea9fb-8492-448e-9460-beab2d42da7b,D,CE45070004,Shoulder/Lap Belt(s),M,7b8ae854-8b6c-4064-88e8-51cf5976bb3e,Same Movement Angle,N,Intersection,Right Turn Lane,Dark Lights On,No Defects,One-way Trafficway,Dry,Clear,Three o'clock,Passenger Car,Disabling,N,Moving Constant Speed,2015-01-30 23:34,33,39.10290694,-76.85567379
1847,N,Apparently Normal,No Misuse,Y,No Injury,f76b5002-2955-4ccf-84ca-a136a94754d9,D,CE45080003,Shoulder/Lap Belt(s),F,195f4d44-a53f-424f-9f9e-336cff18d398,Same Movement Angle,N,Intersection,Acceleration Lane,Dark Lights On,No Defects,One-way Trafficway,Wet,Clear,Ten o'clock,Passenger Car,Disabling,N,Slowing or Stopping,2015-02-25 21:00,58,39.09674771,-76.84981316
1848,N,Apparently Normal,No Misuse,N,No Injury,e4bae0b7-710c-4c19-9a97-c4f37c1e862e,D,CE45080003,Shoulder/Lap Belt(s),M,01a08523-163c-4529-8860-147399558212,Same Movement Angle,N,Intersection,Acceleration Lane,Dark Lights On,No Defects,One-way Trafficway,Wet,Clear,One o'clock,Passenger Car,Disabling,N,Accelerating,2015-02-25 21:00,30,39.09674771,-76.84981316
1849,N,Apparently Normal,No Misuse,N,No Injury,ca6efd28-eee2-4a8d-9e41-f70c4bcd4834,D,CE45150009,Shoulder/Lap Belt(s),F,d7144430-4f10-4b2f-add3-52d9ddac7479,Same Direction Rear End,N,Non Intersection,Right Turn Lane,Daylight,No Defects,"Two-way, Divided, Positive Median Barrier",Wet,Snow,Six o'clock,Passenger Car,Functional,N,Making Left Turn,2015-02-17 13:49,35,39.10164714,-76.85898095
1850,N,Apparently Normal,No Misuse,N,No Injury,9339ffc7-cb56-451e-894c-41b1df4311ca,D,CE4517000C,Shoulder/Lap Belt(s),F,75233532-01a0-4e75-9b75-718c0f99f920,Same Direction Rear End,N,Intersection Related,Right Turn Lane,Daylight,No Defects,"Two-way, Not Divided",Wet,Raining,Six o'clock,(Sport) Utility Vehicle,Functional,N,Stopped in Traffic Lane,2015-03-31 17:06,61,39.08692597,-76.86059028
1851,N,Apparently Normal,No Misuse,Y,No Injury,0c205642-46bb-4777-8c59-5f6a9fa93af9,D,CE4517000C,Shoulder/Lap Belt(s),F,bc8607a1-4899-4717-938d-4668acf41066,Same Direction Rear End,N,Intersection Related,Right Turn Lane,Daylight,No Defects,"Two-way, Not Divided",Wet,Raining,Twelve o'clock,Passenger Car,Disabling,N,Slowing or Stopping,2015-03-31 17:06,23,39.08692597,-76.86059028
1852,N,Apparently Normal,No Misuse,Y,No Injury,2b0df3a6-df5b-47c5-9794-71bcaaeed50a,D,CE45780006,Shoulder/Lap Belt(s),F,1c3ba0e9-4773-4b71-8e9a-2a45f43538ab,Same Direction Rear End,N,Non Intersection,Right Turn Lane,Dark Lights On,No Defects,"Two-way, Divided, Positive Median Barrier",Dry,Clear,Twelve o'clock,Passenger Car,Superficial,N,Moving Constant Speed,2015-02-02 22:41,40,39.09552995,-76.83864713
1853,N,Apparently Normal,No Misuse,N,Non-incapacitating Injury,f4d0a693-865d-4d9d-ad80-d18a1f2a49f9,D,CE45780006,Shoulder/Lap Belt(s),F,a7ce20cf-e77f-46c9-b0ee-dac304bb7d08,Same Direction Rear End,N,Non Intersection,Right Turn Lane,Dark Lights On,No Defects,"Two-way, Divided, Positive Median Barrier",Dry,Clear,Six o'clock,Passenger Car,Superficial,N,Moving Constant Speed,2015-02-02 22:41,25,39.09552995,-76.83864713
1854,N,Apparently Normal,No Misuse,N,No Injury,b1c98e4b-a78a-47cc-935b-2f638805cc30,D,CE45780007,Shoulder/Lap Belt(s),F,d4982b03-cc8c-4a88-9ba7-fd97d7b5bd22,Same Direction Left Turn,N,Non Intersection,Right Turn Lane,Daylight,No Defects,"Two-way, Not Divided",Dry,Clear,One o'clock,Passenger Car,Superficial,N,Moving Constant Speed,2015-02-11 14:45,52,39.10795215,-76.85631752
1855,N,Apparently Normal,No Misuse,Y,Non-incapacitating Injury,e9dfc61d-93ea-4955-820b-252e711693b8,D,CE45780007,Shoulder/Lap Belt(s),F,a8f2697c-d65a-49ea-9f82-ee23f84d7eab,Same Direction Left Turn,N,Non Intersection,Right Turn Lane,Daylight,No Defects,"Two-way, Not Divided",Dry,Clear,Eleven o'clock,Passenger Car,Superficial,N,Starting From Parked,2015-02-11 14:45,60,39.10795215,-76.85631752
1856,N,Apparently Normal,No Misuse,N,No Injury,54e054bb-1f79-4fe2-80a8-0aaf9414fa3e,D,CE4578000F,Shoulder/Lap Belt(s),F,45f9717e-bb11-49c3-8632-667682b3a170,Same Direction Rear End,N,Non Intersection,Left Turn Lane,Daylight,No Defects,"Two-way, Not Divided",Dry,Clear,Six o'clock,Passenger Car,Superficial,N,Stopped in Traffic Lane,2015-03-17 07:51,34,39.10332322,-76.87112331
1857,N,Apparently Normal,No Misuse,Y,No Injury,22497b05-4b38-450c-b0c1-b5be3a057ad9,D,CE4578000F,Shoulder/Lap Belt(s),F,dd4c0bfe-ef81-4026-9589-377f832b371e,Same Direction Rear End,N,Non Intersection,Left Turn Lane,Daylight,No Defects,"Two-way, Not Divided",Dry,Clear,Twelve o'clock,Passenger Car,Superficial,N,Slowing or Stopping,2015-03-17 07:51,26,39.10332322,-76.87112331