KEY_INDEX,CDL_FLAG,CONDITION_CODE,EQUIP_PROB_CODE,FAULT_FLAG,INJ_SEVER_CODE,PERSON_ID,PERSON_TYPE,REPORT_NO,SAF_EQUIP_CODE,SEX_CODE,VEHICLE_ID,COLLISION_TYPE_CODE,C_M_ZONE_FLAG,JUNCTION_CODE,LANE_CODE,LIGHT_CODE,RD_COND_CODE,RD_DIV_CODE,SURF_COND_CODE,WEATHER_CODE,AREA_DAMAGED_CODE_MAIN,BODY_TYPE_CODE,DAMAGE_CODE,HIT_AND_RUN_FLAG,MOVEMENT_CODE,TIME,AGE,LATITUDE,LONGITUDE
1917,N,Apparently Normal,No Misuse,N,No Injury,99203b2d-0e47-4bab-a3b3-606d5f490e7e,D,DA34110005,Shoulder/Lap Belt(s),M,433b58b8-ffda-44fd-b94d-68d693363339,Same Movement Angle,N,Intersection,Right Turn Lane,Daylight,No Defects,"Two-way, Divided, Positive Median Barrier",Dry,Clear,Twelve o'clock,Passenger Car,Disabling,N,Moving Constant Speed,2015-02-26 11:12,27,38.92660624,-76.88687325
1918,N,Apparently Normal,No Misuse,N,No Injury,4d499c58-6749-4ace-883e-7fa2014fd578,D,DA34280009,Shoulder/Lap Belt(s),F,4540226c-e6c3-449d-bd76-aacc05c5fd38,Same Direction Rear End,N,Non Intersection,Acceleration Lane,Daylight,No Defects,"Two-way, Divided, Positive Median Barrier",Dry,Clear,Six o'clock,(Sport) Utility Vehicle,Functional,N,Stopped in Traffic Lane,2015-02-27 13:10,37,38.93055,-76.99601
1919,Y,Apparently Normal,No Misuse,Y,No Injury,51a358a0-2486-4354-ad13-04972f9b5152,D,DA3432000F,Shoulder/Lap Belt(s),F,31da0f01-d768-4b63-8e3b-6e6062411be6,Single Vehicle ,N,Commercial Driveway,Right Turn Lane,Dark Lights On,No Defects,"Two-way, Not Divided",Dry,Clear,Twelve o'clock,Passenger Car,Disabling,N,Moving Constant Speed,2015-01-20 05:00,50,38.7836077,-76.8460393
1920,N,Apparently Normal,No Misuse,N,No Injury,72749e85-5f03-4914-bcfd-45b75c49be0d,D,DA34560009,Shoulder/Lap Belt(s),F,6342bc8e-f05e-4601-bb5a-17ec91b5606f,Same Direction Sideswipe,N,Non Intersection,Right Turn Lane,Dark Lights On,No Defects,"Two-way, Not Divided",Dry,Clear,Two o'clock,Passenger Car,Functional,N,Stopped in Traffic Lane,2015-03-01 01:23,34,38.97946586,-76.97081566
1921,N,Apparently Normal,No Misuse,Y,No Injury,a90972a1-506b-4cc9-9d3f-2213124ea19c,D,DA3456000B,Shoulder/Lap Belt(s),F,9b6ee5af-9472-434b-865f-1d4f122cf74d,Head On Left Turn,N,Intersection Related,Left Turn Lane,Dark Lights On,No Defects,"Two-way, Divided, Positive Median Barrier",Wet,Raining,Twelve o'clock,Passenger Car,Disabling,N,Moving Constant Speed,2015-03-20 04:05,26,38.98538305,-76.98170543
1922,Y,Apparently Normal,No Misuse,N,No Injury,d04e3917-1a4f-4d74-b269-7709828eae28,D,DA3456000B,Shoulder/Lap Belt(s),M,5566bf7f-bd12-403d-8dfe-4be5f4aa13f4,Head On Left Turn,N,Intersection Related,Left Turn Lane,Dark Lights On,No Defects,"Two-way, Divided, Positive Median Barrier",Wet,Raining,One o'clock,"Medium/Heavy Truck 2 axles (10,000 lbs (4,536 kg) or less)",Superficial,N,Making Left Turn,2015-03-20 04:05,36,38.98538305,-76.98170543
1923,N,Apparently Normal,No Misuse,Y,No Injury,73bd8d10-b95f-4a21-a8d7-a11bedd4ada9,D,DA34930008,Shoulder/Lap Belt(s),F,93b9dc2c-42ea-4c79-a490-3f541eaa0b2e,Single Vehicle ,N,Non Intersection,Right Turn Lane,Daylight,No Defects,"Two-way, Not Divided",Wet,Raining,Twelve o'clock,Van,Superficial,N,Moving Constant Speed,2015-03-25 17:33,44,38.85313561,-76.90726876
1924,N,Apparently Normal,No Misuse,N,No Injury,58173721-00fd-4e4e-9f4d-d388e910fa61,D,DA35020002,Shoulder/Lap Belt(s),F,0e8567ce-d2b8-4cfd-9871-05f86ca6256f,Head On Left Turn,N,Intersection,Right Turn Lane,Dark Lights On,No Defects,"Two-way, Not Divided",Wet,Raining,Twelve o'clock,Passenger Car,Disabling,N,Moving Constant Speed,2015-01-12 18:10,51,39.02529343,-76.91733241
1925,N,Apparently Normal,No Misuse,Y,No Injury,84cedae7-9108-4f85-a401-e42fd1424fbf,D,DA35020002,Shoulder/Lap Belt(s),F,66b9759c-30a7-4acc-8724-76d7493488da,Head On Left Turn,N,Intersection,Right Turn Lane,Dark Lights On,No Defects,"Two-way, Not Divided",Wet,Raining,Three o'clock,Passenger Car,Disabling,N,Moving Constant Speed,2015-01-12 18:10,27,39.02529343,-76.91733241
1926,N,Apparently Normal,No Misuse,N,No Injury,eb2786eb-0d75-4d40-8a1c-4efd692ffbb4,D,DA35490002,Shoulder/Lap Belt(s),F,fb267c7b-4353-4907-9e7e-e6e9b29aef6c,Same Direction Sideswipe,N,Commercial Driveway,Right Turn Lane,Dusk,No Defects,"Two-way, Divided, Unprotected (painted >4 feet) Median",Dry,Clear,Ten o'clock,Passenger Car,Superficial,N,Stopped in Traffic Lane,2015-02-13 17:52,31,39.09301528,-76.85574889
1927,N,Apparently Normal,No Misuse,N,Non-incapacitating Injury,0f968cac-2d04-4b91-84af-04e90cf37fa9,D,DA35490002,Shoulder/Lap Belt(s),F,c98757e9-5f68-4f75-b260-10e6d8c46798,Same Direction Sideswipe,N,Commercial Driveway,Right Turn Lane,Dusk,No Defects,"Two-way, Divided, Unprotected (painted >4 feet) Median",Dry,Clear,Six o'clock,Passenger Car,Superficial,N,Stopped in Traffic Lane,2015-02-13 17:52,36,39.09301528,-76.85574889
1928,N,Apparently Normal,No Misuse,Y,No Injury,41dc44ce-076c-4dc2-b476-4309fd73daa7,D,DA3566000K,Shoulder/Lap Belt(s),F,0996706e-6858-410c-b40d-d93b6363a380,Same Direction Rear End,N,Non Intersection,Right Turn Lane,Daylight,No Defects,"Two-way, Divided, Positive Median Barrier",Dry,Clear,Twelve o'clock,(Sport) Utility Vehicle,Disabling,N,Slowing or Stopping,2015-03-16 15:31,47,38.94688536,-76.88173413
1929,N,Apparently Normal,No Misuse,Y,No Injury,95c7b07d-53c8-4aa7-a68c-84243306447b,D,DA3566000L,Shoulder/Lap Belt(s),F,5acc7329-bb7b-4290-8dbc-cd885b8b9839,Same Direction Rear End,N,Intersection Related,Acceleration Lane,Daylight,No Defects,"Two-way, Divided, Positive Median Barrier",Dry,Clear,Twelve o'clock,Passenger Car,Superficial,N,Slowing or Stopping,2015-03-16 18:22,35,38.95098221,-76.88576818
1930,N,Apparently Normal,No Misuse,N,No Injury,68357e32-544e-4084-8e06-a6b44c6af090,D,DA3566000L,Shoulder/Lap Belt(s),M,550285b0-d397-49fb-8b25-af3178501fe2,Same Direction Rear End,N,Intersection Related,Acceleration Lane,Daylight,No Defects,"Two-way, Divided, Positive Median Barrier",Dry,Clear,Six o'clock,Passenger Car,Superficial,N,Slowing or Stopping,2015-03-16 18:22,29,38.95098221,-76.88576818
1931,N,Apparently Normal,No Misuse,N,No Injury,f78422c4-061d-44ed-bb47-c63b020d3344,D,DA35780003,Shoulder/Lap Belt(s),F,cbbad78c-e263-4e5a-8f2b-4b5d0b72bf04,Same Direction Sideswipe,N,Non Intersection,Shoulder Area,Dawn,No Defects,"Two-way, Divided, Positive Median Barrier",Wet,Snow,Eleven o'clock,Passenger Car,Superficial,N,Moving Constant Speed,2015-01-26 06:43,39,38.84610022,-76.92702055
1932,N,Apparently Normal,No Misuse,Y,No Injury,f09166c3-af60-407b-b0cc-868c047fe138,D,DA35780003,Shoulder/Lap Belt(s),F,e3c37858-dc50-4798-8565-69208cb3cb50,Same Direction Sideswipe,N,Non Intersection,Shoulder Area,Dawn,No Defects,"Two-way, Divided, Positive Median Barrier",Wet,Snow,Five o'clock,Passenger Car,Superficial,N,Moving Constant Speed,2015-01-26 06:43,29,38.84610022,-76.92702055
1933,N,Apparently Normal,No Misuse,Y,No Injury,63a82838-c059-4658-8b0d-3404fe04dacb,D,DA35780009,Shoulder/Lap Belt(s),F,7af82f1e-54d3-45ee-8696-12c6eaadf6ed,Same Movement Angle,N,Intersection,Right Turn Lane,Dark Lights On,No Defects,"Two-way, Divided, Positive Median Barrier",Wet,Raining,Twelve o'clock,Passenger Car,Disabling,N,Accelerating,2015-03-10 18:54,28,38.85026138,-76.9054234
1934,N,Apparently Normal,No Misuse,N,No Injury,d51c39cb-0a0c-4dd0-b937-36316f3cd038,D,DA35780009,Shoulder/Lap Belt(s),M,9be1fa8a-558a-4208-9422-75af5d893553,Same Movement Angle,N,Intersection,Right Turn Lane,Dark Lights On,No Defects,"Two-way, Divided, Positive Median Barrier",Wet,Raining,Two o'clock,Passenger Car,Superficial,N,Moving Constant Speed,2015-03-10 18:54,50,38.85026138,-76.9054234
1935,N,Apparently Normal,No Misuse,N,No Injury,f1cb2730-9219-48d1-99ee-89fc2b0217e9,D,DA36010006,Shoulder/Lap Belt(s),F,d80dbc0e-8047-46d4-a969-5fd2b1c04972,Same Direction Rear End,N,Intersection,Right Turn Lane,Dark Lights On,No Defects,"Two-way, Divided, Positive Median Barrier",Ice,Snow,Six o'clock,Passenger Car,Disabling,N,Slowing or Stopping,2015-02-15 00:41,23,38.86250112,-76.90103531
1936,N,Apparently Normal,No Misuse,Y,No Injury,bc1f89d8-0977-4749-ac38-002ba7d11218,D,DA36010006,Shoulder/Lap Belt(s),M,a4c0e9ad-20c2-4e58-b664-30acae717b02,Same Direction Rear End,N,Intersection,Right Turn Lane,Dark Lights On,No Defects,"Two-way, Divided, Positive Median Barrier",Ice,Snow,Twelve o'clock,(Sport) Utility Vehicle,Functional,N,Slowing or Stopping,2015-02-15 00:41,57,38.86250112,-76.90103531
1937,N,Apparently Normal,No Misuse,Y,No Injury,c7707f92-3fd3-47ad-b26c-959b6ff8cdd3,D,DA36010007,Shoulder/Lap Belt(s),F,a35e65d4-5e70-4034-b69c-8d4f2d6994d3,Same Direction Rear End,N,Non Intersection,Right Turn Lane,Dark Lights On,No Defects,"Two-way, Divided, Positive Median Barrier",Dry,Clear,Twelve o'clock,Van,Disabling,N,Moving Constant Speed,2015-02-20 23:30,18,38.85035329,-76.9053483
1938,N,Apparently Normal,No Misuse,N,No Injury,36ad01d3-1b22-4e2f-8571-70c187518ece,D,DA36110006,Shoulder/Lap Belt(s),F,c3c9c1c9-dc35-4690-a976-920bc22a5b63,Same Direction Rear End,N,Intersection Related,Left Turn Lane,Daylight,No Defects,"Two-way, Divided, Positive Median Barrier",Dry,Clear,Six o'clock,Passenger Car,Functional,N,Slowing or Stopping,2015-01-20 08:15,44,38.9625539,-76.92905903
1939,N,Apparently Normal,No Misuse,Y,No Injury,ca1b386b-b0bd-494d-8ecd-023e775585a2,D,DA36110006,Shoulder/Lap Belt(s),F,40c7cdb7-7ffe-4029-b909-7980fa021ecd,Same Direction Rear End,N,Intersection Related,Left Turn Lane,Daylight,No Defects,"Two-way, Divided, Positive Median Barrier",Dry,Clear,Twelve o'clock,Van,Disabling,N,Moving Constant Speed,2015-01-20 08:15,35,38.9625539,-76.92905903
1940,N,Apparently Normal,No Misuse,Y,No Injury,c5287c08-5ec9-4a0d-aa09-9d145ddfbecd,D,DA36170007,Shoulder/Lap Belt(s),F,f0795cee-c451-4fc5-b425-f0116344f484,Single Vehicle ,N,Non Intersection,Right Turn Lane,Dark Lights On,No Defects,"Two-way, Not Divided",Wet,Raining,One o'clock,(Sport) Utility Vehicle,Disabling,N,Moving Constant Speed,2015-01-03 20:13,21,38.79825662,-76.94259346
1941,N,Apparently Normal,No Misuse,N,No Injury,816e1a31-0916-414a-aed1-fc1c2ecd029c,D,DA36170008,Shoulder/Lap Belt(s),F,f23b2a44-9ad9-4f0b-87bd-5f4182bcd75e,Same Direction Rear End,N,Non Intersection,Right Turn Lane,Daylight,No Defects,"Two-way, Divided, Unprotected (painted >4 feet) Median",Dry,Cloudy,Six o'clock,(Sport) Utility Vehicle,Functional,N,Moving Constant Speed,2015-01-10 14:14,52,38.84508496,-76.95101559
1942,N,Apparently Normal,No Misuse,Y,No Injury,06b44294-77f7-44df-9541-23f11d808526,D,DA36170008,Shoulder/Lap Belt(s),F,136a1b2e-0e23-4f12-bd3f-1063623c2e10,Same Direction Rear End,N,Non Intersection,Right Turn Lane,Daylight,No Defects,"Two-way, Divided, Unprotected (painted >4 feet) Median",Dry,Cloudy,Twelve o'clock,Passenger Car,Disabling,N,Slowing or Stopping,2015-01-10 14:14,28,38.84508496,-76.95101559
1943,N,Apparently Normal,No Misuse,N,No Injury,4a0d1c63-3830-4890-975a-febf96c72019,D,DA36190009,Shoulder/Lap Belt(s),F,8fac763b-a577-4718-98f0-edd72c43a90a,Same Movement Angle,N,Intersection Related,Left Turn Lane,Daylight,No Defects,"Two-way, Divided, Positive Median Barrier",Dry,Clear,Eleven o'clock,(Sport) Utility Vehicle,Functional,N,Making Left Turn,2015-01-05 07:50,58,38.95029803,-76.88631535
1944,N,Apparently Normal,No Misuse,N,No Injury,3d1c5a34-2dc1-480f-ad64-fb73b515287f,D,DA36190009,Shoulder/Lap Belt(s),M,0f2b0bf6-2830-470f-bc1f-3ebc2ee1b63f,Same Movement Angle,N,Intersection Related,Left Turn Lane,Daylight,No Defects,"Two-way, Divided, Positive Median Barrier",Dry,Clear,Twelve o'clock,(Sport) Utility Vehicle,Disabling,N,Making Left Turn,2015-01-05 07:50,33,38.95029803,-76.88631535
1945,N,Apparently Normal,No Misuse,Y,No Injury,d279c17c-7d54-4d14-9344-48bedcb3862b,D,DA36190009,Shoulder/Lap Belt(s),M,187b4172-dd53-4d3d-9141-c5dfc18809b3,Same Movement Angle,N,Intersection Related,Left Turn Lane,Daylight,No Defects,"Two-way, Divided, Positive Median Barrier",Dry,Clear,Twelve o'clock,(Sport) Utility Vehicle,Functional,N,Moving Constant Speed,2015-01-05 07:50,31,38.95029803,-76.88631535
1946,N,Apparently Normal,No Misuse,N,No Injury,eadd4052-e705-45e7-b8f3-349ebf7b81ba,D,DA3624000C,Shoulder/Lap Belt(s),F,6338c3ea-a5d9-4b62-8445-1722cc5b717e,Same Direction Rear End,N,Intersection Related,Left Turn Lane,Dark Lights On,No Defects,"Two-way, Not Divided",Dry,Clear,Six o'clock,Passenger Car,Functional,N,Stopped in Traffic Lane,2015-02-25 19:59,51,38.96109399,-76.90867424
1947,N,Apparently Normal,No Misuse,Y,No Injury,37dda256-b90f-47af-9b48-aa95bede2dc0,D,DA3624000C,Shoulder/Lap Belt(s),M,9fa1b459-1ce2-41c1-a780-104a9af67334,Same Direction Rear End,N,Intersection Related,Left Turn Lane,Dark Lights On,No Defects,"Two-way, Not Divided",Dry,Clear,Twelve o'clock,Pickup Truck,Disabling,N,Moving Constant Speed,2015-02-25 19:59,50,38.96109399,-76.90867424
1948,N,Apparently Normal,No Misuse,N,No Injury,83e9c0ee-a009-41f0-88db-ba982411d373,D,DA3625000G,Shoulder/Lap Belt(s),M,670fba8c-c1c8-4d17-bee1-09e15b15f5bf,Same Direction Rear End,N,Non Intersection,Left Turn Lane,Daylight,No Defects,"Two-way, Not Divided",Dry,Clear,Twelve o'clock,Passenger Car,Functional,N,Slowing or Stopping,2015-03-22 17:18,31,38.97535815,-76.91976786
1949,N,Apparently Normal,No Misuse,Y,No Injury,0db2ae49-3045-4484-ab80-943f94cbcecf,D,DA3625000G,Shoulder/Lap Belt(s),M,228e31ba-0997-49be-8793-425912a24af8,Same Direction Rear End,N,Non Intersection,Left Turn Lane,Daylight,No Defects,"Two-way, Not Divided",Dry,Clear,Six o'clock,Passenger Car,Functional,N,Stopped in Traffic Lane,2015-03-22 17:18,67,38.97535815,-76.91976786
1950,N,Apparently Normal,No Misuse,Y,No Injury,edd7a735-4e6c-49e5-8b3c-e7ee8b21f1e9,D,DA3636000B,Shoulder/Lap Belt(s),F,5e7ac95d-604e-490c-8d98-e27e1a3754d3,Single Vehicle ,N,Non Intersection,Right Turn Lane,Daylight,No Defects,"Two-way, Divided, Unprotected (painted >4 feet) Median",Wet,Cloudy,Eleven o'clock,Passenger Car,Disabling,N,Moving Constant Speed,2015-01-04 13:26,53,38.73016703,-76.89550996
1951,N,Apparently Normal,No Misuse,N,No Injury,a55cc6cd-dc50-45af-987b-44fb5ad72072,D,DA3636000C,Shoulder/Lap Belt(s),F,8fb035c7-8e9f-4c3c-aca2-212487c92afc,Same Direction Rear End,N,Intersection,Right Turn Lane,Daylight,No Defects,"Two-way, Divided, Unprotected (painted >4 feet) Median",Dry,Clear,Six o'clock,Passenger Car,Superficial,N,Stopped in Traffic Lane,2015-01-05 08:06,59,38.79414051,-76.83604002
1952,N,Apparently Normal,No Misuse,Y,No Injury,f83ac8cf-3ec8-4f48-aa9e-887f772396da,D,DA3636000C,Shoulder/Lap Belt(s),M,3fe6026e-2d1b-4d05-9d37-039950bbafe6,Same Direction Rear End,N,Intersection,Right Turn Lane,Daylight,No Defects,"Two-way, Divided, Unprotected (painted >4 feet) Median",Dry,Clear,Twelve o'clock,Passenger Car,Superficial,N,Starting From Lane,2015-01-05 08:06,59,38.79414051,-76.83604002
1953,N,Apparently Normal,No Misuse,Y,No Injury,14b96c4e-1ee4-41ec-ad43-a8c90d55abb0,D,DA3641000C,Shoulder Belt Only,F,1d9a3302-218d-4280-bd85-872896a0300a,Head On Left Turn,N,Intersection,Right Turn Lane,Daylight,No Defects,"Two-way, Not Divided",Dry,Clear,Twelve o'clock,(Sport) Utility Vehicle,Disabling,N,Making Left Turn,2015-02-04 14:21,55,39.062249,-76.92129135
1954,N,Apparently Normal,No Misuse,Y,No Injury,f6928b2c-ac02-4cf9-9839-d917a64a8465,D,DA3641000C,Shoulder Belt Only,M,0237ced9-461d-449b-9b76-aad4817363b0,Head On Left Turn,N,Intersection,Right Turn Lane,Daylight,No Defects,"Two-way, Not Divided",Dry,Clear,Twelve o'clock,Passenger Car,Disabling,N,Moving Constant Speed,2015-02-04 14:21,72,39.062249,-76.92129135
1955,N,Apparently Normal,No Misuse,N,No Injury,f2b4c1e0-7e3a-428f-a3e0-b3be3d0513a0,D,DA3648000B,Shoulder/Lap Belt(s),F,1345d7c0-e8cc-4abd-8e98-8f84dc27775e,Same Direction Rear End,N,Intersection Related,Right Turn Lane,Daylight,No Defects,"Two-way, Divided, Positive Median Barrier",Dry,Clear,Six o'clock,Passenger Car,Superficial,N,Slowing or Stopping,2015-02-14 13:16,67,38.99147903,-76.98726296
1956,N,Apparently Normal,No Misuse,Y,No Injury,835afa50-ece7-4a0a-acbd-bcb8bc11d4ab,D,DA3648000B,Shoulder/Lap Belt(s),F,52726459-dde3-4a94-b9ca-c4626eb3a2b9,Same Direction Rear End,N,Intersection Related,Right Turn Lane,Daylight,No Defects,"Two-way, Divided, Positive Median Barrier",Dry,Clear,Twelve o'clock,Passenger Car,Superficial,N,Moving Constant Speed,2015-02-14 13:16,30,38.99147903,-76.98726296
1957,N,Apparently Normal,No Misuse,N,No Injury,8f4380ed-cfb1-43aa-9afb-b1f485ea2abc,D,DA3648000B,Shoulder/Lap Belt(s),M,d9fca41f-dd6b-48c2-95bb-ff0bba7dbf81,Same Direction Rear End,N,Intersection Related,Right Turn Lane,Daylight,No Defects,"Two-way, Divided, Positive Median Barrier",Dry,Clear,Six o'clock,Passenger Car,Superficial,N,Slowing or Stopping,2015-02-14 13:16,43,38.99147903,-76.98726296
1958,N,Apparently Normal,No Misuse,N,No Injury,cf06481d-838e-480b-a26c-af1cf18eea5c,D,DA3648000F,Shoulder/Lap Belt(s),F,a9ae7382-1ef7-4fd0-a833-c3c8e5342d6e,Same Direction Rear End,N,Non Intersection,Left Turn Lane,Daylight,No Defects,"Two-way, Divided, Positive Median Barrier",Dry,Clear,Ten o'clock,Passenger Car,Superficial,N,Stopped in Traffic Lane,2015-03-02 12:40,43,38.99075146,-76.98945835
1959,N,Apparently Normal,No Misuse,N,No Injury,b56fd539-e82d-43a1-b3db-a1ee37bfe757,D,DA3648000F,Shoulder/Lap Belt(s),F,303794e9-9b25-41d3-ad1d-496090836d5f,Same Direction Rear End,N,Non Intersection,Left Turn Lane,Daylight,No Defects,"Two-way, Divided, Positive Median Barrier",Dry,Clear,Six o'clock,Passenger Car,Superficial,N,Stopped in Traffic Lane,2015-03-02 12:40,22,38.99075146,-76.98945835
1960,N,Apparently Normal,No Misuse,N,No Injury,2e025cf5-ab36-41ab-9e6f-164f36c05f93,D,DA3648000F,Shoulder/Lap Belt(s),M,235014a8-9966-4370-9b90-828cbfc312ea,Same Direction Rear End,N,Non Intersection,Left Turn Lane,Daylight,No Defects,"Two-way, Divided, Positive Median Barrier",Dry,Clear,Six o'clock,(Sport) Utility Vehicle,Superficial,N,Stopped in Traffic Lane,2015-03-02 12:40,75,38.99075146,-76.98945835
1961,N,Apparently Normal,No Misuse,N,No Injury,f55d2f51-cbdc-48ba-8686-0bf4cad88035,D,DA3648000F,Shoulder/Lap Belt(s),M,a48208d6-db71-4d80-bd6e-8a88dc12febe,Same Direction Rear End,N,Non Intersection,Left Turn Lane,Daylight,No Defects,"Two-way, Divided, Positive Median Barrier",Dry,Clear,Two o'clock,Pickup Truck,Superficial,N,Stopped in Traffic Lane,2015-03-02 12:40,44,38.99075146,-76.98945835
1962,N,Apparently Normal,No Misuse,Y,Non-incapacitating Injury,090811df-e3ee-4c9d-91fd-c7a178b278a1,D,DA3648000F,Shoulder/Lap Belt(s),M,b57f6efb-bc0f-4168-a509-d38642cc0927,Same Direction Rear End,N,Non Intersection,Left Turn Lane,Daylight,No Defects,"Two-way, Divided, Positive Median Barrier",Dry,Clear,Twelve o'clock,Passenger Car,Disabling,N,Slowing or Stopping,2015-03-02 12:40,72,38.99075146,-76.98945835
1963,N,Apparently Normal,No Misuse,Y,No Injury,4bdea552-3ebf-4a7b-b18a-9f45b053cbf9,D,DA36490004,Shoulder/Lap Belt(s),F,bc53b695-4a7e-4931-9e4d-c215c113a9a1,Same Direction Rear End,N,Non Intersection,Right Turn Lane,Daylight,No Defects,"Two-way, Divided, Unprotected (painted >4 feet) Median",Snow,Snow,Twelve o'clock,Passenger Car,Disabling,N,Moving Constant Speed,2015-02-26 07:15,34,38.81617118,-76.80496931
1964,N,Apparently Normal,No Misuse,N,No Injury,4b1daf8a-c936-49f3-b23b-488ebd7d1052,D,DA36490004,Shoulder/Lap Belt(s),M,05e81746-7431-4597-b552-a5e0d655ea35,Same Direction Rear End,N,Non Intersection,Right Turn Lane,Daylight,No Defects,"Two-way, Divided, Unprotected (painted >4 feet) Median",Snow,Snow,Six o'clock,Transit Bus,Functional,N,Parked  ,2015-02-26 07:15,55,38.81617118,-76.80496931
1965,N,Apparently Normal,No Misuse,N,No Injury,d7534010-af1d-4f68-9577-515675898202,D,DA36730003,Shoulder/Lap Belt(s),F,b4fc8c61-32e0-478d-a0d6-e0be7dc1bb43,Same Direction Rear End,N,Non Intersection,Right Turn Lane,Daylight,No Defects,"Two-way, Divided, Positive Median Barrier",Dry,Clear,Six o'clock,Passenger Car,Superficial,N,Stopped in Traffic Lane,2015-01-30 11:56,69,38.83290491,-76.94071054
1966,N,Had Been Drinking,No Misuse,Y,No Injury,b79b4306-8ca7-48a7-9a82-767dba98fb88,D,DA36730003,Shoulder/Lap Belt(s),M,5273ec52-1b27-48c5-920a-aedd9c5312ad,Same Direction Rear End,N,Non Intersection,Right Turn Lane,Daylight,No Defects,"Two-way, Divided, Positive Median Barrier",Dry,Clear,Twelve o'clock,Passenger Car,Superficial,N,Moving Constant Speed,2015-01-30 11:56,33,38.83290491,-76.94071054
1967,N,Apparently Normal,No Misuse,Y,No Injury,f2a84bf1-6c39-42e9-ac0e-063ce3351280,D,DA36760002,Shoulder/Lap Belt(s),F,f905be19-b6b3-4e13-b5ad-9ebaffa987e0,Same Direction Rear End,N,Intersection Related,Left Turn Lane,Dark Lights On,No Defects,"Two-way, Divided, Positive Median Barrier",Dry,Clear,Twelve o'clock,(Sport) Utility Vehicle,Superficial,N,Slowing or Stopping,2015-01-08 19:03,48,38.65511951,-76.99896812
1968,N,Apparently Normal,No Misuse,N,Non-incapacitating Injury,d8b4951d-1eb0-46ef-987f-e2fe5fad67c0,D,DA36760002,Shoulder/Lap Belt(s),M,328cf4f0-d213-46ef-93b0-aaccd20cad40,Same Direction Rear End,N,Intersection Related,Left Turn Lane,Dark Lights On,No Defects,"Two-way, Divided, Positive Median Barrier",Dry,Clear,Six o'clock,(Sport) Utility Vehicle,Superficial,N,Slowing or Stopping,2015-01-08 19:03,58,38.65511951,-76.99896812
1969,N,Apparently Normal,No Misuse,N,No Injury,c7a908ea-36a8-4b3a-b813-30f58515f4ed,D,DA36760003,Shoulder/Lap Belt(s),F,2a96262e-c769-4050-a4da-6a82f4d72f8a,Same Direction Rear End,N,Intersection Related,Acceleration Lane,Dark Lights On,No Defects,"Two-way, Divided, Positive Median Barrier",Dry,Clear,Six o'clock,(Sport) Utility Vehicle,Superficial,N,Slowing or Stopping,2015-01-07 22:06,46,38.77998211,-76.99725151
1970,N,Apparently Normal,No Misuse,N,No Injury,3c947a51-140d-4cd8-90ab-0cf92aca9fc8,D,DA36760003,Shoulder/Lap Belt(s),M,a89e6648-d045-419b-b53b-ec9fb714fcbb,Same Direction Rear End,N,Intersection Related,Acceleration Lane,Dark Lights On,No Defects,"Two-way, Divided, Positive Median Barrier",Dry,Clear,Six o'clock,Passenger Car,Disabling,N,Slowing or Stopping,2015-01-07 22:06,57,38.77998211,-76.99725151
1971,N,Apparently Normal,No Misuse,Y,No Injury,5eab59e9-37a4-4589-90dd-3b0168aaa7d6,D,DA36760003,Shoulder/Lap Belt(s),M,59cd83c4-6e93-4ff6-9d35-6747a86913fd,Same Direction Rear End,N,Intersection Related,Acceleration Lane,Dark Lights On,No Defects,"Two-way, Divided, Positive Median Barrier",Dry,Clear,Twelve o'clock,(Sport) Utility Vehicle,Disabling,N,Slowing or Stopping,2015-01-07 22:06,51,38.77998211,-76.99725151
1972,N,Apparently Normal,No Misuse,Y,No Injury,c25680c4-7e19-48cf-a914-ca09bbe476ec,D,DA3687000B,Shoulder/Lap Belt(s),F,b5eb69b4-b5fe-4bff-8b61-187d94ba1e80,Single Vehicle ,N,Non Intersection,Right Turn Lane,Dark No Lights,No Defects,"Two-way, Not Divided",Dry,Clear,One o'clock,Passenger Car,Disabling,N,Moving Constant Speed,2015-01-03 02:41,27,38.92431091,-76.76668882
1973,N,Apparently Normal,No Misuse,Y,No Injury,2fb6a277-ac2b-4a60-a16f-03abd341b4d4,D,DA3687000F,Shoulder/Lap Belt(s),F,4699d0cf-b1bf-4d37-beb8-c05e4fc1c39d,Single Vehicle ,N,Non Intersection,Right Turn Lane,Dark Lights On,No Defects,"Two-way, Not Divided",Dry,Clear,One o'clock,Passenger Car,Disabling,N,Moving Constant Speed,2015-01-03 02:41,29,38.92467816,-76.76956415
1974,N,Apparently Normal,No Misuse,N,No Injury,63d69c12-2309-4166-b81e-f7e17f046a93,D,DA3689000P,Shoulder/Lap Belt(s),F,984bcd58-c517-4b02-93ba-d641edcaa54c,Same Direction Rear End,N,Intersection,Right Turn Lane,Daylight,No Defects,"Two-way, Divided, Unprotected (painted >4 feet) Median",Dry,Clear,Six o'clock,School Bus,Superficial,N,Stopped in Traffic Lane,2015-03-19 08:00,38,38.95124921,-76.96671724