KEY_INDEX,CDL_FLAG,CONDITION_CODE,EQUIP_PROB_CODE,FAULT_FLAG,INJ_SEVER_CODE,PERSON_ID,PERSON_TYPE,REPORT_NO,SAF_EQUIP_CODE,SEX_CODE,VEHICLE_ID,COLLISION_TYPE_CODE,C_M_ZONE_FLAG,JUNCTION_CODE,LANE_CODE,LIGHT_CODE,RD_COND_CODE,RD_DIV_CODE,SURF_COND_CODE,WEATHER_CODE,AREA_DAMAGED_CODE_MAIN,BODY_TYPE_CODE,DAMAGE_CODE,HIT_AND_RUN_FLAG,MOVEMENT_CODE,TIME,AGE,LATITUDE,LONGITUDE
1975,N,Apparently Normal,No Misuse,Y,No Injury,09606acc-0c26-47fc-8cc5-dac013f6cdc4,D,DA3689000P,Shoulder/Lap Belt(s),F,ca56049d-3fb0-4125-b110-98347acb20cc,Same Direction Rear End,N,Intersection,Right Turn Lane,Daylight,No Defects,"Two-way, Divided, Unprotected (painted >4 feet) Median",Dry,Clear,Twelve o'clock,Passenger Car,Superficial,N,Slowing or Stopping,2015-03-19 08:00,30,38.95124921,-76.96671724
1976,Y,Apparently Normal,No Misuse,Y,No Injury,aca23e43-2dc6-4817-bcd2-31f64c23a1ad,D,DA36900006,Shoulder/Lap Belt(s),F,91aee48a-c21d-4658-9646-939bad8c7158,Single Vehicle ,N,Non Intersection,Right Turn Lane,Dawn,No Defects,"Two-way, Divided, Unprotected (painted >4 feet) Median",Dry,Clear,Six o'clock,School Bus,Superficial,N,Backing,2015-01-23 07:08,56,38.7716848,-76.92649484
1977,N,Apparently Normal,No Misuse,N,No Injury,0c1541ad-ae36-4df4-8607-dc9e29f01724,D,DA3700000B,Shoulder/Lap Belt(s),F,5d7005c2-b388-4f34-8628-78201eeba2a2,Same Direction Left Turn,N,Non Intersection,Left Turn Lane,Daylight,No Defects,"Two-way, Divided, Positive Median Barrier",Dry,Clear,One o'clock,Van,Superficial,N,Moving Constant Speed,2015-02-23 14:53,27,38.94877111,-76.8875277
1978,N,Apparently Normal,No Misuse,Y,No Injury,df69ff51-27a5-4e61-a24e-ba2a68d98cef,D,DA3700000B,Shoulder/Lap Belt(s),M,cb90b09d-39b8-4c70-b189-87d74b828f05,Same Direction Left Turn,N,Non Intersection,Left Turn Lane,Daylight,No Defects,"Two-way, Divided, Positive Median Barrier",Dry,Clear,Seven o'clock,(Sport) Utility Vehicle,Superficial,N,Changing Lanes,2015-02-23 14:53,26,38.94877111,-76.8875277
1979,N,Apparently Normal,No Misuse,N,No Injury,e009df6c-a824-43db-bd58-ddae3d18d8da,D,DA3700000D,Shoulder/Lap Belt(s),F,bdf1f908-6f1f-451a-b752-9e8d9ba021f7,Same Direction Rear End,N,Intersection Related,Left Turn Lane,Dark Lights On,No Defects,"Two-way, Divided, Unprotected (painted >4 feet) Median",Wet,Clear,Six o'clock,Passenger Car,Superficial,N,Stopped in Traffic Lane,2015-03-14 21:00,42,38.96096051,-76.91091657
1980,N,Apparently Normal,No Misuse,N,No Injury,5e07df5e-410c-448b-b1cd-59095f29e9a5,D,DA3700000D,Shoulder/Lap Belt(s),F,2e634f25-b367-4ee6-abc2-3541836237b3,Same Direction Rear End,N,Intersection Related,Left Turn Lane,Dark Lights On,No Defects,"Two-way, Divided, Unprotected (painted >4 feet) Median",Wet,Clear,Six o'clock,(Sport) Utility Vehicle,Superficial,N,Stopped in Traffic Lane,2015-03-14 21:00,39,38.96096051,-76.91091657
1981,N,Had Been Drinking,No Misuse,Y,No Injury,df8bd6b6-49d9-44c7-97d4-a4ad322d0701,D,DA3700000D,Shoulder/Lap Belt(s),M,ea66ba51-27ee-4979-b6ea-503a252b5313,Same Direction Rear End,N,Intersection Related,Left Turn Lane,Dark Lights On,No Defects,"Two-way, Divided, Unprotected (painted >4 feet) Median",Wet,Clear,Twelve o'clock,Pickup Truck,Superficial,N,Slowing or Stopping,2015-03-14 21:00,34,38.96096051,-76.91091657
1982,N,Apparently Normal,No Misuse,Y,No Injury,f5dcfe75-5f8f-48d3-8918-2a855bc76ee5,D,DA37020006,Shoulder/Lap Belt(s),F,080961ee-603f-4f24-86d7-6e267345ff24,Single Vehicle ,N,Non Intersection,Right Turn Lane,Dark Lights On,No Defects,"Two-way, Not Divided",Wet,Cloudy,Twelve o'clock,Passenger Car,Disabling,N,Moving Constant Speed,2015-03-04 05:34,61,38.79245971,-76.97326183
1983,N,Apparently Normal,No Misuse,N,No Injury,def75fa6-bc95-479f-b4e4-e3b2e2d3d7f8,D,DA3711000B,Shoulder/Lap Belt(s),F,45204ac0-1c53-47bd-bfcf-34644e2449d4,Same Direction Sideswipe,N,Intersection,Right Turn Lane,Daylight,No Defects,"Two-way, Divided, Unprotected (painted >4 feet) Median",Dry,Clear,Four o'clock,(Sport) Utility Vehicle,Superficial,N,Stopped in Traffic Lane,2015-02-02 13:09,30,38.82339341,-76.9500339
1984,N,Apparently Normal,No Misuse,Y,No Injury,38e4d263-8e93-4d4f-8ba5-2d1b8b03c965,D,DA37130008,Shoulder/Lap Belt(s),F,12a0a0d4-867b-4c74-b38d-e68b919385ab,Same Direction Rear End,N,Intersection,Acceleration Lane,Daylight,No Defects,"Two-way, Divided, Positive Median Barrier",Dry,Clear,Twelve o'clock,Passenger Car,Disabling,N,Starting From Lane,2015-03-29 08:30,59,38.96526509,-76.84598565
1985,N,Apparently Normal,No Misuse,N,No Injury,7e2398f5-0e53-4d9b-b92e-8e929cdbcdab,D,DA37140007,Shoulder/Lap Belt(s),F,6814472b-5bdc-4962-ab49-624b2a7efd41,Same Direction Rear End,N,Non Intersection,Left Turn Lane,Daylight,No Defects,"Two-way, Divided, Positive Median Barrier",Dry,Clear,Six o'clock,Passenger Car,Superficial,N,Stopped in Traffic Lane,2015-03-31 07:44,35,38.84040122,-76.94322109
1986,N,Apparently Normal,No Misuse,Y,No Injury,1cdbd2c2-8894-4646-a5ad-749424ebeac3,D,DA37140007,Shoulder/Lap Belt(s),F,0faf1c05-4469-4d2e-bf6d-dcc8c4c0cd01,Same Direction Rear End,N,Non Intersection,Left Turn Lane,Daylight,No Defects,"Two-way, Divided, Positive Median Barrier",Dry,Clear,Twelve o'clock,Other Bus,Superficial,N,Slowing or Stopping,2015-03-31 07:44,61,38.84040122,-76.94322109
1987,N,Apparently Normal,No Misuse,N,No Injury,5fa4086a-4a9e-4c7d-9632-9d0079cb0ac4,D,DA37340003,Shoulder/Lap Belt(s),F,6a7f709b-4459-4244-a7e8-104bde58420f,Single Vehicle ,N,Non Intersection,Right Turn Lane,Daylight,No Defects,"Two-way, Not Divided",Wet,Raining,Twelve o'clock,Passenger Car,No Damage,N,Slowing or Stopping,2015-01-03 13:38,44,38.96426405,-76.89532757
1988,N,Apparently Normal,No Misuse,Y,No Injury,9ce9d339-0200-4b26-87a5-10cc42ef0da0,D,DA37360001,Shoulder/Lap Belt(s),F,c0d01847-1901-4fa1-93dd-7fa30682b5ac,Head On Left Turn,N,Non Intersection,Right Turn Lane,Daylight,No Defects,"Two-way, Not Divided",Wet,Clear,Twelve o'clock,Passenger Car,Superficial,N,Moving Constant Speed,2015-02-17 14:30,21,38.81112186,-76.819067
1989,N,Apparently Normal,No Misuse,N,No Injury,f3fd4513-b64a-4006-83f6-9e70567d45c5,D,DA37360001,Shoulder/Lap Belt(s),M,bd4c2304-643f-43b5-bd46-7dea69184419,Head On Left Turn,N,Non Intersection,Right Turn Lane,Daylight,No Defects,"Two-way, Not Divided",Wet,Clear,Seven o'clock,Passenger Car,Superficial,N,Moving Constant Speed,2015-02-17 14:30,30,38.81112186,-76.819067
1990,N,Apparently Normal,No Misuse,N,No Injury,bc51a685-3926-4c8d-911d-f060630df7fe,D,DA37470009,Shoulder/Lap Belt(s),F,dc131cac-4cd3-47b5-a481-ea55892a6f4b,Same Direction Sideswipe,N,Non Intersection,Left Turn Lane,Dark Lights On,No Defects,"Two-way, Not Divided",Dry,Clear,Six o'clock,Passenger Car,Functional,N,Moving Constant Speed,2015-01-16 20:37,35,38.99272151,-76.93309307
1991,N,Had Been Drinking,No Misuse,Y,No Injury,b04a21f1-fc9b-41e1-a72c-9106a564467f,D,DA37470009,Shoulder/Lap Belt(s),F,af4d0f00-1fd7-4a1a-b218-950ed25fd522,Same Direction Sideswipe,N,Non Intersection,Left Turn Lane,Dark Lights On,No Defects,"Two-way, Not Divided",Dry,Clear,Twelve o'clock,Passenger Car,Functional,N,Moving Constant Speed,2015-01-16 20:37,39,38.99272151,-76.93309307
1992,N,Apparently Normal,No Misuse,Y,No Injury,36244efd-4a89-498f-8416-0fbd8949d900,D,DA37490006,Shoulder/Lap Belt(s),F,2d037d8b-55c7-427a-a689-66d070a0f44b,Same Direction Rear End,N,Non Intersection,Right Turn Lane,Daylight,No Defects,"Two-way, Divided, Unprotected (painted >4 feet) Median",Snow,Blowing Snow,Twelve o'clock,Passenger Car,Disabling,N,Moving Constant Speed,2015-02-26 07:20,54,38.9065509,-76.82029009
1993,N,Apparently Normal,No Misuse,N,No Injury,2987018f-afa9-4f69-9e25-0fc252bd8e85,D,DA3751000C,Shoulder/Lap Belt(s),F,3061d197-b369-49e0-a1cd-5fcb94b4320d,Same Direction Sideswipe,N,Intersection,Left Turn Lane,Daylight,No Defects,"Two-way, Divided, Positive Median Barrier",Dry,Clear,Ten o'clock,Passenger Car,Functional,N,Moving Constant Speed,2015-01-11 16:04,29,39.07647611,-76.86775446
1994,N,Apparently Normal,No Misuse,Y,No Injury,bfd3aa04-bec0-486f-9f25-8241f1e5d45b,D,DA37560005,Shoulder/Lap Belt(s),F,5670d5bc-d8b0-4738-ab30-305acf550111,Same Movement Angle,N,Intersection,Left Turn Lane,Daylight,No Defects,"Two-way, Divided, Positive Median Barrier",Dry,Clear,Twelve o'clock,Passenger Car,Disabling,N,Moving Constant Speed,2015-01-17 13:43,44,38.98819344,-76.817801
1995,N,Apparently Normal,No Misuse,N,No Injury,25d6d1e6-091d-41cb-b1ea-8674376b40bf,D,DA37560007,Shoulder/Lap Belt(s),F,da476a9c-3198-47b6-97f0-52bd48cb5996,Same Direction Rear End,N,Non Intersection,Right Turn Lane,Daylight,No Defects,"Two-way, Not Divided",Wet,Cloudy,Six o'clock,(Sport) Utility Vehicle,Functional,N,Moving Constant Speed,2015-02-10 14:45,38,38.93926677,-76.82412028
1996,N,Apparently Normal,No Misuse,Y,No Injury,a7c2897e-e212-493a-a1f3-70f92f8cc7ef,D,DA3756000B,Shoulder/Lap Belt(s),F,3fd9337e-29c2-4093-abc6-ddcf1ee7cb52,Same Movement Angle,N,Intersection,Left Turn Lane,Dark Lights On,No Defects,"Two-way, Divided, Unprotected (painted >4 feet) Median",Dry,Clear,Twelve o'clock,Pickup Truck,Disabling,N,Making Left Turn,2015-03-29 22:28,27,38.9368717,-76.8490541
1997,N,Apparently Normal,No Misuse,N,Possible Incapacitating Injury,ec0cc830-2308-408d-8eee-5bc3f25464e6,D,DA3756000B,Shoulder/Lap Belt(s),M,9808acfa-4abe-4246-b57a-6efe3df6d646,Same Movement Angle,N,Intersection,Left Turn Lane,Dark Lights On,No Defects,"Two-way, Divided, Unprotected (painted >4 feet) Median",Dry,Clear,Ten o'clock,Passenger Car,Disabling,N,Moving Constant Speed,2015-03-29 22:28,31,38.9368717,-76.8490541
1998,N,Apparently Normal,No Misuse,Y,No Injury,6787ef6f-ac17-4fcd-9eca-041300f83ac9,D,DA37590008,Shoulder/Lap Belt(s),F,a2b9e3f3-9c17-4bc7-8682-16ab6dfa928f,Single Vehicle ,N,Intersection,Left Turn Lane,Daylight,No Defects,"Two-way, Divided, Positive Median Barrier",Ice,Snow,Twelve o'clock,Passenger Car,Disabling,N,Moving Constant Speed,2015-02-15 11:00,42,38.97,-76.77
1999,N,Apparently Normal,No Misuse,Y,No Injury,ef7854d7-5663-4568-84ac-0dbc0d378580,D,DA37620006,Shoulder/Lap Belt(s),F,203dce92-5bf7-4f77-978c-0ba39e95190d,Single Vehicle ,N,Non Intersection,Left Turn Lane,Dawn,No Defects,"Two-way, Divided, Unprotected (painted >4 feet) Median",Slush,Sleet,Twelve o'clock,Passenger Car,Disabling,N,Moving Constant Speed,2015-03-01 16:47,49,38.96469784,-76.84895754
2000,Y,Apparently Normal,No Misuse,N,No Injury,893498f8-a1e3-4c78-818e-fd21525465cb,D,DA37710003,Shoulder/Lap Belt(s),F,1c86a2fb-e78b-4845-8223-53409b68d3ce,Same Direction Left Turn,N,Non Intersection,Left Turn Lane,Daylight,No Defects,"Two-way, Divided, Positive Median Barrier",Dry,Clear,One o'clock,Passenger Car,Superficial,N,Moving Constant Speed,2015-02-12 07:34,55,39.04745243,-76.93706274
2001,N,Apparently Normal,No Misuse,Y,No Injury,0c50f9cd-434c-4d78-b163-c3bc8d6348b2,D,DA3776000B,Shoulder/Lap Belt(s),F,10bcf4d5-02fa-4809-bae8-f8ebe6f79302,Same Direction Rear End,N,Intersection Related,Acceleration Lane,Dusk,No Defects,"Two-way, Divided, Positive Median Barrier",Dry,Clear,Twelve o'clock,Passenger Car,Disabling,N,Moving Constant Speed,2015-02-05 17:00,22,38.99092032,-76.8323493
2002,N,Apparently Normal,No Misuse,Y,No Injury,e1f9494f-535a-4bfc-bc39-3a09c1a7ad6a,D,DA37810008,Shoulder/Lap Belt(s),F,7a5f02ed-dec9-4a2b-92c2-a06c2236b70f,Same Direction Rear End,N,Intersection,Left Turn Lane,Daylight,No Defects,"Two-way, Divided, Unprotected (painted >4 feet) Median",Dry,Clear,Twelve o'clock,Passenger Car,Superficial,N,Slowing or Stopping,2015-03-09 11:59,33,39.03939466,-76.94774866
2003,N,Apparently Normal,No Misuse,N,No Injury,53c517ac-6f52-4320-9f92-a442b1b52764,D,DA37810008,Shoulder/Lap Belt(s),M,d1aa2392-e40f-4dc3-8c0e-e36c098d8168,Same Direction Rear End,N,Intersection,Left Turn Lane,Daylight,No Defects,"Two-way, Divided, Unprotected (painted >4 feet) Median",Dry,Clear,Six o'clock,Passenger Car,Superficial,N,Stopped in Traffic Lane,2015-03-09 11:59,38,39.03939466,-76.94774866
2004,N,Apparently Normal,No Misuse,N,No Injury,b330c41a-f04f-49e7-b413-45247385ee31,D,DA37920005,Shoulder/Lap Belt(s),F,09d8cfbc-888c-4476-9321-ac20d8a3e12d,Head On Left Turn,N,Intersection,Left Turn Lane,Daylight,No Defects,"Two-way, Divided, Positive Median Barrier",Dry,Clear,Twelve o'clock,Passenger Car,Disabling,N,Moving Constant Speed,2015-03-17 14:30,79,38.94323054,-76.88076854
2005,N,Apparently Normal,No Misuse,Y,No Injury,b770e153-7c6c-4315-897e-73f53f94bd94,D,DA37920005,Shoulder/Lap Belt(s),M,7c7ee405-fd68-4285-ba57-efc176995675,Head On Left Turn,N,Intersection,Left Turn Lane,Daylight,No Defects,"Two-way, Divided, Positive Median Barrier",Dry,Clear,Three o'clock,Passenger Car,Disabling,N,Starting From Lane,2015-03-17 14:30,52,38.94323054,-76.88076854
2006,N,Apparently Normal,No Misuse,Y,No Injury,b8bae90b-db28-4f1b-a3c4-d9781230e53c,D,DA3793000B,Shoulder/Lap Belt(s),M,7d427364-16d5-4674-a664-cf08c4f6da2d,Same Movement Angle,N,Intersection Related,Right Turn Lane,Daylight,No Defects,"Two-way, Not Divided",Dry,Clear,Eleven o'clock,Passenger Car,Superficial,N,Making Left Turn,2015-01-16 08:24,33,38.99606943,-76.92765355
2007,N,Apparently Normal,No Misuse,N,No Injury,e9a46742-b5dc-4ad0-a8cb-37d51957c1c5,D,DA3793000C,Shoulder/Lap Belt(s),F,b3d75b3b-bab0-42a0-8f24-75ea662e27e8,Same Direction Rear End,N,Non Intersection,Left Turn Lane,Daylight,No Defects,"Two-way, Not Divided",Dry,Clear,Six o'clock,Passenger Car,Superficial,N,Stopped in Traffic Lane,2015-01-30 13:45,33,38.96108565,-76.90748334
2008,N,Apparently Normal,No Misuse,Y,No Injury,79070226-81f4-4013-a905-2d02df5a278e,D,DA3793000C,Shoulder/Lap Belt(s),F,227bdd30-1f26-4698-b116-64eca926bd14,Same Direction Rear End,N,Non Intersection,Left Turn Lane,Daylight,No Defects,"Two-way, Not Divided",Dry,Clear,Twelve o'clock,Passenger Car,Functional,N,Moving Constant Speed,2015-01-30 13:45,51,38.96108565,-76.90748334
2009,N,Apparently Normal,No Misuse,N,No Injury,d00ffb11-4471-45a7-beb9-e0aa93e0b558,D,DA3793000C,Shoulder/Lap Belt(s),M,3222040b-3aa1-4037-9425-408b57d44214,Same Direction Rear End,N,Non Intersection,Left Turn Lane,Daylight,No Defects,"Two-way, Not Divided",Dry,Clear,Six o'clock,Passenger Car,Superficial,N,Stopped in Traffic Lane,2015-01-30 13:45,60,38.96108565,-76.90748334
2010,N,Apparently Normal,No Misuse,N,No Injury,ad9f82cd-b237-4923-8d32-56791872327c,D,DA38010008,Shoulder/Lap Belt(s),F,dc23e340-7021-4442-8f77-418ba4b941d7,Same Direction Rear End Right Turn,N,Intersection Related,Acceleration Lane,Dark Lights On,No Defects,"Two-way, Divided, Positive Median Barrier",Dry,Cloudy,Six o'clock,Pickup Truck,No Damage,N,Accelerating,2015-01-14 16:59,37,38.97435725,-76.97914124
2011,N,Apparently Normal,No Misuse,Y,No Injury,64745ca9-219d-4047-bc1c-9e4a2d7c8754,D,DA38010008,Shoulder/Lap Belt(s),M,2b9dfb2c-98ff-44b2-98b6-608139d92e3e,Same Direction Rear End Right Turn,N,Intersection Related,Acceleration Lane,Dark Lights On,No Defects,"Two-way, Divided, Positive Median Barrier",Dry,Cloudy,Twelve o'clock,Passenger Car,Superficial,N,Accelerating,2015-01-14 16:59,42,38.97435725,-76.97914124
2012,N,Apparently Normal,No Misuse,N,No Injury,58028942-c9f3-419d-aedb-f679a2dd6548,D,DA3804000F,Shoulder/Lap Belt(s),F,9a0cc491-ff1f-4379-ab1e-0249f438848c,Angle Meets Left Turn,N,Non Intersection,Right Turn Lane,Daylight,No Defects,"Two-way, Not Divided",Ice,Clear,Six o'clock,Passenger Car,Functional,N,Moving Constant Speed,2015-02-18 07:55,22,39.03032752,-76.9139421
2013,N,Apparently Normal,No Misuse,N,No Injury,e8ed6e40-4d87-4b01-a11e-43531efbf5d3,D,DA3804000F,Shoulder/Lap Belt(s),M,4b261eea-ed9f-48f6-9089-20cf4f26512c,Angle Meets Left Turn,N,Non Intersection,Right Turn Lane,Daylight,No Defects,"Two-way, Not Divided",Ice,Clear,Twelve o'clock,Pickup Truck,Superficial,N,Moving Constant Speed,2015-02-18 07:55,57,39.03032752,-76.9139421
2014,N,Apparently Normal,No Misuse,Y,No Injury,5db44280-6650-40fe-a5ac-b6d436d615e5,D,DA3810000D,Shoulder/Lap Belt(s),F,76e57547-a225-49f0-b500-5627b90bb29f,Single Vehicle ,N,Non Intersection,Right Turn Lane,Dark No Lights,No Defects,"Two-way, Not Divided",Wet,Raining,Twelve o'clock,Passenger Car,Disabling,N,Moving Constant Speed,2015-01-04 02:34,22,38.9188519,-76.75758004
2015,N,Apparently Normal,No Misuse,Y,No Injury,2a82a13b-9c10-4d2b-a814-cf9a26f6127b,D,DA3810000H,Shoulder/Lap Belt(s),F,978116f4-63ff-42be-9629-9234a0cf480b,Same Direction Rear End,N,Non Intersection,Right Turn Lane,Daylight,No Defects,"Two-way, Not Divided",Dry,Clear,One o'clock,Passenger Car,Disabling,N,Moving Constant Speed,2015-03-18 14:48,45,38.85294344,-76.80255532
2016,N,Apparently Normal,No Misuse,N,No Injury,8d5ec735-e693-446d-ad64-a0cc5b586d5b,D,DA3810000H,Shoulder/Lap Belt(s),M,49fb8335-4966-42a1-959c-9030ccc0a6da,Same Direction Rear End,N,Non Intersection,Right Turn Lane,Daylight,No Defects,"Two-way, Not Divided",Dry,Clear,Seven o'clock,(Sport) Utility Vehicle,Disabling,N,Stopped in Traffic Lane,2015-03-18 14:48,53,38.85294344,-76.80255532
2017,N,Apparently Normal,No Misuse,N,No Injury,9d0c751e-f180-4a30-9827-0992d4a5c1cf,D,DA38140002,Shoulder/Lap Belt(s),F,367dfad2-c72e-4dfe-bc06-d64daa2ea697,Same Movement Angle,N,Intersection,Right Turn Lane,Daylight,No Defects,"Two-way, Not Divided",Dry,Clear,Eleven o'clock,Passenger Car,Superficial,N,Moving Constant Speed,2015-02-18 08:50,35,38.9874012,-76.79618239
2018,Y,Apparently Normal,No Misuse,Y,No Injury,05bf99bd-a58a-490e-8a2f-4ed53e207f4a,D,DA38140002,Shoulder/Lap Belt(s),F,1c46fb4b-2a3c-40ca-b4c9-d05008cf24b8,Same Movement Angle,N,Intersection,Right Turn Lane,Daylight,No Defects,"Two-way, Not Divided",Dry,Clear,One o'clock,School Bus,Superficial,N,Making Left Turn,2015-02-18 08:50,38,38.9874012,-76.79618239
2019,N,Apparently Normal,No Misuse,N,No Injury,dce3e4fb-07f8-41a5-a96a-ad6a4c301d08,D,DA38210003,Shoulder/Lap Belt(s),F,1277ded9-56f9-4d4e-8ea3-c060ff9adaf5,Head On Left Turn,N,Intersection,Right Turn Lane,Dark Lights On,No Defects,"Two-way, Divided, Positive Median Barrier",Snow,Snow,Eleven o'clock,Passenger Car,Disabling,N,Moving Constant Speed,2015-01-06 05:30,48,38.95597154,-76.82303667
2020,Y,Apparently Normal,No Misuse,Y,No Injury,28d59671-66cf-4e47-b281-c51549459d23,D,DA38210003,Shoulder/Lap Belt(s),M,1388e18e-e953-4646-b0b7-68fd1eee40c9,Head On Left Turn,N,Intersection,Right Turn Lane,Dark Lights On,No Defects,"Two-way, Divided, Positive Median Barrier",Snow,Snow,One o'clock,"Cargo Van/Light Truck 2 axles (10,000 lbs (4,536 kg) or less)",Superficial,N,Making Left Turn,2015-01-06 05:30,38,38.95597154,-76.82303667
2021,N,Apparently Normal,No Misuse,N,No Injury,91ab43d8-b9f9-40b7-a01b-e201f99867d7,D,DA3823000B,Shoulder/Lap Belt(s),F,69461bfe-d4eb-4bdf-a33f-c67cbedcd2d6,Same Movement Angle,N,Non Intersection,Left Turn Lane,Dark Lights On,No Defects,"Two-way, Divided, Positive Median Barrier",Dry,Clear,Twelve o'clock,Passenger Car,Disabling,N,Moving Constant Speed,2015-03-21 01:03,30,38.85110528,-76.92193508
2022,N,Apparently Normal,No Misuse,Y,No Injury,c6ec9ce5-1ea2-4639-aca4-086ad9bffc9e,D,DA3823000B,Shoulder/Lap Belt(s),M,05eeb225-f183-42f1-9394-2e8a656d9800,Same Movement Angle,N,Non Intersection,Left Turn Lane,Dark Lights On,No Defects,"Two-way, Divided, Positive Median Barrier",Dry,Clear,Eleven o'clock,Passenger Car,Disabling,N,Making Right Turn,2015-03-21 01:03,58,38.85110528,-76.92193508
2023,N,Apparently Normal,No Misuse,Y,No Injury,e22ad684-ae7e-45b0-94ef-6f6b241ddae4,D,DA3823000C,Shoulder/Lap Belt(s),F,2338c0dc-1974-4665-ab4a-51d6526b6c1b,Single Vehicle ,N,Non Intersection,Left Turn Lane,Dark Lights On,No Defects,"Two-way, Not Divided",Dry,Clear,Twelve o'clock,Passenger Car,Disabling,N,Moving Constant Speed,2015-03-22 01:56,25,38.84148757,-76.90958619
2024,N,Apparently Normal,No Misuse,Y,No Injury,aea21fb5-c5dc-464a-b8c7-efd443465360,D,DA38300007,Shoulder/Lap Belt(s),F,65bb0f9c-db42-4f0f-909e-3e2e1b34ae6c,Head On Left Turn,N,Non Intersection,Left Turn Lane,Daylight,No Defects,"Two-way, Divided, Unprotected (painted >4 feet) Median",Dry,Clear,Twelve o'clock,(Sport) Utility Vehicle,Functional,N,Making Left Turn,2015-02-26 14:43,52,38.92686498,-76.88678741
2025,N,Apparently Normal,No Misuse,N,Possible Incapacitating Injury,21923954-7eb6-4553-89d6-fa5c22354851,D,DA38300007,Shoulder/Lap Belt(s),M,0d920ffc-4060-4925-b794-567e3fe69a91,Head On Left Turn,N,Non Intersection,Left Turn Lane,Daylight,No Defects,"Two-way, Divided, Unprotected (painted >4 feet) Median",Dry,Clear,Twelve o'clock,Van,Functional,N,Slowing or Stopping,2015-02-26 14:43,24,38.92686498,-76.88678741
2026,Y,Apparently Normal,No Misuse,N,No Injury,652ee620-89c1-40f1-8c96-3d47854b5c9c,D,DA38410009,Shoulder/Lap Belt(s),F,2ab78f7e-7417-4dab-a37e-230ba38871fc,Same Direction Rear End,N,Non Intersection,Right Turn Lane,Daylight,No Defects,"Two-way, Divided, Unprotected (painted >4 feet) Median",Wet,Raining,Six o'clock,Other Bus,Superficial,N,Slowing or Stopping,2015-03-03 17:20,44,38.83857109,-76.87581182
2027,N,Apparently Normal,No Misuse,Y,No Injury,f2088b7d-ca26-4cec-bd32-0ca0f8e5938d,D,DA38440002,Shoulder/Lap Belt(s),F,1f53e9db-8e8e-46dd-831e-80bc8cb46ca1,Head On,N,Intersection,Right Turn Lane,Daylight,No Defects,"Two-way, Divided, Unprotected (painted >4 feet) Median",Dry,Clear,Twelve o'clock,(Sport) Utility Vehicle,Functional,N,Parked  ,2015-01-28 16:54,27,38.98539973,-76.98172152
2028,N,Apparently Normal,No Misuse,N,No Injury,57bd24ef-ec58-4b9c-8dbc-2318d85efb2e,D,DA38460004,Shoulder/Lap Belt(s),F,71df4473-f97d-463a-82f9-e5f5f61d0cc6,Same Direction Rear End,N,Non Intersection,Right Turn Lane,Daylight,Foreign Material,"Two-way, Divided, Positive Median Barrier",Ice,Cloudy,Six o'clock,Passenger Car,Disabling,N,Slowing or Stopping,2015-01-09 08:30,49,38.88775928,-76.90607786
2029,N,Apparently Normal,No Misuse,Y,No Injury,00238796-b6e1-40e5-a6e7-930ee5d77785,D,DA38460004,Shoulder/Lap Belt(s),F,102832f8-92de-48f2-9e91-4fc578974133,Same Direction Rear End,N,Non Intersection,Right Turn Lane,Daylight,Foreign Material,"Two-way, Divided, Positive Median Barrier",Ice,Cloudy,Twelve o'clock,Passenger Car,Disabling,N,Slowing or Stopping,2015-01-09 08:30,28,38.88775928,-76.90607786
2030,N,Apparently Normal,No Misuse,N,No Injury,495d29cc-a299-4325-80eb-290715cfc921,D,DA38500005,Shoulder/Lap Belt(s),F,d5bb0241-1781-4459-9d86-03bb2fa736ee,Same Movement Angle,N,Intersection,Left Turn Lane,Daylight,No Defects,"Two-way, Divided, Positive Median Barrier",Dry,Clear,Eleven o'clock,(Sport) Utility Vehicle,Disabling,N,Moving Constant Speed,2015-01-23 14:34,37,38.94339743,-76.8808651
2031,N,Apparently Normal,No Misuse,Y,No Injury,f96e7df7-03a4-4e5c-b0c3-0d8ca909ab7d,D,DA38500005,Shoulder/Lap Belt(s),M,dfcfc18d-758e-4e03-a035-bdc3b2376127,Same Movement Angle,N,Intersection,Left Turn Lane,Daylight,No Defects,"Two-way, Divided, Positive Median Barrier",Dry,Clear,One o'clock,Passenger Car,Functional,N,Making Left Turn,2015-01-23 14:34,54,38.94339743,-76.8808651
2032,Y,Apparently Normal,No Misuse,N,No Injury,a03e2aa3-780c-46ed-bae4-2067ef57679a,D,DA38510009,Shoulder/Lap Belt(s),F,1ebbbcd4-e490-443e-aac8-182b95a699ef,Single Vehicle ,N,Non Intersection,Right Turn Lane,Daylight,No Defects,One-way Trafficway,Dry,Clear,Two o'clock,(Sport) Utility Vehicle,No Damage,N,Moving Constant Speed,2015-01-15 14:28,60,38.97202176,-76.96181417
2033,N,Apparently Normal,No Misuse,Y,No Injury,8fd01ff3-2cde-4462-a196-5d145ce8a9bd,D,DA3851000B,Shoulder/Lap Belt(s),F,1ee917db-c663-4885-abb6-bd87324fb1e1,Head On Left Turn,N,Intersection,Left Turn Lane,Daylight,No Defects,"Two-way, Divided, Positive Median Barrier",Wet,Raining,One o'clock,Van,Functional,N,Making Left Turn,2015-01-24 12:23,29,38.94970562,-76.96745753