KEY_INDEX,CDL_FLAG,CONDITION_CODE,EQUIP_PROB_CODE,FAULT_FLAG,INJ_SEVER_CODE,PERSON_ID,PERSON_TYPE,REPORT_NO,SAF_EQUIP_CODE,SEX_CODE,VEHICLE_ID,COLLISION_TYPE_CODE,C_M_ZONE_FLAG,JUNCTION_CODE,LANE_CODE,LIGHT_CODE,RD_COND_CODE,RD_DIV_CODE,SURF_COND_CODE,WEATHER_CODE,AREA_DAMAGED_CODE_MAIN,BODY_TYPE_CODE,DAMAGE_CODE,HIT_AND_RUN_FLAG,MOVEMENT_CODE,TIME,AGE,LATITUDE,LONGITUDE
2034,N,Apparently Normal,No Misuse,N,No Injury,258c4a9d-b3a2-46c1-bce4-a376e1e87378,D,DA3851000B,Shoulder/Lap Belt(s),M,304a3a6c-52f4-41d8-89b6-80f9fb5c6bf7,Head On Left Turn,N,Intersection,Left Turn Lane,Daylight,No Defects,"Two-way, Divided, Positive Median Barrier",Wet,Raining,Twelve o'clock,(Sport) Utility Vehicle,Superficial,N,Moving Constant Speed,2015-01-24 12:23,60,38.94970562,-76.96745753
2035,N,Apparently Normal,No Misuse,N,No Injury,44b75c00-ef4f-4d94-884b-a7bc5954e094,D,DA3851000C,Shoulder/Lap Belt(s),F,198746d4-f96b-4325-932b-3b8a97bdd40a,Same Direction Left Turn,N,Non Intersection,Left Turn Lane,Dark Lights On,No Defects,"Two-way, Divided, Positive Median Barrier",Dry,Clear,Nine o'clock,(Sport) Utility Vehicle,Superficial,N,Moving Constant Speed,2015-03-01 03:44,41,38.98934425,-76.98754191
2036,N,Apparently Normal,No Misuse,N,No Injury,91a8f8c6-3047-4985-83fc-b259653b5b1a,D,DA3851000F,Shoulder/Lap Belt(s),F,c8ca9983-0fb0-4779-8227-fc29c176c675,Head On,N,Non Intersection,Right Turn Lane,Daylight,No Defects,"Two-way, Not Divided",Dry,Clear,Ten o'clock,Passenger Car,Superficial,N,Slowing or Stopping,2015-03-26 15:45,43,38.98719272,-76.98107243
2037,N,Apparently Normal,No Misuse,N,No Injury,920d36e4-c097-4b1d-a596-e80e54934b75,D,DA38540005,Shoulder/Lap Belt(s),F,6826ad95-5cd1-4a6e-b162-804af557f281,Same Direction Left Turn,N,Interchange Related,Left Turn Lane,Dark Lights On,No Defects,"Two-way, Divided, Positive Median Barrier",Dry,Clear,Two o'clock,Passenger Car,Disabling,N,Moving Constant Speed,2015-03-21 06:00,28,38.91692362,-76.93215966
2038,N,Had Been Drinking,No Misuse,Y,Possible Incapacitating Injury,4d96722d-4014-45b3-8aa5-00aedcdaf41e,D,DA38540005,Shoulder/Lap Belt(s),M,8c1f3420-4d59-45d7-bd23-52e3de3aa75b,Same Direction Left Turn,N,Interchange Related,Left Turn Lane,Dark Lights On,No Defects,"Two-way, Divided, Positive Median Barrier",Dry,Clear,Eleven o'clock,Passenger Car,Functional,N,Accelerating,2015-03-21 06:00,52,38.91692362,-76.93215966
2039,N,Apparently Normal,No Misuse,N,No Injury,cea9ba64-c305-4d11-b952-57303cfac037,D,DA38550007,Shoulder/Lap Belt(s),F,d7ff9f01-491f-4c0e-a0e8-c1c547a83415,Head On Left Turn,N,Intersection,Right Turn Lane,Daylight,No Defects,"Two-way, Divided, Unprotected (painted >4 feet) Median",Dry,Clear,Ten o'clock,Passenger Car,Superficial,N,Making Left Turn,2015-01-09 15:40,46,39.00019262,-76.90205455
2040,Y,Apparently Normal,No Misuse,Y,No Injury,00239e39-dda2-4a1a-bff8-e97695172bdd,D,DA38550007,Shoulder/Lap Belt(s),M,0079ed68-ab3f-405d-840a-a15d65b3aa83,Head On Left Turn,N,Intersection,Right Turn Lane,Daylight,No Defects,"Two-way, Divided, Unprotected (painted >4 feet) Median",Dry,Clear,Seven o'clock,School Bus,No Damage,N,Backing,2015-01-09 15:40,46,39.00019262,-76.90205455
2041,N,Apparently Normal,No Misuse,Y,No Injury,47e77aab-4faf-4ff8-a56d-7f33febd646f,D,DA3855000D,Shoulder/Lap Belt(s),F,5e70bd30-dc84-4f98-a796-7ca4c1e06af9,Single Vehicle ,N,Non Intersection,Right Turn Lane,Daylight,No Defects,"Two-way, Divided, Positive Median Barrier",Wet,Clear,Two o'clock,Passenger Car,Disabling,N,Moving Constant Speed,2015-02-16 07:56,26,39.0010264,-76.92939162
2042,N,Apparently Normal,No Misuse,N,No Injury,5a05cb00-6680-4d40-9409-9bc39ba89fc4,D,DA3855000G,Shoulder/Lap Belt(s),F,601a2ed5-d8d8-4f1c-a7ed-9c07c86ba15c,Same Direction Rear End,N,Intersection,Left Turn Lane,Daylight,No Defects,"Two-way, Divided, Unprotected (painted >4 feet) Median",Dry,Clear,Six o'clock,Passenger Car,Superficial,N,Stopped in Traffic Lane,2015-03-12 14:35,54,39.01449892,-76.92796469
2043,N,Apparently Normal,No Misuse,Y,No Injury,27c02f5f-e8e8-4203-bf98-8f6a56155ca2,D,DA38560008,Shoulder/Lap Belt(s),F,bb6d611b-65cf-4fe6-aa0a-fec80b4ae9bd,Same Movement Angle,N,Commercial Driveway,Right Turn Lane,Dark Lights On,No Defects,"Two-way, Not Divided",Wet,Foggy,Eleven o'clock,Passenger Car,Functional,N,Making Left Turn,2015-01-18 18:30,24,38.66398746,-76.87603176
2044,N,Apparently Normal,No Misuse,N,No Injury,06dbe116-455d-4106-8b18-34ccefef2dce,D,DA38560008,Shoulder/Lap Belt(s),M,ed42cebd-e1f3-4fb7-b017-03523c3903e7,Same Movement Angle,N,Commercial Driveway,Right Turn Lane,Dark Lights On,No Defects,"Two-way, Not Divided",Wet,Foggy,Twelve o'clock,Passenger Car,Functional,N,Moving Constant Speed,2015-01-18 18:30,43,38.66398746,-76.87603176
2045,N,Apparently Normal,No Misuse,Y,No Injury,523ef946-c2b5-4008-95d2-11209d671ff3,D,DA38560009,Shoulder/Lap Belt(s),F,9c646b3c-1222-4ba3-a4de-ec752977761a,Single Vehicle ,N,Non Intersection,Right Turn Lane,Daylight,No Defects,"Two-way, Not Divided",Wet,Cloudy,Twelve o'clock,Passenger Car,Disabling,N,Moving Constant Speed,2015-01-24 13:25,26,38.67055079,-76.88904047
2046,N,Apparently Normal,No Misuse,N,No Injury,aa2fe7da-bcb3-4e3d-937c-4cadd6ed3925,D,DA3856000C,Shoulder/Lap Belt(s),F,6a7311a1-4f1b-4cc0-a434-9911260f5473,Same Movement Angle,N,Commercial Driveway,Left Turn Lane,Daylight,No Defects,"Two-way, Not Divided",Dry,Clear,Twelve o'clock,Passenger Car,Superficial,N,Making Right Turn,2015-03-27 18:12,24,38.79337956,-76.92605495
2047,N,Apparently Normal,No Misuse,N,No Injury,4565bad2-5132-4961-9059-6e0a43b02758,D,DA3856000C,Shoulder/Lap Belt(s),M,7463cb69-b1e2-4a34-8262-9d1ac77dc3ee,Same Movement Angle,N,Commercial Driveway,Left Turn Lane,Daylight,No Defects,"Two-way, Not Divided",Dry,Clear,Twelve o'clock,Passenger Car,Disabling,N,Moving Constant Speed,2015-03-27 18:12,44,38.79337956,-76.92605495
2048,N,Apparently Normal,No Misuse,Y,No Injury,69da04c2-8d10-4feb-8289-d743d6e98900,D,DA3856000C,Shoulder/Lap Belt(s),M,7ec1c69c-9204-4f38-963e-f656e74a1cb8,Same Movement Angle,N,Commercial Driveway,Left Turn Lane,Daylight,No Defects,"Two-way, Not Divided",Dry,Clear,Two o'clock,Passenger Car,Disabling,N,Making Left Turn,2015-03-27 18:12,35,38.79337956,-76.92605495
2049,N,Apparently Normal,No Misuse,N,No Injury,3e2b00d8-6ddd-4e9e-9b16-ef4af782a157,D,DA38660003,Shoulder/Lap Belt(s),F,7e4932f8-81f5-41ad-b275-2261bee7e3d7,Same Movement Angle,N,Intersection,Right Turn Lane,Dark Lights On,No Defects,"Two-way, Divided, Positive Median Barrier",Dry,Clear,One o'clock,Passenger Car,Disabling,N,Making Left Turn,2015-01-01 23:55,33,38.76609695,-76.99425817
2050,N,Apparently Normal,No Misuse,N,No Injury,7fab5923-10fe-41ef-a1e9-8455cc88093c,D,DA38660004,Shoulder/Lap Belt(s),F,19d51cc1-48e6-4632-8082-f980833cc198,Same Movement Angle,N,Intersection,Right Turn Lane,Daylight,No Defects,"Two-way, Not Divided",Dry,Clear,Eleven o'clock,Passenger Car,Functional,N,Making Left Turn,2015-01-08 11:50,63,38.65844565,-77.01366663
2051,N,Apparently Normal,No Misuse,Y,No Injury,012fab7b-c797-4fb0-bc9f-554f5f058af1,D,DA38660004,Shoulder/Lap Belt(s),M,5087e61a-bf9d-46f0-b589-b91bcfac7272,Same Movement Angle,N,Intersection,Right Turn Lane,Daylight,No Defects,"Two-way, Not Divided",Dry,Clear,Seven o'clock,Passenger Car,Functional,N,Moving Constant Speed,2015-01-08 11:50,20,38.65844565,-77.01366663
2052,N,Apparently Normal,No Misuse,N,No Injury,b3ba7b9f-1ec6-4b8f-9ccc-fc053fd61d1d,D,DA38670006,Shoulder/Lap Belt(s),F,abe703ee-1927-425f-973a-59abc4b0f9d8,Same Direction Rear End,N,Intersection,Right Turn Lane,Dark - Unknown Lighting,No Defects,"Two-way, Divided, Unprotected (painted >4 feet) Median",Dry,Clear,Six o'clock,Passenger Car,Functional,N,Stopped in Traffic Lane,2015-02-03 17:53,80,38.97905302,-76.834023
2053,N,Apparently Normal,No Misuse,Y,No Injury,11c00890-f37b-4ba9-9a8d-56f30661367f,D,DA38670006,Shoulder/Lap Belt(s),M,c5a66471-9bf6-4ed0-bf6e-eb6f04a7083d,Same Direction Rear End,N,Intersection,Right Turn Lane,Dark - Unknown Lighting,No Defects,"Two-way, Divided, Unprotected (painted >4 feet) Median",Dry,Clear,Twelve o'clock,Passenger Car,Disabling,N,Slowing or Stopping,2015-02-03 17:53,58,38.97905302,-76.834023
2054,N,Apparently Normal,No Misuse,Y,No Injury,cfb52d90-3376-455a-a4f8-f1deb70bc786,D,DA38690003,Shoulder/Lap Belt(s),F,b138082a-c168-46bc-8d2d-e3115cee5380,Same Direction Rear End,N,Non Intersection,Right Turn Lane,Daylight,No Defects,"Two-way, Not Divided",Dry,Clear,Twelve o'clock,Passenger Car,Disabling,N,Slowing or Stopping,2015-01-21 15:05,55,38.75514166,-76.92066908
2055,N,Apparently Normal,No Misuse,N,Possible Incapacitating Injury,e42f0ce1-e4e3-44d8-830e-88b5bed4efc6,D,DA38690003,Shoulder/Lap Belt(s),M,54894543-4291-4689-96f9-c1c8f97be823,Same Direction Rear End,N,Non Intersection,Right Turn Lane,Daylight,No Defects,"Two-way, Not Divided",Dry,Clear,Six o'clock,Passenger Car,Functional,N,Stopped in Traffic Lane,2015-01-21 15:05,53,38.75514166,-76.92066908
2056,N,Apparently Normal,No Misuse,N,No Injury,f7ed1fa0-0005-4f37-9fdc-6dd794ca69a7,D,DA38700006,Shoulder/Lap Belt(s),F,a6f312e0-db62-4940-8f5f-c9f9cf51d903,Same Direction Left Turn,N,Intersection,Right Turn Lane,Daylight,No Defects,"Two-way, Not Divided",Snow,Cloudy,Six o'clock,(Sport) Utility Vehicle,Superficial,N,Moving Constant Speed,2015-03-07 17:33,32,38.91636224,-76.88282043
2057,N,Apparently Normal,No Misuse,Y,No Injury,1455e0da-5b12-4aef-bd18-a978e50f4fb1,D,DA38700007,Shoulder/Lap Belt(s),F,dd23cf4f-1a49-4d2a-9c08-1acdcf6a01bf,Same Movement Angle,N,Intersection,Left Turn Lane,Daylight,No Defects,"Two-way, Divided, Positive Median Barrier",Dry,Clear,Five o'clock,Passenger Car,Superficial,N,Making Left Turn,2015-03-16 07:30,50,38.88726656,-76.89343929
2058,N,Apparently Normal,No Misuse,N,Possible Incapacitating Injury,8d0a1265-6ded-4f41-8037-d03ec4857aca,D,DA38700007,Shoulder/Lap Belt(s),F,e915e0cb-5768-4f40-ae30-f99cc97b2011,Same Movement Angle,N,Intersection,Left Turn Lane,Daylight,No Defects,"Two-way, Divided, Positive Median Barrier",Dry,Clear,Twelve o'clock,Passenger Car,Disabling,N,Moving Constant Speed,2015-03-16 07:30,30,38.88726656,-76.89343929
2059,N,Apparently Normal,No Misuse,Y,No Injury,bd1745ea-c3ab-43dd-8093-d18d2dc3eff8,D,DA38710002,Shoulder/Lap Belt(s),M,f1b9ee65-4bbb-4256-a9dc-8aef3adeb315,Same Direction Rear End,N,Non Intersection,Right Turn Lane,Dusk,No Defects,"Two-way, Not Divided",Dry,Clear,Six o'clock,Passenger Car,Disabling,N,Backing,2015-01-16 06:52,28,38.96347989,-76.86405301
2060,Y,Apparently Normal,No Misuse,N,No Injury,313c9382-8b2e-440e-abc1-896ce5ec258e,D,DA38710003,Shoulder/Lap Belt(s),F,8dc349c5-dd38-451d-b5c9-95d83598a14d,Same Direction Rear End,N,Non Intersection,Left Turn Lane,Daylight,No Defects,"Two-way, Divided, Positive Median Barrier",Dry,Clear,Six o'clock,School Bus,No Damage,N,Stopped in Traffic Lane,2015-01-16 13:25,63,38.99429126,-76.87881321
2061,N,Apparently Normal,No Misuse,Y,No Injury,f955f469-2a3e-4045-ac82-222916da2245,D,DA38710003,Shoulder/Lap Belt(s),M,70efc6a9-cea2-48a5-8ea3-189ad3b092ed,Same Direction Rear End,N,Non Intersection,Left Turn Lane,Daylight,No Defects,"Two-way, Divided, Positive Median Barrier",Dry,Clear,Twelve o'clock,Van,Functional,N,Slowing or Stopping,2015-01-16 13:25,61,38.99429126,-76.87881321
2062,N,Apparently Normal,No Misuse,Y,No Injury,ebbddc00-ee0a-4135-89cc-a11abacb3037,D,DA3873000D,Shoulder/Lap Belt(s),F,499b1229-9d8a-4abf-9330-233efa40d022,Same Direction Rear End,N,Non Intersection,Acceleration Lane,Daylight,No Defects,"Two-way, Divided, Positive Median Barrier",Dry,Clear,Twelve o'clock,(Sport) Utility Vehicle,Functional,N,Moving Constant Speed,2015-02-28 07:40,24,38.98398616,-76.97181344
2063,N,Apparently Normal,No Misuse,N,No Injury,2ceefef1-9fdf-40f4-8190-15fe10736eeb,D,DA3873000D,Shoulder/Lap Belt(s),M,a3dc03fb-8560-4b2a-825a-32660131582c,Same Direction Rear End,N,Non Intersection,Acceleration Lane,Daylight,No Defects,"Two-way, Divided, Positive Median Barrier",Dry,Clear,Six o'clock,Pickup Truck,Superficial,N,Moving Constant Speed,2015-02-28 07:40,36,38.98398616,-76.97181344
2064,N,Apparently Normal,No Misuse,N,No Injury,a4ed0361-38a7-4031-9791-776f213a3f11,D,DA38740004,Shoulder/Lap Belt(s),F,f1be4d1e-1909-4abc-aab0-b2ab7037ef6f,Head On Left Turn,N,Intersection,Right Turn Lane,Dark Lights On,No Defects,"Two-way, Not Divided",Dry,Clear,Twelve o'clock,Passenger Car,Superficial,N,Stopped in Traffic Lane,2015-01-22 18:41,69,38.82336833,-76.94990516
2065,N,Apparently Normal,No Misuse,Y,No Injury,74836120-03b0-4d46-9470-39c2f84374f7,D,DA38740004,Shoulder/Lap Belt(s),F,9901fef2-5980-43eb-a7f7-6c72e6990900,Head On Left Turn,N,Intersection,Right Turn Lane,Dark Lights On,No Defects,"Two-way, Not Divided",Dry,Clear,Eleven o'clock,Passenger Car,Disabling,N,Making Left Turn,2015-01-22 18:41,27,38.82336833,-76.94990516
2066,N,Apparently Normal,No Misuse,N,No Injury,f61fdd69-80a6-4e16-91db-67bf977231c8,D,DA38740004,Shoulder/Lap Belt(s),M,eaf7d8cd-a21b-4e5b-b314-8b83bd879387,Head On Left Turn,N,Intersection,Right Turn Lane,Dark Lights On,No Defects,"Two-way, Not Divided",Dry,Clear,One o'clock,(Sport) Utility Vehicle,Disabling,N,Moving Constant Speed,2015-01-22 18:41,55,38.82336833,-76.94990516
2067,N,Apparently Normal,No Misuse,N,No Injury,e06bcfd0-412a-4d35-87c0-69694115aa5f,D,DA38740006,Shoulder/Lap Belt(s),F,9ce81144-e7cb-4a6f-b1cc-48e963eccd83,Head On,N,Intersection,Right Turn Lane,Dark Lights On,No Defects,"Two-way, Not Divided",Dry,Clear,Twelve o'clock,Passenger Car,Destroyed,N,Moving Constant Speed,2015-02-25 19:48,22,38.8218972,-76.95501208
2068,N,Had Been Drinking,No Misuse,Y,No Injury,dbf255b0-5e6b-4619-808c-9998f87c5661,D,DA38740006,Shoulder/Lap Belt(s),M,5856a1a8-261e-4063-a603-2c6a188ab58d,Head On,N,Intersection,Right Turn Lane,Dark Lights On,No Defects,"Two-way, Not Divided",Dry,Clear,Twelve o'clock,(Sport) Utility Vehicle,Disabling,N,Moving Constant Speed,2015-02-25 19:48,52,38.8218972,-76.95501208
2069,N,Apparently Normal,No Misuse,N,No Injury,c346b061-5334-478f-bb82-0614f5a06680,D,DA38790003,Shoulder/Lap Belt(s),F,947266ae-a522-4131-bbfb-ca0790cd579c,Same Direction Rear End,N,Intersection Related,Right Turn Lane,Daylight,No Defects,"Two-way, Not Divided",Dry,Clear,Six o'clock,Passenger Car,Superficial,N,Slowing or Stopping,2015-03-16 17:15,24,39.04870642,-76.89074367
2070,N,Apparently Normal,No Misuse,Y,No Injury,145243b3-c7f2-43dd-90a2-fae6c5661744,D,DA38790003,Shoulder/Lap Belt(s),F,6abeca97-3abc-4fcd-a50a-bc5cfe039eea,Same Direction Rear End,N,Intersection Related,Right Turn Lane,Daylight,No Defects,"Two-way, Not Divided",Dry,Clear,Twelve o'clock,Passenger Car,Superficial,N,Slowing or Stopping,2015-03-16 17:15,31,39.04870642,-76.89074367
2071,N,Apparently Normal,No Misuse,N,No Injury,72f2bfd9-1c20-4ff5-9fa9-3f72eb60b7a4,D,DA38820003,Shoulder/Lap Belt(s),F,0385b984-699e-43a0-aaba-121edd190f91,Same Direction Rear End Left Turn,N,Non Intersection,Right Turn Lane,Dark Lights On,No Defects,"Two-way, Not Divided",Dry,Clear,Seven o'clock,Van,Superficial,N,Slowing or Stopping,2015-01-16 02:43,40,38.84592475,-76.96075201
2072,N,Had Been Drinking,No Misuse,Y,No Injury,e2a1065e-65c1-407f-a973-ec06899cc56c,D,DA38820003,Shoulder/Lap Belt(s),F,02203c3c-ea7f-4083-b558-18eb67b9cf3f,Same Direction Rear End Left Turn,N,Non Intersection,Right Turn Lane,Dark Lights On,No Defects,"Two-way, Not Divided",Dry,Clear,Twelve o'clock,Passenger Car,Superficial,N,Passing,2015-01-16 02:43,36,38.84592475,-76.96075201
2073,N,Apparently Normal,No Misuse,Y,No Injury,7bc3e0af-6737-4e05-8658-1682272fc5e7,D,DA38830005,Shoulder/Lap Belt(s),F,2c6cafdb-6ba6-4ddf-89c6-2a6613a3c131,Same Direction Rear End,N,Intersection,Acceleration Lane,Daylight,No Defects,"Two-way, Divided, Unprotected (painted >4 feet) Median",Dry,Clear,Twelve o'clock,(Sport) Utility Vehicle,No Damage,N,Accelerating,2015-03-17 07:30,34,38.96073526,-76.91174269
2074,N,Apparently Normal,No Misuse,N,Possible Incapacitating Injury,b420a91f-0e1a-47e4-96e6-9e57cfe999a6,D,DA38830005,Shoulder/Lap Belt(s),F,9dfc1a2a-2365-4c43-87fb-33de3e29299c,Same Direction Rear End,N,Intersection,Acceleration Lane,Daylight,No Defects,"Two-way, Divided, Unprotected (painted >4 feet) Median",Dry,Clear,Six o'clock,Passenger Car,No Damage,N,Stopped in Traffic Lane,2015-03-17 07:30,49,38.96073526,-76.91174269
2075,N,Apparently Normal,No Misuse,N,No Injury,cb2d134b-f6b5-4c8f-83e8-dcd70c5e1d0f,D,DA38850003,Shoulder/Lap Belt(s),F,1dd00a33-242c-4473-8373-29e75a33c36a,Single Vehicle ,N,Non Intersection,Right Turn Lane,Daylight,No Defects,"Two-way, Not Divided",Dry,Clear,Ten o'clock,(Sport) Utility Vehicle,No Damage,N,Starting From Parked,2015-03-08 14:11,26,38.93435972,-76.90734386
2076,Y,Apparently Normal,No Misuse,Y,No Injury,641ecd0c-5482-476d-81da-30f02853e5a9,D,DA38870005,Shoulder/Lap Belt(s),F,345a2eba-fee1-4436-b040-e2905bd1f533,Same Direction Right Turn,N,Non Intersection,Right Turn Lane,Daylight,No Defects,"Two-way, Divided, Unprotected (painted >4 feet) Median",Snow,Snow,One o'clock,Other Bus,Superficial,N,Slowing or Stopping,2015-03-05 15:00,34,38.89530825,-76.90361023
2077,Y,Apparently Normal,No Misuse,N,No Injury,2bd4e097-61dd-46d3-9721-688703cbc5f1,D,DA38870005,Shoulder/Lap Belt(s),M,d655f018-094f-4fb5-8fed-5bc43440ae5e,Same Direction Right Turn,N,Non Intersection,Right Turn Lane,Daylight,No Defects,"Two-way, Divided, Unprotected (painted >4 feet) Median",Snow,Snow,Eleven o'clock,Other Bus,Superficial,N,Stopped in Traffic Lane,2015-03-05 15:00,47,38.89530825,-76.90361023
2078,N,Apparently Normal,No Misuse,Y,No Injury,bb5c25ea-0db8-48d9-a62d-b070edf7c612,D,DA38870006,Shoulder/Lap Belt(s),F,1a312063-60bf-4f11-b86b-53a43f4f5460,Same Direction Rear End,N,Non Intersection,Right Turn Lane,Daylight,No Defects,"Two-way, Divided, Positive Median Barrier",Dry,Clear,Twelve o'clock,Passenger Car,Disabling,Y,Moving Constant Speed,2015-03-16 09:08,27,38.89440643,-76.86633825
2079,N,Apparently Normal,No Misuse,N,Possible Incapacitating Injury,49552ee5-df20-41f6-8a7e-a6322b977664,D,DA38870006,Shoulder/Lap Belt(s),M,1463fc46-94ec-44a2-b927-385eccf2ccf8,Same Direction Rear End,N,Non Intersection,Right Turn Lane,Daylight,No Defects,"Two-way, Divided, Positive Median Barrier",Dry,Clear,Six o'clock,Passenger Car,Disabling,N,Stopped in Traffic Lane,2015-03-16 09:08,24,38.89440643,-76.86633825
2080,N,Apparently Normal,No Misuse,N,No Injury,f2335ba0-9cb7-474b-947a-939ecacce195,D,DA38870008,Shoulder/Lap Belt(s),F,da54a411-8236-4e8a-83ab-7bd2187a7716,Same Direction Rear End,N,Non Intersection,Right Turn Lane,Daylight,No Defects,"Two-way, Not Divided",Dry,Clear,Six o'clock,(Sport) Utility Vehicle,Superficial,N,Stopped in Traffic Lane,2015-03-24 15:45,32,38.89512455,-76.87758207
2081,N,Apparently Normal,No Misuse,N,No Injury,3d741fd7-7d75-458c-a798-d984938cc8a7,D,DA38880007,Shoulder/Lap Belt(s),F,4dea9661-94e0-493e-bc9b-ed1b282ecad3,Same Movement Angle,N,Commercial Driveway,Right Turn Lane,Dark Lights On,No Defects,"Two-way, Not Divided",Wet,Raining,Eleven o'clock,Passenger Car,Disabling,N,Stopped in Traffic Lane,2015-01-03 18:41,28,38.80388166,-76.98507428
2082,N,Apparently Normal,No Misuse,Y,No Injury,776e1614-9726-47e4-8b7a-efd40535a72c,D,DA38880007,Shoulder/Lap Belt(s),F,2cd24c02-ba28-4724-98ee-a6a17e90ab3f,Same Movement Angle,N,Commercial Driveway,Right Turn Lane,Dark Lights On,No Defects,"Two-way, Not Divided",Wet,Raining,Twelve o'clock,(Sport) Utility Vehicle,Disabling,N,Making Left Turn,2015-01-03 18:41,45,38.80388166,-76.98507428
2083,N,Apparently Normal,No Misuse,Y,No Injury,c74c8190-3f83-4403-b416-d6b62f5d3807,D,DA38880007,Shoulder/Lap Belt(s),F,df1b37b6-6ad7-4fc3-a71e-cb5c0cc7611b,Same Movement Angle,N,Commercial Driveway,Right Turn Lane,Dark Lights On,No Defects,"Two-way, Not Divided",Wet,Raining,Twelve o'clock,(Sport) Utility Vehicle,Disabling,N,Moving Constant Speed,2015-01-03 18:41,43,38.80388166,-76.98507428
2084,N,Apparently Normal,No Misuse,N,No Injury,65eec557-b417-4313-85fe-b89139c88ac5,D,DA3888000Q,Shoulder/Lap Belt(s),F,f1b94a30-eff7-441e-8cf1-aaa06f182da3,Same Direction Rear End,N,Non Intersection,Acceleration Lane,Daylight,No Defects,"Two-way, Divided, Positive Median Barrier",Dry,Cloudy,Six o'clock,Passenger Car,Disabling,N,Slowing or Stopping,2015-03-13 18:06,26,38.78914818,-76.99860334
2085,N,Apparently Normal,No Misuse,N,No Injury,44372e88-d24a-4275-93b9-7c97904aca49,D,DA3888000Q,Shoulder/Lap Belt(s),M,535de53d-9075-4bbd-9ca6-edfaecfb42a3,Same Direction Rear End,N,Non Intersection,Acceleration Lane,Daylight,No Defects,"Two-way, Divided, Positive Median Barrier",Dry,Cloudy,Six o'clock,(Sport) Utility Vehicle,Functional,N,Slowing or Stopping,2015-03-13 18:06,44,38.78914818,-76.99860334
2086,N,Apparently Normal,No Misuse,Y,No Injury,e1e09444-7d44-4450-8a6d-942fc917ea19,D,DA3888000Q,Shoulder/Lap Belt(s),M,046ca40a-904e-469c-8e18-0c74b9016994,Same Direction Rear End,N,Non Intersection,Acceleration Lane,Daylight,No Defects,"Two-way, Divided, Positive Median Barrier",Dry,Cloudy,Twelve o'clock,Passenger Car,Superficial,N,Accelerating,2015-03-13 18:06,54,38.78914818,-76.99860334
2087,N,Apparently Normal,No Misuse,N,No Injury,c1cd9244-fba6-4fdc-85be-6bf034d6dad0,D,DA38890004,Shoulder/Lap Belt(s),M,2460be5a-ffca-4249-a637-c4f7bc7455b0,Head On Left Turn,N,Intersection,Right Turn Lane,Daylight,No Defects,"Two-way, Divided, Positive Median Barrier",Dry,Clear,Eleven o'clock,Pickup Truck,Superficial,N,Moving Constant Speed,2015-02-27 12:49,47,38.97791038,-76.85511589
2088,N,Apparently Normal,No Misuse,N,No Injury,a501c128-1476-4b57-b465-f7ab4ddc680d,D,DA38910003,Shoulder/Lap Belt(s),F,da00f3cc-24e9-4749-9255-467a882e51d0,Same Direction Rear End,N,Non Intersection,Acceleration Lane,Dark - Unknown Lighting,No Defects,"Two-way, Divided, Positive Median Barrier",Dry,Clear,Six o'clock,Passenger Car,Functional,N,Moving Constant Speed,2015-02-07 01:10,33,38.90846694,-77.15659618
2089,N,Apparently Normal,No Misuse,N,No Injury,67bdf2c3-c7e2-499c-afd7-dfd937e70d90,D,DA3893000J,Shoulder/Lap Belt(s),F,91a48c05-e091-4b01-bf24-e4d333a8004f,Same Direction Rear End,N,Intersection,Right Turn Lane,Daylight,No Defects,"Two-way, Not Divided",Wet,Raining,Six o'clock,Passenger Car,Superficial,N,Slowing or Stopping,2015-01-26 12:48,42,38.90574523,-76.84110403
2090,N,Apparently Normal,No Misuse,Y,No Injury,074c7d06-67d3-4b52-ba82-20b23c4938cc,D,DA3893000J,Shoulder/Lap Belt(s),M,f049d375-884f-4d4c-871b-519ddcbc5b77,Same Direction Rear End,N,Intersection,Right Turn Lane,Daylight,No Defects,"Two-way, Not Divided",Wet,Raining,Twelve o'clock,Passenger Car,Superficial,N,Moving Constant Speed,2015-01-26 12:48,43,38.90574523,-76.84110403
2091,N,Apparently Normal,No Misuse,N,No Injury,e3c871f4-d9a5-4a93-95f4-58063356ba1b,D,DA38940004,Shoulder/Lap Belt(s),F,a27c6ae9-576c-476e-b00d-f8109f97e3cb,Same Direction Rear End,N,Intersection Related,Right Turn Lane,Daylight,No Defects,"Two-way, Divided, Positive Median Barrier",Snow,Snow,Six o'clock,Passenger Car,Disabling,N,Slowing or Stopping,2015-01-21 12:52,38,38.83606399,-76.94397211
2092,N,Apparently Normal,No Misuse,Y,No Injury,cbe83765-5884-43b5-bc8f-bb8aedd05ec0,D,DA38940004,Shoulder/Lap Belt(s),F,8e1e13f0-54f5-40df-ad0f-e754649a9372,Same Direction Rear End,N,Intersection Related,Right Turn Lane,Daylight,No Defects,"Two-way, Divided, Positive Median Barrier",Snow,Snow,One o'clock,Passenger Car,Disabling,N,Slowing or Stopping,2015-01-21 12:52,39,38.83606399,-76.94397211
2093,N,Apparently Normal,No Misuse,Y,No Injury,5efec5ee-5378-4400-b77b-660ee8c54031,D,DA38940004,Shoulder/Lap Belt(s),F,e1d39c7d-cec3-4d81-a3b2-04ed243a7da3,Same Direction Rear End,N,Intersection Related,Right Turn Lane,Daylight,No Defects,"Two-way, Divided, Positive Median Barrier",Snow,Snow,Twelve o'clock,Passenger Car,Destroyed,N,Moving Constant Speed,2015-01-21 12:52,27,38.83606399,-76.94397211