KEY_INDEX,CDL_FLAG,CONDITION_CODE,EQUIP_PROB_CODE,FAULT_FLAG,INJ_SEVER_CODE,PERSON_ID,PERSON_TYPE,REPORT_NO,SAF_EQUIP_CODE,SEX_CODE,VEHICLE_ID,COLLISION_TYPE_CODE,C_M_ZONE_FLAG,JUNCTION_CODE,LANE_CODE,LIGHT_CODE,RD_COND_CODE,RD_DIV_CODE,SURF_COND_CODE,WEATHER_CODE,AREA_DAMAGED_CODE_MAIN,BODY_TYPE_CODE,DAMAGE_CODE,HIT_AND_RUN_FLAG,MOVEMENT_CODE,TIME,AGE,LATITUDE,LONGITUDE
2094,N,Apparently Normal,No Misuse,Y,No Injury,5b008265-ca6f-4f2b-b576-774a03857283,D,DA38980009,Shoulder/Lap Belt(s),F,ca8cb89a-ce29-498f-a88c-d1a2a00daeb8,Same Direction Rear End,N,Non Intersection,Right Turn Lane,Dark Lights On,No Defects,"Two-way, Not Divided",Dry,Clear,One o'clock,(Sport) Utility Vehicle,Disabling,N,Moving Constant Speed,2015-02-11 05:43,24,38.75823308,-76.82616949
2095,N,Apparently Normal,No Misuse,N,No Injury,2eddaa7b-9763-4260-ac64-1ad8462639f3,D,DA3901000D,Shoulder/Lap Belt(s),F,fa4a3897-2e53-4f63-98f3-456c1deba078,Same Direction Rear End,N,Non Intersection,Right Turn Lane,Daylight,No Defects,"Two-way, Not Divided",Dry,Clear,Six o'clock,Passenger Car,Superficial,N,Slowing or Stopping,2015-02-26 17:11,39,38.96111067,-76.90654993
2096,N,Apparently Normal,No Misuse,Y,No Injury,98c94196-20de-4b6c-8fc7-189d528a18f5,D,DA3901000D,Shoulder/Lap Belt(s),M,392bdafc-4a99-4750-bbbb-fbde5316af36,Same Direction Rear End,N,Non Intersection,Right Turn Lane,Daylight,No Defects,"Two-way, Not Divided",Dry,Clear,Twelve o'clock,Passenger Car,Disabling,N,Moving Constant Speed,2015-02-26 17:11,26,38.96111067,-76.90654993
2097,N,Apparently Normal,No Misuse,Y,No Injury,4f1657b7-f6ad-4e39-b767-bc697f61d6ee,D,DA3901000G,Shoulder/Lap Belt(s),F,2ad73467-ac69-499e-b91a-e697d40bd2ff,Single Vehicle ,N,Non Intersection,Right Turn Lane,Daylight,No Defects,"Two-way, Not Divided",Snow,Snow,Twelve o'clock,Passenger Car,Disabling,N,Moving Constant Speed,2015-03-05 15:10,36,38.95117412,-76.92002535
2098,N,Apparently Normal,No Misuse,N,No Injury,058c6911-fcdf-4027-8c14-f764b738dbb5,D,DA39060003,Shoulder/Lap Belt(s),F,2aa46a0d-e451-48e7-9d5b-4a229c1d4104,Same Direction Rear End,N,Intersection Related,Left Turn Lane,Dark Lights On,No Defects,"Two-way, Divided, Positive Median Barrier",Dry,Clear,Six o'clock,Passenger Car,Functional,N,Stopped in Traffic Lane,2015-01-15 17:40,45,38.84096947,-76.87435269
2099,N,Apparently Normal,No Misuse,N,No Injury,1b260540-b317-448e-b48f-56ed01164658,D,DA39060003,Shoulder/Lap Belt(s),M,f5a87cf7-5503-4a64-8462-aa271d612b77,Same Direction Rear End,N,Intersection Related,Left Turn Lane,Dark Lights On,No Defects,"Two-way, Divided, Positive Median Barrier",Dry,Clear,Six o'clock,(Sport) Utility Vehicle,Functional,N,Stopped in Traffic Lane,2015-01-15 17:40,53,38.84096947,-76.87435269
2100,N,Apparently Normal,No Misuse,N,No Injury,e8babd47-0438-4ca0-a706-0adcbe6aea03,D,DA39060003,Shoulder/Lap Belt(s),M,0bffcee0-4014-42cc-9c2f-03d0dc547871,Same Direction Rear End,N,Intersection Related,Left Turn Lane,Dark Lights On,No Defects,"Two-way, Divided, Positive Median Barrier",Dry,Clear,Six o'clock,Passenger Car,Functional,N,Stopped in Traffic Lane,2015-01-15 17:40,50,38.84096947,-76.87435269
2101,N,Apparently Normal,No Misuse,N,No Injury,e8794f3d-1967-4d58-8f2b-72a736050be4,D,DA39060005,Shoulder/Lap Belt(s),F,4201d678-c720-4894-bd2a-d030e39b16d4,Same Direction Rear End,N,Intersection Related,Left Turn Lane,Dark No Lights,No Defects,"Two-way, Not Divided",Ice,Sleet,Twelve o'clock,Van,Functional,N,Moving Constant Speed,2015-02-14 22:07,52,38.86405495,-76.89504862
2102,N,Apparently Normal,No Misuse,N,No Injury,211ba786-6b6c-47e2-b677-ad98a51c7995,D,DA39060005,Shoulder/Lap Belt(s),F,254ac810-09e0-4d79-81a0-08654ee441e2,Same Direction Rear End,N,Intersection Related,Left Turn Lane,Dark No Lights,No Defects,"Two-way, Not Divided",Ice,Sleet,Twelve o'clock,Passenger Car,Functional,N,Moving Constant Speed,2015-02-14 22:07,26,38.86405495,-76.89504862
2103,N,Apparently Normal,No Misuse,N,No Injury,da767246-3343-42c4-b8e6-854167e328d8,D,DA39060005,Shoulder/Lap Belt(s),M,c5967b82-ac90-4b18-9307-5cabe9a79a7d,Same Direction Rear End,N,Intersection Related,Left Turn Lane,Dark No Lights,No Defects,"Two-way, Not Divided",Ice,Sleet,Six o'clock,Passenger Car,Functional,N,Moving Constant Speed,2015-02-14 22:07,43,38.86405495,-76.89504862
2104,N,Apparently Normal,No Misuse,N,No Injury,324f69c2-94ab-451e-ab43-b6e36834cd6d,D,DA39060005,Shoulder/Lap Belt(s),M,9898fb53-5cc5-4ffe-a0a1-bd37e1887674,Same Direction Rear End,N,Intersection Related,Left Turn Lane,Dark No Lights,No Defects,"Two-way, Not Divided",Ice,Sleet,One o'clock,Passenger Car,Functional,N,Moving Constant Speed,2015-02-14 22:07,43,38.86405495,-76.89504862
2105,N,Apparently Normal,No Misuse,N,No Injury,78414c4f-5f01-443b-9961-02a8b936d077,D,DA39060005,Shoulder/Lap Belt(s),M,2eb7b656-8f6f-486c-8459-92f648577c5d,Same Direction Rear End,N,Intersection Related,Left Turn Lane,Dark No Lights,No Defects,"Two-way, Not Divided",Ice,Sleet,Eleven o'clock,Passenger Car,Functional,N,Moving Constant Speed,2015-02-14 22:07,27,38.86405495,-76.89504862
2106,N,Apparently Normal,No Misuse,N,No Injury,65583dce-4f92-4fdf-81a8-42ecc1d8d898,D,DA39060005,Shoulder/Lap Belt(s),M,20a0c6c7-c366-4f93-a31a-f624d570ea62,Same Direction Rear End,N,Intersection Related,Left Turn Lane,Dark No Lights,No Defects,"Two-way, Not Divided",Ice,Sleet,Twelve o'clock,Pickup Truck,Functional,N,Moving Constant Speed,2015-02-14 22:07,24,38.86405495,-76.89504862
2107,N,Apparently Normal,No Misuse,N,No Injury,215f6e5b-e704-47f8-94b4-90bfb4ac3db0,D,DA39060005,Shoulder/Lap Belt(s),M,b59fdf88-e45d-4a02-b87e-2922e1915806,Same Direction Rear End,N,Intersection Related,Left Turn Lane,Dark No Lights,No Defects,"Two-way, Not Divided",Ice,Sleet,Twelve o'clock,Passenger Car,Functional,N,Moving Constant Speed,2015-02-14 22:07,21,38.86405495,-76.89504862
2108,N,Apparently Normal,No Misuse,Y,No Injury,d223e878-be89-45db-8206-8019db74f794,D,DA39060005,Shoulder/Lap Belt(s),M,e33fc1f5-d046-4e96-896f-8a82e89814b1,Same Direction Rear End,N,Intersection Related,Left Turn Lane,Dark No Lights,No Defects,"Two-way, Not Divided",Ice,Sleet,Four o'clock,Passenger Car,Functional,N,Slowing or Stopping,2015-02-14 22:07,37,38.86405495,-76.89504862
2109,N,Apparently Normal,No Misuse,N,No Injury,415163d1-6fce-4597-a789-e617b1d489d1,D,DA39060006,Shoulder/Lap Belt(s),F,80913022-aac0-4c9c-99ed-7eb0d5598ab4,Same Direction Rear End,N,Intersection,Left Turn Lane,Dark Lights On,No Defects,"Two-way, Divided, Unprotected (painted >4 feet) Median",Dry,Clear,Six o'clock,Passenger Car,Functional,N,Stopped in Traffic Lane,2015-02-15 22:56,27,38.84555708,-76.89162612
2110,N,Apparently Normal,No Misuse,N,Possible Incapacitating Injury,e24ea1ba-ec19-42cb-90ad-9c50b554f783,D,DA39060006,Shoulder/Lap Belt(s),M,3a262d18-b8cb-4920-8cd7-6c29ae497024,Same Direction Rear End,N,Intersection,Left Turn Lane,Dark Lights On,No Defects,"Two-way, Divided, Unprotected (painted >4 feet) Median",Dry,Clear,Six o'clock,Passenger Car,Disabling,N,Slowing or Stopping,2015-02-15 22:56,54,38.84555708,-76.89162612
2111,N,Apparently Normal,No Misuse,Y,Possible Incapacitating Injury,9b72056f-c2c7-45a6-acfc-ad3d4c7971a1,D,DA39060006,Shoulder/Lap Belt(s),M,25b8028f-468a-4120-ac32-2cf2398cc0c7,Same Direction Rear End,N,Intersection,Left Turn Lane,Dark Lights On,No Defects,"Two-way, Divided, Unprotected (painted >4 feet) Median",Dry,Clear,Twelve o'clock,(Sport) Utility Vehicle,Disabling,N,Moving Constant Speed,2015-02-15 22:56,51,38.84555708,-76.89162612
2112,Y,Apparently Normal,No Misuse,N,No Injury,7ccc51dc-aeb7-4955-b889-eb95fa678783,D,DA39060009,Shoulder/Lap Belt(s),F,976356d9-02e2-4c56-b6c4-ea34f03df9e5,Same Direction Sideswipe,N,Intersection Related,Left Turn Lane,Daylight,No Defects,"Two-way, Divided, Positive Median Barrier",Dry,Clear,Nine o'clock,School Bus,Functional,N,Moving Constant Speed,2015-02-24 14:09,58,38.85279305,-76.91162467
2113,N,Apparently Normal,No Misuse,Y,No Injury,19fa510b-4638-42f6-814c-d1f845729e79,D,DA39060009,Shoulder/Lap Belt(s),F,1da560c1-0164-402e-8b22-1751dbdf679c,Same Direction Sideswipe,N,Intersection Related,Left Turn Lane,Daylight,No Defects,"Two-way, Divided, Positive Median Barrier",Dry,Clear,Two o'clock,Van,Functional,N,Moving Constant Speed,2015-02-24 14:09,53,38.85279305,-76.91162467
2114,N,Apparently Normal,No Misuse,N,No Injury,e358166f-18fe-4e91-bfac-a4157189724c,D,DA3906000C,Shoulder/Lap Belt(s),F,bc3e9972-b6df-40f5-81bb-b8e06068497d,Same Direction Rear End,N,Non Intersection,Right Turn Lane,Dark - Unknown Lighting,No Defects,"Two-way, Not Divided",Dry,Clear,Six o'clock,Passenger Car,Functional,N,Slowing or Stopping,2015-03-20 22:32,61,38.86471908,-76.91546023
2115,N,Apparently Normal,No Misuse,Y,No Injury,20f30fbd-d6f8-49b5-bd03-fd4b06b408b3,D,DA3906000C,Shoulder/Lap Belt(s),M,99ef46ed-ff2a-4b3a-aef4-225aebc3b5aa,Same Direction Rear End,N,Non Intersection,Right Turn Lane,Dark - Unknown Lighting,No Defects,"Two-way, Not Divided",Dry,Clear,One o'clock,Passenger Car,Functional,Y,Changing Lanes,2015-03-20 22:32,50,38.86471908,-76.91546023
2116,N,Apparently Normal,No Misuse,N,No Injury,877f64e8-1f20-49bb-bf49-2fb34835ae5c,D,DA3906000D,Shoulder/Lap Belt(s),F,fe4d5313-3803-4fd4-aa39-9cf9a77d487e,Head On,N,Intersection Related,Right Turn Lane,Dark Lights On,No Defects,"Two-way, Divided, Positive Median Barrier",Dry,Clear,Twelve o'clock,Van,Functional,N,Stopped in Traffic Lane,2015-03-28 06:00,42,38.85292673,-76.90963984
2117,N,Apparently Normal,No Misuse,N,No Injury,06c69539-cc93-43dc-bbe6-6a402b4c69f6,D,DA39110007,Shoulder/Lap Belt(s),F,853ad03e-91da-4c91-b23a-9e13caed0225,Same Direction Left Turn,N,Intersection,Left Turn Lane,Dark Lights On,No Defects,"Two-way, Divided, Positive Median Barrier",Dry,Clear,Three o'clock,Passenger Car,Functional,N,Stopped in Traffic Lane,2015-02-11 21:33,48,38.92789576,-76.89164758
2118,N,Apparently Normal,No Misuse,Y,No Injury,cac92e12-bcf8-49fb-b2c7-d33f354219e6,D,DA39110007,Shoulder/Lap Belt(s),M,a2be0e12-2c43-4092-9ee2-8fdb6d46f1b4,Same Direction Left Turn,N,Intersection,Left Turn Lane,Dark Lights On,No Defects,"Two-way, Divided, Positive Median Barrier",Dry,Clear,Twelve o'clock,Passenger Car,Disabling,N,Moving Constant Speed,2015-02-11 21:33,23,38.92789576,-76.89164758
2119,N,Apparently Normal,No Misuse,Y,No Injury,fe8ae28b-53e7-4437-ab36-326595ecd491,D,DA39120001,Shoulder/Lap Belt(s),F,d75019f1-5183-4387-a82f-5312a8acb10a,Same Movement Angle,N,Intersection,Left Turn Lane,Daylight,No Defects,"Two-way, Not Divided",Dry,Clear,Eleven o'clock,Passenger Car,Disabling,N,Making Left Turn,2015-02-28 13:08,20,38.8128273,-76.82486057
2120,N,Apparently Normal,No Misuse,N,No Injury,a6b81ac7-f088-44fd-8613-423d012878cd,D,DA39120001,Shoulder/Lap Belt(s),M,611c35f4-0a6d-49fc-bca3-4e625b215013,Same Movement Angle,N,Intersection,Left Turn Lane,Daylight,No Defects,"Two-way, Not Divided",Dry,Clear,Twelve o'clock,Passenger Car,Disabling,N,Moving Constant Speed,2015-02-28 13:08,36,38.8128273,-76.82486057
2121,N,Apparently Normal,No Misuse,N,No Injury,2938299c-73e4-4915-882a-0d2067cf4196,D,DA39170004,Shoulder/Lap Belt(s),F,ded89744-8e97-40d4-84dd-7ad199d487b7,Same Direction Both Left Turn,N,Intersection,Right Turn Lane,Daylight,No Defects,"Two-way, Divided, Positive Median Barrier",Dry,Clear,One o'clock,Transit Bus,Superficial,N,Moving Constant Speed,2015-03-28 13:56,45,39.0471608,-76.93755627
2122,N,Apparently Normal,No Misuse,Y,No Injury,e511b74d-b926-4986-bb4a-91e9ce97203a,D,DA39170004,Shoulder/Lap Belt(s),M,27fc981b-3b96-4437-9fc1-3ae867edbd6d,Same Direction Both Left Turn,N,Intersection,Right Turn Lane,Daylight,No Defects,"Two-way, Divided, Positive Median Barrier",Dry,Clear,Eleven o'clock,Pickup Truck,Superficial,N,Moving Constant Speed,2015-03-28 13:56,43,39.0471608,-76.93755627
2123,N,Apparently Normal,No Misuse,N,No Injury,994651df-1e7e-4fc6-bb6a-00e824aef349,D,DA39180003,Shoulder/Lap Belt(s),F,e8b7254e-1180-406c-9303-02c135615137,Single Vehicle ,N,Intersection,Right Turn Lane,Dark Lights On,No Defects,"Two-way, Divided, Positive Median Barrier",Wet,Raining,Twelve o'clock,Passenger Car,Superficial,N,Accelerating,2015-02-09 18:28,73,38.83795268,-76.95018411
2124,N,Apparently Normal,No Misuse,N,No Injury,b51bf777-25aa-43bd-be59-b81691ff7b38,D,DA39180005,Shoulder/Lap Belt(s),F,405c0a95-667f-4088-9f3d-226e325d4101,Same Direction Rear End,Y,Non Intersection,Acceleration Lane,Daylight,No Defects,"Two-way, Divided, Positive Median Barrier",Dry,Cloudy,Six o'clock,(Sport) Utility Vehicle,Functional,N,Entering Traffic Lane,2015-02-16 11:31,55,38.82202258,-76.92114115
2125,N,Apparently Normal,No Misuse,Y,No Injury,6b7b80ea-5f56-4d23-997a-1c0aad9c19bd,D,DA39180005,Shoulder/Lap Belt(s),M,68affeb6-8712-4b22-a693-3256511eabdd,Same Direction Rear End,Y,Non Intersection,Acceleration Lane,Daylight,No Defects,"Two-way, Divided, Positive Median Barrier",Dry,Cloudy,One o'clock,(Sport) Utility Vehicle,Disabling,N,Accelerating,2015-02-16 11:31,50,38.82202258,-76.92114115
2126,N,Apparently Normal,No Misuse,Y,No Injury,a5455daa-a791-494a-a7a7-a8d78b876d9c,D,DA39210006,Shoulder/Lap Belt(s),F,ed542af2-d1f3-4595-9daa-e8d9b263ea82,Same Direction Rear End,N,Non Intersection,Crossover Area,Dusk,No Defects,"Two-way, Divided, Positive Median Barrier",Dry,Clear,Twelve o'clock,Passenger Car,Superficial,N,Accelerating,2015-03-15 19:05,41,38.88974681,-76.8636024
2127,N,Apparently Normal,No Misuse,Y,No Injury,359e7fa6-7efa-49e2-95d3-fd9f93edcc20,D,DA39250009,Shoulder/Lap Belt(s),F,62e23e25-942a-4ec4-b865-2202b01fbf51,Same Movement Angle,N,Non Intersection,Left Turn Lane,Daylight,No Defects,"Two-way, Not Divided",Dry,Clear,Eleven o'clock,Passenger Car,Superficial,N,Starting From Parked,2015-01-04 09:23,77,38.91416049,-76.86435878
2128,N,Apparently Normal,No Misuse,N,Possible Incapacitating Injury,2e3dda99-fb7d-4974-91fd-64d8815148fb,D,DA39250009,Shoulder/Lap Belt(s),F,ccb13852-0d8d-470f-9f3b-f27b64383c80,Same Movement Angle,N,Non Intersection,Left Turn Lane,Daylight,No Defects,"Two-way, Not Divided",Dry,Clear,Four o'clock,Passenger Car,Disabling,N,Moving Constant Speed,2015-01-04 09:23,41,38.91416049,-76.86435878
2129,N,Apparently Normal,No Misuse,N,No Injury,243b0b7f-d341-4cf7-879a-d759cf303def,D,DA39260005,Shoulder/Lap Belt(s),F,e22f5c9b-7b42-46dc-bf50-5ed86fba794d,Same Direction Rear End,N,Non Intersection,Left Turn Lane,Daylight,No Defects,"Two-way, Divided, Positive Median Barrier",Dry,Clear,Six o'clock,(Sport) Utility Vehicle,Functional,N,Slowing or Stopping,2015-03-24 13:35,51,38.76119468,-76.99360371
2130,N,Apparently Normal,No Misuse,N,No Injury,649da9ff-6388-49b8-b1c4-cef21ed63696,D,DA39260005,Shoulder/Lap Belt(s),F,29408630-734b-4395-ac2b-fa63b66e432c,Same Direction Rear End,N,Non Intersection,Left Turn Lane,Daylight,No Defects,"Two-way, Divided, Positive Median Barrier",Dry,Clear,Six o'clock,Passenger Car,Functional,N,Slowing or Stopping,2015-03-24 13:35,50,38.76119468,-76.99360371
2131,N,Apparently Normal,No Misuse,Y,No Injury,c5150899-2c41-45b1-a8d7-f2e001506ebe,D,DA39260005,Shoulder/Lap Belt(s),F,e3ae4aeb-d4d9-4ab2-8e98-2e39ec0eab8d,Same Direction Rear End,N,Non Intersection,Left Turn Lane,Daylight,No Defects,"Two-way, Divided, Positive Median Barrier",Dry,Clear,Twelve o'clock,Passenger Car,Functional,N,Moving Constant Speed,2015-03-24 13:35,20,38.76119468,-76.99360371
2132,N,Apparently Normal,No Misuse,Y,No Injury,df102b51-ac7b-426b-89fd-112cd590fe56,D,DA39280007,Shoulder/Lap Belt(s),M,d0705356-c5a4-4332-babb-ce6704ea31b7,Same Direction Rear End,N,Intersection Related,Right Turn Lane,Daylight,No Defects,"Two-way, Divided, Unprotected (painted >4 feet) Median",Dry,Clear,Twelve o'clock,Passenger Car,Disabling,N,Slowing or Stopping,2015-03-12 18:42,51,39.03238606,-76.90100312
2133,N,Apparently Normal,No Misuse,Y,No Injury,bda4955e-3c92-4afe-b798-ea46cbb74b8e,D,DA3929000G,Shoulder/Lap Belt(s),F,ec156127-ce2c-4e6a-b15f-39f6211d9d3b,Same Movement Angle,N,Intersection Related,Right Turn Lane,Daylight,No Defects,"Two-way, Not Divided",Dry,Clear,Ten o'clock,Passenger Car,Functional,N,Accelerating,2015-02-02 12:30,21,38.81311154,-76.7500484
2134,N,Apparently Normal,No Misuse,N,No Injury,e8d7c673-bb08-4cf8-ba57-5a66aee0f061,D,DA3929000G,Shoulder/Lap Belt(s),M,bd05cf98-46a5-43a6-a42b-1382ca5aa9cc,Same Movement Angle,N,Intersection Related,Right Turn Lane,Daylight,No Defects,"Two-way, Not Divided",Dry,Clear,Twelve o'clock,Passenger Car,Disabling,N,Moving Constant Speed,2015-02-02 12:30,28,38.81311154,-76.7500484
2135,N,Apparently Normal,No Misuse,N,No Injury,66864ba7-5d5b-4a52-bbeb-82e73780baf4,D,DA3929000K,Shoulder/Lap Belt(s),M,310201d2-9ace-47bd-a4d0-66c97effccc7,Same Direction Rear End Left Turn,N,Intersection Related,Right Turn Lane,Daylight,No Defects,"Two-way, Not Divided",Dry,Clear,Six o'clock,Passenger Car,Functional,N,Making Left Turn,2015-03-28 17:13,31,38.84416997,-76.84668303
2136,N,Apparently Normal,No Misuse,N,No Injury,f82b28cc-4140-442a-adc3-6d2c3c22e918,D,DA3930000B,Shoulder/Lap Belt(s),F,2fee4c72-c3ad-4faa-8798-7e5788a0a789,Same Direction Sideswipe,N,Non Intersection,Acceleration Lane,Dark No Lights,No Defects,"Two-way, Divided, Positive Median Barrier",Ice,Wintry Mix,Ten o'clock,Other Bus,Superficial,N,Moving Constant Speed,2015-02-10 06:00,29,38.91725752,-76.85161829
2137,N,Apparently Normal,No Misuse,N,No Injury,f6111347-5888-4a3d-90ef-3daa09f5b160,D,DA3932000F,Shoulder/Lap Belt(s),F,d89e2793-7645-4e07-af3d-0f0aad402491,Same Movement Angle,N,Intersection,Acceleration Lane,Daylight,No Defects,"Two-way, Divided, Positive Median Barrier",Ice,Cloudy,Twelve o'clock,Passenger Car,Disabling,N,Accelerating,2015-02-21 10:19,34,38.99294249,-76.98652536
2138,N,Apparently Normal,No Misuse,Y,No Injury,13a2f661-54d3-436c-bb46-8e17c9aa8c82,D,DA3932000F,Shoulder/Lap Belt(s),M,cd216536-8cf1-4997-aa55-9cc1c7414c8b,Same Movement Angle,N,Intersection,Acceleration Lane,Daylight,No Defects,"Two-way, Divided, Positive Median Barrier",Ice,Cloudy,Nine o'clock,Passenger Car,Superficial,N,Moving Constant Speed,2015-02-21 10:19,33,38.99294249,-76.98652536
2139,N,Apparently Normal,No Misuse,Y,No Injury,304be8e5-f205-448d-94fa-8019ccbc2843,D,DA39400007,Shoulder/Lap Belt(s),F,694b6da9-808d-4a28-a180-f75d701a13d0,Same Movement Angle,N,Intersection Related,Right Turn Lane,Dark Lights On,No Defects,"Two-way, Divided, Unprotected (painted >4 feet) Median",Dry,Clear,Eleven o'clock,(Sport) Utility Vehicle,Disabling,N,Accelerating,2015-01-16 18:29,49,38.79386456,-76.92860842
2140,N,Apparently Normal,No Misuse,N,Possible Incapacitating Injury,ddfe6b89-64fa-4e3e-b5c9-088e887574de,D,DA39400007,Shoulder/Lap Belt(s),M,e0197838-3d19-4f03-bf5b-81695b0de658,Same Movement Angle,N,Intersection Related,Right Turn Lane,Dark Lights On,No Defects,"Two-way, Divided, Unprotected (painted >4 feet) Median",Dry,Clear,One o'clock,Passenger Car,Disabling,N,Accelerating,2015-01-16 18:29,35,38.79386456,-76.92860842
2141,N,Apparently Normal,No Misuse,Y,No Injury,678bd9b9-5712-4610-9741-4e71ae1207a2,D,DA3940000F,Shoulder/Lap Belt(s),F,4d661fcb-e739-4b4d-a704-256a9ddf35f6,Same Direction Rear End,N,Non Intersection,Left Turn Lane,Daylight,No Defects,"Two-way, Divided, Positive Median Barrier",Dry,Clear,Twelve o'clock,Passenger Car,Disabling,N,Accelerating,2015-03-18 13:42,65,38.82818275,-76.92830801
2142,N,Apparently Normal,No Misuse,N,No Injury,11e5c725-f713-4e12-a006-0351e2082174,D,DA3940000F,Shoulder/Lap Belt(s),M,b52a25d4-ddd9-4126-b5a1-9192c6397beb,Same Direction Rear End,N,Non Intersection,Left Turn Lane,Daylight,No Defects,"Two-way, Divided, Positive Median Barrier",Dry,Clear,Six o'clock,Passenger Car,Functional,N,Moving Constant Speed,2015-03-18 13:42,76,38.82818275,-76.92830801
2143,N,Apparently Normal,No Misuse,Y,No Injury,efe62fc1-eda9-4b5e-ae9f-de63db22153e,D,DA39410008,Shoulder/Lap Belt(s),F,5f4e9c82-459c-4f07-b9d5-d9f8423f52b0,Same Direction Rear End,N,Intersection Related,Left Turn Lane,Daylight,No Defects,"Two-way, Not Divided",Slush,Wintry Mix,Six o'clock,Police Vehicle/Emergency,Superficial,N,Backing,2015-03-01 09:00,52,39.0763845,-76.86887026
2144,N,Apparently Normal,No Misuse,N,No Injury,17390c5f-6f23-48a9-b85c-4f44cf5e3f13,D,DA39430008,Shoulder/Lap Belt(s),F,1464b754-aac0-496f-888e-fe03b4bf1072,Angle Meets Right Turn,N,Non Intersection,Right Turn Lane,Daylight,No Defects,"Two-way, Divided, Positive Median Barrier",Dry,Clear,Twelve o'clock,Passenger Car,Disabling,N,Moving Constant Speed,2015-01-30 16:35,28,38.91566311,-76.83152318
2145,N,Apparently Normal,No Misuse,Y,No Injury,afff64bc-2510-4793-833d-001c54cc7930,D,DA39430008,Shoulder/Lap Belt(s),M,492bad4c-bbfe-4496-b66d-fdd9449d520d,Angle Meets Right Turn,N,Non Intersection,Right Turn Lane,Daylight,No Defects,"Two-way, Divided, Positive Median Barrier",Dry,Clear,Eleven o'clock,Passenger Car,Functional,N,Making Left Turn,2015-01-30 16:35,61,38.91566311,-76.83152318
2146,N,Apparently Normal,No Misuse,N,No Injury,08323575-a015-47c2-8c0e-a9ffef2c3b15,D,DA3949000G,Shoulder/Lap Belt(s),F,b2e01c42-f115-4701-9eb8-3f7f214933fb,Same Direction Sideswipe,N,Non Intersection,Right Turn Lane,Daylight,No Defects,"Two-way, Divided, Positive Median Barrier",Dry,Clear,Three o'clock,Passenger Car,Superficial,N,Stopped in Traffic Lane,2015-03-28 12:25,30,38.91810689,-76.85988754
2147,N,Apparently Normal,No Misuse,N,No Injury,20ca3934-c404-478f-ba99-40a3220bb2da,D,DA39520005,Shoulder/Lap Belt(s),F,03c45019-7de7-4281-b205-d2fbcad7ece8,Same Movement Angle,N,Intersection,Left Turn Lane,Daylight,No Defects,"Two-way, Not Divided",Dry,Clear,Twelve o'clock,Van,Functional,N,Stopped in Traffic Lane,2015-01-29 07:40,36,38.91731596,-76.88824654
2148,N,Apparently Normal,No Misuse,Y,Possible Incapacitating Injury,acbc985b-e628-4de3-8044-97decd7e3b2b,D,DA39520005,Shoulder/Lap Belt(s),F,57025f9e-e692-4b42-a463-b32ec785e51a,Same Movement Angle,N,Intersection,Left Turn Lane,Daylight,No Defects,"Two-way, Not Divided",Dry,Clear,Twelve o'clock,Passenger Car,Disabling,N,Moving Constant Speed,2015-01-29 07:40,18,38.91731596,-76.88824654
2149,N,Apparently Normal,No Misuse,N,No Injury,e36242ea-6511-4a21-89f2-1696b5079f37,D,DA39520005,Shoulder/Lap Belt(s),M,2c39a840-8da5-4ffc-8b88-7db237703709,Same Movement Angle,N,Intersection,Left Turn Lane,Daylight,No Defects,"Two-way, Not Divided",Dry,Clear,Four o'clock,Passenger Car,Disabling,N,Leaving Traffic Lane,2015-01-29 07:40,37,38.91731596,-76.88824654
2150,N,Apparently Normal,No Misuse,N,No Injury,095ba03d-60f8-4dbf-8f13-10f10e49c6df,D,DA39540006,Shoulder/Lap Belt(s),F,30a90a6a-a70c-4414-b950-a4dcf0e1a684,Same Direction Rear End,N,Intersection,Acceleration Lane,Daylight,No Defects,"Two-way, Divided, Positive Median Barrier",Ice,Cloudy,Six o'clock,Passenger Car,Functional,N,Slowing or Stopping,2015-02-25 07:54,39,39.05840019,-76.83966637
2151,N,Apparently Normal,No Misuse,N,No Injury,3a6e1fdd-6888-4108-932c-d2e3f6b16fa6,D,DA39540006,Shoulder/Lap Belt(s),M,cd614b6d-ba23-4adb-a333-2b44dc3c4e49,Same Direction Rear End,N,Intersection,Acceleration Lane,Daylight,No Defects,"Two-way, Divided, Positive Median Barrier",Ice,Cloudy,Six o'clock,Van,Superficial,N,Stopped in Traffic Lane,2015-02-25 07:54,29,39.05840019,-76.83966637
2152,N,Apparently Normal,No Misuse,Y,No Injury,58cde0f0-941e-43ef-adb7-8561c77e2f1c,D,DA39540007,Shoulder/Lap Belt(s),F,6844b545-b367-4e78-a516-d763d15fd231,Same Direction Rear End,N,Intersection,Right Turn Lane,Daylight,No Defects,"Two-way, Divided, Unprotected (painted >4 feet) Median",Dry,Clear,Twelve o'clock,Passenger Car,Disabling,N,Moving Constant Speed,2015-03-21 16:22,31,39.0363863,-76.9059062