KEY_INDEX,CDL_FLAG,CONDITION_CODE,EQUIP_PROB_CODE,FAULT_FLAG,INJ_SEVER_CODE,PERSON_ID,PERSON_TYPE,REPORT_NO,SAF_EQUIP_CODE,SEX_CODE,VEHICLE_ID,COLLISION_TYPE_CODE,C_M_ZONE_FLAG,JUNCTION_CODE,LANE_CODE,LIGHT_CODE,RD_COND_CODE,RD_DIV_CODE,SURF_COND_CODE,WEATHER_CODE,AREA_DAMAGED_CODE_MAIN,BODY_TYPE_CODE,DAMAGE_CODE,HIT_AND_RUN_FLAG,MOVEMENT_CODE,TIME,AGE,LATITUDE,LONGITUDE
2153,N,Apparently Normal,No Misuse,Y,No Injury,63f41d96-bc20-453c-8ba0-0c7e6d8976ac,D,DD5529000N,Shoulder/Lap Belt(s),F,e060acbb-d2f0-4393-ae5a-a992f5d990d1,Same Direction Rear End,N,Non Intersection,Acceleration Lane,Daylight,No Defects,"Two-way, Divided, Positive Median Barrier",Dry,Clear,Twelve o'clock,Van,Superficial,N,Slowing or Stopping,2015-03-02 12:48,49,39.08254,-77.15042167
2154,N,Apparently Normal,No Misuse,N,No Injury,4e75c41f-31bc-4610-9720-708f7e89da79,D,DD5529000N,Shoulder/Lap Belt(s),M,34bcb443-891e-4aa1-83d8-7cef5bbd8139,Same Direction Rear End,N,Non Intersection,Acceleration Lane,Daylight,No Defects,"Two-way, Divided, Positive Median Barrier",Dry,Clear,Six o'clock,(Sport) Utility Vehicle,Superficial,N,Slowing or Stopping,2015-03-02 12:48,33,39.08254,-77.15042167
2155,N,Apparently Normal,No Misuse,N,No Injury,bc0b2acc-cba4-4196-bb2b-5c5a268125a8,D,DD5538000H,Shoulder/Lap Belt(s),F,1b1fba81-960b-40d6-b06f-7ae94da4ca18,Same Direction Rear End,N,Non Intersection,Right Turn Lane,Daylight,No Defects,"Two-way, Divided, Unprotected (painted >4 feet) Median",Dry,Clear,Six o'clock,Pickup Truck,Functional,N,Slowing or Stopping,2015-01-13 13:15,34,39.10612,-77.15797667
2156,N,Apparently Normal,No Misuse,Y,No Injury,44d1be9f-7076-4dfa-b749-962d851fc252,D,DD5538000H,Shoulder/Lap Belt(s),F,50e0aba5-329c-4f01-9f24-0585c7c54231,Same Direction Rear End,N,Non Intersection,Right Turn Lane,Daylight,No Defects,"Two-way, Divided, Unprotected (painted >4 feet) Median",Dry,Clear,Twelve o'clock,Passenger Car,Disabling,N,Slowing or Stopping,2015-01-13 13:15,23,39.10612,-77.15797667
2157,N,Apparently Normal,No Misuse,N,No Injury,022857e4-133e-4fa8-8e1b-9adeae77f005,D,DD5538000M,None  ,F,9e1fe7f6-f840-43a6-9dfc-d255711f785b,Head On Left Turn,N,Intersection,Left Turn Lane,Dark Lights On,No Defects,"Two-way, Divided, Positive Median Barrier",Dry,Clear,Twelve o'clock,Van,Disabling,N,Moving Constant Speed,2015-03-02 19:47,56,39.06668667,-77.15309167
2158,N,Apparently Normal,No Misuse,Y,No Injury,b643fc09-58e5-4f64-af4c-88c8ce2b99cf,D,DD5538000M,Shoulder/Lap Belt(s),M,66f69745-d3fa-4d5d-955d-c88082119f45,Head On Left Turn,N,Intersection,Left Turn Lane,Dark Lights On,No Defects,"Two-way, Divided, Positive Median Barrier",Dry,Clear,Twelve o'clock,Passenger Car,Disabling,N,Making Left Turn,2015-03-02 19:47,57,39.06668667,-77.15309167
2159,N,Apparently Normal,No Misuse,Y,No Injury,97c4b07b-85d0-453c-9be2-d449560f4c9b,D,DD55630004,Shoulder/Lap Belt(s),F,e40e507b-8165-4b8e-8f94-37be26afc3e6,Same Direction Sideswipe,N,Non Intersection,Right Turn Lane,Dark Lights On,No Defects,"Two-way, Divided, Positive Median Barrier",Wet,Clear,Eleven o'clock,(Sport) Utility Vehicle,Functional,N,Changing Lanes,2015-02-20 20:19,41,39.07604301,-77.13809967
2160,N,Apparently Normal,No Misuse,N,No Injury,6a2ad44b-6bdd-4999-8319-3d87aa879ee4,D,DD55630004,Shoulder/Lap Belt(s),M,59a1cf04-0e41-43e8-b13c-05ee6038a575,Same Direction Sideswipe,N,Non Intersection,Right Turn Lane,Dark Lights On,No Defects,"Two-way, Divided, Positive Median Barrier",Wet,Clear,One o'clock,Police Vehicle/Non Emergency,Functional,N,Moving Constant Speed,2015-02-20 20:19,32,39.07604301,-77.13809967
2161,N,Apparently Normal,No Misuse,Y,No Injury,3f838cf8-8a5c-4440-8c3b-9d79237582bd,D,DD55670005,Shoulder/Lap Belt(s),F,b73dad16-0c66-4b63-bd81-5c39ff808925,Same Direction Rear End,N,Non Intersection,Right Turn Lane,Dark Lights On,No Defects,"Two-way, Divided, Positive Median Barrier",Wet,Snow,Twelve o'clock,"Other Light Trucks (10,000 lbs (4,536 kg))",Functional,N,Moving Constant Speed,2015-02-18 18:24,37,39.068115,-77.1292
2162,N,Apparently Normal,No Misuse,N,No Injury,8e05c675-fae9-492e-b00a-1d777b5335e0,D,DD55670005,Shoulder/Lap Belt(s),M,e443171c-405a-4711-93d6-7fd39e6701df,Same Direction Rear End,N,Non Intersection,Right Turn Lane,Dark Lights On,No Defects,"Two-way, Divided, Positive Median Barrier",Wet,Snow,Six o'clock,Passenger Car,Functional,N,Stopped in Traffic Lane,2015-02-18 18:24,33,39.068115,-77.1292
2163,N,Apparently Normal,No Misuse,N,No Injury,f30f3405-d2aa-4928-950c-4cce5885c147,D,DD5586000K,Shoulder/Lap Belt(s),F,c1512abf-a362-486f-a285-899df1db57a3,Same Direction Sideswipe,N,Intersection Related,Left Turn Lane,Daylight,No Defects,"Two-way, Divided, Positive Median Barrier",Dry,Clear,One o'clock,Passenger Car,Disabling,N,Moving Constant Speed,2015-02-01 12:41,65,39.079105,-77.142225
2164,N,Apparently Normal,No Misuse,N,No Injury,1870e841-4acd-4d36-bd69-aa5eeca7bde9,D,DD5586000K,Shoulder/Lap Belt(s),M,02bde711-e844-4401-b02c-89f9b731017d,Same Direction Sideswipe,N,Intersection Related,Left Turn Lane,Daylight,No Defects,"Two-way, Divided, Positive Median Barrier",Dry,Clear,Two o'clock,Passenger Car,Disabling,N,Moving Constant Speed,2015-02-01 12:41,61,39.079105,-77.142225
2165,N,Apparently Normal,No Misuse,N,No Injury,6048885e-ca0e-45f3-b0df-b71b00007124,D,DD5593000W,Shoulder/Lap Belt(s),M,6cf7a0dc-797a-4b02-a0f4-2d1388320ae3,Same Direction Sideswipe,N,Non Intersection,Right Turn Lane,Daylight,No Defects,"Two-way, Not Divided",Wet,Raining,Eleven o'clock,(Sport) Utility Vehicle,Superficial,N,Stopped in Traffic Lane,2015-03-03 15:00,47,39.08735,-77.16116833
2166,N,Apparently Normal,No Misuse,N,No Injury,c6acdbcf-2215-4b8b-8080-d81ad842f187,D,DD55950013,Shoulder/Lap Belt(s),F,6d0fe8fb-e1f9-47c6-b713-c646c46721d1,Same Direction Rear End,N,Intersection Related,Right Turn Lane,Daylight,No Defects,"Two-way, Not Divided",Dry,Clear,Six o'clock,Passenger Car,Superficial,N,Stopped in Traffic Lane,2015-03-23 07:35,47,39.07417731,-77.18828917
2167,N,Apparently Normal,No Misuse,Y,No Injury,54870cd3-2445-4039-9981-41aec75e23b4,D,DD55950013,Shoulder/Lap Belt(s),F,288d2bed-7275-4b48-8b96-9a758b2d06b8,Same Direction Rear End,N,Intersection Related,Right Turn Lane,Daylight,No Defects,"Two-way, Not Divided",Dry,Clear,Twelve o'clock,"Other Light Trucks (10,000 lbs (4,536 kg))",Functional,N,Stopped in Traffic Lane,2015-03-23 07:35,18,39.07417731,-77.18828917
2168,N,Apparently Normal,No Misuse,N,No Injury,11f3e516-809a-453f-ab70-a8fd0a636965,D,DD55950013,Shoulder/Lap Belt(s),M,7b77d3b3-3c10-415b-a587-310d73012597,Same Direction Rear End,N,Intersection Related,Right Turn Lane,Daylight,No Defects,"Two-way, Not Divided",Dry,Clear,Six o'clock,Passenger Car,Disabling,N,Stopped in Traffic Lane,2015-03-23 07:35,47,39.07417731,-77.18828917
2169,N,Apparently Normal,No Misuse,N,No Injury,0be60f95-3286-4de8-8649-2c301d2979f9,D,DD55950013,Shoulder/Lap Belt(s),M,3db8942f-1ded-45fa-ad8f-dbca5df59406,Same Direction Rear End,N,Intersection Related,Right Turn Lane,Daylight,No Defects,"Two-way, Not Divided",Dry,Clear,Six o'clock,Passenger Car,Superficial,N,Stopped in Traffic Lane,2015-03-23 07:35,38,39.07417731,-77.18828917
2170,N,Apparently Normal,No Misuse,N,No Injury,bb6907ab-2f6a-4cb2-a720-fc29ff9f98b2,D,DD5604000V,Shoulder/Lap Belt(s),F,402e7d0f-f39a-49c3-826d-6ca51348111e,Head On Left Turn,N,Intersection,Left Turn Lane,Dark Lights On,No Defects,"Two-way, Divided, Positive Median Barrier",Dry,Clear,One o'clock,Passenger Car,Functional,N,Making Left Turn,2015-02-05 06:38,47,39.05852667,-77.11878333
2171,N,Apparently Normal,No Misuse,Y,No Injury,bd307e4c-a483-4c76-842b-a920bcb6e6d8,D,DD5604000V,Shoulder/Lap Belt(s),M,a5695fb4-18f4-4f2f-a650-15fbd810f8cb,Head On Left Turn,N,Intersection,Left Turn Lane,Dark Lights On,No Defects,"Two-way, Divided, Positive Median Barrier",Dry,Clear,Twelve o'clock,Passenger Car,Functional,N,Moving Constant Speed,2015-02-05 06:38,58,39.05852667,-77.11878333
2172,N,Apparently Normal,No Misuse,N,No Injury,9bb2d1fa-0642-4111-9ac2-3ccb1dfa0699,D,DD5604000W,Shoulder/Lap Belt(s),F,b65bc942-d740-4861-9f5c-3bfe70355717,Same Direction Rear End,N,Intersection,Left Turn Lane,Daylight,No Defects,"Two-way, Divided, Positive Median Barrier",Dry,Clear,Six o'clock,Passenger Car,Functional,N,Stopped in Traffic Lane,2015-02-11 15:51,73,39.08461667,-77.14741333
2173,N,Apparently Normal,No Misuse,N,No Injury,f1da5ef6-9288-43c9-8816-ce52c84e3f99,D,DD5604000W,Shoulder/Lap Belt(s),F,c9106d23-b790-4e7d-be3a-4f2f95d8355d,Same Direction Rear End,N,Intersection,Left Turn Lane,Daylight,No Defects,"Two-way, Divided, Positive Median Barrier",Dry,Clear,Twelve o'clock,Passenger Car,Disabling,N,Stopped in Traffic Lane,2015-02-11 15:51,24,39.08461667,-77.14741333
2174,N,Apparently Normal,No Misuse,Y,No Injury,7f7dd0bd-aa84-4576-8230-042f956b35e4,D,DD5604000W,Shoulder/Lap Belt(s),M,6b36d2b5-bc2a-4683-bc5d-de8f5b9f61ef,Same Direction Rear End,N,Intersection,Left Turn Lane,Daylight,No Defects,"Two-way, Divided, Positive Median Barrier",Dry,Clear,Twelve o'clock,Passenger Car,Functional,N,Slowing or Stopping,2015-02-11 15:51,76,39.08461667,-77.14741333
2175,N,Apparently Normal,No Misuse,Y,No Injury,c82389c8-0434-40c6-96c1-fb10168c1053,D,DD5604000X,Shoulder/Lap Belt(s),F,1c39b659-a950-4b6e-9f37-ae6357a1fdc3,Same Direction Rear End,N,Intersection Related,Left Turn Lane,Dark Lights On,No Defects,"Two-way, Divided, Unprotected (painted >4 feet) Median",Snow,Blowing Snow,Twelve o'clock,Passenger Car,Superficial,N,Slowing or Stopping,2015-02-14 19:01,32,39.08867,-77.153625
2176,N,Apparently Normal,No Misuse,N,No Injury,4c7ef962-6b52-46c9-b96c-c65bc5d8573b,D,DD5604000X,Shoulder/Lap Belt(s),M,f63a6066-a1d8-4c04-9a00-79668c04b196,Same Direction Rear End,N,Intersection Related,Left Turn Lane,Dark Lights On,No Defects,"Two-way, Divided, Unprotected (painted >4 feet) Median",Snow,Blowing Snow,Six o'clock,Passenger Car,Superficial,N,Slowing or Stopping,2015-02-14 19:01,39,39.08867,-77.153625
2177,Y,Apparently Normal,No Misuse,Y,No Injury,ea26f41b-7fa4-4609-8ff8-87bc9f346b2e,D,DD5604000Z,Shoulder/Lap Belt(s),F,030aec87-ca08-4520-875e-79278acbb5ea,Opposite Direction Sideswipe,N,Non Intersection,Right Turn Lane,Dark No Lights,No Defects,"Two-way, Divided, Unprotected (painted >4 feet) Median",Dry,Clear,Eleven o'clock,Transit Bus,Superficial,N,Slowing or Stopping,2015-02-24 22:10,55,39.09477667,-77.14931
2178,N,Apparently Normal,No Misuse,N,No Injury,cfc0d255-ed6e-4d6d-a62b-18bea619f2f2,D,DD5604000Z,Shoulder/Lap Belt(s),M,4a83a7e0-c60a-49d1-9fc9-ebd075ddfc0c,Opposite Direction Sideswipe,N,Non Intersection,Right Turn Lane,Dark No Lights,No Defects,"Two-way, Divided, Unprotected (painted >4 feet) Median",Dry,Clear,Eleven o'clock,Passenger Car,Superficial,N,Moving Constant Speed,2015-02-24 22:10,33,39.09477667,-77.14931
2179,N,Apparently Normal,No Misuse,N,No Injury,2d8e2365-5023-414c-800e-762625cb4b91,D,DD5606001T,Shoulder/Lap Belt(s),F,69ecbdaf-b62c-45d9-9545-3f3c44ee3843,Head On Left Turn,N,Intersection,Deceleration Lane,Daylight,No Defects,"Two-way, Divided, Positive Median Barrier",Dry,Clear,Twelve o'clock,(Sport) Utility Vehicle,Disabling,Y,Moving Constant Speed,2015-03-19 08:26,50,39.069835,-77.170085
2180,N,Apparently Normal,No Misuse,N,No Injury,3e5ff479-7c07-4857-8af5-922b73d659d1,D,DD5606001T,Shoulder/Lap Belt(s),M,858285ed-9846-4eac-928f-38a3bfa25ce1,Head On Left Turn,N,Intersection,Deceleration Lane,Daylight,No Defects,"Two-way, Divided, Positive Median Barrier",Dry,Clear,Twelve o'clock,Pickup Truck,Superficial,N,Stopped in Traffic Lane,2015-03-19 08:26,58,39.069835,-77.170085
2181,N,Apparently Normal,No Misuse,Y,No Injury,2073da4b-3fe0-4bdd-906d-93f746dd1026,D,DD5606001T,Shoulder/Lap Belt(s),M,9be235f1-2923-45d3-8850-bb9298a49598,Head On Left Turn,N,Intersection,Deceleration Lane,Daylight,No Defects,"Two-way, Divided, Positive Median Barrier",Dry,Clear,Two o'clock,Passenger Car,Disabling,N,Making Left Turn,2015-03-19 08:26,57,39.069835,-77.170085
2182,N,Apparently Normal,No Misuse,Y,No Injury,585a55f6-f67e-40a9-99dc-775c5fb51f24,D,DE0164000K,Shoulder/Lap Belt(s),F,478f5d72-1ddf-409c-92c2-4010921d322b,Same Direction Rear End,N,Non Intersection,Left Turn Lane,Dark Lights On,No Defects,"Two-way, Divided, Positive Median Barrier",Dry,Clear,Twelve o'clock,"Other Light Trucks (10,000 lbs (4,536 kg))",Destroyed,N,Moving Constant Speed,2015-01-10 18:28,23,38.40356338,-75.5690074
2183,N,Apparently Normal,No Misuse,N,No Injury,54e7c313-8266-427c-9e8f-863d87fefd71,D,DE0164000M,Shoulder/Lap Belt(s),F,c50a9937-e893-425f-a8ce-2c7e927a8796,Same Movement Angle,N,Intersection,Right Turn Lane,Daylight,No Defects,"Two-way, Not Divided",Dry,Clear,Four o'clock,Passenger Car,Functional,N,Moving Constant Speed,2015-01-15 11:40,40,38.35926644,-75.60500264
2184,N,Apparently Normal,No Misuse,N,No Injury,3b0aa770-e718-47ea-b9a2-d8cb4bee79e6,D,DE01830001,Shoulder/Lap Belt(s),F,6a06a00c-2c7e-4dd9-af34-1cdd8962bde9,Same Direction Sideswipe,Y,Intersection Related,Right Turn Lane,Daylight,No Defects,"Two-way, Divided, Positive Median Barrier",Dry,Clear,Three o'clock,(Sport) Utility Vehicle,Functional,N,Moving Constant Speed,2015-03-19 15:15,25,38.36690491,-75.60691237
2185,N,Apparently Normal,No Misuse,Y,No Injury,a69f7909-e140-45ff-ac28-68c759ef1f2c,D,DE01830001,Shoulder/Lap Belt(s),F,c997bafc-cc24-40c3-8d0f-7b4331f3e20f,Same Direction Sideswipe,Y,Intersection Related,Right Turn Lane,Daylight,No Defects,"Two-way, Divided, Positive Median Barrier",Dry,Clear,Nine o'clock,Passenger Car,Functional,Y,Changing Lanes,2015-03-19 15:15,24,38.36690491,-75.60691237
2186,N,Apparently Normal,No Misuse,Y,No Injury,11ed706d-04b5-4504-ba60-0b9dbac74c75,D,DE0196001T,Shoulder/Lap Belt(s),F,28a1aabb-1fd6-4889-8062-23b05e6631fb,Same Movement Angle,N,Intersection,Right Turn Lane,Daylight,No Defects,"Two-way, Not Divided",Dry,Clear,Twelve o'clock,Passenger Car,Functional,N,Moving Constant Speed,2015-02-03 12:39,66,38.37221266,-75.58437109
2187,N,Apparently Normal,No Misuse,N,No Injury,8ce36ad4-68ee-464c-93a2-78e663c31f1c,D,DE0196001T,Shoulder/Lap Belt(s),M,4231a5ad-3721-452a-b74b-25c8b7fb9131,Same Movement Angle,N,Intersection,Right Turn Lane,Daylight,No Defects,"Two-way, Not Divided",Dry,Clear,Nine o'clock,Passenger Car,Functional,N,Moving Constant Speed,2015-02-03 12:39,28,38.37221266,-75.58437109
2188,N,Apparently Normal,No Misuse,Y,No Injury,1f3f9749-1a8d-47b0-8e1e-cc7e307197f5,D,DE1114000K,Shoulder/Lap Belt(s),F,b1867583-a860-4eca-ab3f-b9f174b027de,Same Direction Rear End Right Turn,N,Commercial Driveway,Left Turn Lane,Dark Lights On,No Defects,"Two-way, Divided, Unprotected (painted >4 feet) Median",Wet,Raining,Twelve o'clock,Passenger Car,Disabling,N,Slowing or Stopping,2015-01-18 16:41,26,38.36060468,-75.59714109
2189,N,Apparently Normal,No Misuse,N,No Injury,eb3d6713-0688-44bf-b48b-4f8b1ed4406f,D,DE1114000N,Shoulder/Lap Belt(s),F,c988bf25-ed69-4b9e-b7d2-069acecc0e49,Opposite Direction Sideswipe,N,Non Intersection,Left Turn Lane,Dark Lights On,No Defects,"Two-way, Divided, Unprotected (painted >4 feet) Median",Dry,Clear,Seven o'clock,Passenger Car,Superficial,N,Moving Constant Speed,2015-02-13 18:05,27,38.36727432,-75.56606233
2190,N,Apparently Normal,No Misuse,N,No Injury,c4bb394b-aedd-4c15-acb9-ee9d5ab9d973,D,DE11280008,Shoulder/Lap Belt(s),F,7c294101-5d61-4327-b855-1bb3f0ffa454,Same Direction Rear End,N,Intersection Related,Deceleration Lane,Daylight,No Defects,"Two-way, Divided, Positive Median Barrier",Dry,Clear,Six o'clock,Passenger Car,Superficial,N,Stopped in Traffic Lane,2015-01-08 15:52,48,38.40183137,-75.56953311
2191,N,Apparently Normal,No Misuse,N,No Injury,0471594f-0da1-460c-84d8-6c398e0ae6f3,D,DE11280008,Shoulder/Lap Belt(s),M,c260328b-43b0-43d4-939b-5244b9b6030c,Same Direction Rear End,N,Intersection Related,Deceleration Lane,Daylight,No Defects,"Two-way, Divided, Positive Median Barrier",Dry,Clear,Six o'clock,Passenger Car,Superficial,N,Stopped in Traffic Lane,2015-01-08 15:52,79,38.40183137,-75.56953311
2192,N,Apparently Normal,No Misuse,N,No Injury,8aaa37d0-5b56-4787-b35a-23c1863ca243,D,DE11280008,Shoulder/Lap Belt(s),M,7e329ba5-eb31-4aa9-8130-91f5d078596d,Same Direction Rear End,N,Intersection Related,Deceleration Lane,Daylight,No Defects,"Two-way, Divided, Positive Median Barrier",Dry,Clear,Six o'clock,"Cargo Van/Light Truck 2 axles (10,000 lbs (4,536 kg) or less)",Superficial,N,Stopped in Traffic Lane,2015-01-08 15:52,58,38.40183137,-75.56953311
2193,Y,Apparently Normal,No Misuse,Y,No Injury,47ec4ce5-067c-4423-a687-7ca346eb6716,D,DE11280008,Shoulder/Lap Belt(s),M,c4231556-81d1-4b31-900e-b05890b5e023,Same Direction Rear End,N,Intersection Related,Deceleration Lane,Daylight,No Defects,"Two-way, Divided, Positive Median Barrier",Dry,Clear,Twelve o'clock,"Medium/Heavy Truck 2 axles (10,000 lbs (4,536 kg) or less)",Superficial,N,Slowing or Stopping,2015-01-08 15:52,23,38.40183137,-75.56953311
2194,N,Apparently Normal,No Misuse,Y,No Injury,3b5b76b3-bed8-4b63-b283-9760567aa9ce,D,DE11310005,Shoulder/Lap Belt(s),F,3ac3715a-6121-4ea6-9e16-df846bbf1d25,Same Direction Right Turn,N,Intersection,Left Turn Lane,Daylight,No Defects,"Two-way, Not Divided with a Continuous Left Turn Lane",Ice,Clear,Four o'clock,Passenger Car,Functional,N,Making Right Turn,2015-02-20 10:15,49,38.36314676,-75.59941828
2195,N,Apparently Normal,No Misuse,N,Non-incapacitating Injury,6354ed34-c498-43e4-bcdd-87dc136dccd6,D,DE11310005,Shoulder/Lap Belt(s),M,ff2ac407-3642-4611-a1e0-21a815172e9e,Same Direction Right Turn,N,Intersection,Left Turn Lane,Daylight,No Defects,"Two-way, Not Divided with a Continuous Left Turn Lane",Ice,Clear,Eleven o'clock,Pickup Truck,Superficial,N,Moving Constant Speed,2015-02-20 10:15,61,38.36314676,-75.59941828
2196,N,Apparently Normal,No Misuse,Y,No Injury,604938d8-0639-4ea5-a3a1-a43e9f6dfd27,D,DE1190000B,Shoulder/Lap Belt(s),F,a55df416-0171-4239-8197-8824329dce28,Same Movement Angle,N,Intersection,Right Turn Lane,Dark Lights On,No Defects,"Two-way, Not Divided",Wet,Raining,Twelve o'clock,(Sport) Utility Vehicle,Functional,N,Moving Constant Speed,2015-01-26 17:27,30,38.36318672,-75.59619427
2197,N,Apparently Normal,No Misuse,N,No Injury,a9d25f8a-d8a9-4870-a820-d2376db669ea,D,DE1193000D,Shoulder/Lap Belt(s),F,be0597e1-0bfe-4f0b-a769-7fb101729f83,Same Direction Rear End,N,Intersection,Right Turn Lane,Daylight,No Defects,"Two-way, Divided, Unprotected (painted >4 feet) Median",Wet,Cloudy,Six o'clock,Passenger Car,No Damage,N,Slowing or Stopping,2015-01-03 10:02,55,38.36065455,-75.59696674
2198,N,Apparently Normal,No Misuse,Y,No Injury,5b56e2a0-b599-4f03-96f2-8318504b7828,D,DE1193000D,Shoulder/Lap Belt(s),F,489c973d-ee44-467b-8e52-de5b95d45be0,Same Direction Rear End,N,Intersection,Right Turn Lane,Daylight,No Defects,"Two-way, Divided, Unprotected (painted >4 feet) Median",Wet,Cloudy,Twelve o'clock,Passenger Car,Functional,N,Slowing or Stopping,2015-01-03 10:02,55,38.36065455,-75.59696674
2199,N,Apparently Normal,No Misuse,Y,No Injury,ae08c700-eb06-4c5f-8713-df03584a3f38,D,DE1193000G,Shoulder/Lap Belt(s),F,0140c63d-ea03-497b-be4f-6881bc0b1767,Same Direction Both Left Turn,N,Intersection,Left Turn Lane,Dark Lights On,No Defects,"Two-way, Not Divided",Dry,Clear,Five o'clock,Passenger Car,Functional,N,Making Left Turn,2015-01-07 18:02,76,38.40998658,-75.56802034
2200,N,Apparently Normal,No Misuse,N,No Injury,d317358e-806b-4860-b155-8c3494f3db8d,D,DE1193000G,Shoulder/Lap Belt(s),M,fd3eba59-4e47-434c-ba92-776505f17dda,Same Direction Both Left Turn,N,Intersection,Left Turn Lane,Dark Lights On,No Defects,"Two-way, Not Divided",Dry,Clear,Eleven o'clock,Pickup Truck,Superficial,N,Making Left Turn,2015-01-07 18:02,46,38.40998658,-75.56802034
2201,N,Apparently Normal,No Misuse,N,No Injury,9daaaff0-9067-4632-8562-e2bb44623c52,D,DE1193000M,Shoulder/Lap Belt(s),F,1d499f51-e45c-4d00-b0f0-7fb6ed0bcc63,Head On Left Turn,N,Intersection,Right Turn Lane,Daylight,No Defects,"Two-way, Not Divided",Dry,Clear,Twelve o'clock,Passenger Car,Superficial,N,Accelerating,2015-03-19 11:27,74,38.34778198,-75.5820322
2202,N,Apparently Normal,No Misuse,Y,No Injury,a6d68e8c-8f4b-4e70-94d5-085b57cc0844,D,DE1193000N,Shoulder/Lap Belt(s),F,1c5469c7-2af7-4815-9105-3995113d8b1c,Same Direction Rear End,N,Commercial Driveway,Right Turn Lane,Daylight,No Defects,"Two-way, Divided, Unprotected (painted >4 feet) Median",Dry,Clear,Twelve o'clock,Passenger Car,Destroyed,N,Slowing or Stopping,2015-03-19 14:39,67,38.34778198,-75.58267593
2203,N,Apparently Normal,No Misuse,N,No Injury,fa55105b-46be-471e-9860-d7962936c468,D,DE1193000N,Shoulder/Lap Belt(s),M,536ebbf0-73e8-4b55-9927-71f2e1c36a17,Same Direction Rear End,N,Commercial Driveway,Right Turn Lane,Daylight,No Defects,"Two-way, Divided, Unprotected (painted >4 feet) Median",Dry,Clear,Six o'clock,Passenger Car,Superficial,N,Slowing or Stopping,2015-03-19 14:39,18,38.34778198,-75.58267593
2204,N,Apparently Normal,No Misuse,Y,No Injury,789b66be-852f-47f1-893e-ce306b3b6ca8,D,DE1193000N,Shoulder/Lap Belt(s),M,06bae9cf-2573-4819-83bf-279e8a9d23b4,Same Direction Rear End,N,Commercial Driveway,Right Turn Lane,Daylight,No Defects,"Two-way, Divided, Unprotected (painted >4 feet) Median",Dry,Clear,Twelve o'clock,Van,Destroyed,N,Moving Constant Speed,2015-03-19 14:39,79,38.34778198,-75.58267593
2205,N,Apparently Normal,No Misuse,N,Possible Incapacitating Injury,9b8ad249-e52d-48bf-8e9a-04e404dec449,D,DE1193000P,Shoulder/Lap Belt(s),F,e6b37e93-ae8c-4c65-a9e9-7926a0cad8b5,Same Direction Rear End,N,Intersection,Left Turn Lane,Daylight,No Defects,"Two-way, Not Divided",Dry,Clear,Six o'clock,Passenger Car,Superficial,N,Stopped in Traffic Lane,2015-03-19 17:34,78,38.36028439,-75.59548616
2206,N,Apparently Normal,No Misuse,N,No Injury,e12d8a86-d443-40bd-9e2a-4b1274acb80b,D,DE21520008,Shoulder/Lap Belt(s),F,bc6b65b5-ad5e-4795-a9ce-f00af7fbe0d4,Same Movement Angle,N,Non Intersection,Right Turn Lane,Daylight,No Defects,"Two-way, Not Divided",Dry,Clear,Twelve o'clock,Passenger Car,Superficial,N,Moving Constant Speed,2015-01-06 08:14,28,38.35514823,-75.58824956
2207,N,Apparently Normal,No Misuse,Y,No Injury,c236d3f9-f420-4d9d-a0e4-5074f9531290,D,DE21520008,Shoulder/Lap Belt(s),F,6dbef4b8-b297-4a26-bcd8-7c51d4436176,Same Movement Angle,N,Non Intersection,Right Turn Lane,Daylight,No Defects,"Two-way, Not Divided",Dry,Clear,Twelve o'clock,Passenger Car,Superficial,N,Starting From Lane,2015-01-06 08:14,35,38.35514823,-75.58824956
2208,N,Apparently Normal,No Misuse,N,No Injury,4f115942-3995-42e7-899d-9ee7bb281ad8,D,DE21580005,Shoulder/Lap Belt(s),F,6af85a59-d227-49b8-a2c4-10b51b650129,Same Movement Angle,N,Intersection Related,Right Turn Lane,Daylight,No Defects,"Two-way, Divided, Positive Median Barrier",Dry,Cloudy,Twelve o'clock,Passenger Car,Functional,N,Moving Constant Speed,2015-01-20 14:39,64,38.36904993,-75.58104515
2209,N,Apparently Normal,No Misuse,Y,Possible Incapacitating Injury,08b92698-789b-4fab-873a-dd39a5f495aa,D,DE21580005,Shoulder/Lap Belt(s),M,bcec5dde-297d-4581-a294-c4e9208524ad,Same Movement Angle,N,Intersection Related,Right Turn Lane,Daylight,No Defects,"Two-way, Divided, Positive Median Barrier",Dry,Cloudy,Two o'clock,(Sport) Utility Vehicle,Functional,N,Moving Constant Speed,2015-01-20 14:39,69,38.36904993,-75.58104515
2210,N,Apparently Normal,No Misuse,N,No Injury,e67c1cb3-fb39-4130-9d42-c65df2f68d89,D,DE21580006,Shoulder/Lap Belt(s),F,43c23d4e-9ef5-4766-9eb6-76ce98837d50,Head On Left Turn,N,Intersection,Left Turn Lane,Dark Lights On,No Defects,"Two-way, Not Divided",Dry,Clear,Eleven o'clock,(Sport) Utility Vehicle,Superficial,N,Moving Constant Speed,2015-02-06 18:36,50,38.34843828,-75.60121536