KEY_INDEX,CDL_FLAG,CONDITION_CODE,EQUIP_PROB_CODE,FAULT_FLAG,INJ_SEVER_CODE,PERSON_ID,PERSON_TYPE,REPORT_NO,SAF_EQUIP_CODE,SEX_CODE,VEHICLE_ID,COLLISION_TYPE_CODE,C_M_ZONE_FLAG,JUNCTION_CODE,LANE_CODE,LIGHT_CODE,RD_COND_CODE,RD_DIV_CODE,SURF_COND_CODE,WEATHER_CODE,AREA_DAMAGED_CODE_MAIN,BODY_TYPE_CODE,DAMAGE_CODE,HIT_AND_RUN_FLAG,MOVEMENT_CODE,TIME,AGE,LATITUDE,LONGITUDE
2211,N,Apparently Normal,No Misuse,Y,No Injury,974b300b-527c-4d6d-872d-a5f6e9365222,D,DE21580006,Shoulder/Lap Belt(s),F,421dd76e-7962-4db4-905f-63cdafbb2576,Head On Left Turn,N,Intersection,Left Turn Lane,Dark Lights On,No Defects,"Two-way, Not Divided",Dry,Clear,Twelve o'clock,Passenger Car,Disabling,N,Making Left Turn,2015-02-06 18:36,17,38.34843828,-75.60121536
2212,N,Apparently Normal,No Misuse,Y,No Injury,84cf5c95-60e6-4d36-8fb6-fcb33088f374,D,DE2182000F,Shoulder/Lap Belt(s),F,301d4a6d-16ea-4f99-9aa9-10a83e032217,Same Direction Rear End,N,Intersection Related,Right Turn Lane,Daylight,No Defects,"Two-way, Not Divided",Dry,Clear,Twelve o'clock,(Sport) Utility Vehicle,Superficial,N,Slowing or Stopping,2015-01-28 14:08,38,38.36902206,-75.61617672
2213,N,Apparently Normal,No Misuse,N,Non-incapacitating Injury,044ba28a-984e-48ca-ba8f-dd0a61928fe4,D,DE2182000F,Shoulder/Lap Belt(s),F,1907e747-4fa2-4b72-93ee-6f7699e19c5c,Same Direction Rear End,N,Intersection Related,Right Turn Lane,Daylight,No Defects,"Two-way, Not Divided",Dry,Clear,Six o'clock,(Sport) Utility Vehicle,Superficial,N,Stopped in Traffic Lane,2015-01-28 14:08,25,38.36902206,-75.61617672
2214,N,Apparently Normal,No Misuse,Y,No Injury,1e3ab9e8-623c-4a76-9587-cb46b8200996,D,DE2182000G,Shoulder/Lap Belt(s),F,1bf45dd7-95d5-44e6-9679-27b4cdc87741,Same Movement Angle,N,Intersection,Left Turn Lane,Daylight,No Defects,"Two-way, Divided, Positive Median Barrier",Dry,Clear,One o'clock,Passenger Car,Disabling,N,Accelerating,2015-01-28 15:13,17,38.36790172,-75.58817714
2215,N,Apparently Normal,No Misuse,N,Non-incapacitating Injury,68af3882-fa0e-4103-bca0-03b43574fe09,D,DE2182000G,Shoulder/Lap Belt(s),F,6e9040b8-b767-4f74-8add-4bcee1e48613,Same Movement Angle,N,Intersection,Left Turn Lane,Daylight,No Defects,"Two-way, Divided, Positive Median Barrier",Dry,Clear,Eleven o'clock,Passenger Car,Disabling,N,Moving Constant Speed,2015-01-28 15:13,31,38.36790172,-75.58817714
2216,N,Apparently Normal,No Misuse,Y,No Injury,73e8a6ad-339d-4ce9-baba-612abe316623,D,DE2182000L,Shoulder/Lap Belt(s),F,9b00a620-533d-4d26-8c34-07d8295931e4,Same Direction Rear End,N,Intersection,Right Turn Lane,Dawn,No Defects,"Two-way, Not Divided",Wet,Raining,Six o'clock,(Sport) Utility Vehicle,No Damage,N,Stopped in Traffic Lane,2015-03-30 07:45,62,38.36952414,-75.61435148
2217,N,Apparently Normal,No Misuse,N,No Injury,cc527613-caed-4eb7-aff1-e2ec2d57604b,D,DE2182000L,Shoulder/Lap Belt(s),M,04bb3c1b-d2e8-48f3-9a2c-933919f02f85,Same Direction Rear End,N,Intersection,Right Turn Lane,Dawn,No Defects,"Two-way, Not Divided",Wet,Raining,Twelve o'clock,School Bus,No Damage,N,Stopped in Traffic Lane,2015-03-30 07:45,71,38.36952414,-75.61435148
2218,N,Apparently Normal,No Misuse,Y,No Injury,9755f221-a377-451f-82f4-b70d35a6bafb,D,DE2184000G,Shoulder/Lap Belt(s),F,230792e3-2a35-4671-9673-36af478abc8e,Single Vehicle ,N,Intersection,Right Turn Lane,Dusk,No Defects,"Two-way, Not Divided",Ice,Clear,Twelve o'clock,Passenger Car,Functional,N,Skidding,2015-02-20 17:40,26,38.34979294,-75.59197783
2219,N,Apparently Normal,No Misuse,Y,No Injury,0a781ce4-153e-484b-b8e3-2f60ebfb0bb4,D,DE21890005,Shoulder/Lap Belt(s),F,30ae73f3-78ef-4503-93ae-3906c26b75e3,Same Direction Rear End,N,Intersection Related,Acceleration Lane,Daylight,No Defects,"Two-way, Not Divided",Dry,Clear,Twelve o'clock,Passenger Car,Disabling,N,Moving Constant Speed,2015-01-30 16:26,21,38.36294276,-75.59623718
2220,N,Apparently Normal,No Misuse,N,No Injury,63b41728-eeb4-4aeb-a961-4419a3b4e68f,D,DE21890005,Shoulder/Lap Belt(s),M,98e2658c-ba88-41ff-8bc4-defda7680a06,Same Direction Rear End,N,Intersection Related,Acceleration Lane,Daylight,No Defects,"Two-way, Not Divided",Dry,Clear,Six o'clock,Passenger Car,Superficial,N,Stopped in Traffic Lane,2015-01-30 16:26,51,38.36294276,-75.59623718
2221,N,Apparently Normal,No Misuse,Y,No Injury,f50c3ee5-fda9-4f9b-a212-c830dcfb2169,D,DE3111000K,Shoulder/Lap Belt(s),F,1062b309-ab8e-4ae5-b26c-318603c26b64,Same Movement Angle,N,Intersection,Right Turn Lane,Daylight,No Defects,"Two-way, Not Divided",Dry,Clear,Twelve o'clock,Passenger Car,Disabling,N,Moving Constant Speed,2015-01-17 09:27,80,38.36641491,-75.56640029
2222,N,Apparently Normal,No Misuse,N,Possible Incapacitating Injury,df0249da-73ae-4575-911f-2eca652a469f,D,DE3111000K,Shoulder/Lap Belt(s),F,4dc6801c-cb39-4551-871e-c14b8c5e5791,Same Movement Angle,N,Intersection,Right Turn Lane,Daylight,No Defects,"Two-way, Not Divided",Dry,Clear,Three o'clock,Passenger Car,Disabling,N,Accelerating,2015-01-17 09:27,43,38.36641491,-75.56640029
2223,N,Apparently Normal,No Misuse,N,No Injury,57537226-83e7-42d2-b1e3-c1e830b9be88,D,DE31130009,Shoulder/Lap Belt(s),F,27599f53-d52b-451a-b43d-7cad76d1876a,Head On Left Turn,N,Non Intersection,Right Turn Lane,Daylight,"Holes, Ruts, Etc.","Two-way, Not Divided",Wet,Raining,One o'clock,Pickup Truck,Superficial,N,Moving Constant Speed,2015-03-04 12:36,50,38.36360734,-75.61141849
2224,N,Apparently Normal,No Misuse,Y,No Injury,0db34924-c38b-4203-a711-d38131255ec0,D,DE31130009,Shoulder/Lap Belt(s),M,3725c5e6-feb8-4c23-a696-f6561c9bc592,Head On Left Turn,N,Non Intersection,Right Turn Lane,Daylight,"Holes, Ruts, Etc.","Two-way, Not Divided",Wet,Raining,Two o'clock,(Sport) Utility Vehicle,Functional,N,Moving Constant Speed,2015-03-04 12:36,60,38.36360734,-75.61141849
2225,N,Apparently Normal,No Misuse,N,No Injury,90373ca0-abc4-4ebe-a43a-83ccb0cab677,D,DE3115000K,Shoulder/Lap Belt(s),F,633a627f-a794-4045-88a7-c5914a171a12,Same Movement Angle,N,Intersection,Left Turn Lane,Dark Lights On,No Defects,"Two-way, Not Divided",Wet,Raining,Twelve o'clock,Passenger Car,Disabling,N,Moving Constant Speed,2015-01-12 18:38,21,38.36317831,-75.59610844
2226,N,Apparently Normal,No Misuse,Y,Possible Incapacitating Injury,9e656964-7cdd-4620-865b-7ef7791dc20c,D,DE3115000K,Shoulder/Lap Belt(s),F,78c4e898-b5b2-4ac8-a03a-8577fc4783d3,Same Movement Angle,N,Intersection,Left Turn Lane,Dark Lights On,No Defects,"Two-way, Not Divided",Wet,Raining,Two o'clock,Passenger Car,Disabling,N,Making Left Turn,2015-01-12 18:38,44,38.36317831,-75.59610844
2227,N,Apparently Normal,No Misuse,Y,No Injury,b83abcf6-b578-44f0-99f7-bcd60b9bd12b,D,DE3115000L,Shoulder/Lap Belt(s),F,b28700f1-a380-48aa-915e-79f625935b12,Same Direction Sideswipe,N,Intersection Related,Right Turn Lane,Dark Lights On,No Defects,"Two-way, Divided, Positive Median Barrier",Dry,Clear,Twelve o'clock,Station Wagon,Disabling,N,Changing Lanes,2015-02-14 19:38,52,38.40985207,-75.56784868
2228,N,Apparently Normal,No Misuse,N,No Injury,43c8d46b-13ad-46e0-941e-66fad752a0e9,D,DE3115000L,Shoulder/Lap Belt(s),M,4f942687-4e3c-4911-a358-dfbcb4288f9d,Same Direction Sideswipe,N,Intersection Related,Right Turn Lane,Dark Lights On,No Defects,"Two-way, Divided, Positive Median Barrier",Dry,Clear,Six o'clock,(Sport) Utility Vehicle,Superficial,N,Stopped in Traffic Lane,2015-02-14 19:38,51,38.40985207,-75.56784868
2229,N,Apparently Normal,No Misuse,N,No Injury,bf5d425c-bf62-4540-bbb6-17df9bf0d54b,D,DE3115000L,Shoulder/Lap Belt(s),M,80d6141d-52cd-43e6-9bea-52228481f342,Same Direction Sideswipe,N,Intersection Related,Right Turn Lane,Dark Lights On,No Defects,"Two-way, Divided, Positive Median Barrier",Dry,Clear,Six o'clock,Passenger Car,Disabling,N,Stopped in Traffic Lane,2015-02-14 19:38,21,38.40985207,-75.56784868
2230,N,Apparently Normal,No Misuse,Y,No Injury,7046c00c-0c01-4d03-8a36-651cf9d5651e,D,DE3160000R,Shoulder/Lap Belt(s),F,e6241eb5-4be4-420f-a3b9-bfaf804c83e1,Same Direction Rear End,N,Intersection,Right Turn Lane,Daylight,No Defects,"Two-way, Not Divided",Dry,Clear,Twelve o'clock,Passenger Car,Superficial,N,Right Turn on Red,2015-01-02 07:36,49,38.36583658,-75.59552908
2231,N,Apparently Normal,No Misuse,Y,No Injury,3fa1c5de-0837-4b87-8c7f-6aa1bffd8cda,D,DE3160000T,Shoulder/Lap Belt(s),F,61e73e31-8a7e-4b19-a81a-2eeb1548bb50,Same Direction Rear End,N,Intersection,Left Turn Lane,Daylight,No Defects,"Two-way, Not Divided",Dry,Clear,Twelve o'clock,Van,Superficial,N,Slowing or Stopping,2015-01-27 13:57,26,38.34860657,-75.60206831
2232,N,Apparently Normal,No Misuse,N,Possible Incapacitating Injury,b876f4d0-5196-437f-a79a-8fe22fa35a07,D,DE3160000T,Shoulder/Lap Belt(s),F,65ea1a63-684e-4403-b6fa-bafceb8c61a6,Same Direction Rear End,N,Intersection,Left Turn Lane,Daylight,No Defects,"Two-way, Not Divided",Dry,Clear,Six o'clock,Passenger Car,Superficial,N,Slowing or Stopping,2015-01-27 13:57,25,38.34860657,-75.60206831
2233,N,Apparently Normal,No Misuse,N,No Injury,d89e065d-e0a2-45da-ac1d-777b06064770,D,DE3160000V,Shoulder/Lap Belt(s),F,b003e0bb-89f8-4f74-922e-fa228e7333c3,Single Vehicle ,N,Non Intersection,Right Turn Lane,Dark Lights On,No Defects,"Two-way, Not Divided",Wet,Raining,Twelve o'clock,Passenger Car,No Damage,N,Moving Constant Speed,2015-02-10 01:52,24,38.36920134,-75.60945913
2234,N,Apparently Normal,No Misuse,N,No Injury,09e9b517-ac41-4a1c-810c-c9eae411fd24,D,DE31770009,Shoulder/Lap Belt(s),F,671d3619-f9c4-487e-b763-868009322e55,Same Direction Sideswipe,N,Intersection Related,Right Turn Lane,Daylight,No Defects,"Two-way, Not Divided",Dry,Clear,Six o'clock,Passenger Car,Superficial,N,Stopped in Traffic Lane,2015-02-24 12:37,81,38.36769773,-75.61762378
2235,N,Apparently Normal,No Misuse,Y,No Injury,7ccc4b5e-9f9d-41da-817c-c9254fc7b099,D,DE31770009,Shoulder/Lap Belt(s),M,95a4d9c2-b412-4fd0-9b8a-f10f3b7b68f2,Same Direction Sideswipe,N,Intersection Related,Right Turn Lane,Daylight,No Defects,"Two-way, Not Divided",Dry,Clear,Twelve o'clock,Pickup Truck,Superficial,N,Slowing or Stopping,2015-02-24 12:37,73,38.36769773,-75.61762378
2236,N,Apparently Normal,No Misuse,N,No Injury,634dfdb5-5ea8-41f1-b5f5-788335078529,D,DE41270005,Shoulder/Lap Belt(s),F,dd60e525-ce81-4553-9dbb-d84e2678151d,Same Movement Angle,N,Intersection,Right Turn Lane,Daylight,No Defects,"Two-way, Not Divided",Dry,Clear,Four o'clock,Passenger Car,Functional,N,Moving Constant Speed,2015-02-11 12:41,31,38.3630353,-75.59487462
2237,N,Apparently Normal,No Misuse,Y,No Injury,30c238f3-2d63-4d7c-99e7-a86e203e0547,D,DE41270005,Shoulder/Lap Belt(s),F,123f9bc1-c6ad-4630-a197-a3c94c2177c1,Same Movement Angle,N,Intersection,Right Turn Lane,Daylight,No Defects,"Two-way, Not Divided",Dry,Clear,Twelve o'clock,Passenger Car,Disabling,N,Starting From Lane,2015-02-11 12:41,22,38.3630353,-75.59487462
2238,N,Apparently Normal,No Misuse,Y,No Injury,c030cf00-8099-4227-9502-1444e7fc019d,D,DE41270005,Shoulder/Lap Belt(s),M,a8c1f2d6-a364-4e87-85af-c9cc27369833,Same Movement Angle,N,Intersection,Right Turn Lane,Daylight,No Defects,"Two-way, Not Divided",Dry,Clear,Twelve o'clock,Passenger Car,Superficial,N,Starting From Lane,2015-02-11 12:41,20,38.3630353,-75.59487462
2239,N,Apparently Normal,No Misuse,N,No Injury,4f200893-e248-4a29-8668-8ebb5b4ce793,D,DE41270007,Shoulder/Lap Belt(s),F,13934e81-2f8f-42cf-be21-3d6548476de8,Same Movement Angle,N,Intersection,Acceleration Lane,Dark Lights On,No Defects,"Two-way, Divided, Unprotected (painted >4 feet) Median",Wet,Raining,Seven o'clock,Passenger Car,Disabling,N,Making Left Turn,2015-02-21 20:53,32,38.41598469,-75.56607306
2240,N,Apparently Normal,No Misuse,Y,No Injury,5820d48f-2d1c-4ac5-835a-726837b56abb,D,DE41270007,Shoulder/Lap Belt(s),M,ec576917-460e-42ea-a41b-4c4ffc7d6b41,Same Movement Angle,N,Intersection,Acceleration Lane,Dark Lights On,No Defects,"Two-way, Divided, Unprotected (painted >4 feet) Median",Wet,Raining,Twelve o'clock,Pickup Truck,Functional,N,Moving Constant Speed,2015-02-21 20:53,19,38.41598469,-75.56607306
2241,N,Apparently Normal,No Misuse,N,No Injury,c96b50c5-9af0-4965-9fee-05c5a0328d6a,D,DE4147000R,Shoulder/Lap Belt(s),F,5000c81c-354a-4ac7-b86b-34793785c988,Head On,N,Intersection,Left Turn Lane,Dark Lights On,No Defects,"Two-way, Divided, Positive Median Barrier",Dry,Clear,Eleven o'clock,Passenger Car,Functional,N,Moving Constant Speed,2015-03-06 23:13,66,38.37332295,-75.61645031
2242,Y,Apparently Normal,No Misuse,Y,No Injury,d70cfa44-e7c8-4066-844a-c2973167fa36,D,DE4147000R,Shoulder/Lap Belt(s),M,68347f85-5f5b-492a-89d6-1b3a1841b229,Head On,N,Intersection,Left Turn Lane,Dark Lights On,No Defects,"Two-way, Divided, Positive Median Barrier",Dry,Clear,Eleven o'clock,Passenger Car,Functional,N,Moving Constant Speed,2015-03-06 23:13,27,38.37332295,-75.61645031
2243,N,Apparently Normal,No Misuse,Y,No Injury,846f5b1c-4399-457a-981d-bb80a4c98a57,D,DE4147000T,Shoulder/Lap Belt(s),F,b77d8dd9-b263-4d38-9c1a-68bd7acfdc96,Angle Meets Left Turn,N,Intersection,Acceleration Lane,Daylight,No Defects,"Two-way, Divided, Positive Median Barrier",Dry,Clear,One o'clock,(Sport) Utility Vehicle,Functional,N,Making Left Turn,2015-03-21 14:09,31,38.41234469,-75.56747854
2244,N,Apparently Normal,No Misuse,N,No Injury,766b014d-f54b-4ed8-a710-41c4a8eb3e1c,D,DE4197000H,Shoulder/Lap Belt(s),F,8df7e5ab-beee-4068-ae27-63f8cd5ee1d8,Same Direction Left Turn,N,Intersection Related,Right Turn Lane,Daylight,No Defects,"Two-way, Not Divided",Dry,Clear,Two o'clock,(Sport) Utility Vehicle,Functional,N,Accelerating,2015-02-28 14:24,53,38.36719933,-75.59552908
2245,N,Apparently Normal,No Misuse,Y,No Injury,49bcb23a-1233-4a26-a766-b48111ae06c0,D,DE4197000H,Shoulder/Lap Belt(s),F,099b8841-e5b5-481c-aeef-abe531f6277d,Same Direction Left Turn,N,Intersection Related,Right Turn Lane,Daylight,No Defects,"Two-way, Not Divided",Dry,Clear,Ten o'clock,Passenger Car,Functional,N,Changing Lanes,2015-02-28 14:24,26,38.36719933,-75.59552908
2246,N,Apparently Normal,No Misuse,N,No Injury,ba58f111-1f64-4df4-86af-e14d0e588414,D,DE5121000Q,Shoulder/Lap Belt(s),F,57b1e153-e485-4d90-bef0-e28e11b662c7,Same Direction Rear End,N,Intersection Related,Right Turn Lane,Daylight,No Defects,"Two-way, Not Divided",Dry,Clear,Six o'clock,(Sport) Utility Vehicle,Superficial,N,Stopped in Traffic Lane,2015-01-11 16:05,39,38.40966712,-75.57076693
2247,N,Apparently Normal,No Misuse,N,No Injury,26c7645d-d75e-4de9-a234-13fb3170e853,D,DE5121000S,Shoulder/Lap Belt(s),F,97731824-bae5-4855-b3b9-95776e56a568,Same Direction Rear End,N,Intersection Related,Right Turn Lane,Dark Lights On,No Defects,"Two-way, Not Divided",Wet,Clear,Six o'clock,Passenger Car,Functional,N,Accelerating,2015-01-24 19:44,46,38.35298176,-75.5975461
2248,N,Apparently Normal,No Misuse,Y,No Injury,5b9bf36b-6cb6-428c-88d7-a6feb7177413,D,DE5121000S,Shoulder/Lap Belt(s),M,db14bb1b-b48a-4d90-8f1f-ed1c57120cf9,Same Direction Rear End,N,Intersection Related,Right Turn Lane,Dark Lights On,No Defects,"Two-way, Not Divided",Wet,Clear,Twelve o'clock,(Sport) Utility Vehicle,Functional,Y,Moving Constant Speed,2015-01-24 19:44,22,38.35298176,-75.5975461
2249,N,Apparently Normal,No Misuse,N,No Injury,8fc63275-755e-4b0c-94ee-b1fe6e14972a,D,DE5121000T,Shoulder/Lap Belt(s),F,a59c0f1c-3cd4-4498-8c38-0779bb67fbca,Single Vehicle ,N,Non Intersection,Right Turn Lane,Daylight,No Defects,"Two-way, Not Divided",Dry,Clear,Four o'clock,Passenger Car,Superficial,N,Slowing or Stopping,2015-02-07 12:28,56,38.36939481,-75.5923748
2250,N,Apparently Normal,No Misuse,Y,No Injury,2265d545-c2cb-4fe3-afed-45fb511ed507,D,DE5121000X,Shoulder/Lap Belt(s),F,7fa5f901-85de-4bfa-853b-6e2565b6ccd5,Same Movement Angle,N,Intersection Related,Right Turn Lane,Dark Lights On,No Defects,"Two-way, Divided, Positive Median Barrier",Wet,Clear,Twelve o'clock,Van,Functional,N,Slowing or Stopping,2015-02-20 17:51,62,38.36617306,-75.54772139
2251,N,Apparently Normal,No Misuse,N,Non-incapacitating Injury,fa8879fd-2f29-4d37-9980-55ec699f2d85,D,DE5121000X,Shoulder/Lap Belt(s),M,e7eef4cb-0192-4a4c-9faa-48e750554ca6,Same Movement Angle,N,Intersection Related,Right Turn Lane,Dark Lights On,No Defects,"Two-way, Divided, Positive Median Barrier",Wet,Clear,Two o'clock,Passenger Car,Disabling,N,Making Left Turn,2015-02-20 17:51,61,38.36617306,-75.54772139
2252,N,Apparently Normal,No Misuse,N,No Injury,16037365-7b38-4db8-b533-ae81ec7b8e94,D,DE5121000Z,Shoulder/Lap Belt(s),F,d1f6eae1-8701-4138-87c1-c8523ae3bcce,Same Movement Angle,N,Intersection Related,Right Turn Lane,Daylight,No Defects,"Two-way, Not Divided",Wet,Cloudy,One o'clock,Pickup Truck,Disabling,N,Accelerating,2015-03-02 08:16,67,38.35359595,-75.60102761
2253,N,Apparently Normal,No Misuse,Y,No Injury,35ebbf91-5c97-49db-9d8e-b693ab8d0f48,D,DM83780005,Shoulder/Lap Belt(s),F,d50db3ed-251d-456e-b99f-08bce6536336,Same Movement Angle,N,Intersection,Right Turn Lane,Daylight,No Defects,"Two-way, Not Divided",Wet,Raining,Two o'clock,"Cargo Van/Light Truck 2 axles (10,000 lbs (4,536 kg) or less)",Superficial,N,Accelerating,2015-03-26 09:18,32,38.98212667,-77.00316833
2254,N,Apparently Normal,No Misuse,Y,No Injury,756f453c-f9af-4c40-83fe-6054b65a49c4,D,DM8388000F,Shoulder/Lap Belt(s),F,19c5169e-e04f-483f-82d9-191dd4c85cf9,Same Direction Sideswipe,N,Intersection,Right Turn Lane,Daylight,No Defects,"Two-way, Not Divided",Wet,Raining,Two o'clock,Van,Superficial,N,Passing,2015-01-18 12:39,60,38.97495779,-77.01164961
2255,N,Apparently Normal,No Misuse,Y,No Injury,6613c0d1-d0a3-4b11-a0c6-6de3e5bdb477,D,DM8437000D,Shoulder/Lap Belt(s),F,2cc0f14a-2454-47bc-8f1a-571df991a3fb,Single Vehicle ,N,Non Intersection,Right Turn Lane,Dark Lights On,No Defects,"Two-way, Not Divided",Wet,Raining,Twelve o'clock,Passenger Car,Disabling,N,Moving Constant Speed,2015-03-30 05:00,27,38.982025,-77.02108667
2256,N,Apparently Normal,No Misuse,N,No Injury,e7e9a51c-119e-4fbf-9943-810bb00fcdec,D,DM8447000D,Shoulder/Lap Belt(s),F,8e2dda91-e50a-48e8-a9fe-d2dd316d376f,Same Direction Rear End,N,Intersection Related,Acceleration Lane,Dawn,No Defects,"Two-way, Divided, Unprotected (painted >4 feet) Median",Wet,Clear,Six o'clock,Passenger Car,Superficial,N,Slowing or Stopping,2015-02-10 06:27,37,38.981349,-76.988765
2257,N,Apparently Normal,No Misuse,N,No Injury,f2d094a8-f452-426c-94cf-769db65c4a62,D,DP02390004,Shoulder/Lap Belt(s),F,4f3874bf-1e2d-4cc0-a7cc-d69f51f6e6b4,Same Movement Angle,N,Intersection,Right Turn Lane,Daylight,No Defects,"Two-way, Not Divided",Wet,Raining,Four o'clock,Passenger Car,Functional,N,Moving Constant Speed,2015-03-14 16:30,38,39.62453216,-77.42101908
2258,N,Apparently Normal,No Misuse,N,No Injury,15a85e35-a299-43b5-86c1-85034bb93c32,D,DS0330000B,Shoulder/Lap Belt(s),F,0b9eb91e-27fc-4814-b95b-3e29126ff736,Opposite Direction Sideswipe,N,Intersection,Right Turn Lane,Daylight,No Defects,"Two-way, Not Divided",Dry,Clear,Eleven o'clock,Passenger Car,Superficial,N,Slowing or Stopping,2015-03-24 15:35,26,38.9935533,-76.93997294
2259,N,Apparently Normal,No Misuse,Y,No Injury,0699dfd6-c08d-4aa0-9493-55dac558a460,D,DS0330000B,Shoulder/Lap Belt(s),M,a254b94a-2e8c-4bba-bcb4-af6705640ff3,Opposite Direction Sideswipe,N,Intersection,Right Turn Lane,Daylight,No Defects,"Two-way, Not Divided",Dry,Clear,Nine o'clock,Transit Bus,Superficial,N,Making Left Turn,2015-03-24 15:35,27,38.9935533,-76.93997294
2260,N,Apparently Normal,No Misuse,N,No Injury,bebcd133-6aa4-4e3c-84c2-fef42b82d42a,D,DV01050004,Shoulder/Lap Belt(s),F,3cd861ea-a17a-4b88-b3b5-39889ea86ee1,Same Direction Rear End,N,Intersection,Right Turn Lane,Daylight,No Defects,"Two-way, Not Divided",Wet,Clear,Six o'clock,Passenger Car,Functional,N,Stopped in Traffic Lane,2015-01-22 15:38,26,39.60276194,-76.99856043
2261,N,Apparently Normal,No Misuse,N,No Injury,a18d61ec-79ab-4a33-83f0-cd9274776961,D,DV01050004,Shoulder/Lap Belt(s),M,07bc3c02-d7d8-447b-967b-557d799e0cff,Same Direction Rear End,N,Intersection,Right Turn Lane,Daylight,No Defects,"Two-way, Not Divided",Wet,Clear,Six o'clock,(Sport) Utility Vehicle,Disabling,N,Stopped in Traffic Lane,2015-01-22 15:38,58,39.60276194,-76.99856043
2262,N,Apparently Normal,No Misuse,Y,No Injury,759bc2c0-131c-4cb9-a66c-910e7aae23d6,D,DV01050004,Shoulder/Lap Belt(s),M,18f69c7b-11dc-4a7c-8ee5-37b0b360c5a3,Same Direction Rear End,N,Intersection,Right Turn Lane,Daylight,No Defects,"Two-way, Not Divided",Wet,Clear,Twelve o'clock,Pickup Truck,Functional,N,Slowing or Stopping,2015-01-22 15:38,69,39.60276194,-76.99856043
2263,N,Apparently Normal,No Misuse,Y,No Injury,c09f8b8a-59a4-4f4f-8824-43402db0d2fe,D,DV01250007,Shoulder/Lap Belt(s),F,cb46fca1-0971-4030-9272-eb71ecaa6ffd,Same Direction Rear End,N,Non Intersection,Acceleration Lane,Daylight,No Defects,"Two-way, Divided, Positive Median Barrier",Wet,Cloudy,Twelve o'clock,Passenger Car,Functional,N,Slowing or Stopping,2015-03-26 12:30,71,39.5739228,-76.98448956
2264,N,Apparently Normal,No Misuse,N,Non-incapacitating Injury,86cdc3c3-dd18-4fbc-8986-2660b8575419,D,DV01250007,Shoulder/Lap Belt(s),F,12525682-6711-42f2-a8bd-49a48bde3e33,Same Direction Rear End,N,Non Intersection,Acceleration Lane,Daylight,No Defects,"Two-way, Divided, Positive Median Barrier",Wet,Cloudy,Six o'clock,Passenger Car,Functional,N,Slowing or Stopping,2015-03-26 12:30,54,39.5739228,-76.98448956
2265,Y,Apparently Normal,No Misuse,N,Non-incapacitating Injury,32dfede9-4f1d-4dfb-8e46-f26851fb6043,D,DV01250007,Shoulder/Lap Belt(s),M,f110a06b-d7e0-4c96-832e-b9f438608753,Same Direction Rear End,N,Non Intersection,Acceleration Lane,Daylight,No Defects,"Two-way, Divided, Positive Median Barrier",Wet,Cloudy,Twelve o'clock,Passenger Car,Functional,N,Slowing or Stopping,2015-03-26 12:30,43,39.5739228,-76.98448956
2266,N,Apparently Normal,No Misuse,Y,No Injury,f6e35144-73b0-4717-beb5-a971482db70b,D,DV01270006,Shoulder/Lap Belt(s),M,e0a9cca6-8e92-438f-9d5e-62e7ca8c966a,Same Movement Angle,N,Intersection Related,Acceleration Lane,Daylight,No Defects,"Two-way, Divided, Positive Median Barrier",Dry,Cloudy,Twelve o'clock,Passenger Car,Functional,N,Moving Constant Speed,2015-01-07 13:40,37,39.56444391,-76.97426096
2267,N,Apparently Normal,No Misuse,N,No Injury,f387a0b0-b681-4a5f-8aff-0eff3641ab1d,D,EA99350001,Shoulder/Lap Belt(s),M,f44dc77d-b7f3-419c-82e3-3c85155741b0,Same Direction Both Left Turn,N,Non Intersection,Right Turn Lane,Dark Lights On,No Defects,One-way Trafficway,Dry,Cloudy,One o'clock,"Other Light Trucks (10,000 lbs (4,536 kg))",Superficial,N,Moving Constant Speed,2015-02-28 22:37,55,38.96791362,-77.07688361
2268,N,Apparently Normal,No Misuse,N,No Injury,b708f969-512a-44bf-b44b-e1ecee73b0fa,D,EA99430002,Shoulder/Lap Belt(s),F,62fb6b55-9896-4061-9e11-c99709d5d45f,Same Movement Angle,N,Intersection,Right Turn Lane,Dark Lights On,No Defects,"Two-way, Not Divided",Dry,Clear,Ten o'clock,Passenger Car,Functional,N,Moving Constant Speed,2015-03-21 20:09,57,38.97290592,-77.07416654
2269,N,Apparently Normal,No Misuse,Y,No Injury,a015a8d2-1595-4628-a10e-d6fed4c8d16a,D,EA99430002,Shoulder/Lap Belt(s),M,aae4186d-9751-4f34-bcd2-a9f0f75ddac2,Same Movement Angle,N,Intersection,Right Turn Lane,Dark Lights On,No Defects,"Two-way, Not Divided",Dry,Clear,Twelve o'clock,Passenger Car,Functional,N,Moving Constant Speed,2015-03-21 20:09,19,38.97290592,-77.07416654
2270,N,Apparently Normal,No Misuse,N,No Injury,5d2d74ee-8982-42c4-99af-67b20c2a7a28,D,EA99430003,Shoulder/Lap Belt(s),F,1328f115-9123-46cd-80e7-0935e6cbfe21,Same Direction Sideswipe,N,Intersection Related,Acceleration Lane,Daylight,No Defects,One-way Trafficway,Dry,Cloudy,Three o'clock,Passenger Car,Functional,N,Moving Constant Speed,2015-03-31 18:40,53,38.96792404,-77.07679778
2271,N,Apparently Normal,No Misuse,Y,No Injury,f4e47ef2-47e3-417d-bdd0-36aaf2c00cdc,D,EA99430003,Shoulder/Lap Belt(s),F,8d548d7e-89e6-4ee5-aff6-e8a5a910d820,Same Direction Sideswipe,N,Intersection Related,Acceleration Lane,Daylight,No Defects,One-way Trafficway,Dry,Cloudy,Eleven o'clock,Passenger Car,Functional,N,Moving Constant Speed,2015-03-31 18:40,17,38.96792404,-77.07679778