KEY_INDEX,CDL_FLAG,CONDITION_CODE,EQUIP_PROB_CODE,FAULT_FLAG,INJ_SEVER_CODE,PERSON_ID,PERSON_TYPE,REPORT_NO,SAF_EQUIP_CODE,SEX_CODE,VEHICLE_ID,COLLISION_TYPE_CODE,C_M_ZONE_FLAG,JUNCTION_CODE,LANE_CODE,LIGHT_CODE,RD_COND_CODE,RD_DIV_CODE,SURF_COND_CODE,WEATHER_CODE,AREA_DAMAGED_CODE_MAIN,BODY_TYPE_CODE,DAMAGE_CODE,HIT_AND_RUN_FLAG,MOVEMENT_CODE,TIME,AGE,LATITUDE,LONGITUDE
2272,N,Apparently Normal,No Misuse,Y,No Injury,6bc988f6-69d4-4933-92c8-e36eaa4c0bc8,D,EA99460003,Shoulder/Lap Belt(s),F,65a91558-f2b3-41c9-9bae-a59c06ef06d6,Same Movement Angle,N,Intersection,Right Turn Lane,Dark Lights On,No Defects,"Two-way, Not Divided",Wet,Raining,Twelve o'clock,(Sport) Utility Vehicle,Superficial,N,Starting From Lane,2015-03-11 07:15,68,38.97477429,-77.07297564
2273,N,Apparently Normal,No Misuse,N,No Injury,f4943883-e437-4828-a52c-02961ca738db,D,EA99460003,Shoulder/Lap Belt(s),M,58fcb3ee-ef32-4b41-8c84-a91bc8060352,Same Movement Angle,N,Intersection,Right Turn Lane,Dark Lights On,No Defects,"Two-way, Not Divided",Wet,Raining,Four o'clock,Passenger Car,Functional,N,Accelerating,2015-03-11 07:15,71,38.97477429,-77.07297564
2274,N,Apparently Normal,No Misuse,Y,No Injury,c27c5d1a-b883-4e52-96b2-038ae556a6d3,D,ED00210003,Shoulder/Lap Belt(s),F,9282b3dc-a69b-43c3-bdf0-fe44cd49741b,Single Vehicle ,N,Intersection Related,Right Turn Lane,Daylight,No Defects,"Two-way, Not Divided",Ice,Wintry Mix,Twelve o'clock,Pickup Truck,Disabling,N,Moving Constant Speed,2015-01-03 11:15,21,39.57387319,-76.88665867
2275,N,Apparently Normal,No Misuse,N,No Injury,afd134d8-029e-4753-808f-691a3f845daf,D,EJ7747000Q,Shoulder/Lap Belt(s),F,e8ab50cc-ae31-4aba-965b-5ff5a72f94a9,Same Movement Angle,N,Intersection,Right Turn Lane,Daylight,No Defects,"Two-way, Not Divided",Dry,Cloudy,Twelve o'clock,(Sport) Utility Vehicle,Disabling,N,Starting From Lane,2015-02-01 10:51,17,39.14261333,-77.221045
2276,N,Apparently Normal,No Misuse,Y,Possible Incapacitating Injury,71cc0647-3fe6-415e-ae22-39d188039058,D,EJ7747000Q,Shoulder/Lap Belt(s),M,590a5d00-9f6b-4cce-9582-f04409210bb3,Same Movement Angle,N,Intersection,Right Turn Lane,Daylight,No Defects,"Two-way, Not Divided",Dry,Cloudy,Nine o'clock,Pickup Truck,Functional,N,Accelerating,2015-02-01 10:51,37,39.14261333,-77.221045
2277,N,Apparently Normal,No Misuse,N,No Injury,466426fc-649d-48b2-aab1-295c3e2af2a0,D,EJ7747000Y,Shoulder/Lap Belt(s),F,1a935db1-cdec-4c9a-b15a-fcc029ef5cdc,Same Direction Rear End,N,Intersection,Left Turn Lane,Daylight,No Defects,"Two-way, Not Divided",Dry,Clear,Six o'clock,Passenger Car,Superficial,N,Stopped in Traffic Lane,2015-03-19 16:39,55,39.14702833,-77.20530667
2278,N,Apparently Normal,No Misuse,N,No Injury,04844383-d14d-42f4-b825-1c83d5dc6077,D,EJ77800004,Shoulder/Lap Belt(s),F,21de868b-e4ef-4a4c-9790-f968e5ad43f7,Same Direction Rear End,N,Intersection Related,Right Turn Lane,Dark Lights On,No Defects,"Two-way, Divided, Positive Median Barrier",Wet,Clear,Six o'clock,Passenger Car,Functional,N,Stopped in Traffic Lane,2015-02-26 18:36,52,39.128462,-77.237577
2279,N,Apparently Normal,No Misuse,Y,No Injury,c09ebb73-88f7-4162-9feb-78f58fcb63b4,D,EJ77800004,Shoulder/Lap Belt(s),M,b0f0b28e-029e-451b-b388-4cf8b91f399a,Same Direction Rear End,N,Intersection Related,Right Turn Lane,Dark Lights On,No Defects,"Two-way, Divided, Positive Median Barrier",Wet,Clear,Twelve o'clock,Pickup Truck,Disabling,N,Slowing or Stopping,2015-02-26 18:36,31,39.128462,-77.237577
2280,N,Apparently Normal,No Misuse,N,No Injury,455f24b4-ba2d-48ea-a143-d6f3e7efa905,D,EJ7801000D,Shoulder/Lap Belt(s),F,afeb52ef-1857-42c0-83f6-076716b91d43,Same Direction Rear End,N,Non Intersection,Right Turn Lane,Daylight,No Defects,One-way Trafficway,Dry,Clear,Six o'clock,Passenger Car,Functional,N,Slowing or Stopping,2015-01-17 14:08,24,39.13795,-77.20541167
2281,N,Apparently Normal,No Misuse,N,No Injury,54978d4d-db6b-4ac3-9145-6d0f205ac2b1,D,EJ78290015,Shoulder/Lap Belt(s),F,111ae7e6-e2ba-46c3-97b2-bd733c52e1b9,Angle Meets Left Turn,N,Intersection,Right Turn Lane,Daylight,No Defects,"Two-way, Not Divided",Dry,Clear,Seven o'clock,Passenger Car,Superficial,N,Moving Constant Speed,2015-03-30 17:30,69,39.16439,-77.2271
2282,N,Apparently Normal,No Misuse,N,No Injury,caf95d56-b542-4a96-ae45-ed88d38b66ba,D,EJ78290016,Shoulder/Lap Belt(s),F,44de46d6-07e7-471a-a6b3-4a154bd2eee8,Same Movement Angle,N,Intersection,Right Turn Lane,Daylight,No Defects,"Two-way, Not Divided",Dry,Cloudy,One o'clock,Passenger Car,Disabling,N,Moving Constant Speed,2015-03-31 18:10,23,39.149885,-77.18971
2283,N,Apparently Normal,No Misuse,Y,Possible Incapacitating Injury,1989cf24-5f42-4b38-80d2-b2757a1363f5,D,EJ78290016,Shoulder/Lap Belt(s),M,3d09f21c-a933-4a82-bb60-922e9a8915f5,Same Movement Angle,N,Intersection,Right Turn Lane,Daylight,No Defects,"Two-way, Not Divided",Dry,Cloudy,Twelve o'clock,Passenger Car,Disabling,N,Making Left Turn,2015-03-31 18:10,32,39.149885,-77.18971
2284,N,Apparently Normal,No Misuse,Y,No Injury,ae6e9085-5ce8-49f5-8219-a8eddd7ea2f6,D,EJ7840000C,Shoulder/Lap Belt(s),F,536f85c3-245f-46f8-aa21-cb7afdccfc85,Head On Left Turn,N,Intersection Related,Right Turn Lane,Dark Lights On,No Defects,"Two-way, Divided, Positive Median Barrier",Wet,Raining,Twelve o'clock,Passenger Car,Functional,N,Moving Constant Speed,2015-01-03 21:16,25,39.134775,-77.20564333
2285,N,Apparently Normal,No Misuse,N,No Injury,fbf9e0a5-1bb2-40fd-9621-3537990f8aba,D,EJ7840000C,Shoulder/Lap Belt(s),M,c90c6c4e-b9d6-491d-8d78-40dad36794c9,Head On Left Turn,N,Intersection Related,Right Turn Lane,Dark Lights On,No Defects,"Two-way, Divided, Positive Median Barrier",Wet,Raining,Seven o'clock,Passenger Car,Disabling,N,Moving Constant Speed,2015-01-03 21:16,22,39.134775,-77.20564333
2286,N,Apparently Normal,No Misuse,N,No Injury,86e33f7f-ce1a-40cf-9e59-c16f15f6b51a,D,EJ7846000P,Shoulder/Lap Belt(s),F,1b2b4897-e31c-4c00-bd79-96a4150a8e8a,Angle Meets Left Turn,N,Commercial Driveway,Right Turn Lane,Dark Lights On,No Defects,"Two-way, Divided, Unprotected (painted >4 feet) Median",Wet,Clear,Twelve o'clock,Passenger Car,Disabling,N,Moving Constant Speed,2015-03-07 18:32,51,39.149565,-77.20528333
2287,N,Apparently Normal,No Misuse,Y,No Injury,61bc4338-94a8-4aa6-862a-6288d705a387,D,EJ7846000P,Shoulder/Lap Belt(s),M,72c91b7e-d6cd-4294-967b-633b1a99b39d,Angle Meets Left Turn,N,Commercial Driveway,Right Turn Lane,Dark Lights On,No Defects,"Two-way, Divided, Unprotected (painted >4 feet) Median",Wet,Clear,Twelve o'clock,Passenger Car,Disabling,N,Making Left Turn,2015-03-07 18:32,68,39.149565,-77.20528333
2288,N,Apparently Normal,No Misuse,N,No Injury,51eabf03-2af0-4f9f-ab2b-2ab0851c90c8,D,EJ7850000K,Shoulder/Lap Belt(s),F,8c4283b2-3c91-4e23-9b02-8ccabf5256c5,Same Movement Angle,N,Intersection,Right Turn Lane,Dark Lights On,No Defects,"Two-way, Divided, Positive Median Barrier",Dry,Clear,Four o'clock,Passenger Car,Superficial,N,Moving Constant Speed,2015-01-09 21:59,27,39.14438333,-77.21658167
2289,N,Apparently Normal,No Misuse,Y,No Injury,3ded2c32-3385-4555-a142-86980a509677,D,EJ7850000K,Shoulder/Lap Belt(s),M,6b704227-8e5e-4cab-aa4a-184fd4934a88,Same Movement Angle,N,Intersection,Right Turn Lane,Dark Lights On,No Defects,"Two-way, Divided, Positive Median Barrier",Dry,Clear,Twelve o'clock,Passenger Car,Superficial,Y,Moving Constant Speed,2015-01-09 21:59,22,39.14438333,-77.21658167
2290,N,Apparently Normal,No Misuse,N,No Injury,86daba9d-a72e-494d-bfd6-6ceadd8e3a50,D,EJ7850000L,Shoulder/Lap Belt(s),M,a8817ef8-65ee-46d4-bd1e-c6021c571527,Same Movement Angle,N,Intersection,Left Turn Lane,Dark Lights On,No Defects,"Two-way, Divided, Positive Median Barrier",Dry,Clear,Four o'clock,"Other Light Trucks (10,000 lbs (4,536 kg))",Superficial,N,Moving Constant Speed,2015-02-25 21:12,25,39.14021833,-77.204935
2291,N,Apparently Normal,No Misuse,N,No Injury,7b4b9fce-d136-4af4-9cba-34c33d0bc8b4,D,EJ7853000D,Shoulder/Lap Belt(s),F,5faa3719-2bbd-4329-9c37-830ec7200bb5,Same Direction Rear End,N,Intersection Related,Right Turn Lane,Dark Lights On,No Defects,"Two-way, Divided, Positive Median Barrier",Dry,Clear,Six o'clock,Passenger Car,Functional,N,Stopped in Traffic Lane,2015-01-20 17:09,35,39.150885,-77.20983667
2292,N,Apparently Normal,No Misuse,N,No Injury,311e3ca8-5662-468a-88d4-eb6f7cbe7da7,D,EJ7853000D,Shoulder/Lap Belt(s),M,83a441a2-e7ac-4a98-8596-171a47e79b40,Same Direction Rear End,N,Intersection Related,Right Turn Lane,Dark Lights On,No Defects,"Two-way, Divided, Positive Median Barrier",Dry,Clear,Six o'clock,Passenger Car,Functional,N,Stopped in Traffic Lane,2015-01-20 17:09,21,39.150885,-77.20983667
2293,N,Apparently Normal,No Misuse,Y,No Injury,1a2b8185-2226-403a-838d-29724def2964,D,EJ7853000D,Shoulder/Lap Belt(s),M,50b51f36-ae4c-4a0a-997e-98a0ebaa40e0,Same Direction Rear End,N,Intersection Related,Right Turn Lane,Dark Lights On,No Defects,"Two-way, Divided, Positive Median Barrier",Dry,Clear,Twelve o'clock,Passenger Car,Disabling,N,Changing Lanes,2015-01-20 17:09,26,39.150885,-77.20983667
2294,N,Apparently Normal,No Misuse,N,No Injury,194b5bb7-2f52-4b6e-9023-94a069dbb2c7,D,EJ7853000L,Shoulder/Lap Belt(s),F,71850d8d-b0a2-422e-963a-f538c9a1d9c5,Same Direction Rear End,N,Non Intersection,Left Turn Lane,Daylight,No Defects,"Two-way, Divided, Unprotected (painted >4 feet) Median",Dry,Clear,Seven o'clock,Passenger Car,Superficial,N,Stopped in Traffic Lane,2015-03-31 16:26,74,39.16750667,-77.19151167
2295,N,Apparently Normal,No Misuse,N,No Injury,50d85a7b-884f-45d8-ad13-3c1cddb1b0aa,D,EK58120002,Shoulder/Lap Belt(s),F,a893d5f4-6a3c-4eb4-9dbd-56718ce27591,Same Direction Rear End,N,Intersection,Left Turn Lane,Daylight,No Defects,"Two-way, Not Divided",Dry,Cloudy,Six o'clock,Passenger Car,Functional,N,Stopped in Traffic Lane,2015-03-25 17:46,44,39.51261634,-77.65572309
2296,N,Apparently Normal,No Misuse,Y,No Injury,a220e1b9-42bb-4f1c-abd0-3d2f6055b090,D,EK58120002,Shoulder/Lap Belt(s),F,1755913a-2ac7-400f-bf08-66dc0610d0af,Same Direction Rear End,N,Intersection,Left Turn Lane,Daylight,No Defects,"Two-way, Not Divided",Dry,Cloudy,Twelve o'clock,Passenger Car,Disabling,N,Moving Constant Speed,2015-03-25 17:46,40,39.51261634,-77.65572309
2297,N,Apparently Normal,No Misuse,Y,No Injury,a8aadd72-3b37-4235-9d7d-eb186fc2ab67,D,EP01420001,Shoulder/Lap Belt(s),F,ca111754-76fd-46d1-aaaf-690763de3cf8,Single Vehicle ,N,Non Intersection,Right Turn Lane,Daylight,No Defects,"Two-way, Not Divided",Wet,Raining,One o'clock,Passenger Car,Disabling,N,Starting From Lane,2015-03-04 12:37,75,38.88603058,-75.8326149
2298,N,Apparently Normal,No Misuse,N,No Injury,c2c1e1a2-545f-4146-b1f2-f8025abd2130,D,FA01500001,Shoulder/Lap Belt(s),M,431997ba-6d1a-4e0b-9fa9-447e118c7b2d,Same Movement Angle,N,Intersection,Left Turn Lane,Daylight,No Defects,"Two-way, Not Divided",Dry,Clear,One o'clock,Passenger Car,Disabling,N,Moving Constant Speed,2015-02-19 07:56,69,38.69421903,-75.77369213
2299,N,Apparently Normal,No Misuse,Y,No Injury,8eecf9b2-d2bb-4e53-86aa-08007d84e1cf,D,GD31570006,Shoulder/Lap Belt(s),F,17834155-745d-4037-b7b7-0d9dde3a374e,Head On Left Turn,N,Intersection Related,Right Turn Lane,Dark - Unknown Lighting,No Defects,"Two-way, Divided, Positive Median Barrier",Wet,Raining,Twelve o'clock,(Sport) Utility Vehicle,Functional,Y,Making Left Turn,2015-01-23 19:47,35,38.94371609,-76.90158248
2300,N,Apparently Normal,No Misuse,Y,No Injury,fce3814d-a64f-4aa5-9afb-5b65bcf215ef,D,GD3163000G,Shoulder/Lap Belt(s),F,586bb33e-96d8-4e95-bc97-1b7afca03990,Same Direction Left Turn,N,Intersection,Right Turn Lane,Dark Lights On,No Defects,"Two-way, Divided, Positive Median Barrier",Wet,Raining,Eleven o'clock,Pickup Truck,Superficial,N,Moving Constant Speed,2015-01-11 23:23,35,38.94756332,-76.88982502
2301,N,Apparently Normal,No Misuse,N,No Injury,bfb6c04b-d0a6-40e7-be5a-8ab2083ff9cd,D,GD3163000G,Shoulder/Lap Belt(s),M,8e9cada2-a1d7-48f6-86cc-e15332018001,Same Direction Left Turn,N,Intersection,Right Turn Lane,Dark Lights On,No Defects,"Two-way, Divided, Positive Median Barrier",Wet,Raining,One o'clock,Passenger Car,Disabling,N,Moving Constant Speed,2015-01-11 23:23,53,38.94756332,-76.88982502
2302,N,Apparently Normal,No Misuse,N,No Injury,b6e3515c-a9f2-45a5-a104-39437b6eb0d5,D,GPDM38000F,Shoulder/Lap Belt(s),F,c5b7a243-705b-4491-94bc-08a46f18830d,Same Direction Rear End,N,Intersection Related,Left Turn Lane,Daylight,No Defects,"Two-way, Divided, Positive Median Barrier",Dry,Clear,Six o'clock,(Sport) Utility Vehicle,Functional,N,Slowing or Stopping,2015-01-30 17:05,42,38.42769156,-75.56442887
2303,N,Apparently Normal,No Misuse,Y,No Injury,6001f7b3-7792-4057-89f7-7560b5bacb2c,D,GPDM38000F,Shoulder/Lap Belt(s),M,84d07e20-6f50-4967-aa53-16549b83e916,Same Direction Rear End,N,Intersection Related,Left Turn Lane,Daylight,No Defects,"Two-way, Divided, Positive Median Barrier",Dry,Clear,Twelve o'clock,Passenger Car,Disabling,N,Slowing or Stopping,2015-01-30 17:05,46,38.42769156,-75.56442887
2304,N,Apparently Normal,No Misuse,N,No Injury,9e79cfb5-2d16-4a0d-be0c-9610a6cc3ee1,D,GPDM650003,Shoulder/Lap Belt(s),F,ebb50b20-8321-49b0-849f-72c7cba0b274,Single Vehicle ,N,Non Intersection,Right Turn Lane,Dark No Lights,No Defects,One-way Trafficway,Dry,Clear,Twelve o'clock,Passenger Car,Functional,N,Moving Constant Speed,2015-02-08 01:31,20,38.43060308,-75.57587385
2305,N,Apparently Normal,No Misuse,Y,No Injury,5a8bf625-42b0-4dcf-b6c6-00d0b301170d,D,GS04210009,Shoulder/Lap Belt(s),F,4305ddd2-e501-416e-a911-e7090fe5fc79,Same Direction Rear End,N,Intersection Related,Left Turn Lane,Daylight,No Defects,"Two-way, Divided, Unprotected (painted >4 feet) Median",Dry,Cloudy,Twelve o'clock,Pickup Truck,Functional,N,Slowing or Stopping,2015-01-22 16:54,33,38.3308233,-75.61243773
2306,N,Apparently Normal,No Misuse,N,No Injury,308280e1-d1bc-4d7e-8058-4f35b2c075be,D,GS04210009,Shoulder/Lap Belt(s),M,f498a342-0c9b-4634-baa9-eaaa2e0a9583,Same Direction Rear End,N,Intersection Related,Left Turn Lane,Daylight,No Defects,"Two-way, Divided, Unprotected (painted >4 feet) Median",Dry,Cloudy,Six o'clock,Passenger Car,Destroyed,N,Stopped in Traffic Lane,2015-01-22 16:54,51,38.3308233,-75.61243773
2307,N,Apparently Normal,No Misuse,N,No Injury,4c9d6189-7cb4-4e43-ab58-02d48e0bc4c6,D,HA22180001,Shoulder/Lap Belt(s),M,0d058cb0-4162-452a-a044-a07b0bcbcb34,Same Direction Rear End,N,Non Intersection,Right Turn Lane,Dark Lights On,No Defects,"Two-way, Divided, Positive Median Barrier",Dry,Cloudy,Six o'clock,(Sport) Utility Vehicle,Superficial,N,Stopped in Traffic Lane,2015-02-11 19:02,73,38.96527333,-77.100575
2308,N,Apparently Normal,No Misuse,Y,No Injury,edc90a55-f542-4d26-88c7-59c4b6edd784,D,HA22180001,Shoulder/Lap Belt(s),M,54380a56-ce0e-4880-93c5-36e78b6d24d7,Same Direction Rear End,N,Non Intersection,Right Turn Lane,Dark Lights On,No Defects,"Two-way, Divided, Positive Median Barrier",Dry,Cloudy,Twelve o'clock,Passenger Car,Disabling,N,Moving Constant Speed,2015-02-11 19:02,53,38.96527333,-77.100575
2309,N,Apparently Normal,No Misuse,Y,No Injury,1e9a763c-bb5e-4695-b9e9-299ace4b5b74,D,HA22990001,Shoulder/Lap Belt(s),F,5c7d5031-afe5-4dff-ae1e-271126f3704b,Single Vehicle ,N,Non Intersection,Right Turn Lane,Daylight,No Defects,"Two-way, Not Divided",Dry,Clear,Two o'clock,Police Vehicle/Emergency,Superficial,N,Moving Constant Speed,2015-02-25 15:31,42,39.21464944,-77.27230668
2310,N,Apparently Normal,No Misuse,N,No Injury,5d04f5e8-5d90-48be-9d47-8dd1a6060b7b,D,HA23310002,Shoulder/Lap Belt(s),F,4356fe4b-7384-403e-99b5-c6f8a5d4b525,Single Vehicle ,N,Non Intersection,Right Turn Lane,Dark Lights On,No Defects,"Two-way, Not Divided",Ice,Wintry Mix,Twelve o'clock,Police Vehicle/Emergency,Disabling,N,Skidding,2015-01-12 00:27,40,39.21430031,-77.27585793
2311,N,Apparently Normal,No Misuse,Y,No Injury,ff081553-afba-4ed2-85ec-3d15a8572c37,D,HM01020001,Shoulder/Lap Belt(s),F,baf3ad36-bd0c-40ac-9eb1-76af259b05b4,Single Vehicle ,N,Non Intersection,Right Turn Lane,Dawn,No Defects,"Two-way, Divided, Unprotected (painted >4 feet) Median",Snow,Snow,Twelve o'clock,(Sport) Utility Vehicle,Superficial,N,Skidding,2015-02-26 06:30,56,38.38611108,-75.17580092
2312,N,Apparently Normal,No Misuse,Y,No Injury,70692a01-ce74-43dd-9555-b9d571ad0f90,D,HM01030001,Shoulder/Lap Belt(s),F,8b0724b2-ac40-4cd8-95b5-26498039cf47,Same Direction Rear End,N,Intersection Related,Right Turn Lane,Dark Lights On,No Defects,"Two-way, Divided, Positive Median Barrier",Dry,Clear,Twelve o'clock,(Sport) Utility Vehicle,No Damage,N,Accelerating,2015-02-04 18:48,68,38.37589674,-75.16309261
2313,N,Apparently Normal,No Misuse,N,Possible Incapacitating Injury,c05c2541-a4d9-43d5-b7a5-0f1200f54498,D,HM01030001,Shoulder/Lap Belt(s),F,75ec2cb2-bdbe-4276-bfaa-5b6c85d82544,Same Direction Rear End,N,Intersection Related,Right Turn Lane,Dark Lights On,No Defects,"Two-way, Divided, Positive Median Barrier",Dry,Clear,Six o'clock,Passenger Car,Functional,N,Slowing or Stopping,2015-02-04 18:48,72,38.37589674,-75.16309261
2314,N,Apparently Normal,No Misuse,N,No Injury,e753c3f6-ed08-431d-b623-94daa4cbf8dd,D,HM01160009,Shoulder/Lap Belt(s),F,0d2842d3-83ac-4d62-b2a8-d8cbdb79ad7b,Opposite Direction Both Left Turn,N,Intersection,Right Turn Lane,Daylight,No Defects,"Two-way, Divided, Positive Median Barrier",Wet,Raining,Three o'clock,Passenger Car,Functional,N,Making Left Turn,2015-02-12 12:55,29,38.37637406,-75.16090125
2315,N,Apparently Normal,No Misuse,Y,Non-incapacitating Injury,81d5d67d-df32-4e29-889c-39e199d21d90,D,HM01160009,Shoulder/Lap Belt(s),F,46cc3e8c-6d8c-4292-83bd-d790e08529ed,Opposite Direction Both Left Turn,N,Intersection,Right Turn Lane,Daylight,No Defects,"Two-way, Divided, Positive Median Barrier",Wet,Raining,Twelve o'clock,Passenger Car,Superficial,N,Accelerating,2015-02-12 12:55,35,38.37637406,-75.16090125
2316,N,Apparently Normal,No Misuse,N,No Injury,73572356-b150-4e86-ad0c-5538faf6c4d7,D,HM0116000B,Shoulder/Lap Belt(s),F,01c18c8c-0a5c-4012-8c96-d48a86c40d4a,Same Direction Sideswipe,N,Non Intersection,Right Turn Lane,Daylight,No Defects,"Two-way, Divided, Unprotected (painted >4 feet) Median",Dry,Clear,Four o'clock,(Sport) Utility Vehicle,Superficial,N,Moving Constant Speed,2015-02-25 16:56,51,38.37614907,-75.13533175
2317,N,Apparently Normal,No Misuse,Y,No Injury,f0778485-a751-4c34-a507-ce88e5a1e1c0,D,HM01460003,Shoulder/Lap Belt(s),F,16c5468c-e423-481c-883f-ca83b0b20cb4,Same Movement Angle,N,Intersection,Right Turn Lane,Dark No Lights,No Defects,"Two-way, Divided, Unprotected (painted >4 feet) Median",Dry,Clear,Eleven o'clock,Passenger Car,Superficial,N,Starting From Lane,2015-01-05 19:00,29,38.38037331,-75.15997186
2318,N,Apparently Normal,No Misuse,N,Incapacitating/Disabled Injury,c2665360-d961-40b1-bde4-f2d6acba4e17,D,HM01460003,MC/Bike Helmet,M,2c265c4a-f66c-490e-99ae-abda2996795c,Same Movement Angle,N,Intersection,Right Turn Lane,Dark No Lights,No Defects,"Two-way, Divided, Unprotected (painted >4 feet) Median",Dry,Clear,Twelve o'clock,Moped,Destroyed,N,Moving Constant Speed,2015-01-05 19:00,55,38.38037331,-75.15997186
2319,N,Apparently Normal,No Misuse,Y,No Injury,5c71bd70-7577-402c-9c77-9bffd415a295,D,HV01290002,Shoulder/Lap Belt(s),F,5bd7d35a-a5b2-4e4c-90ba-b388a187febb,Same Direction Rear End,N,Non Intersection,Left Turn Lane,Daylight,No Defects,"Two-way, Not Divided",Dry,Clear,Twelve o'clock,Passenger Car,Superficial,N,Slowing or Stopping,2015-02-14 13:30,19,38.9662828,-76.94540977
2320,N,Apparently Normal,No Misuse,Y,No Injury,abb81fb0-0f7a-4ff0-914a-4ff0b524ef98,D,JK00120004,Shoulder/Lap Belt(s),F,76a42a32-a3cf-4450-b889-6b2e8efed2ab,Same Direction Sideswipe,N,Intersection Related,Acceleration Lane,Daylight,No Defects,One-way Trafficway,Dry,Cloudy,Ten o'clock,Passenger Car,Functional,N,Moving Constant Speed,2015-01-20 12:00,73,39.30569427,-76.61468165
2321,Y,Apparently Normal,No Misuse,N,No Injury,7220be7f-0fea-451f-9db1-1a47caa71437,D,JK00120004,Shoulder/Lap Belt(s),M,0d11ea5c-0127-49a6-981f-d52be8ab81b3,Same Direction Sideswipe,N,Intersection Related,Acceleration Lane,Daylight,No Defects,One-way Trafficway,Dry,Cloudy,Two o'clock,Other Bus,Superficial,N,Moving Constant Speed,2015-01-20 12:00,21,39.30569427,-76.61468165
2322,N,Apparently Normal,No Misuse,N,No Injury,447b96ee-c6f9-484d-9ede-581b54cd4b46,D,MCP0251000J,Shoulder/Lap Belt(s),F,9e6958e1-d33c-4db0-8ee8-fcf5f1bb8e0c,Same Movement Angle,N,Intersection,Left Turn Lane,Daylight,No Defects,"Two-way, Divided, Positive Median Barrier",Dry,Clear,Nine o'clock,Passenger Car,Disabling,N,Starting From Lane,2015-03-08 18:04,45,39.18333833,-77.25704833
2323,N,Apparently Normal,No Misuse,Y,No Injury,75c4c6d8-ce5b-4af0-9f3b-0975f2a2b088,D,MCP0251000J,Shoulder/Lap Belt(s),M,e4e6b3fe-8d41-44bf-bafa-dc54d1946fa6,Same Movement Angle,N,Intersection,Left Turn Lane,Daylight,No Defects,"Two-way, Divided, Positive Median Barrier",Dry,Clear,Twelve o'clock,Passenger Car,Disabling,N,Moving Constant Speed,2015-03-08 18:04,25,39.18333833,-77.25704833
2324,N,Apparently Normal,No Misuse,N,No Injury,1c5cc2f6-dad2-4d87-8e9e-29f4803777d3,D,MCP04870007,Shoulder/Lap Belt(s),M,9401095d-7245-43d0-8ecc-7979a3bd966a,Same Movement Angle,N,Commercial Driveway,Right Turn Lane,Daylight,No Defects,"Two-way, Not Divided",Dry,Clear,Two o'clock,Passenger Car,Disabling,N,Moving Constant Speed,2015-02-19 10:41,29,39.144975,-77.142865
2325,N,Apparently Normal,No Misuse,Y,No Injury,b7098aa3-f1c9-4540-8076-5fac367e834c,D,MCP04870008,Shoulder/Lap Belt(s),F,40030010-49c5-4b14-a3af-a2ed5418e2a6,Same Direction Left Turn,N,Intersection,Right Turn Lane,Daylight,No Defects,"Two-way, Divided, Positive Median Barrier",Dry,Cloudy,One o'clock,Passenger Car,Superficial,N,Starting From Lane,2015-02-25 12:29,69,39.133805,-77.15850667
2326,N,Apparently Normal,No Misuse,Y,No Injury,818fb5f8-1737-4862-a4d1-76622f5f32f8,D,MCP05390018,Shoulder/Lap Belt(s),F,b919aa55-f26f-492c-82d9-28db446eded6,Single Vehicle ,N,Non Intersection,Left Turn Lane,Dawn,No Defects,"Two-way, Divided, Positive Median Barrier",Wet,Cloudy,Underside,Passenger Car,Disabling,N,Skidding,2015-01-21 07:08,43,39.08279667,-77.04704
2327,N,Apparently Normal,No Misuse,N,No Injury,34ee8148-fbcb-40e5-8e0f-3fd9d23836f9,D,MCP06380007,Shoulder/Lap Belt(s),F,32659c02-e943-4189-bda4-dda0151cb12f,Same Movement Angle,N,Commercial Driveway,Left Turn Lane,Dark Lights On,No Defects,"Two-way, Divided, Unprotected (painted >4 feet) Median",Snow,Snow,Twelve o'clock,(Sport) Utility Vehicle,Disabling,N,Moving Constant Speed,2015-01-26 19:27,49,39.17772833,-77.27153
2328,N,Apparently Normal,No Misuse,Y,No Injury,8b5d42f2-05ca-4bda-bf41-f90ef3124e3a,D,MCP06380007,Shoulder/Lap Belt(s),M,2afcf623-4b10-4244-b5c9-5673b1090885,Same Movement Angle,N,Commercial Driveway,Left Turn Lane,Dark Lights On,No Defects,"Two-way, Divided, Unprotected (painted >4 feet) Median",Snow,Snow,Twelve o'clock,Passenger Car,Disabling,N,Starting From Lane,2015-01-26 19:27,19,39.17772833,-77.27153
2329,N,Apparently Normal,No Misuse,Y,No Injury,48fc2be0-12bf-4e37-b155-56433e820f3f,D,MCP06380008,Shoulder/Lap Belt(s),F,96a858f1-87c8-4812-ae2b-931df6bdc15e,Single Vehicle ,N,Non Intersection,Right Turn Lane,Daylight,No Defects,"Two-way, Divided, Unprotected (painted >4 feet) Median",Dry,Clear,Twelve o'clock,Passenger Car,Disabling,N,Moving Constant Speed,2015-03-21 16:53,32,39.22117333,-77.38117833
2330,N,Apparently Normal,No Misuse,N,No Injury,3b861a5a-d00a-4008-9e2d-deed483bd0e8,D,MCP0704000D,Shoulder/Lap Belt(s),F,5ef943e0-f220-49d1-b738-ba5c1494d77d,Same Direction Sideswipe,N,Intersection Related,Left Turn Lane,Dark Lights On,No Defects,"Two-way, Not Divided",Dry,Clear,Nine o'clock,(Sport) Utility Vehicle,Functional,N,Making Left Turn,2015-02-08 17:54,29,38.99098833,-77.09557