KEY_INDEX,CDL_FLAG,CONDITION_CODE,EQUIP_PROB_CODE,FAULT_FLAG,INJ_SEVER_CODE,PERSON_ID,PERSON_TYPE,REPORT_NO,SAF_EQUIP_CODE,SEX_CODE,VEHICLE_ID,COLLISION_TYPE_CODE,C_M_ZONE_FLAG,JUNCTION_CODE,LANE_CODE,LIGHT_CODE,RD_COND_CODE,RD_DIV_CODE,SURF_COND_CODE,WEATHER_CODE,AREA_DAMAGED_CODE_MAIN,BODY_TYPE_CODE,DAMAGE_CODE,HIT_AND_RUN_FLAG,MOVEMENT_CODE,TIME,AGE,LATITUDE,LONGITUDE
2390,Y,Apparently Normal,No Misuse,N,No Injury,9bb3792e-9c71-47d6-84e8-9a5e03d29867,D,MCP1378003X,Shoulder/Lap Belt(s),M,d3dd284b-8d44-4f5d-98a8-a0d5ccbe0ef0,Same Movement Angle,N,Intersection,Right Turn Lane,Daylight,No Defects,"Two-way, Divided, Unprotected (painted >4 feet) Median",Dry,Cloudy,Four o'clock,School Bus,Superficial,N,Moving Constant Speed,2015-01-15 14:26,44,39.189105,-77.158585
2391,Y,Apparently Normal,No Misuse,N,No Injury,938aaed3-9422-4146-b4ea-a7d517cb9835,D,MCP13780042,Shoulder/Lap Belt(s),F,477db651-4643-4dcd-8ea8-f69fcd5ec2cd,Same Direction Rear End,N,Intersection Related,Right Turn Lane,Daylight,No Defects,"Two-way, Divided, Unprotected (painted >4 feet) Median",Dry,Cloudy,Six o'clock,School Bus,No Damage,N,Accelerating,2015-01-22 15:14,53,39.104285,-77.19063667
2392,N,Apparently Normal,No Misuse,Y,No Injury,9cfa7478-126b-4b6c-8391-7b71db615d35,D,MCP13780042,Shoulder/Lap Belt(s),M,eff37ece-489b-4f26-9d36-4640310b99f0,Same Direction Rear End,N,Intersection Related,Right Turn Lane,Daylight,No Defects,"Two-way, Divided, Unprotected (painted >4 feet) Median",Dry,Cloudy,Twelve o'clock,Passenger Car,Superficial,N,Accelerating,2015-01-22 15:14,29,39.104285,-77.19063667
2393,N,Apparently Normal,No Misuse,N,No Injury,3b0e6700-330d-472c-9328-a166b14321c5,D,MCP1378004G,Shoulder/Lap Belt(s),F,caf2aa9b-a931-4270-9385-6902a2d9f862,Same Direction Rear End,N,Non Intersection,Left Turn Lane,Dark Lights On,No Defects,"Two-way, Divided, Unprotected (painted >4 feet) Median",Dry,Cloudy,Six o'clock,(Sport) Utility Vehicle,Disabling,N,Stopped in Traffic Lane,2015-02-10 18:32,42,39.14219833,-77.15125333
2394,N,Apparently Normal,No Misuse,N,No Injury,ed243ebf-0f1f-4448-a042-5d4abca5eb27,D,MCP1378004G,Shoulder/Lap Belt(s),F,dae44b1e-9637-4cac-865a-196cc4214cea,Same Direction Rear End,N,Non Intersection,Left Turn Lane,Dark Lights On,No Defects,"Two-way, Divided, Unprotected (painted >4 feet) Median",Dry,Cloudy,Eight o'clock,(Sport) Utility Vehicle,Superficial,N,Slowing or Stopping,2015-02-10 18:32,37,39.14219833,-77.15125333
2395,N,Apparently Normal,No Misuse,Y,No Injury,0fbce4d4-c1c3-4f11-a1ee-f967fdfd3e6c,D,MCP1378004G,Shoulder/Lap Belt(s),F,006c5890-5401-47f2-93c7-1d5d5f29424c,Same Direction Rear End,N,Non Intersection,Left Turn Lane,Dark Lights On,No Defects,"Two-way, Divided, Unprotected (painted >4 feet) Median",Dry,Cloudy,Twelve o'clock,(Sport) Utility Vehicle,Disabling,N,Slowing or Stopping,2015-02-10 18:32,40,39.14219833,-77.15125333
2396,N,Apparently Normal,No Misuse,N,Possible Incapacitating Injury,b1cf8d1b-df83-45ff-b88f-77b127d6bacf,D,MCP1378004G,Shoulder/Lap Belt(s),F,6b9f526c-d5e8-4277-b8fc-1b60e8acaeb1,Same Direction Rear End,N,Non Intersection,Left Turn Lane,Dark Lights On,No Defects,"Two-way, Divided, Unprotected (painted >4 feet) Median",Dry,Cloudy,Nine o'clock,Passenger Car,Disabling,N,Slowing or Stopping,2015-02-10 18:32,62,39.14219833,-77.15125333
2397,N,Apparently Normal,No Misuse,Y,No Injury,1a142cce-1036-49b1-985a-134981596f4a,D,MCP1378004J,Shoulder/Lap Belt(s),F,a154c406-25ef-40c3-863d-492b136e733c,Same Movement Angle,N,Commercial Driveway,Left Turn Lane,Dusk,No Defects,"Two-way, Not Divided",Dry,Clear,Twelve o'clock,Passenger Car,Superficial,N,Making Left Turn,2015-02-12 17:55,48,39.13891667,-77.179385
2398,N,Apparently Normal,No Misuse,N,Non-incapacitating Injury,4328ee75-09f7-4d29-83aa-7a77f00a770b,D,MCP1378004J,Shoulder/Lap Belt(s),M,f698f05b-bacc-408e-82d0-6f4a8cddf6f4,Same Movement Angle,N,Commercial Driveway,Left Turn Lane,Dusk,No Defects,"Two-way, Not Divided",Dry,Clear,Eleven o'clock,Passenger Car,Superficial,N,Moving Constant Speed,2015-02-12 17:55,29,39.13891667,-77.179385
2399,N,Apparently Normal,No Misuse,N,No Injury,0ce12d1a-fe2a-40f4-addc-7fcfa3f50d9f,D,MCP1378004K,Shoulder/Lap Belt(s),F,bfbd382c-c2dc-4266-8266-99bc6898e2f8,Same Movement Angle,N,Commercial Driveway,Left Turn Lane,Dusk,No Defects,"Two-way, Not Divided",Wet,Cloudy,Eleven o'clock,(Sport) Utility Vehicle,Disabling,N,Moving Constant Speed,2015-02-17 17:19,48,39.14736167,-77.23147667
2400,N,Apparently Normal,No Misuse,Y,Non-incapacitating Injury,dea666a9-1386-48ee-a264-3868102d3a0f,D,MCP1378004K,Shoulder/Lap Belt(s),M,334f8349-886e-4ef9-89eb-ba86907fa4de,Same Movement Angle,N,Commercial Driveway,Left Turn Lane,Dusk,No Defects,"Two-way, Not Divided",Wet,Cloudy,Eleven o'clock,Passenger Car,Functional,N,Making U Turn,2015-02-17 17:19,30,39.14736167,-77.23147667
2401,N,Apparently Normal,No Misuse,Y,No Injury,7f9cadee-c36a-4ba5-b52b-ea81ef997c8c,D,MCP1378004T,Shoulder/Lap Belt(s),M,b2de5ce4-2cd5-4f7a-ae56-6ff59523ba9f,Same Direction Right Turn,N,Non Intersection,Acceleration Lane,Daylight,No Defects,"Two-way, Divided, Positive Median Barrier",Dry,Clear,Eight o'clock,Passenger Car,Disabling,N,Moving Constant Speed,2015-03-02 10:55,46,39.11667167,-77.19426
2402,N,Apparently Normal,No Misuse,Y,No Injury,4f3c7ef4-3bf2-4f5e-b847-394bff066186,D,MCP13780051,Shoulder/Lap Belt(s),F,124e0362-8c40-4435-96a6-ada913d8ca22,Same Movement Angle,N,Intersection,Left Turn Lane,Daylight,No Defects,"Two-way, Divided, Unprotected (painted >4 feet) Median",Dry,Clear,One o'clock,Passenger Car,Disabling,N,Making Left Turn,2015-03-09 16:02,21,39.140095,-77.20614667
2403,N,Apparently Normal,No Misuse,N,Non-incapacitating Injury,30b94ee2-1533-496b-80bf-48f5295aec7f,D,MCP13780051,Shoulder/Lap Belt(s),M,ed976477-56e6-4897-ad69-449838ec314c,Same Movement Angle,N,Intersection,Left Turn Lane,Daylight,No Defects,"Two-way, Divided, Unprotected (painted >4 feet) Median",Dry,Clear,Twelve o'clock,Passenger Car,Disabling,N,Moving Constant Speed,2015-03-09 16:02,25,39.140095,-77.20614667
2404,N,Apparently Normal,No Misuse,N,No Injury,5ec79c41-fa9a-4485-8067-f09dfd961e0e,D,MCP13780055,Shoulder/Lap Belt(s),F,ee7dfb97-a9f6-4f6e-b917-b654a6a39130,Same Movement Angle,N,Intersection,Right Turn Lane,Dark Lights On,No Defects,"Two-way, Divided, Unprotected (painted >4 feet) Median",Dry,Clear,Twelve o'clock,Passenger Car,Disabling,N,Accelerating,2015-03-17 20:08,19,39.139925,-77.20510333
2405,N,Apparently Normal,No Misuse,Y,No Injury,10c8707f-246d-459b-acd9-ad3a0194a299,D,MCP13780055,Shoulder/Lap Belt(s),M,0e38c1f0-f03a-4842-971d-fbfaab2213d9,Same Movement Angle,N,Intersection,Right Turn Lane,Dark Lights On,No Defects,"Two-way, Divided, Unprotected (painted >4 feet) Median",Dry,Clear,Four o'clock,Passenger Car,Disabling,N,Making Left Turn,2015-03-17 20:08,50,39.139925,-77.20510333
2406,N,Apparently Normal,No Misuse,Y,No Injury,e0db8bf9-38f7-464f-bb10-16e911299abd,D,MCP13780056,Shoulder/Lap Belt(s),F,57a7616c-b19c-4c70-83f9-16942f8d0853,Same Movement Angle,N,Commercial Driveway,Acceleration Lane,Daylight,No Defects,"Two-way, Divided, Unprotected (painted >4 feet) Median",Dry,Clear,Eleven o'clock,Van,Functional,N,Accelerating,2015-03-18 17:16,29,39.16263667,-77.22505167
2407,N,Apparently Normal,No Misuse,N,No Injury,ac6f7b37-e7df-49cd-94a6-d1cb88d58d30,D,MCP13780056,Shoulder/Lap Belt(s),M,68fdc4fc-d87c-424d-a51f-0eafd90fc6e9,Same Movement Angle,N,Commercial Driveway,Acceleration Lane,Daylight,No Defects,"Two-way, Divided, Unprotected (painted >4 feet) Median",Dry,Clear,One o'clock,Passenger Car,Disabling,N,Skidding,2015-03-18 17:16,24,39.16263667,-77.22505167
2408,N,Apparently Normal,No Misuse,Y,No Injury,64824be6-aeaa-45be-b404-860b5712416a,D,MCP13780058,Shoulder/Lap Belt(s),F,38ec6cb4-e75e-4156-8398-2b0f7b86f3fb,Same Direction Rear End,N,Intersection,Left Turn Lane,Daylight,No Defects,"Two-way, Divided, Unprotected (painted >4 feet) Median",Dry,Clear,Twelve o'clock,(Sport) Utility Vehicle,Functional,N,Slowing or Stopping,2015-03-30 14:36,22,39.13129167,-77.18802
2409,N,Apparently Normal,No Misuse,N,Non-incapacitating Injury,5398ed9d-54dc-4e75-8ae3-b65ba199fc86,D,MCP13780058,Shoulder/Lap Belt(s),F,7ece8a9c-773c-45bd-9275-bfd37538143b,Same Direction Rear End,N,Intersection,Left Turn Lane,Daylight,No Defects,"Two-way, Divided, Unprotected (painted >4 feet) Median",Dry,Clear,Six o'clock,(Sport) Utility Vehicle,Functional,N,Stopped in Traffic Lane,2015-03-30 14:36,50,39.13129167,-77.18802
2410,N,Apparently Normal,No Misuse,Y,No Injury,2dff650c-1ef7-4454-b0ba-9ecdc3501a06,D,MCP1378005B,Shoulder/Lap Belt(s),F,02d4dda5-c912-4ddd-b03b-4404ad0eaf81,Same Movement Angle,N,Intersection,Right Turn Lane,Dusk,No Defects,"Two-way, Divided, Positive Median Barrier",Dry,Clear,One o'clock,Passenger Car,Disabling,N,Moving Constant Speed,2015-03-30 19:06,66,39.112165,-77.21057667
2411,N,Apparently Normal,No Misuse,N,No Injury,c81d177c-51ca-46d5-aec6-ef20f0c72efb,D,MCP13820020,Shoulder/Lap Belt(s),F,0bbd5be9-08e3-4de9-99bd-dfcd321bd7bf,Same Direction Rear End,N,Non Intersection,Acceleration Lane,Daylight,No Defects,"Two-way, Divided, Positive Median Barrier",Dry,Clear,Six o'clock,Van,Superficial,N,Stopped in Traffic Lane,2015-02-25 09:12,27,39.03059167,-77.00551667
2412,N,Apparently Normal,No Misuse,Y,No Injury,cdf33970-48f3-4f6f-93f2-2581d1c00fd5,D,MCP13820020,Shoulder/Lap Belt(s),F,dbaf7b1b-44e2-46c1-8317-77648f04ba35,Same Direction Rear End,N,Non Intersection,Acceleration Lane,Daylight,No Defects,"Two-way, Divided, Positive Median Barrier",Dry,Clear,Twelve o'clock,(Sport) Utility Vehicle,No Damage,N,Slowing or Stopping,2015-02-25 09:12,22,39.03059167,-77.00551667
2413,N,Apparently Normal,No Misuse,N,No Injury,8f1424ec-624b-4372-9846-e85a1fe32c15,D,MCP13820022,Shoulder/Lap Belt(s),F,7a6fce22-3c89-406e-b3d7-bd852ce42b4a,Same Direction Rear End,N,Non Intersection,Right Turn Lane,Daylight,No Defects,"Two-way, Divided, Positive Median Barrier",Dry,Clear,Six o'clock,Van,Functional,N,Stopped in Traffic Lane,2015-03-30 08:30,55,39.03453,-77.00173667
2414,N,Apparently Normal,No Misuse,Y,No Injury,e038b835-2bf1-4c8f-b871-ad5268d4a2bf,D,MCP13820022,Shoulder/Lap Belt(s),M,85761886-29c5-4f71-ad20-c9eca2f9e908,Same Direction Rear End,N,Non Intersection,Right Turn Lane,Daylight,No Defects,"Two-way, Divided, Positive Median Barrier",Dry,Clear,One o'clock,Ambulance/Emergency,Functional,N,Moving Constant Speed,2015-03-30 08:30,37,39.03453,-77.00173667
2415,N,Apparently Normal,No Misuse,Y,No Injury,0f9145f1-c3f2-49c2-be9a-0b9125daeab2,D,MCP13970004,Shoulder/Lap Belt(s),F,8affbdc7-59cd-4de3-94cd-a94332a6cbbe,Single Vehicle ,N,Non Intersection,Left Turn Lane,Daylight,No Defects,"Two-way, Divided, Positive Median Barrier",Dry,Clear,Twelve o'clock,Passenger Car,Disabling,N,Moving Constant Speed,2015-01-15 11:06,49,39.196185,-77.25936333
2416,N,Apparently Normal,Air Bag Failed,Y,No Injury,ad003ecc-6b3e-499c-b27a-80cb2365fa9c,D,MCP1417002F,Shoulder/Lap Belt(s),F,7e8fbcb4-9857-49c1-be95-c4862252d57b,Same Direction Rear End,N,Intersection,Right Turn Lane,Daylight,No Defects,"Two-way, Divided, Unprotected (painted >4 feet) Median",Dry,Clear,Twelve o'clock,Passenger Car,Disabling,N,Moving Constant Speed,2015-01-28 16:07,20,39.175955,-77.21024667
2417,N,Apparently Normal,No Misuse,N,Possible Incapacitating Injury,0acdb05a-915d-448e-acf9-a69964a2bcbf,D,MCP1417002F,Shoulder/Lap Belt(s),F,355549ea-ac47-40b6-861a-cf3c4634a61d,Same Direction Rear End,N,Intersection,Right Turn Lane,Daylight,No Defects,"Two-way, Divided, Unprotected (painted >4 feet) Median",Dry,Clear,Six o'clock,Passenger Car,Functional,N,Stopped in Traffic Lane,2015-01-28 16:07,24,39.175955,-77.21024667
2418,N,Apparently Normal,No Misuse,N,No Injury,e9a9b272-2a87-4d5b-a01c-2177c841c9d5,D,MCP1417002K,Shoulder/Lap Belt(s),F,4e4c8a9b-7e35-4563-ae3e-8d4cef754749,Head On Left Turn,N,Intersection,Left Turn Lane,Daylight,No Defects,"Two-way, Divided, Positive Median Barrier",Wet,Cloudy,Twelve o'clock,Passenger Car,Functional,N,Stopped in Traffic Lane,2015-02-10 07:33,29,39.12661463,-77.24383235
2419,N,Apparently Normal,No Misuse,Y,No Injury,0b1c9489-fe85-4859-80e8-342070f006bb,D,MCP1417002K,Shoulder/Lap Belt(s),F,a4d81c0c-f456-462e-a98a-d925185f3b97,Head On Left Turn,N,Intersection,Left Turn Lane,Daylight,No Defects,"Two-way, Divided, Positive Median Barrier",Wet,Cloudy,Four o'clock,Passenger Car,Disabling,N,Making Left Turn,2015-02-10 07:33,38,39.12661463,-77.24383235
2420,N,Apparently Normal,No Misuse,N,Possible Incapacitating Injury,1cd2b871-d5f9-4f11-9c07-b928403211ad,D,MCP1417002K,Shoulder/Lap Belt(s),F,678f88b7-1615-4cd6-b5cb-1eb1754e3347,Head On Left Turn,N,Intersection,Left Turn Lane,Daylight,No Defects,"Two-way, Divided, Positive Median Barrier",Wet,Cloudy,Twelve o'clock,Passenger Car,Disabling,N,Moving Constant Speed,2015-02-10 07:33,29,39.12661463,-77.24383235
2421,N,Apparently Normal,No Misuse,Y,No Injury,0bf76c82-d457-4493-a8e0-2fdf64e66146,D,MCP1417002L,Shoulder/Lap Belt(s),F,254970c7-4277-4e80-a38a-da29dfbbf0b8,Head On Left Turn,N,Intersection,Left Turn Lane,Daylight,No Defects,"Two-way, Divided, Unprotected (painted >4 feet) Median",Dry,Clear,Four o'clock,Passenger Car,Disabling,N,Making Left Turn,2015-02-11 15:22,24,39.13881333,-77.17957
2422,N,Apparently Normal,No Misuse,N,Possible Incapacitating Injury,4758cadf-e513-4ca5-b091-bfd3cf794ba2,D,MCP1417002L,Shoulder/Lap Belt(s),M,501153c2-5d56-4b4b-a957-65dd2a647faa,Head On Left Turn,N,Intersection,Left Turn Lane,Daylight,No Defects,"Two-way, Divided, Unprotected (painted >4 feet) Median",Dry,Clear,Twelve o'clock,Passenger Car,Functional,N,Moving Constant Speed,2015-02-11 15:22,17,39.13881333,-77.17957
2423,N,Apparently Normal,No Misuse,Y,No Injury,cec05d8f-88e2-4e93-80dd-52e8b24e0ac4,D,MCP1417002N,Shoulder/Lap Belt(s),F,a259ad6e-38ca-4410-90e1-312b4078991b,Same Direction Rear End,N,Non Intersection,Left Turn Lane,Daylight,No Defects,"Two-way, Divided, Unprotected (painted >4 feet) Median",Dry,Clear,Twelve o'clock,Passenger Car,Disabling,N,Slowing or Stopping,2015-02-18 08:08,65,39.14529,-77.226995
2424,N,Apparently Normal,No Misuse,Y,No Injury,0beef006-6c81-46f6-92b7-583614f5249a,D,MCP1417002N,Shoulder/Lap Belt(s),F,0a41c17b-0f57-4982-9698-4c0c5fbb8333,Same Direction Rear End,N,Non Intersection,Left Turn Lane,Daylight,No Defects,"Two-way, Divided, Unprotected (painted >4 feet) Median",Dry,Clear,Twelve o'clock,Passenger Car,Functional,N,Slowing or Stopping,2015-02-18 08:08,40,39.14529,-77.226995
2425,N,Apparently Normal,No Misuse,N,Possible Incapacitating Injury,21efcf3e-2599-417b-a710-3033a6b898db,D,MCP1417002N,Shoulder/Lap Belt(s),F,f0b9a4ed-1de6-4326-9538-e5c26f644098,Same Direction Rear End,N,Non Intersection,Left Turn Lane,Daylight,No Defects,"Two-way, Divided, Unprotected (painted >4 feet) Median",Dry,Clear,Six o'clock,Pickup Truck,Functional,N,Slowing or Stopping,2015-02-18 08:08,49,39.14529,-77.226995
2426,N,Apparently Normal,No Misuse,Y,No Injury,8801a3df-a485-46d1-a92b-98bf66914d4f,D,MCP1417002P,Shoulder/Lap Belt(s),F,f9e85789-312c-41d8-b2f2-6fb8dbd340b4,Same Direction Rear End,N,Intersection Related,Left Turn Lane,Daylight,No Defects,"Two-way, Divided, Unprotected (painted >4 feet) Median",Dry,Clear,Twelve o'clock,Passenger Car,Disabling,N,Moving Constant Speed,2015-02-18 13:01,35,39.15716167,-77.19184333
2427,N,Apparently Normal,No Misuse,N,Possible Incapacitating Injury,f3dc56eb-a228-4cbe-9efb-0390ffe0d790,D,MCP1417002P,Shoulder/Lap Belt(s),M,294c8f1d-9357-4839-8177-dc045133410a,Same Direction Rear End,N,Intersection Related,Left Turn Lane,Daylight,No Defects,"Two-way, Divided, Unprotected (painted >4 feet) Median",Dry,Clear,Six o'clock,Passenger Car,Disabling,N,Slowing or Stopping,2015-02-18 13:01,39,39.15716167,-77.19184333
2428,N,Apparently Normal,No Misuse,N,No Injury,87066a70-ce89-43a6-8870-1c845bf20b73,D,MCP14650017,Shoulder/Lap Belt(s),F,473537d4-422a-4529-a4cb-c1436f849d24,Same Direction Right Turn,N,Intersection Related,Right Turn Lane,Daylight,Loose Surface Material,"Two-way, Divided, Positive Median Barrier",Snow,Cloudy,Eleven o'clock,Passenger Car,Superficial,N,Slowing or Stopping,2015-02-17 09:08,32,39.12224,-77.1771
2429,N,Apparently Normal,No Misuse,Y,No Injury,44834418-cddf-41ac-876c-1d37874553fc,D,MCP14650017,Shoulder/Lap Belt(s),M,0b9966f4-78ca-4adc-af2c-acad10f3baee,Same Direction Right Turn,N,Intersection Related,Right Turn Lane,Daylight,Loose Surface Material,"Two-way, Divided, Positive Median Barrier",Snow,Cloudy,Two o'clock,Police Vehicle/Emergency,Superficial,N,Skidding,2015-02-17 09:08,41,39.12224,-77.1771
2430,N,Apparently Normal,No Misuse,N,No Injury,24cd9264-b87b-4db4-a35c-aa0752cda731,D,MCP1475000F,Shoulder/Lap Belt(s),F,2a94709d-85df-4888-881d-63061656157c,Same Movement Angle,N,Intersection,Right Turn Lane,Dark Lights On,No Defects,"Two-way, Divided, Positive Median Barrier",Wet,Raining,Twelve o'clock,"Other Light Trucks (10,000 lbs (4,536 kg))",Functional,N,Accelerating,2015-02-09 19:03,29,39.161505,-77.20177833
2431,N,Apparently Normal,No Misuse,Y,Possible Incapacitating Injury,f19aecbc-2da7-4593-a0f0-5d64fc7a03bc,D,MCP1475000F,Shoulder/Lap Belt(s),F,2202c824-0f5c-4ccc-befb-aece976ee17f,Same Movement Angle,N,Intersection,Right Turn Lane,Dark Lights On,No Defects,"Two-way, Divided, Positive Median Barrier",Wet,Raining,Three o'clock,Passenger Car,Disabling,N,Moving Constant Speed,2015-02-09 19:03,34,39.161505,-77.20177833
2432,N,Apparently Normal,No Misuse,N,No Injury,95e1b839-5f61-49b4-953f-bb639cc11dea,D,MCP1505000B,Shoulder/Lap Belt(s),F,faa46b32-ecff-432f-aa91-195ea89907de,Same Direction Sideswipe,N,Non Intersection,Left Turn Lane,Daylight,No Defects,"Two-way, Divided, Positive Median Barrier",Dry,Severe Winds,Eleven o'clock,Passenger Car,Superficial,N,Moving Constant Speed,2015-01-07 15:33,29,39.138229,-77.153466
2433,N,Apparently Normal,No Misuse,N,No Injury,dc64cf53-18a8-4309-a6fe-5ed433d36db4,D,MCP1505000C,Shoulder/Lap Belt(s),F,57a1ad81-5e59-427f-b8e6-32ca5e788dca,Single Vehicle ,N,Intersection,Right Turn Lane,Dark Lights On,No Defects,"Two-way, Divided, Positive Median Barrier",Wet,Wintry Mix,Eleven o'clock,Passenger Car,No Damage,N,Skidding,2015-02-09 20:32,40,39.201185,-77.253145
2434,N,Apparently Normal,No Misuse,N,No Injury,07fde273-1a83-4ae1-a148-70b0bf084ca0,D,MCP1550000V,Shoulder/Lap Belt(s),F,52bfd172-72d0-4ec1-9bb9-d26f42eab95c,Same Direction Rear End,N,Non Intersection,Deceleration Lane,Dark Lights On,No Defects,"Two-way, Divided, Positive Median Barrier",Dry,Clear,Twelve o'clock,Passenger Car,Functional,N,Moving Constant Speed,2015-01-16 18:15,18,39.00582,-77.07316833
2435,N,Apparently Normal,No Misuse,N,No Injury,3e273ccf-e5e6-407e-8c31-726db2452c54,D,MCP1550000V,Shoulder/Lap Belt(s),M,fed5d05f-99cc-4e20-adba-a70469f79280,Same Direction Rear End,N,Non Intersection,Deceleration Lane,Dark Lights On,No Defects,"Two-way, Divided, Positive Median Barrier",Dry,Clear,Twelve o'clock,Passenger Car,Functional,N,Moving Constant Speed,2015-01-16 18:15,34,39.00582,-77.07316833
2436,N,Apparently Normal,No Misuse,Y,No Injury,4dd37a51-2f30-42b2-be5a-2ef0e632a098,D,MCP1554000F,Shoulder/Lap Belt(s),F,fb4ee133-e33e-462a-a3ec-b1a5d1a476fa,Same Direction Rear End,N,Intersection Related,Left Turn Lane,Dark Lights On,No Defects,"Two-way, Not Divided",Ice,Snow,Twelve o'clock,Passenger Car,Disabling,N,Skidding,2015-01-07 17:46,23,39.13311667,-77.12175667
2437,N,Apparently Normal,No Misuse,N,No Injury,15d67ede-ad46-47a7-b038-270a956303f3,D,MCP1554000F,Shoulder/Lap Belt(s),M,52e060bb-8d73-47d2-9a17-c712bf1411c5,Same Direction Rear End,N,Intersection Related,Left Turn Lane,Dark Lights On,No Defects,"Two-way, Not Divided",Ice,Snow,Six o'clock,(Sport) Utility Vehicle,Functional,N,Stopped in Traffic Lane,2015-01-07 17:46,41,39.13311667,-77.12175667
2438,N,Apparently Normal,No Misuse,N,No Injury,760a82c7-3877-41bd-a922-452fe36b9d5c,D,MCP1564000H,Shoulder/Lap Belt(s),F,1c57de67-9382-4f10-b54b-e724ee486d1b,Same Direction Left Turn,N,Non Intersection,Right Turn Lane,Daylight,No Defects,"Two-way, Not Divided",Dry,Clear,One o'clock,Passenger Car,Disabling,N,Moving Constant Speed,2015-01-15 10:01,75,39.09584,-76.96983833
2439,N,Apparently Normal,No Misuse,Y,No Injury,3936a91a-b89a-47fc-b6cc-bc1a9edf7da0,D,MCP1564000H,Shoulder/Lap Belt(s),M,391b2f24-59c9-4c4a-a8b3-3eca93d1bce7,Same Direction Left Turn,N,Non Intersection,Right Turn Lane,Daylight,No Defects,"Two-way, Not Divided",Dry,Clear,Eleven o'clock,Passenger Car,Disabling,N,Accelerating,2015-01-15 10:01,52,39.09584,-76.96983833
2440,N,Apparently Normal,No Misuse,N,No Injury,7e67489d-731c-4d9e-a8bd-3577e4687ece,D,MCP1564000K,Shoulder/Lap Belt(s),F,230ae11e-a4bb-4953-8679-c930d3cb7a3d,Head On Left Turn,N,Non Intersection,Right Turn Lane,Dawn,No Defects,"Two-way, Not Divided",Wet,Raining,Twelve o'clock,Passenger Car,Disabling,N,Moving Constant Speed,2015-03-27 07:19,65,39.22115667,-77.05987833
2441,N,Apparently Normal,No Misuse,Y,No Injury,00fa8897-21e6-4243-9076-9d56f93d5f63,D,MCP15950005,Shoulder/Lap Belt(s),F,de2a623b-4b0f-41e6-ad53-9b0350021d72,Single Vehicle ,N,Non Intersection,Acceleration Lane,Dark Lights On,No Defects,"Two-way, Divided, Positive Median Barrier",Wet,Raining,Twelve o'clock,(Sport) Utility Vehicle,Functional,Y,Moving Constant Speed,2015-03-14 00:34,18,39.04081129,-77.05160379
2442,N,Apparently Normal,No Misuse,N,No Injury,2230a647-4d8d-4793-bf45-929cd5830008,D,MCP20030008,Shoulder Belt Only,F,9f4e98f4-0dad-4954-a25a-2ad343de092b,Same Direction Rear End,N,Non Intersection,Right Turn Lane,Dark Lights On,No Defects,"Two-way, Not Divided",Dry,Clear,Six o'clock,Van,Disabling,N,Moving Constant Speed,2015-03-29 01:03,38,39.06474812,-77.08017468
2443,N,Apparently Normal,No Misuse,N,No Injury,f2aa4412-8006-4a59-b318-f8962c4cee36,D,MCP2010000W,Shoulder/Lap Belt(s),F,0e58e4f1-ed4c-4d93-b1ed-f970f17bd06b,Head On,N,Intersection,Right Turn Lane,Daylight,No Defects,"Two-way, Not Divided",Dry,Clear,Eleven o'clock,Passenger Car,Superficial,N,Moving Constant Speed,2015-02-12 13:21,23,39.03191102,-77.11797237
2444,N,Emotional Depressed Angry Disturbed,No Misuse,Y,No Injury,d311e9c7-ef3d-4ae3-98cf-a65e878369fe,D,MCP2010000W,Shoulder/Lap Belt(s),F,a1b373ad-cb63-4758-b837-30cc4498bd8d,Head On,N,Intersection,Right Turn Lane,Daylight,No Defects,"Two-way, Not Divided",Dry,Clear,Eleven o'clock,Recreational Vehicle,Disabling,Y,Moving Constant Speed,2015-02-12 13:21,70,39.03191102,-77.11797237
2445,N,Apparently Normal,No Misuse,N,No Injury,1d9a4663-2b58-4479-9c9a-f6a1d0fdf89d,D,MCP2015000C,Shoulder/Lap Belt(s),F,14a8525c-aba7-49d2-a022-f58dee485b08,Same Direction Rear End,N,Intersection Related,Right Turn Lane,Dusk,No Defects,"Two-way, Not Divided",Dry,Clear,Six o'clock,Passenger Car,Disabling,N,Slowing or Stopping,2015-01-16 17:26,30,39.15411833,-77.25232833
2446,N,Apparently Normal,No Misuse,Y,No Injury,38318169-8f4f-418d-868f-7cd9734f6cb1,D,MCP2016000G,Shoulder/Lap Belt(s),M,020f67d5-3881-4943-9153-3136dd1a9d6d,Same Movement Angle,N,Intersection,Left Turn Lane,Daylight,No Defects,"Two-way, Divided, Unprotected (painted >4 feet) Median",Dry,Clear,Eleven o'clock,Passenger Car,Functional,N,Starting From Lane,2015-03-31 08:11,53,39.12122,-77.15830167
2447,N,Apparently Normal,No Misuse,N,No Injury,ed57dd10-bf3a-49dd-82bf-b22758d6f0c3,D,MCP2016000H,Shoulder/Lap Belt(s),F,6b7bf3cb-f866-4020-a359-ddfc7ae203d6,Same Direction Rear End,N,Intersection,Left Turn Lane,Daylight,No Defects,"Two-way, Divided, Positive Median Barrier",Dry,Clear,Six o'clock,Passenger Car,Functional,N,Slowing or Stopping,2015-03-31 09:30,42,39.08991333,-77.12995667