KEY_INDEX,CDL_FLAG,CONDITION_CODE,EQUIP_PROB_CODE,FAULT_FLAG,INJ_SEVER_CODE,PERSON_ID,PERSON_TYPE,REPORT_NO,SAF_EQUIP_CODE,SEX_CODE,VEHICLE_ID,COLLISION_TYPE_CODE,C_M_ZONE_FLAG,JUNCTION_CODE,LANE_CODE,LIGHT_CODE,RD_COND_CODE,RD_DIV_CODE,SURF_COND_CODE,WEATHER_CODE,AREA_DAMAGED_CODE_MAIN,BODY_TYPE_CODE,DAMAGE_CODE,HIT_AND_RUN_FLAG,MOVEMENT_CODE,TIME,AGE,LATITUDE,LONGITUDE
2507,N,Apparently Normal,No Misuse,N,Incapacitating/Disabled Injury,39408817-53c6-447b-8d1a-175451805fbb,D,MCP2357000N,Shoulder/Lap Belt(s),M,1b5bce5d-c941-43f8-80b6-5683ee60689a,Same Direction Rear End,N,Intersection,Left Turn Lane,Daylight,No Defects,"Two-way, Divided, Positive Median Barrier",Ice,Clear,Six o'clock,Passenger Car,Functional,N,Slowing or Stopping,2015-02-15 09:51,48,39.02188333,-77.04500833
2508,N,Apparently Normal,No Misuse,Y,No Injury,85081a61-e6cb-489c-9596-bb268cdcda6c,D,MCP2358000R,Shoulder/Lap Belt(s),F,c8b82d20-6e89-4fc5-b45e-938241b681d9,Same Movement Angle,N,Intersection,Acceleration Lane,Daylight,No Defects,"Two-way, Not Divided",Dry,Clear,Two o'clock,Passenger Car,Destroyed,N,Making Left Turn,2015-03-08 15:27,74,39.01643,-77.119898
2509,N,Apparently Normal,No Misuse,N,Possible Incapacitating Injury,c892214c-c64b-4f47-b5ba-70a074eb3099,D,MCP2358000R,Shoulder/Lap Belt(s),F,6aec6162-2aed-422c-ad4b-f007a8d8b35a,Same Movement Angle,N,Intersection,Acceleration Lane,Daylight,No Defects,"Two-way, Not Divided",Dry,Clear,Twelve o'clock,Passenger Car,Destroyed,N,Moving Constant Speed,2015-03-08 15:27,46,39.01643,-77.119898
2510,N,Apparently Normal,No Misuse,N,No Injury,1ab2c757-46fa-4efa-a584-a49920bbeed6,D,MCP2370001H,Shoulder/Lap Belt(s),F,80423de5-aed8-4218-9ad6-8245e58b40a7,Same Direction Sideswipe,N,Non Intersection,Right Turn Lane,Dark Lights On,No Defects,"Two-way, Divided, Positive Median Barrier",Dry,Clear,Four o'clock,Police Vehicle/Non Emergency,Superficial,N,Moving Constant Speed,2015-02-12 17:45,30,39.08195833,-76.94656333
2511,N,Apparently Normal,No Misuse,Y,No Injury,5a05e4f9-fca2-4723-8d93-ea87f3f92fa8,D,MCP23880009,Shoulder/Lap Belt(s),F,10d940bd-d94b-4e4b-9232-4be7abfca492,Same Direction Rear End,N,Non Intersection,Right Turn Lane,Daylight,No Defects,"Two-way, Not Divided",Dry,Clear,Twelve o'clock,Van,Superficial,Y,Slowing or Stopping,2015-01-24 16:58,19,39.09966,-77.140025
2512,N,Apparently Normal,No Misuse,N,No Injury,59072436-7c5d-4291-a53c-c1d73dfdf3ba,D,MCP23880009,Shoulder/Lap Belt(s),M,bb4cfb4c-e4f2-4e20-880e-84a9c1c41e75,Same Direction Rear End,N,Non Intersection,Right Turn Lane,Daylight,No Defects,"Two-way, Not Divided",Dry,Clear,Six o'clock,Passenger Car,Superficial,N,Stopped in Traffic Lane,2015-01-24 16:58,49,39.09966,-77.140025
2513,N,Apparently Normal,No Misuse,N,No Injury,7bbb25de-e250-4db0-a378-eb5070ffbdf9,D,MCP23930009,Shoulder/Lap Belt(s),F,a4b3937d-415c-4179-a919-429fdb17dc04,Same Movement Angle,N,Intersection,Right Turn Lane,Daylight,No Defects,"Two-way, Divided, Positive Median Barrier",Dry,Clear,Eleven o'clock,Passenger Car,Functional,N,Starting From Lane,2015-03-09 11:15,70,38.99454559,-77.0361945
2514,N,Apparently Normal,No Misuse,N,No Injury,bf5c1bf7-ad5f-49dc-80e4-0b794f7d2fd2,D,MCP2393000B,Shoulder/Lap Belt(s),F,40546de9-5fed-4338-bfb5-ae7066263443,Same Direction Rear End,N,Non Intersection,Deceleration Lane,Daylight,"Holes, Ruts, Etc.","Two-way, Divided, Positive Median Barrier",Dry,Clear,Six o'clock,Passenger Car,Superficial,N,Slowing or Stopping,2015-03-30 09:29,35,39.01452601,-77.04217851
2515,N,Apparently Normal,No Misuse,Y,No Injury,94d388df-0a2e-4222-ac8c-f35f286cf363,D,MCP2437000Q,Shoulder/Lap Belt(s),F,21ffcd31-edc8-44e0-a3a8-17a4c70ef9ab,Same Movement Angle,N,Intersection,Left Turn Lane,Daylight,No Defects,"Two-way, Divided, Unprotected (painted >4 feet) Median",Dry,Clear,Eight o'clock,Passenger Car,Disabling,N,Accelerating,2015-01-09 11:00,57,39.05821667,-77.07141833
2516,N,Apparently Normal,No Misuse,N,Possible Incapacitating Injury,f9007f7f-d639-47c7-bd72-eceaa62d1a74,D,MCP2437000Q,Shoulder/Lap Belt(s),F,8d9cccbf-653e-451d-8d2a-9680db946e20,Same Movement Angle,N,Intersection,Left Turn Lane,Daylight,No Defects,"Two-way, Divided, Unprotected (painted >4 feet) Median",Dry,Clear,Twelve o'clock,Passenger Car,Destroyed,N,Moving Constant Speed,2015-01-09 11:00,19,39.05821667,-77.07141833
2517,N,Apparently Normal,No Misuse,Y,No Injury,212ee6e5-0948-400e-95c9-27dd8e7cc7b3,D,MCP2437000T,Shoulder/Lap Belt(s),F,e953d3d0-aa54-4dc2-ba35-fff8ae3435fe,Same Movement Angle,N,Intersection,Acceleration Lane,Daylight,No Defects,"Two-way, Divided, Unprotected (painted >4 feet) Median",Dry,Clear,Twelve o'clock,Passenger Car,Disabling,N,Accelerating,2015-02-03 14:53,30,39.07832333,-77.07200667
2518,N,Apparently Normal,No Misuse,N,No Injury,54342524-0081-463e-82d1-4305e5f194dc,D,MCP2437000T,Shoulder/Lap Belt(s),M,823f1e3f-816c-4175-abb6-85692bd5476f,Same Movement Angle,N,Intersection,Acceleration Lane,Daylight,No Defects,"Two-way, Divided, Unprotected (painted >4 feet) Median",Dry,Clear,Twelve o'clock,Passenger Car,Disabling,N,Moving Constant Speed,2015-02-03 14:53,41,39.07832333,-77.07200667
2519,N,Apparently Normal,No Misuse,N,No Injury,0b59650d-c8e7-4d91-918b-c28bf5510d02,D,MCP25080008,Shoulder/Lap Belt(s),M,bead89a7-1f17-4fc5-ac60-a2421eee6621,Angle Meets Left Turn,N,Non Intersection,Right Turn Lane,Daylight,No Defects,"Two-way, Not Divided",Dry,Cloudy,Eight o'clock,"Other Light Trucks (10,000 lbs (4,536 kg))",Superficial,N,Moving Constant Speed,2015-03-31 18:23,41,39.177755,-77.27031333
2520,N,Apparently Normal,No Misuse,N,No Injury,42348922-50e0-4251-ac11-9464ea20f336,D,MCP2534000J,Shoulder/Lap Belt(s),F,9e913831-81d2-499d-a207-a63dae69ec33,Same Direction Rear End,N,Non Intersection,Right Turn Lane,Dark Lights On,No Defects,"Two-way, Not Divided",Ice,Severe Winds,Six o'clock,Passenger Car,Destroyed,N,Moving Constant Speed,2015-02-15 02:45,30,39.01587,-77.005535
2521,N,Apparently Normal,No Misuse,N,No Injury,2ef5f46f-d6e5-4750-abce-9e358ceb7790,D,MCP2534000J,Shoulder/Lap Belt(s),M,fbca9509-fe33-406f-a2ef-debcce520abf,Same Direction Rear End,N,Non Intersection,Right Turn Lane,Dark Lights On,No Defects,"Two-way, Not Divided",Ice,Severe Winds,Eleven o'clock,Van,Disabling,N,Moving Constant Speed,2015-02-15 02:45,57,39.01587,-77.005535
2522,N,Had Been Drinking,No Misuse,Y,No Injury,ae23b56c-b52c-455f-9d08-82109a8e7d00,D,MCP2534000J,Shoulder/Lap Belt(s),M,57a76dec-16a6-4af0-82a2-e21bfecb3b62,Same Direction Rear End,N,Non Intersection,Right Turn Lane,Dark Lights On,No Defects,"Two-way, Not Divided",Ice,Severe Winds,Twelve o'clock,(Sport) Utility Vehicle,Disabling,Y,Moving Constant Speed,2015-02-15 02:45,32,39.01587,-77.005535
2523,N,Apparently Normal,No Misuse,N,No Injury,b212cb24-a3d6-4fba-a3a2-7591deda1489,D,MCP2546000P,Shoulder/Lap Belt(s),F,10d8e2eb-78dd-4a1c-94b2-dff750451065,Same Direction Rear End,N,Intersection,Right Turn Lane,Dark Lights On,No Defects,"Two-way, Divided, Positive Median Barrier",Dry,Clear,Six o'clock,"Other Light Trucks (10,000 lbs (4,536 kg))",Functional,N,Slowing or Stopping,2015-01-15 18:23,44,39.07498,-77.04576667
2524,N,Apparently Normal,No Misuse,Y,No Injury,f26078ea-bdaa-4092-8687-ea955e8fb35e,D,MCP2546000P,Shoulder/Lap Belt(s),M,10bd0531-cc50-48bc-8e06-5246738049b4,Same Direction Rear End,N,Intersection,Right Turn Lane,Dark Lights On,No Defects,"Two-way, Divided, Positive Median Barrier",Dry,Clear,Twelve o'clock,Passenger Car,Disabling,N,Moving Constant Speed,2015-01-15 18:23,86,39.07498,-77.04576667
2525,N,Apparently Normal,No Misuse,Y,No Injury,c0c93fdd-6710-466f-bbce-7bc2b5249baa,D,MCP2546000R,Shoulder/Lap Belt(s),F,6cd01185-b5d0-40c2-a506-0a850d6837a3,Single Vehicle ,N,Non Intersection,Acceleration Lane,Dark Lights On,No Defects,"Two-way, Divided, Positive Median Barrier",Dry,Clear,Twelve o'clock,Passenger Car,Disabling,N,Moving Constant Speed,2015-02-11 22:07,72,39.089775,-77.07976
2526,N,Apparently Normal,No Misuse,N,No Injury,3fe19255-1ced-423f-95d6-6f98e32148c4,D,MCP25560007,Shoulder/Lap Belt(s),F,62e17e23-f413-4738-93a9-eb9c0adec10c,Same Direction Rear End,N,Non Intersection,Left Turn Lane,Dark No Lights,No Defects,One-way Trafficway,Dry,Clear,Six o'clock,Passenger Car,Superficial,N,Slowing or Stopping,2015-02-27 19:06,20,39.11301365,-77.18968391
2527,N,Apparently Normal,No Misuse,Y,No Injury,ecd3942c-472e-4b15-b804-d3b24d8070e1,D,MCP25560007,Shoulder/Lap Belt(s),F,8d300543-df8b-4161-9345-4a8bb07f3766,Same Direction Rear End,N,Non Intersection,Left Turn Lane,Dark No Lights,No Defects,One-way Trafficway,Dry,Clear,Twelve o'clock,Passenger Car,Disabling,N,Slowing or Stopping,2015-02-27 19:06,17,39.11301365,-77.18968391
2528,N,Apparently Normal,No Misuse,N,No Injury,acc94882-1d8c-48d5-bd28-7f575b37d953,D,MCP2565001Q,Shoulder/Lap Belt(s),F,e7fd0c20-ac71-49fd-bcc1-4318e2edb1c3,Same Direction Rear End,N,Intersection,Left Turn Lane,Daylight,No Defects,"Two-way, Not Divided",Dry,Clear,Seven o'clock,Passenger Car,Functional,N,Stopped in Traffic Lane,2015-03-21 14:15,64,38.96186149,-77.08797455
2529,N,Apparently Normal,No Misuse,Y,No Injury,19b0d612-080f-40c6-b3b3-7b123a07d8bc,D,MCP25860011,Shoulder/Lap Belt(s),F,b6b1774a-1dff-46dd-b776-a8d64ffa1ca9,Same Direction Rear End,N,Intersection,Right Turn Lane,Daylight,No Defects,"Two-way, Not Divided",Dry,Clear,Twelve o'clock,Passenger Car,Destroyed,N,Moving Constant Speed,2015-03-24 16:58,30,39.07811333,-76.96369333
2530,Y,Apparently Normal,No Misuse,N,No Injury,250399cd-fdc8-4e44-acef-ae31c13dde0b,D,MCP25860011,Shoulder/Lap Belt(s),M,3b8b7538-3d79-4302-a6c1-86d01faa1495,Same Direction Rear End,N,Intersection,Right Turn Lane,Daylight,No Defects,"Two-way, Not Divided",Dry,Clear,Six o'clock,Passenger Car,Functional,N,Stopped in Traffic Lane,2015-03-24 16:58,28,39.07811333,-76.96369333
2531,N,Apparently Normal,No Misuse,Y,No Injury,60ac7cd2-de3e-48d9-8497-193ab5e4ce2b,D,MCP2590000J,Shoulder/Lap Belt(s),F,0b497d30-50a7-4075-bf5a-b4af2382f4c3,Same Movement Angle,N,Intersection,Left Turn Lane,Dark Lights On,No Defects,"Two-way, Divided, Positive Median Barrier",Dry,Clear,Twelve o'clock,Passenger Car,Disabling,N,Moving Constant Speed,2015-01-01 21:01,34,39.19170167,-77.24447833
2532,N,Apparently Normal,No Misuse,N,No Injury,46dbe704-4757-42e5-8b50-b1a156583ca3,D,MCP2590000J,Shoulder/Lap Belt(s),M,3629bc59-1439-42db-b020-4ecfdccb5ad8,Same Movement Angle,N,Intersection,Left Turn Lane,Dark Lights On,No Defects,"Two-way, Divided, Positive Median Barrier",Dry,Clear,Eight o'clock,Passenger Car,Functional,N,Moving Constant Speed,2015-01-01 21:01,30,39.19170167,-77.24447833
2533,N,Apparently Normal,No Misuse,Y,No Injury,77e293a0-354d-46da-9deb-c7911e5fcfd8,D,MCP25970014,Shoulder/Lap Belt(s),F,6140a195-349d-48ec-b8d6-da42356a80b4,Same Direction Rear End,N,Non Intersection,Right Turn Lane,Dusk,No Defects,"Two-way, Not Divided",Dry,Clear,Three o'clock,Passenger Car,Superficial,N,Moving Constant Speed,2015-01-20 17:05,45,38.98745667,-77.02602833
2534,Y,Apparently Normal,No Misuse,N,No Injury,463aa080-8af2-40ce-a4fd-95c10c874311,D,MCP25970014,Shoulder/Lap Belt(s),M,f998e050-c5e7-4b8c-bf24-bcc9c91ccb94,Same Direction Rear End,N,Non Intersection,Right Turn Lane,Dusk,No Defects,"Two-way, Not Divided",Dry,Clear,Seven o'clock,Transit Bus,Superficial,N,Stopped in Traffic Lane,2015-01-20 17:05,57,38.98745667,-77.02602833
2535,N,Apparently Normal,No Misuse,N,No Injury,d052f43b-9816-461b-aedb-1501e4df3dc4,D,MCP2597001D,Shoulder/Lap Belt(s),F,c20ed102-da37-4162-bf96-865de6d5591f,Same Movement Angle,N,Non Intersection,Right Turn Lane,Dark Lights On,No Defects,"Two-way, Not Divided",Dry,Clear,Eleven o'clock,Passenger Car,Superficial,N,Moving Constant Speed,2015-03-28 20:20,57,38.99732434,-77.02731371
2536,N,Apparently Normal,No Misuse,N,No Injury,63222a9c-bda1-44bb-872f-825878578b68,D,MCP2598000G,Shoulder/Lap Belt(s),F,67655870-a6ad-41bf-8a69-d4d093ff8a37,Same Direction Sideswipe,N,Intersection,Right Turn Lane,Daylight,No Defects,"Two-way, Not Divided",Dry,Clear,Eleven o'clock,Passenger Car,Disabling,N,Moving Constant Speed,2015-03-27 18:00,43,39.00355,-77.00354
2537,N,Apparently Normal,No Misuse,N,No Injury,d2f77c5e-d39e-4f97-b98d-ef6e53c96cb8,D,MCP2600000Z,Shoulder/Lap Belt(s),M,249dcfa1-a0dd-4d4c-93e0-6c2280cdc75b,Same Direction Rear End,N,Intersection,Left Turn Lane,Daylight,No Defects,"Two-way, Divided, Positive Median Barrier",Dry,Clear,Six o'clock,Passenger Car,Superficial,N,Slowing or Stopping,2015-03-23 15:20,26,39.01135167,-77.001875
2538,N,Apparently Normal,No Misuse,N,No Injury,a35c0886-2f84-4acb-9472-bc42125e6fde,D,MCP2608000N,Shoulder/Lap Belt(s),F,fb373531-0370-4462-b416-18e74f048fe0,Same Direction Rear End,N,Non Intersection,Right Turn Lane,Dark Lights On,No Defects,"Two-way, Divided, Positive Median Barrier",Dry,Clear,Six o'clock,Passenger Car,Superficial,N,Slowing or Stopping,2015-01-16 17:56,29,38.99839,-77.03823833
2539,N,Apparently Normal,No Misuse,N,No Injury,697ea915-b423-4600-ab1e-d2ae1149cafe,D,MCP2612000P,Shoulder/Lap Belt(s),F,31850960-0f24-45d5-b35f-8d6568ec0839,Head On Left Turn,N,Intersection,Acceleration Lane,Dark Lights On,No Defects,"Two-way, Divided, Positive Median Barrier",Wet,Sleet,Twelve o'clock,Passenger Car,Functional,N,Stopped in Traffic Lane,2015-01-23 18:09,31,39.07223667,-77.065315
2540,N,Apparently Normal,No Misuse,N,No Injury,e0b44231-78e8-4fc0-904d-376a2eedeaa1,D,MCP2623001P,Shoulder/Lap Belt(s),F,e5a74784-5a23-4c7a-b4b6-4c6b8071e5df,Same Movement Angle,N,Intersection,Acceleration Lane,Daylight,No Defects,"Two-way, Divided, Positive Median Barrier",Dry,Clear,Twelve o'clock,Passenger Car,Functional,N,Moving Constant Speed,2015-03-19 08:37,39,39.00086167,-77.03338833
2541,N,Apparently Normal,No Misuse,Y,Possible Incapacitating Injury,81cdb07c-5b45-4f1c-abc3-ce5bb6949a5a,D,MCP2623001P,Shoulder/Lap Belt(s),M,3a6714f7-b1e0-4cfd-953e-d241bf3ffb48,Same Movement Angle,N,Intersection,Acceleration Lane,Daylight,No Defects,"Two-way, Divided, Positive Median Barrier",Dry,Clear,Three o'clock,Passenger Car,Functional,N,Making Left Turn,2015-03-19 08:37,27,39.00086167,-77.03338833
2542,N,Apparently Normal,No Misuse,N,No Injury,cec290fb-c800-4445-b47e-a0bddef09930,D,MCP2639000K,Shoulder/Lap Belt(s),F,ee3e494c-1bc6-4b69-88d4-be201fbe1d24,Same Direction Rear End,N,Intersection,Left Turn Lane,Dark Lights On,No Defects,"Two-way, Divided, Positive Median Barrier",Dry,Clear,Six o'clock,Passenger Car,Superficial,N,Stopped in Traffic Lane,2015-01-30 22:41,47,39.04313667,-77.051785
2543,N,Had Been Drinking,No Misuse,Y,No Injury,306983f9-4c73-43e2-b967-95359eacafa2,D,MCP2639000K,Shoulder/Lap Belt(s),M,4fec60d7-512f-4f93-90db-c90375a0dec2,Same Direction Rear End,N,Intersection,Left Turn Lane,Dark Lights On,No Defects,"Two-way, Divided, Positive Median Barrier",Dry,Clear,Twelve o'clock,Pickup Truck,Superficial,Y,Slowing or Stopping,2015-01-30 22:41,44,39.04313667,-77.051785
2544,N,Apparently Normal,No Misuse,N,No Injury,88087840-34ad-43f5-8422-4b232a1bbfdb,D,MCP2640000G,Shoulder/Lap Belt(s),F,844a4f7c-eec9-4815-b26e-3644e887f733,Same Direction Rear End,N,Intersection Related,Left Turn Lane,Dark Lights On,No Defects,"Two-way, Not Divided",Dry,Clear,Six o'clock,Passenger Car,Disabling,N,Stopped in Traffic Lane,2015-01-11 19:35,51,38.98498833,-77.02660333
2545,N,Apparently Normal,No Misuse,N,No Injury,a8998016-7455-4f62-8cfb-a82bebbba027,D,MCP2640000G,Shoulder/Lap Belt(s),F,cd59af52-4989-4fde-85e7-fca9ff16742c,Same Direction Rear End,N,Intersection Related,Left Turn Lane,Dark Lights On,No Defects,"Two-way, Not Divided",Dry,Clear,Six o'clock,Passenger Car,Functional,N,Stopped in Traffic Lane,2015-01-11 19:35,36,38.98498833,-77.02660333
2546,N,Apparently Normal,No Misuse,Y,No Injury,f53ae942-6f41-45db-8b40-a6f85ce66c57,D,MCP2640000G,Shoulder/Lap Belt(s),M,d0880833-e91f-4068-b9d9-529b76726984,Same Direction Rear End,N,Intersection Related,Left Turn Lane,Dark Lights On,No Defects,"Two-way, Not Divided",Dry,Clear,Twelve o'clock,Pickup Truck,Superficial,N,Moving Constant Speed,2015-01-11 19:35,34,38.98498833,-77.02660333
2547,N,Apparently Normal,No Misuse,Y,No Injury,18f11c42-4da4-423d-b665-30bf3b669bc4,D,MCP26440003,Shoulder/Lap Belt(s),F,59caf31f-2473-4bda-95a5-2e21978ac7dc,Same Direction Left Turn,N,Intersection,Acceleration Lane,Dark Lights On,No Defects,"Two-way, Divided, Positive Median Barrier",Dry,Clear,Eleven o'clock,Police Vehicle/Emergency,Superficial,N,Making Left Turn,2015-02-10 22:49,27,39.12248634,-77.17756033
2548,N,Apparently Normal,No Misuse,N,No Injury,19bda1e5-b5e3-4f54-b12a-ce23d8d2b07d,D,MCP26440003,Shoulder/Lap Belt(s),M,3cfb7b74-9775-4a00-b85a-4f2af8532d14,Same Direction Left Turn,N,Intersection,Acceleration Lane,Dark Lights On,No Defects,"Two-way, Divided, Positive Median Barrier",Dry,Clear,One o'clock,Passenger Car,Superficial,N,Accelerating,2015-02-10 22:49,48,39.12248634,-77.17756033
2549,N,Apparently Normal,No Misuse,Y,No Injury,868ff3f1-b5a9-480a-9a98-bc12c68a255b,D,MCP2645000C,Shoulder/Lap Belt(s),F,35108578-4ccc-4cf2-ac73-2bc7b8aeff98,Same Direction Left Turn,N,Intersection Related,Left Turn Lane,Dark Lights On,No Defects,"Two-way, Divided, Positive Median Barrier",Dry,Clear,Eleven o'clock,Passenger Car,Disabling,N,Making U Turn,2015-02-21 04:00,75,39.01391167,-77.042195
2550,N,Apparently Normal,No Misuse,N,Possible Incapacitating Injury,1b289177-327b-4e00-be5c-467e98302086,D,MCP2645000C,Shoulder/Lap Belt(s),M,ccca4f84-5a0f-4c8a-b85d-47ef415b43a9,Same Direction Left Turn,N,Intersection Related,Left Turn Lane,Dark Lights On,No Defects,"Two-way, Divided, Positive Median Barrier",Dry,Clear,One o'clock,Passenger Car,Disabling,N,Moving Constant Speed,2015-02-21 04:00,64,39.01391167,-77.042195
2551,N,Apparently Normal,No Misuse,N,No Injury,7ecd4ba2-817c-45a8-9c8c-bcd7e65a25ca,D,MCP2651000D,Shoulder/Lap Belt(s),F,c1ab613c-1364-4f16-862b-df99f08fb466,Same Movement Angle,N,Intersection,Right Turn Lane,Dark Lights On,No Defects,"Two-way, Divided, Positive Median Barrier",Dry,Clear,Nine o'clock,Passenger Car,Destroyed,N,Moving Constant Speed,2015-01-10 21:50,29,39.11080667,-76.94912
2552,N,Apparently Normal,No Misuse,Y,No Injury,29e7fdd4-8dbe-4bcb-a475-64121230b3ee,D,MCP2651000D,Shoulder/Lap Belt(s),F,81d76792-f1a2-4430-960e-bcaad46c7086,Same Movement Angle,N,Intersection,Right Turn Lane,Dark Lights On,No Defects,"Two-way, Divided, Positive Median Barrier",Dry,Clear,Twelve o'clock,Passenger Car,Disabling,N,Accelerating,2015-01-10 21:50,25,39.11080667,-76.94912
2553,N,Apparently Normal,No Misuse,Y,No Injury,f6d7a2cc-61ef-433b-8adc-3c7945a18212,D,MCP2653000B,Shoulder/Lap Belt(s),F,19e47477-4805-43f7-8d84-9fb977a29cbd,Single Vehicle ,N,Non Intersection,Right Turn Lane,Dark Lights On,No Defects,"Two-way, Divided, Positive Median Barrier",Wet,Raining,Eleven o'clock,Police Vehicle/Emergency,Functional,N,Moving Constant Speed,2015-01-24 01:31,32,38.99838328,-77.00360298
2554,N,Apparently Normal,No Misuse,N,Non-incapacitating Injury,a4694870-12e8-4f27-b54e-e0d9370fd6d6,D,MCP2664000X,Shoulder/Lap Belt(s),M,0f4c6e26-dcc3-44fa-9e26-68b455c38366,Same Direction Rear End,N,Non Intersection,Acceleration Lane,Daylight,No Defects,"Two-way, Divided, Positive Median Barrier",Dry,Cloudy,Six o'clock,Passenger Car,Functional,N,Slowing or Stopping,2015-02-10 14:23,63,39.0415449,-77.05184739
2555,N,Apparently Normal,No Misuse,Y,No Injury,60e7302b-3deb-44f3-962d-3044340fd739,D,MCP2665000N,Shoulder/Lap Belt(s),F,499d8563-f0b1-4d00-a589-940fa59d4ea7,Same Direction Rear End Right Turn,N,Intersection,Right Turn Lane,Daylight,No Defects,"Two-way, Not Divided",Wet,Clear,One o'clock,Passenger Car,Functional,N,Making Right Turn,2015-01-06 15:20,31,39.04776,-77.105685
2556,N,Apparently Normal,No Misuse,N,No Injury,ab8d5cd0-128c-4838-a74a-ecd2ce7ab769,D,MCP2665000N,Shoulder/Lap Belt(s),M,f19d3fda-f009-4b21-af31-89271abcd6d9,Same Direction Rear End Right Turn,N,Intersection,Right Turn Lane,Daylight,No Defects,"Two-way, Not Divided",Wet,Clear,Three o'clock,Transit Bus,No Damage,N,Making Right Turn,2015-01-06 15:20,53,39.04776,-77.105685
2557,N,Apparently Normal,No Misuse,N,No Injury,852cb74d-ea0d-460a-8666-2107382be0f4,D,MCP2665000R,Shoulder/Lap Belt(s),F,f9abe83c-0542-4e82-88d3-4b8f41bd18d6,Same Direction Rear End,N,Intersection Related,Acceleration Lane,Dark Lights On,No Defects,"Two-way, Divided, Positive Median Barrier",Dry,Clear,Six o'clock,Passenger Car,Superficial,N,Stopped in Traffic Lane,2015-03-07 21:17,40,38.98088667,-77.08911333
2558,N,Apparently Normal,No Misuse,Y,No Injury,ae3aeaaf-9f25-4ecd-a7a7-31393f1e4514,D,MCP2666000L,Shoulder/Lap Belt(s),F,58561546-eb51-4729-907b-c7b7c8d4a418,Single Vehicle ,N,Non Intersection,Right Turn Lane,Dark Lights On,No Defects,One-way Trafficway,Ice,Clear,Twelve o'clock,Passenger Car,Disabling,N,Slowing or Stopping,2015-02-16 05:39,57,39.125085,-76.92438833
2559,N,Apparently Normal,No Misuse,Y,No Injury,c73b14e4-5214-4802-97a7-f762e5b52823,D,MCP2666000M,Shoulder/Lap Belt(s),F,7bd65955-b2fa-4efb-81b9-2d870ad5941c,Same Direction Rear End,N,Intersection Related,Right Turn Lane,Dark Lights On,No Defects,One-way Trafficway,Dry,Clear,Twelve o'clock,Passenger Car,Functional,N,Slowing or Stopping,2015-02-28 22:15,39,39.07468167,-76.956635
2560,N,Apparently Normal,No Misuse,N,Possible Incapacitating Injury,745d1ac0-4921-4231-b1ed-dfcead940288,D,MCP2666000M,Shoulder/Lap Belt(s),F,fdff9dfd-959d-4105-9e46-f168fcfc7bfe,Same Direction Rear End,N,Intersection Related,Right Turn Lane,Dark Lights On,No Defects,One-way Trafficway,Dry,Clear,Six o'clock,Passenger Car,Functional,N,Stopped in Traffic Lane,2015-02-28 22:15,51,39.07468167,-76.956635
2561,N,Apparently Normal,No Misuse,Y,No Injury,6fbce610-b0a7-47e5-b471-dee04bc41d96,D,MCP2667000K,Shoulder/Lap Belt(s),F,eca81dec-4b27-4573-a5c1-ad90e9267de2,Same Direction Right Turn,N,Intersection Related,Right Turn Lane,Daylight,No Defects,"Two-way, Not Divided",Dry,Clear,Nine o'clock,Passenger Car,Disabling,N,Moving Constant Speed,2015-02-10 13:19,69,39.166755,-77.20199333
2562,Y,Apparently Normal,No Misuse,Y,No Injury,eb936d91-e587-4d4c-a402-8b42e4c575a5,D,MCP2667000K,Shoulder/Lap Belt(s),M,a5ef89c1-948c-47b4-b691-9857bc07154e,Same Direction Right Turn,N,Intersection Related,Right Turn Lane,Daylight,No Defects,"Two-way, Not Divided",Dry,Clear,One o'clock,"Medium/Heavy Truck 2 axles (10,000 lbs (4,536 kg) or less)",Functional,N,Making Right Turn,2015-02-10 13:19,58,39.166755,-77.20199333
2563,N,Apparently Normal,No Misuse,Y,No Injury,df704628-bb1e-46dd-8a20-35161cc20975,D,MCP2667000Q,Shoulder/Lap Belt(s),F,28c21807-f232-4c39-b581-6dc22d4fb3a6,Same Direction Sideswipe,N,Intersection Related,Acceleration Lane,Daylight,No Defects,"Two-way, Divided, Positive Median Barrier",Dry,Clear,Twelve o'clock,Passenger Car,Functional,N,Changing Lanes,2015-03-22 14:20,28,39.14386833,-77.20776833
2564,N,Apparently Normal,No Misuse,N,No Injury,525f5e32-f4a7-49cf-9ee3-75b5ee4231f7,D,MCP2667000Q,Shoulder/Lap Belt(s),M,17131db9-7377-4cfd-a57a-9b322e066f4b,Same Direction Sideswipe,N,Intersection Related,Acceleration Lane,Daylight,No Defects,"Two-way, Divided, Positive Median Barrier",Dry,Clear,Two o'clock,Passenger Car,Functional,N,Moving Constant Speed,2015-03-22 14:20,33,39.14386833,-77.20776833
2565,N,Apparently Normal,No Misuse,Y,No Injury,9433dc2c-4680-421c-b915-169f66e0b3a5,D,MCP2671000Q,Shoulder/Lap Belt(s),F,9a57e7ee-14e7-425e-846e-ac589b83a7db,Single Vehicle ,N,Non Intersection,Right Turn Lane,Dark Lights On,No Defects,"Two-way, Not Divided",Wet,Raining,Twelve o'clock,Passenger Car,Disabling,N,Moving Constant Speed,2015-03-04 20:41,58,38.987085,-77.022155
2566,N,Apparently Normal,No Misuse,Y,No Injury,c2cbaeda-3be7-4fa8-9e1c-475791074d69,D,MCP2678000L,Shoulder/Lap Belt(s),F,644012f1-e770-482d-93c7-98f8bbe7130a,Single Vehicle ,N,Non Intersection,Right Turn Lane,Dark Lights On,No Defects,"Two-way, Not Divided",Dry,Clear,One o'clock,Passenger Car,Disabling,N,Negotiating a Curve,2015-01-18 00:03,21,39.13894,-76.98401833