KEY_INDEX,CDL_FLAG,CONDITION_CODE,EQUIP_PROB_CODE,FAULT_FLAG,INJ_SEVER_CODE,PERSON_ID,PERSON_TYPE,REPORT_NO,SAF_EQUIP_CODE,SEX_CODE,VEHICLE_ID,COLLISION_TYPE_CODE,C_M_ZONE_FLAG,JUNCTION_CODE,LANE_CODE,LIGHT_CODE,RD_COND_CODE,RD_DIV_CODE,SURF_COND_CODE,WEATHER_CODE,AREA_DAMAGED_CODE_MAIN,BODY_TYPE_CODE,DAMAGE_CODE,HIT_AND_RUN_FLAG,MOVEMENT_CODE,TIME,AGE,LATITUDE,LONGITUDE
2567,N,Apparently Normal,No Misuse,N,No Injury,3578f757-ac2b-4a4d-b8bc-a90e7ade9f77,D,MCP26800014,Shoulder/Lap Belt(s),F,d05565c6-d9b7-4689-9398-86f34a11781b,Same Direction Rear End,N,Intersection Related,Acceleration Lane,Dark Lights On,No Defects,"Two-way, Divided, Positive Median Barrier",Dry,Clear,Six o'clock,Passenger Car,Functional,N,Slowing or Stopping,2015-02-03 17:59,30,39.02094833,-77.04444167
2568,N,Apparently Normal,No Misuse,Y,Possible Incapacitating Injury,12bedcd5-c4b8-4d6c-be7f-719260af006f,D,MCP26800014,Shoulder/Lap Belt(s),M,0c714b5f-cde9-4781-98e7-6ed9719655e0,Same Direction Rear End,N,Intersection Related,Acceleration Lane,Dark Lights On,No Defects,"Two-way, Divided, Positive Median Barrier",Dry,Clear,Twelve o'clock,Passenger Car,Functional,N,Slowing or Stopping,2015-02-03 17:59,46,39.02094833,-77.04444167
2569,N,Apparently Normal,No Misuse,Y,No Injury,6186efad-09ff-47df-9ded-2d1f6222de33,D,MCP2683000R,Shoulder/Lap Belt(s),F,b57c5929-2aa3-42e0-b367-3a5f7f4db03e,Head On Left Turn,N,Intersection,Right Turn Lane,Daylight,No Defects,"Two-way, Not Divided",Dry,Clear,Twelve o'clock,Passenger Car,Functional,N,Making Left Turn,2015-02-28 14:46,24,39.13976167,-77.19401167
2570,N,Apparently Normal,No Misuse,N,No Injury,63c63fe5-e37d-49fe-8333-fe858b74fb11,D,MCP2683000R,Shoulder/Lap Belt(s),M,451c422f-ff7e-47bc-8ba3-4b7280d4791f,Head On Left Turn,N,Intersection,Right Turn Lane,Daylight,No Defects,"Two-way, Not Divided",Dry,Clear,Twelve o'clock,Passenger Car,Disabling,N,Moving Constant Speed,2015-02-28 14:46,35,39.13976167,-77.19401167
2571,N,Apparently Normal,No Misuse,N,No Injury,82a1724f-deeb-4c99-b44a-f7e324edf79c,D,MCP2683000T,Shoulder/Lap Belt(s),F,2d3e0e89-8e0b-48ce-a62c-493a5cf0dfa0,Single Vehicle ,N,Non Intersection,Right Turn Lane,Daylight,No Defects,"Two-way, Not Divided",Dry,Clear,Twelve o'clock,Passenger Car,Disabling,N,Moving Constant Speed,2015-03-13 13:22,62,39.13029333,-77.18919667
2572,N,Apparently Normal,No Misuse,Y,No Injury,ab76fa5e-49c5-49e6-b5ad-7c87cdf1bf55,D,MCP2686000L,Shoulder/Lap Belt(s),F,62dce236-aa9e-4af0-9e71-0ae580c326db,Same Movement Angle,N,Intersection,Right Turn Lane,Dark Lights On,No Defects,"Two-way, Divided, Unprotected (painted >4 feet) Median",Wet,Raining,Twelve o'clock,(Sport) Utility Vehicle,Disabling,N,Moving Constant Speed,2015-03-26 23:20,68,39.19160667,-77.27201833
2573,N,Apparently Normal,No Misuse,Y,No Injury,625cb7a8-9fd0-48a4-b85f-d2d690644629,D,MCP2688001F,Shoulder/Lap Belt(s),F,74e65920-5f56-4db0-a75a-3962ac6326a4,Single Vehicle ,N,Non Intersection,Left Turn Lane,Dark Lights On,No Defects,"Two-way, Divided, Positive Median Barrier",Dry,Clear,Twelve o'clock,Passenger Car,Destroyed,N,Moving Constant Speed,2015-02-13 05:00,30,39.07876833,-76.94489667
2574,N,Apparently Normal,No Misuse,Y,No Injury,f35bcbda-a82c-4008-bf3a-06203fd76187,D,MCP2688001G,Shoulder/Lap Belt(s),F,6c224119-56b0-4eb2-b0c7-6d96ac46c497,Single Vehicle ,N,Non Intersection,Left Turn Lane,Dark Lights On,No Defects,"Two-way, Divided, Positive Median Barrier",Snow,Snow,Twelve o'clock,Passenger Car,Disabling,N,Moving Constant Speed,2015-02-17 23:18,22,39.02419,-77.01844667
2575,N,Apparently Normal,No Misuse,Y,No Injury,e32e6203-4791-4d03-aac0-394d33c48881,D,MCP2693000M,Shoulder/Lap Belt(s),F,96303f4c-0506-4d7d-929e-ed59a1896e31,Single Vehicle ,N,Intersection,Right Turn Lane,Daylight,No Defects,"Two-way, Divided, Positive Median Barrier",Dry,Clear,Twelve o'clock,Passenger Car,No Damage,N,Making Left Turn,2015-02-13 16:00,74,39.05347833,-77.05083
2576,N,Apparently Normal,No Misuse,Y,No Injury,685bdc0c-105c-497f-bdb7-fb417f954925,D,MCP26940011,Shoulder/Lap Belt(s),F,0d7fb44d-82ef-4dbd-98e2-b1d9b721f3ca,Angle Meets Right Turn,N,Intersection,Left Turn Lane,Dark Lights On,No Defects,"Two-way, Divided, Unprotected (painted >4 feet) Median",Dry,Clear,Twelve o'clock,Passenger Car,Disabling,N,Making Right Turn,2015-01-13 21:45,51,39.05319333,-77.11086833
2577,N,Apparently Normal,No Misuse,N,No Injury,6bccf845-1577-4c5f-9ffa-d56054e046d9,D,MCP26940011,Shoulder/Lap Belt(s),M,0e7798cc-6f4d-48ec-856e-f222e9769091,Angle Meets Right Turn,N,Intersection,Left Turn Lane,Dark Lights On,No Defects,"Two-way, Divided, Unprotected (painted >4 feet) Median",Dry,Clear,One o'clock,Passenger Car,Functional,N,Moving Constant Speed,2015-01-13 21:45,67,39.05319333,-77.11086833
2578,N,Apparently Normal,No Misuse,Y,No Injury,0397c32e-6a31-4707-854c-21f6034e1c78,D,MCP26940013,Shoulder/Lap Belt(s),F,f95fbed9-24fd-4de4-87c6-e4281fec2859,Head On Left Turn,N,Intersection,Acceleration Lane,Daylight,No Defects,"Two-way, Divided, Unprotected (painted >4 feet) Median",Dry,Clear,Twelve o'clock,(Sport) Utility Vehicle,Functional,N,Making Left Turn,2015-01-20 15:45,37,39.00873167,-77.11336667
2579,N,Apparently Normal,No Misuse,N,No Injury,904ac9cf-16a3-4da9-ba55-6bd55450d5ec,D,MCP26940013,Shoulder/Lap Belt(s),M,c90845fc-0595-42ba-9123-785fd3084e8c,Head On Left Turn,N,Intersection,Acceleration Lane,Daylight,No Defects,"Two-way, Divided, Unprotected (painted >4 feet) Median",Dry,Clear,Eleven o'clock,Passenger Car,Disabling,N,Moving Constant Speed,2015-01-20 15:45,36,39.00873167,-77.11336667
2580,N,Apparently Normal,No Misuse,Y,No Injury,311051e7-47f3-4c0e-b4a5-fa0010a4f5ad,D,MCP26940016,Shoulder/Lap Belt(s),F,f9141d02-0a92-46dc-a447-bf6c473b57fb,Single Vehicle ,N,Non Intersection,Left Turn Lane,Daylight,No Defects,"Two-way, Divided, Positive Median Barrier",Dry,Clear,One o'clock,Passenger Car,Disabling,N,Moving Constant Speed,2015-03-07 17:45,28,39.05243333,-77.11711667
2581,N,Apparently Normal,No Misuse,Y,No Injury,3e7d48cf-59cc-4c0a-bcb0-67c8cf9d9e3c,D,MCP2703000D,Shoulder/Lap Belt(s),F,68a9e131-bc85-4f91-a605-f6b661bbb4f7,Same Direction Rear End,N,Non Intersection,Left Turn Lane,Dusk,No Defects,"Two-way, Divided, Positive Median Barrier",Dry,Clear,Twelve o'clock,Passenger Car,Disabling,N,Moving Constant Speed,2015-01-28 17:59,30,39.07031,-76.95749333
2582,N,Apparently Normal,No Misuse,N,No Injury,f4ceed1c-e5c1-4170-a6e0-c877aafe009b,D,MCP2703000D,Shoulder/Lap Belt(s),M,adb71571-c91b-4550-a3f1-eac0ad3948f4,Same Direction Rear End,N,Non Intersection,Left Turn Lane,Dusk,No Defects,"Two-way, Divided, Positive Median Barrier",Dry,Clear,Six o'clock,Passenger Car,Superficial,N,Moving Constant Speed,2015-01-28 17:59,39,39.07031,-76.95749333
2583,N,Apparently Normal,No Misuse,N,No Injury,566f6bac-6e15-4a0d-863a-be93363917a0,D,MCP2703000D,Shoulder/Lap Belt(s),M,1b8fe4fa-3a9d-410c-8805-4636d69d3ed8,Same Direction Rear End,N,Non Intersection,Left Turn Lane,Dusk,No Defects,"Two-way, Divided, Positive Median Barrier",Dry,Clear,Six o'clock,Passenger Car,Superficial,N,Moving Constant Speed,2015-01-28 17:59,25,39.07031,-76.95749333
2584,N,Apparently Normal,No Misuse,N,No Injury,adc2d2fc-ebac-47ed-9bf9-1504651853bc,D,MCP2717000Z,Shoulder/Lap Belt(s),M,4fc060ad-0ab7-4ed9-9a76-fdfdca296aa7,Same Movement Angle,N,Intersection,Left Turn Lane,Dark Lights On,No Defects,"Two-way, Divided, Positive Median Barrier",Dry,Clear,Eleven o'clock,Passenger Car,Functional,N,Moving Constant Speed,2015-02-12 22:13,41,39.067925,-76.95965833
2585,N,Apparently Normal,No Misuse,Y,No Injury,0452755c-0928-4834-83f1-7c22cc67439e,D,MCP27280012,Shoulder/Lap Belt(s),F,4715adff-997d-42fd-a628-798234801bdc,Same Direction Rear End,N,Intersection Related,Right Turn Lane,Dark Lights On,No Defects,"Two-way, Divided, Positive Median Barrier",Dry,Clear,Twelve o'clock,Passenger Car,Superficial,Y,Slowing or Stopping,2015-03-16 00:00,31,39.0195713,-77.01332867
2586,N,Apparently Normal,No Misuse,N,No Injury,57a9218f-b43a-465e-abed-edf41d2faa7b,D,MCP27280012,Shoulder/Lap Belt(s),M,fd4256b2-208b-420a-ac93-eca4b52ae3b8,Same Direction Rear End,N,Intersection Related,Right Turn Lane,Dark Lights On,No Defects,"Two-way, Divided, Positive Median Barrier",Dry,Clear,Six o'clock,Passenger Car,Superficial,N,Stopped in Traffic Lane,2015-03-16 00:00,32,39.0195713,-77.01332867
2587,N,Apparently Normal,No Misuse,N,No Injury,e185ca8e-29b7-4f34-898a-ff39c1e47c6e,D,MCP2732000M,Shoulder/Lap Belt(s),F,3f414ab4-e742-4196-8d5a-f0732dbef532,Head On Left Turn,N,Non Intersection,Left Turn Lane,Dark No Lights,No Defects,"Two-way, Not Divided",Ice,Snow,Twelve o'clock,"Medium/Heavy Truck 2 axles (10,000 lbs (4,536 kg) or less)",No Damage,N,Moving Constant Speed,2015-02-14 17:58,45,39.09285333,-77.01483667
2588,N,Apparently Normal,No Misuse,Y,No Injury,be21d713-3686-4bcf-8e96-00217e41c163,D,MCP2732000M,Shoulder/Lap Belt(s),M,33313bcf-71c5-47d9-804e-de0fb7f8d883,Head On Left Turn,N,Non Intersection,Left Turn Lane,Dark No Lights,No Defects,"Two-way, Not Divided",Ice,Snow,Four o'clock,Passenger Car,Functional,N,Moving Constant Speed,2015-02-14 17:58,52,39.09285333,-77.01483667
2589,N,Apparently Normal,No Misuse,Y,No Injury,c7e048b0-3719-4aeb-a385-e00da8e18a13,D,MCP2738000P,Shoulder/Lap Belt(s),F,5b4e6f6d-ae93-44cf-bcf9-d2c1a083571c,Same Direction Rear End,N,Intersection,Left Turn Lane,Daylight,No Defects,"Two-way, Not Divided",Dry,Clear,Twelve o'clock,Passenger Car,Disabling,N,Slowing or Stopping,2015-02-11 15:33,23,39.06272167,-76.96360167
2590,N,Apparently Normal,No Misuse,N,No Injury,64af5ca3-683a-4276-9ff4-d20495e547c8,D,MCP27390006,Shoulder/Lap Belt(s),F,ad7286f9-7ea7-4f09-8a89-7217bc82322c,Same Direction Rear End,N,Intersection Related,Acceleration Lane,Dark Lights On,No Defects,"Two-way, Divided, Positive Median Barrier",Dry,Clear,Six o'clock,Passenger Car,Disabling,N,Stopped in Traffic Lane,2015-03-07 22:49,23,39.014725,-76.97792
2591,N,Apparently Normal,No Misuse,Y,No Injury,ec38dae2-37c5-451b-ae59-ee70030ab664,D,MCP2749000Q,Shoulder/Lap Belt(s),F,ba18b317-bd55-49c6-bdc5-26b54f6d9c55,Single Vehicle ,N,Non Intersection,Acceleration Lane,Dark Lights On,"Holes, Ruts, Etc.","Two-way, Divided, Positive Median Barrier",Dry,Blowing Snow,One o'clock,Passenger Car,Disabling,N,Moving Constant Speed,2015-01-08 18:30,21,39.05744333,-77.07698833
2592,N,Apparently Normal,No Misuse,N,No Injury,4961b76f-44b5-4649-8e0b-f45cf572a56a,D,MCP27500012,Shoulder/Lap Belt(s),F,68ae608e-43ac-43f5-be60-80b1c11c8db1,Same Direction Sideswipe,N,Non Intersection,Left Turn Lane,Daylight,No Defects,"Two-way, Divided, Positive Median Barrier",Dry,Clear,One o'clock,Passenger Car,Disabling,N,Moving Constant Speed,2015-02-20 15:20,33,39.03857667,-77.05438333
2593,N,Apparently Normal,No Misuse,Y,No Injury,7d01b68d-93f6-4fa6-bc8c-6a63eaa93644,D,MCP27500012,Shoulder/Lap Belt(s),M,bc47338b-7691-4933-85a2-2a80de672d94,Same Direction Sideswipe,N,Non Intersection,Left Turn Lane,Daylight,No Defects,"Two-way, Divided, Positive Median Barrier",Dry,Clear,Eleven o'clock,Passenger Car,Functional,N,Moving Constant Speed,2015-02-20 15:20,90,39.03857667,-77.05438333
2594,N,Apparently Normal,No Misuse,N,No Injury,c392a515-af68-4b67-8e6c-2fd7ed2133a5,D,MCP2761000J,Shoulder/Lap Belt(s),F,aa597e82-0520-498e-b175-b4cfb6dad664,Same Direction Rear End,N,Intersection,Right Turn Lane,Dark Lights On,No Defects,"Two-way, Divided, Positive Median Barrier",Wet,Raining,Six o'clock,Passenger Car,Functional,N,Slowing or Stopping,2015-01-03 22:34,45,39.18327667,-77.25695667
2595,N,Apparently Normal,No Misuse,Y,Non-incapacitating Injury,18937be3-dddc-422d-8a6b-ce4530c59430,D,MCP2761000J,Shoulder/Lap Belt(s),F,8fc53d9b-99be-47e0-9f75-dad6b3afe947,Same Direction Rear End,N,Intersection,Right Turn Lane,Dark Lights On,No Defects,"Two-way, Divided, Positive Median Barrier",Wet,Raining,Twelve o'clock,Passenger Car,Functional,N,Slowing or Stopping,2015-01-03 22:34,20,39.18327667,-77.25695667
2596,N,Apparently Normal,No Misuse,Y,No Injury,198825ef-ebf6-4079-b424-e65199417181,D,MCP2766000T,Shoulder/Lap Belt(s),F,42789108-9c82-49fe-bff9-52c24d9697b7,Head On,N,Non Intersection,Right Turn Lane,Dark No Lights,No Defects,"Two-way, Not Divided",Dry,Clear,Eleven o'clock,Passenger Car,Disabling,Y,Moving Constant Speed,2015-01-01 19:52,36,39.05628833,-77.08613667
2597,N,Apparently Normal,No Misuse,Y,No Injury,f07185b9-add5-4b00-9a6c-f634a8a57bb3,D,MCP2780000W,Shoulder/Lap Belt(s),F,5ae3692f-2af2-4f48-ba4d-de978a4c79c0,Single Vehicle ,N,Non Intersection,Right Turn Lane,Daylight,No Defects,"Two-way, Not Divided",Ice,Clear,One o'clock,Passenger Car,Disabling,N,Slowing or Stopping,2015-01-15 08:39,70,39.15527333,-77.25448667
2598,N,Apparently Normal,No Misuse,N,No Injury,acc3d013-9952-4f37-8d24-2262d5afdf7f,D,MCP27840019,Shoulder/Lap Belt(s),F,2165d23e-3aca-46ea-8955-b659ad05c9f3,Same Direction Sideswipe,N,Intersection Related,Right Turn Lane,Dark Lights On,No Defects,"Two-way, Divided, Positive Median Barrier",Dry,Clear,Three o'clock,Passenger Car,Functional,N,Stopped in Traffic Lane,2015-02-07 21:04,22,39.07572,-77.00226167
2599,N,Apparently Normal,No Misuse,N,No Injury,f0ea7bf1-02f7-4674-b97a-b4fefa1db9b8,D,MCP27840019,Shoulder/Lap Belt(s),M,ef6d893b-5cf2-458a-8ddf-fab7439feca8,Same Direction Sideswipe,N,Intersection Related,Right Turn Lane,Dark Lights On,No Defects,"Two-way, Divided, Positive Median Barrier",Dry,Clear,Eight o'clock,Passenger Car,Functional,N,Stopped in Traffic Lane,2015-02-07 21:04,62,39.07572,-77.00226167
2600,N,Apparently Normal,No Misuse,Y,No Injury,8feb3973-ff14-4e5c-8c8b-3f142b183f03,D,MCP2788000D,Shoulder/Lap Belt(s),F,4c6033f3-cb12-46da-b463-2054ce494eb0,Same Direction Rear End,N,Intersection Related,Right Turn Lane,Dark Lights On,No Defects,"Two-way, Divided, Positive Median Barrier",Dry,Clear,Twelve o'clock,Passenger Car,Destroyed,N,Moving Constant Speed,2015-01-03 01:33,42,39.05821833,-77.04869333
2601,N,Apparently Normal,No Misuse,N,No Injury,419dd33b-3666-4b78-ae47-989c61f8d087,D,MCP2788000D,Shoulder/Lap Belt(s),M,e331c7e8-e66f-4280-9246-803fbf6d5cf6,Same Direction Rear End,N,Intersection Related,Right Turn Lane,Dark Lights On,No Defects,"Two-way, Divided, Positive Median Barrier",Dry,Clear,Six o'clock,Passenger Car,Functional,N,Stopped in Traffic Lane,2015-01-03 01:33,37,39.05821833,-77.04869333
2602,N,Apparently Normal,No Misuse,Y,No Injury,a0ac7f6c-eab3-4982-abac-faad96adc406,D,MCP2798000Q,Shoulder/Lap Belt(s),F,2aa4758f-2cef-4cc1-a2f8-ba34bad908f9,Same Direction Right Turn,N,Intersection,Acceleration Lane,Dark Lights On,No Defects,"Two-way, Not Divided",Slush,Clear,Ten o'clock,Passenger Car,Disabling,N,Accelerating,2015-01-06 22:57,36,38.996325,-77.028415
2603,Y,Apparently Normal,No Misuse,N,No Injury,e02391fe-f018-472c-bf13-0281e272c154,D,MCP2798000Q,Shoulder/Lap Belt(s),M,b46ba39d-f4fb-4c71-8010-b8498bec1813,Same Direction Right Turn,N,Intersection,Acceleration Lane,Dark Lights On,No Defects,"Two-way, Not Divided",Slush,Clear,Four o'clock,"Medium/Heavy Truck 2 axles (10,000 lbs (4,536 kg) or less)",Superficial,N,Making Right Turn,2015-01-06 22:57,42,38.996325,-77.028415
2604,N,Apparently Normal,No Misuse,N,No Injury,a1391307-bf79-4810-a849-935e5e4c5429,D,MCP2800001K,Shoulder/Lap Belt(s),F,dd0ca489-26d6-4da6-ba73-1606b243bec3,Same Direction Rear End,N,Intersection,Acceleration Lane,Daylight,No Defects,"Two-way, Divided, Positive Median Barrier",Dry,Clear,Six o'clock,Passenger Car,Superficial,N,Stopped in Traffic Lane,2015-01-30 16:37,32,38.99974333,-77.09682667
2605,N,Apparently Normal,No Misuse,Y,No Injury,334543d8-b400-4dbc-81d9-9b8ed8e15464,D,MCP2800001K,Shoulder/Lap Belt(s),M,1cdbef8c-4c50-478c-9344-fc7ce2f6c633,Same Direction Rear End,N,Intersection,Acceleration Lane,Daylight,No Defects,"Two-way, Divided, Positive Median Barrier",Dry,Clear,Twelve o'clock,Transit Bus,No Damage,N,Stopped in Traffic Lane,2015-01-30 16:37,44,38.99974333,-77.09682667
2606,N,Apparently Normal,No Misuse,Y,No Injury,c3dcb6c6-35ce-4aa5-a02e-c0a7f9fc355d,D,MCP2813000X,Shoulder/Lap Belt(s),F,f3e5caee-8256-4cc7-9f1d-4721c3192fc9,Single Vehicle ,N,Intersection,Right Turn Lane,Dark Lights On,No Defects,"Two-way, Divided, Positive Median Barrier",Wet,Raining,Twelve o'clock,Passenger Car,No Damage,N,Making Left Turn,2015-02-09 22:10,25,39.03984667,-77.04851333
2607,N,Apparently Normal,No Misuse,Y,No Injury,a13e5f57-4e49-41c0-9fee-c1f182dec845,D,MCP2818000Y,Shoulder/Lap Belt(s),F,8f116049-d107-4eb3-baf9-192f8011c872,Angle Meets Left Turn Head On,N,Intersection,Right Turn Lane,Daylight,No Defects,"Two-way, Not Divided",Dry,Clear,Nine o'clock,"Cargo Van/Light Truck 2 axles (10,000 lbs (4,536 kg) or less)",Functional,N,Making Left Turn,2015-03-17 18:36,30,39.009235,-77.04399167
2608,N,Apparently Normal,No Misuse,N,No Injury,0d4e39d8-af3d-41f9-838b-2b007eb83ec8,D,MCP2818000Y,Shoulder/Lap Belt(s),M,73658bd3-604e-4575-8085-56a3dea8aabf,Angle Meets Left Turn Head On,N,Intersection,Right Turn Lane,Daylight,No Defects,"Two-way, Not Divided",Dry,Clear,Twelve o'clock,Passenger Car,Functional,N,Moving Constant Speed,2015-03-17 18:36,57,39.009235,-77.04399167
2609,N,Apparently Normal,No Misuse,N,No Injury,9db607af-d919-4241-a6cf-eedd4f0a824f,D,MCP28180012,Shoulder/Lap Belt(s),F,dac63b48-b1f5-4f4f-8f30-f9187b9da41b,Same Movement Angle,N,Commercial Driveway,Right Turn Lane,Daylight,No Defects,"Two-way, Not Divided",Dry,Clear,Seven o'clock,Van,Superficial,N,Moving Constant Speed,2015-03-26 15:42,57,39.01573333,-77.04153667
2610,N,Apparently Normal,No Misuse,Y,No Injury,a36d4a81-0833-4500-b933-4ae966b3c285,D,MCP28490010,Shoulder/Lap Belt(s),F,de313203-d6df-4d1e-8118-b178082c720a,Single Vehicle ,N,Non Intersection,Right Turn Lane,Daylight,Foreign Material,"Two-way, Not Divided",Ice,Cloudy,Two o'clock,Passenger Car,Disabling,N,Negotiating a Curve,2015-02-16 14:25,20,39.1176,-77.09833333
2611,N,Apparently Normal,No Misuse,Y,No Injury,bf1e6d8a-45bf-4c55-8829-073f97f2a532,D,MCP2850000J,Shoulder/Lap Belt(s),F,3e381bc8-fa23-49c6-988d-698e403f617e,Single Vehicle ,N,Non Intersection,Right Turn Lane,Daylight,No Defects,"Two-way, Not Divided",Dry,Cloudy,One o'clock,Passenger Car,Disabling,N,Moving Constant Speed,2015-02-06 10:51,72,39.08086833,-77.01828167
2612,N,Apparently Normal,No Misuse,Y,No Injury,5af54350-8299-4378-a6a1-e7110abbd3bc,D,MCP2850000K,Shoulder/Lap Belt(s),F,33ef7323-7df3-47a7-9d51-c4f2a87659d7,Same Direction Right Turn,N,Non Intersection,Acceleration Lane,Daylight,No Defects,"Two-way, Divided, Positive Median Barrier",Dry,Clear,One o'clock,Passenger Car,Superficial,N,Accelerating,2015-02-24 08:04,54,39.09198,-77.04521167
2613,N,Apparently Normal,No Misuse,N,No Injury,95af84c5-376c-4e28-8388-703bfd3a1415,D,MCP2850000K,Shoulder/Lap Belt(s),M,fdc71f92-8026-41e4-bb2b-769bc9a51f63,Same Direction Right Turn,N,Non Intersection,Acceleration Lane,Daylight,No Defects,"Two-way, Divided, Positive Median Barrier",Dry,Clear,Eleven o'clock,Other Bus,Superficial,N,Accelerating,2015-02-24 08:04,53,39.09198,-77.04521167
2614,N,Apparently Normal,No Misuse,Y,No Injury,5e578321-8b58-477f-b0c5-7755b8db8a6b,D,MCP2852000M,Shoulder/Lap Belt(s),F,48889ba8-bf06-4e61-9a4e-8a904ed1a859,Angle Meets Left Turn,N,Intersection,Right Turn Lane,Dark Lights On,No Defects,"Two-way, Not Divided",Dry,Clear,Twelve o'clock,Passenger Car,Disabling,N,Accelerating,2015-01-25 23:02,30,39.26664333,-77.20499333
2615,N,Apparently Normal,No Misuse,N,No Injury,331a3509-439c-47ea-bec3-4d7f9c854815,D,MCP2853000S,Shoulder/Lap Belt(s),F,12b82a34-4c4c-49d3-96f7-af80d5518066,Same Direction Rear End,N,Non Intersection,Right Turn Lane,Dark - Unknown Lighting,No Defects,One-way Trafficway,Dry,Clear,Six o'clock,Passenger Car,Superficial,N,Stopped in Traffic Lane,2015-01-20 18:00,36,39.01400083,-77.04171717
2616,N,Apparently Normal,No Misuse,N,No Injury,52ba89a5-50d2-4f51-9189-648c8a8cd0c6,D,MCP2868000W,Shoulder/Lap Belt(s),F,4a51daee-ecc4-4b5f-a89d-80fefac9df2e,Same Direction Rear End,N,Intersection,Right Turn Lane,Dark Lights On,No Defects,"Two-way, Not Divided",Dry,Clear,Twelve o'clock,(Sport) Utility Vehicle,Disabling,N,Slowing or Stopping,2015-01-20 18:01,18,39.017215,-77.21020333
2617,N,Apparently Normal,No Misuse,N,No Injury,0cfa10f3-8c02-4a06-b629-71a4b2f38fc5,D,MCP2868000W,Shoulder/Lap Belt(s),M,98140b33-c7ac-42f2-b4f9-2f03e49dac57,Same Direction Rear End,N,Intersection,Right Turn Lane,Dark Lights On,No Defects,"Two-way, Not Divided",Dry,Clear,Six o'clock,(Sport) Utility Vehicle,Superficial,N,Slowing or Stopping,2015-01-20 18:01,78,39.017215,-77.21020333
2618,N,Apparently Normal,No Misuse,Y,No Injury,6952e584-7587-4c63-84e8-c98d50c2dca3,D,MCP2872000Y,Shoulder/Lap Belt(s),F,79866be5-858b-48f7-8647-9448cae3fead,Same Direction Rear End,N,Non Intersection,Right Turn Lane,Dark Lights On,No Defects,"Two-way, Not Divided",Dry,Clear,One o'clock,Passenger Car,Functional,Y,Moving Constant Speed,2015-03-29 19:00,21,39.17464167,-77.18195167
2619,N,Apparently Normal,No Misuse,N,No Injury,e8915f96-f153-4666-81b6-3ce7e656acd2,D,MCP2875000S,Shoulder/Lap Belt(s),F,ab525d4c-310d-4169-b626-5da4b84e05c7,Same Movement Angle,N,Intersection,Right Turn Lane,Dark Lights On,No Defects,"Two-way, Not Divided",Dry,Clear,Twelve o'clock,Van,Functional,N,Moving Constant Speed,2015-01-24 19:56,84,39.169995,-77.29644167
2620,N,Apparently Normal,No Misuse,Y,No Injury,84f609e7-a4ad-42f1-9b30-5f7301bd59fe,D,MCP2875000S,Shoulder/Lap Belt(s),F,b9a2bf41-4165-4abf-8b32-2afe77cdcd4c,Same Movement Angle,N,Intersection,Right Turn Lane,Dark Lights On,No Defects,"Two-way, Not Divided",Dry,Clear,Eleven o'clock,Van,Disabling,N,Making Left Turn,2015-01-24 19:56,35,39.169995,-77.29644167
2621,N,Apparently Normal,No Misuse,N,No Injury,5ac39cc4-b1ea-4fc8-bb47-1dea92ff2aa1,D,MCP2875000V,Shoulder/Lap Belt(s),F,354440dc-d1d7-4919-b392-fb3668d4d1de,Same Direction Rear End,N,Non Intersection,Left Turn Lane,Daylight,No Defects,"Two-way, Divided, Positive Median Barrier",Dry,Clear,Six o'clock,Van,Superficial,N,Slowing or Stopping,2015-03-13 15:39,52,39.11731731,-77.25116014
2622,N,Apparently Normal,No Misuse,N,No Injury,4854435a-2b4c-478a-a05b-92216be527cc,D,MCP2885000S,Shoulder/Lap Belt(s),F,ec2d5e03-8319-4157-b709-ce3ccf41c79c,Angle Meets Left Turn Head On,N,Intersection,Right Turn Lane,Daylight,No Defects,"Two-way, Divided, Positive Median Barrier",Dry,Clear,One o'clock,Passenger Car,Disabling,N,Moving Constant Speed,2015-02-28 15:02,22,39.03842,-77.05846667
2623,N,Apparently Normal,No Misuse,Y,No Injury,032a8dad-42bd-486a-b3bd-3a38d379a831,D,MCP2885000S,Shoulder/Lap Belt(s),M,d5555da6-25e0-4d12-8c1b-f1db86bf3294,Angle Meets Left Turn Head On,N,Intersection,Right Turn Lane,Daylight,No Defects,"Two-way, Divided, Positive Median Barrier",Dry,Clear,One o'clock,Passenger Car,Functional,N,Making Left Turn,2015-02-28 15:02,25,39.03842,-77.05846667
2624,N,Apparently Normal,No Misuse,Y,No Injury,e08e62ae-e878-4de8-a3b2-114088b041b5,D,MCP2889000N,Shoulder/Lap Belt(s),F,3e5b60d5-e084-4a9b-8c31-83a33cfc9308,Head On Left Turn,N,Non Intersection,Acceleration Lane,Daylight,No Defects,"Two-way, Divided, Positive Median Barrier",Dry,Clear,Five o'clock,Passenger Car,Functional,N,Making Left Turn,2015-02-24 15:42,19,39.15183167,-77.06430167
2625,N,Apparently Normal,No Misuse,N,No Injury,bce7c9f5-03ae-48c7-b6e9-ea3440a71137,D,MCP2889000N,Shoulder/Lap Belt(s),M,30cfb31c-2f5b-450b-912d-dfc4155fafad,Head On Left Turn,N,Non Intersection,Acceleration Lane,Daylight,No Defects,"Two-way, Divided, Positive Median Barrier",Dry,Clear,Twelve o'clock,Passenger Car,Disabling,N,Moving Constant Speed,2015-02-24 15:42,53,39.15183167,-77.06430167