KEY_INDEX,CDL_FLAG,CONDITION_CODE,EQUIP_PROB_CODE,FAULT_FLAG,INJ_SEVER_CODE,PERSON_ID,PERSON_TYPE,REPORT_NO,SAF_EQUIP_CODE,SEX_CODE,VEHICLE_ID,COLLISION_TYPE_CODE,C_M_ZONE_FLAG,JUNCTION_CODE,LANE_CODE,LIGHT_CODE,RD_COND_CODE,RD_DIV_CODE,SURF_COND_CODE,WEATHER_CODE,AREA_DAMAGED_CODE_MAIN,BODY_TYPE_CODE,DAMAGE_CODE,HIT_AND_RUN_FLAG,MOVEMENT_CODE,TIME,AGE,LATITUDE,LONGITUDE
2626,N,Apparently Normal,No Misuse,N,No Injury,efbbd075-a885-4d2c-bb18-31c61df7e8ca,D,MCP28930010,Shoulder/Lap Belt(s),F,5baa2599-0ecf-4983-bb85-2ce497ca3fd4,Same Direction Rear End,N,Non Intersection,Right Turn Lane,Dark Lights On,No Defects,"Two-way, Not Divided",Dry,Clear,Six o'clock,Passenger Car,Disabling,N,Slowing or Stopping,2015-03-13 19:46,29,39.185045,-77.14481667
2627,N,Apparently Normal,No Misuse,Y,No Injury,67491aa1-fb64-4da1-a6fd-75470e8d52c2,D,MCP28930010,Shoulder/Lap Belt(s),F,d6c96ccc-548f-4883-96d0-3cb13581c5ae,Same Direction Rear End,N,Non Intersection,Right Turn Lane,Dark Lights On,No Defects,"Two-way, Not Divided",Dry,Clear,Twelve o'clock,Passenger Car,Disabling,N,Moving Constant Speed,2015-03-13 19:46,21,39.185045,-77.14481667
2628,N,Apparently Normal,No Misuse,Y,No Injury,f30b2a47-0e81-4df4-82e4-8cf9849f51b6,D,MCP28930011,Shoulder/Lap Belt(s),F,f2e2a160-cef0-4335-80c8-460bf9498795,Same Direction Sideswipe,N,Intersection Related,Left Turn Lane,Dark Lights On,No Defects,"Two-way, Not Divided",Dry,Clear,Eleven o'clock,Passenger Car,Disabling,N,Making Right Turn,2015-03-17 20:50,21,39.17682333,-77.27045333
2629,N,Apparently Normal,No Misuse,N,No Injury,6a2183e4-d2f9-49ff-9289-220e06095fb3,D,MCP28930013,Shoulder/Lap Belt(s),F,738c4b1d-a2c0-486a-8fcb-c7a51b2ac4be,Same Direction Rear End,N,Intersection,Left Turn Lane,Daylight,No Defects,"Two-way, Divided, Positive Median Barrier",Dry,Clear,Six o'clock,Passenger Car,Superficial,N,Slowing or Stopping,2015-03-23 17:26,26,39.17865667,-77.23838
2630,N,Apparently Normal,No Misuse,N,Possible Incapacitating Injury,8081d622-06e7-4fff-807b-e78af46a5551,D,MCP28930013,Shoulder/Lap Belt(s),F,9a0bfb94-8450-44cf-b38c-6a0957060efa,Same Direction Rear End,N,Intersection,Left Turn Lane,Daylight,No Defects,"Two-way, Divided, Positive Median Barrier",Dry,Clear,Six o'clock,Passenger Car,Destroyed,N,Slowing or Stopping,2015-03-23 17:26,45,39.17865667,-77.23838
2631,N,Apparently Normal,No Misuse,N,No Injury,63a54c52-ba46-4cbf-bcd5-c2eb34f54500,D,MCP28930013,Shoulder/Lap Belt(s),M,bbce89ee-a790-4314-a5b2-bf118f36e6e7,Same Direction Rear End,N,Intersection,Left Turn Lane,Daylight,No Defects,"Two-way, Divided, Positive Median Barrier",Dry,Clear,Ten o'clock,Passenger Car,Superficial,N,Slowing or Stopping,2015-03-23 17:26,26,39.17865667,-77.23838
2632,Y,Apparently Normal,No Misuse,Y,No Injury,5283a3bc-a713-4d2f-91d3-698fa7d57f8d,D,MCP28930013,Shoulder/Lap Belt(s),M,b5576cfd-4e8a-45cc-9a03-d751ef870838,Same Direction Rear End,N,Intersection,Left Turn Lane,Daylight,No Defects,"Two-way, Divided, Positive Median Barrier",Dry,Clear,Twelve o'clock,"Medium/Heavy Truck 2 axles (10,000 lbs (4,536 kg) or less)",Superficial,N,Moving Constant Speed,2015-03-23 17:26,41,39.17865667,-77.23838
2633,N,Apparently Normal,No Misuse,N,No Injury,536dd5a0-28b4-4c36-b75e-0fd1359ef0d0,D,MCP2899000H,Shoulder/Lap Belt(s),F,4d838e3b-abb6-456f-af4f-75458aff3ca4,Same Movement Angle,N,Intersection,Right Turn Lane,Dark Lights On,No Defects,"Two-way, Not Divided",Dry,Clear,Eleven o'clock,(Sport) Utility Vehicle,Functional,N,Moving Constant Speed,2015-02-27 01:22,49,38.99771,-77.02704833
2634,N,Apparently Normal,No Misuse,Y,No Injury,e23047a0-dc03-448f-9e25-eead4159cf1d,D,MCP2899000H,Shoulder/Lap Belt(s),F,a3a390f4-3116-4406-b1bc-bd355867e581,Same Movement Angle,N,Intersection,Right Turn Lane,Dark Lights On,No Defects,"Two-way, Not Divided",Dry,Clear,One o'clock,Passenger Car,Disabling,N,Accelerating,2015-02-27 01:22,23,38.99771,-77.02704833
2635,N,Apparently Normal,No Misuse,N,No Injury,89f95bfe-66de-46a7-a8fd-9a90870fa756,D,MCP2905000W,Shoulder/Lap Belt(s),F,55f1d78f-956b-4210-bb54-624aedd08a15,Same Direction Rear End,N,Non Intersection,Left Turn Lane,Dark Lights On,No Defects,"Two-way, Not Divided",Dry,Clear,Six o'clock,Passenger Car,Functional,N,Slowing or Stopping,2015-01-30 18:30,55,39.007745,-77.09769
2636,N,Apparently Normal,No Misuse,Y,No Injury,5d44226f-067c-4790-be38-9f87a498fe35,D,MCP2905000W,Shoulder/Lap Belt(s),M,2bfed77b-c8eb-4db8-a880-55e1514c92a7,Same Direction Rear End,N,Non Intersection,Left Turn Lane,Dark Lights On,No Defects,"Two-way, Not Divided",Dry,Clear,Twelve o'clock,Passenger Car,Functional,N,Slowing or Stopping,2015-01-30 18:30,79,39.007745,-77.09769
2637,N,Apparently Normal,No Misuse,N,No Injury,19fa5eff-f8ed-4766-a3e6-59a9ce607996,D,MCP2907000V,Shoulder/Lap Belt(s),F,c2c5deb9-9f26-4693-a3cc-9c2c9aea74ba,Same Direction Rear End,N,Non Intersection,Left Turn Lane,Dark Lights On,No Defects,"Two-way, Not Divided",Wet,Raining,Six o'clock,Passenger Car,Disabling,N,Stopped in Traffic Lane,2015-01-24 03:53,28,38.98772,-77.07708333
2638,N,Apparently Normal,No Misuse,N,No Injury,a210c7ea-a873-4cbb-88d9-c321f3ddff87,D,MCP2910000Z,Shoulder Belt Only,F,3e497fd0-43ae-444f-87bf-b1d38e43dbf3,Same Direction Rear End,N,Intersection,Left Turn Lane,Daylight,No Defects,"Two-way, Divided, Positive Median Barrier",Wet,Raining,Six o'clock,Passenger Car,Functional,N,Stopped in Traffic Lane,2015-01-03 14:51,57,39.00902167,-77.01836667
2639,N,Apparently Normal,No Misuse,Y,No Injury,b33a1755-3b53-4bec-a9d5-80e47cb0eebf,D,MCP2910000Z,Shoulder Belt Only,M,f3385169-8775-4de1-b0f4-897856871672,Same Direction Rear End,N,Intersection,Left Turn Lane,Daylight,No Defects,"Two-way, Divided, Positive Median Barrier",Wet,Raining,Twelve o'clock,Passenger Car,Disabling,N,Slowing or Stopping,2015-01-03 14:51,18,39.00902167,-77.01836667
2640,N,Apparently Normal,No Misuse,Y,No Injury,56c0c031-afbd-4359-8fbb-aeb148dbc2e7,D,MCP29100014,Shoulder/Lap Belt(s),F,aecc7d0c-78f2-469d-accd-343d1e310777,Same Movement Angle,N,Intersection,Acceleration Lane,Daylight,No Defects,"Two-way, Divided, Positive Median Barrier",Wet,Raining,One o'clock,Passenger Car,Functional,N,Making Left Turn,2015-02-26 10:53,42,39.02227333,-77.045375
2641,N,Apparently Normal,No Misuse,N,Non-incapacitating Injury,4961453a-faeb-4001-a032-a7bb6a67fdbd,D,MCP29100014,Shoulder/Lap Belt(s),M,ac4f16a7-16e9-4379-a56e-98cb2bbaa751,Same Movement Angle,N,Intersection,Acceleration Lane,Daylight,No Defects,"Two-way, Divided, Positive Median Barrier",Wet,Raining,Twelve o'clock,Passenger Car,Functional,N,Moving Constant Speed,2015-02-26 10:53,31,39.02227333,-77.045375
2642,N,Apparently Normal,No Misuse,Y,No Injury,26b0aee9-ac1b-4421-98f7-3c70d3b67db7,D,MCP91100007,Shoulder/Lap Belt(s),F,835cd59a-2826-4b70-9cf0-68782e0eb922,Single Vehicle ,N,Intersection,Right Turn Lane,Dusk,No Defects,"Two-way, Not Divided",Dry,Clear,Twelve o'clock,Passenger Car,Disabling,N,Moving Constant Speed,2015-03-24 17:12,46,39.27728333,-77.32661
2643,N,Apparently Normal,No Misuse,N,No Injury,3306910a-6008-4355-80bf-dad0a5248850,D,MCP91100008,Shoulder/Lap Belt(s),M,9caf2938-e5b4-4e8d-9ac2-3c8cba6e87dc,Same Direction Rear End Right Turn,N,Intersection,Left Turn Lane,Daylight,No Defects,"Two-way, Divided, Positive Median Barrier",Dry,Clear,Six o'clock,Van,Functional,N,Making Right Turn,2015-03-29 18:54,54,39.17093,-77.26283167
2644,Y,Apparently Normal,No Misuse,N,No Injury,95fb2111-c607-4f87-ab15-452ac5d77130,D,MCP91120018,Shoulder/Lap Belt(s),F,e6cc2be7-9100-4a3f-84b1-7b74139a2353,Same Direction Rear End,N,Non Intersection,Left Turn Lane,Daylight,"Holes, Ruts, Etc.","Two-way, Divided, Positive Median Barrier",Dry,Clear,Six o'clock,School Bus,Functional,N,Slowing or Stopping,2015-01-13 08:20,54,39.05252833,-77.05120167
2645,Y,Apparently Normal,No Misuse,Y,No Injury,7a22859b-fb1c-46ec-820a-527160e0000e,D,MCP91120018,Shoulder/Lap Belt(s),M,59449a5f-e9fe-458d-95e9-5f3f76fc4976,Same Direction Rear End,N,Non Intersection,Left Turn Lane,Daylight,"Holes, Ruts, Etc.","Two-way, Divided, Positive Median Barrier",Dry,Clear,Eleven o'clock,"Cargo Van/Light Truck 2 axles (10,000 lbs (4,536 kg) or less)",Functional,N,Slowing or Stopping,2015-01-13 08:20,50,39.05252833,-77.05120167
2646,N,Apparently Normal,No Misuse,Y,No Injury,c26e7b61-93b3-4cbe-8e4c-9078cb804a87,D,MCP9112001C,Shoulder/Lap Belt(s),F,4dc79179-dddf-4d33-af84-98087b0f67ed,Opposite Direction Sideswipe,N,Non Intersection,Right Turn Lane,Daylight,No Defects,"Two-way, Not Divided",Ice,Cloudy,Eleven o'clock,Passenger Car,Disabling,N,Moving Constant Speed,2015-03-03 07:00,18,39.15656167,-77.03467667
2647,Y,Apparently Normal,No Misuse,N,No Injury,58e4c0e7-d09c-4c49-86b3-73d3472cd988,D,MCP9112001C,Shoulder/Lap Belt(s),M,5e997e5e-c81e-4412-a408-ba59fc3e7629,Opposite Direction Sideswipe,N,Non Intersection,Right Turn Lane,Daylight,No Defects,"Two-way, Not Divided",Ice,Cloudy,Eight o'clock,"Medium/Heavy Truck 2 axles (10,000 lbs (4,536 kg) or less)",No Damage,N,Moving Constant Speed,2015-03-03 07:00,35,39.15656167,-77.03467667
2648,Y,Apparently Normal,No Misuse,Y,No Injury,bd0d5f1f-bf6d-4096-9c4b-f5a58c00e8a1,D,MCP9112001G,Shoulder/Lap Belt(s),F,e3e76bf0-3a54-4740-b081-a8ddd1db5084,Head On,N,Non Intersection,Right Turn Lane,Dawn,View Obstructed,"Two-way, Not Divided",Dry,Clear,Twelve o'clock,School Bus,Superficial,N,Slowing or Stopping,2015-03-17 06:55,36,39.15457,-76.981595
2649,N,Apparently Normal,No Misuse,N,No Injury,533df052-cc9d-491e-a68d-d405dcde0f1c,D,MCP9112001G,Shoulder/Lap Belt(s),M,004be4e6-b85b-4bc8-a8c7-48be37ec3522,Head On,N,Non Intersection,Right Turn Lane,Dawn,View Obstructed,"Two-way, Not Divided",Dry,Clear,Twelve o'clock,Van,Functional,N,Moving Constant Speed,2015-03-17 06:55,33,39.15457,-76.981595
2650,N,Apparently Normal,No Misuse,N,Non-incapacitating Injury,393d4a92-85a2-4510-8b26-cb912558d2aa,D,MCP9130000Y,Shoulder/Lap Belt(s),F,570e53a3-0756-499e-8109-d94bd6289af8,Same Direction Rear End,N,Non Intersection,Right Turn Lane,Daylight,No Defects,"Two-way, Divided, Positive Median Barrier",Wet,Cloudy,Six o'clock,Passenger Car,Superficial,N,Stopped in Traffic Lane,2015-01-20 08:18,42,39.02731333,-77.01010333
2651,N,Apparently Normal,No Misuse,Y,No Injury,8d987dd9-a0ae-446b-8e73-33499853665d,D,MCP91330006,Shoulder/Lap Belt(s),M,9962ff86-cc97-4cd2-9a04-21fc2cd211f9,Same Direction Rear End,N,Intersection,Left Turn Lane,Daylight,No Defects,"Two-way, Divided, Positive Median Barrier",Dry,Clear,Twelve o'clock,"Other Light Trucks (10,000 lbs (4,536 kg))",Disabling,N,Moving Constant Speed,2015-01-08 14:41,43,39.1739,-77.27407
2652,N,Apparently Normal,No Misuse,Y,No Injury,5bd7e0c0-5e20-4479-9c70-a14ea4d9adb4,D,MCP93810013,Shoulder/Lap Belt(s),F,53c91b88-9249-40b0-8021-c2fa2681c3d8,Same Direction Rear End,N,Non Intersection,Acceleration Lane,Daylight,No Defects,"Two-way, Divided, Positive Median Barrier",Dry,Clear,Twelve o'clock,Passenger Car,Functional,N,Moving Constant Speed,2015-03-29 13:29,17,38.99937551,-77.09696531
2653,N,Apparently Normal,No Misuse,N,Non-incapacitating Injury,b10e3a2d-10d3-48bd-ae28-65d98361d6db,D,MCP93810013,Shoulder/Lap Belt(s),F,9f1f8092-4758-47a6-8319-845bb2b0aca2,Same Direction Rear End,N,Non Intersection,Acceleration Lane,Daylight,No Defects,"Two-way, Divided, Positive Median Barrier",Dry,Clear,Six o'clock,Passenger Car,Functional,N,Stopped in Traffic Lane,2015-03-29 13:29,34,38.99937551,-77.09696531
2654,N,Apparently Normal,No Misuse,N,No Injury,5e6f9c46-3daf-47e0-9591-254786a7b7db,D,MCP94040007,Shoulder/Lap Belt(s),F,72fa0336-22bf-4448-84d7-95ab8f038b6f,Same Movement Angle,N,Intersection,Left Turn Lane,Dark Lights On,No Defects,"Two-way, Divided, Positive Median Barrier",Dry,Clear,Eleven o'clock,Police Vehicle/Non Emergency,Disabling,N,Moving Constant Speed,2015-01-10 01:17,37,39.11399,-77.21001833
2655,N,Apparently Normal,No Misuse,Y,Possible Incapacitating Injury,127ebdb9-9edf-4bc0-a260-711a911279aa,D,MCP94040007,Shoulder/Lap Belt(s),M,75c42f55-898d-4082-9d5f-86c41cf27d2a,Same Movement Angle,N,Intersection,Left Turn Lane,Dark Lights On,No Defects,"Two-way, Divided, Positive Median Barrier",Dry,Clear,Seven o'clock,Passenger Car,Disabling,N,Moving Constant Speed,2015-01-10 01:17,39,39.11399,-77.21001833
2656,N,Apparently Normal,No Misuse,N,No Injury,e5716e42-7c85-4a6d-bad9-827aae3ec3a5,D,MCP94180009,Shoulder/Lap Belt(s),F,adc4aa3f-8f09-4728-987f-425afad0fd65,Same Direction Rear End,N,Non Intersection,Acceleration Lane,Daylight,No Defects,"Two-way, Not Divided",Dry,Clear,Six o'clock,Passenger Car,Functional,N,Stopped in Traffic Lane,2015-01-11 13:15,35,39.011725,-77.04144333
2657,N,Apparently Normal,No Misuse,N,No Injury,f7512259-72a1-4e27-b86f-9a119a81406e,D,MDTA0540000F,Shoulder/Lap Belt(s),F,8a37c3ef-07e1-4b22-bfa0-d863f1944408,Same Direction Rear End,N,Non Intersection,Right Turn Lane,Dark Lights On,No Defects,"Two-way, Divided, Positive Median Barrier",Wet,Raining,Six o'clock,(Sport) Utility Vehicle,Disabling,N,Slowing or Stopping,2015-01-23 22:29,21,38.98780149,-76.35933638
2658,N,Apparently Normal,No Misuse,Y,No Injury,4c60f811-7d5c-404d-8fed-9e610d17a71e,D,MDTA1082000C,Shoulder/Lap Belt(s),F,186d2c62-0ab7-47f4-8417-cf86d0adf1f1,Single Vehicle ,N,Non Intersection,Right Turn Lane,Daylight,No Defects,One-way Trafficway,Wet,Raining,Twelve o'clock,Passenger Car,Disabling,N,Moving Constant Speed,2015-01-04 09:16,26,39.207696,-76.58587
2659,N,Apparently Normal,No Misuse,N,No Injury,dd050d56-c317-4577-aabd-9e7727dde0ed,D,MDTA1143000C,Shoulder/Lap Belt(s),F,5979c6e4-e67e-4bdd-a23e-6beb0f174510,Same Direction Right Turn,N,Non Intersection,Deceleration Lane,Dark Lights On,No Defects,"Two-way, Divided, Positive Median Barrier",Wet,Raining,Twelve o'clock,Van,Disabling,N,Moving Constant Speed,2015-01-03 21:33,25,39.27057039,-76.65635347
2660,N,Apparently Normal,No Misuse,Y,No Injury,c962d7a5-d75b-45e4-aa2f-2d92fad8df17,D,MDTA1143000C,Shoulder/Lap Belt(s),F,55d96a65-72b3-47a2-8cb1-ed77e7a7813d,Same Direction Right Turn,N,Non Intersection,Deceleration Lane,Dark Lights On,No Defects,"Two-way, Divided, Positive Median Barrier",Wet,Raining,One o'clock,(Sport) Utility Vehicle,Functional,N,Changing Lanes,2015-01-03 21:33,36,39.27057039,-76.65635347
2661,N,Apparently Normal,No Misuse,Y,No Injury,e787b42f-927d-4708-a5f1-14ba9971703e,D,MDTA1217000C,Shoulder/Lap Belt(s),F,57487637-4f05-493c-873f-19e158a7fafe,Same Direction Rear End,N,Non Intersection,Right Turn Lane,Dark - Unknown Lighting,No Defects,"Two-way, Divided, Positive Median Barrier",Dry,Clear,Twelve o'clock,Van,Functional,N,Moving Constant Speed,2015-03-06 19:46,40,39.243023,-76.578484
2662,N,Apparently Normal,No Misuse,N,Possible Incapacitating Injury,4f9a3ffe-e177-4f34-98aa-ab815678dc0c,D,MDTA1217000C,Shoulder/Lap Belt(s),F,be906d7b-c848-43f9-9496-1a967ffde3d5,Same Direction Rear End,N,Non Intersection,Right Turn Lane,Dark - Unknown Lighting,No Defects,"Two-way, Divided, Positive Median Barrier",Dry,Clear,Six o'clock,Passenger Car,Functional,N,Slowing or Stopping,2015-03-06 19:46,32,39.243023,-76.578484
2663,N,Apparently Normal,No Misuse,N,No Injury,116d9b35-81e9-4fd9-b5d8-369887c01a34,D,MDTA1217000C,Shoulder/Lap Belt(s),M,f3077a09-b6f8-4c70-a73c-4ce5c4c4568c,Same Direction Rear End,N,Non Intersection,Right Turn Lane,Dark - Unknown Lighting,No Defects,"Two-way, Divided, Positive Median Barrier",Dry,Clear,Six o'clock,Passenger Car,Superficial,N,Slowing or Stopping,2015-03-06 19:46,40,39.243023,-76.578484
2664,N,Apparently Normal,No Misuse,N,No Injury,26a67d01-1d04-4e03-9a11-a044ab8c8208,D,MDTA12280006,Shoulder/Lap Belt(s),F,91cccc4b-a32a-42f9-bfae-ff940a2c29a6,Same Direction Left Turn,N,Non Intersection,Right Turn Lane,Daylight,No Defects,One-way Trafficway,Wet,Wintry Mix,Twelve o'clock,(Sport) Utility Vehicle,Disabling,N,Moving Constant Speed,2015-03-02 08:33,37,39.082277,-76.901127
2665,N,Apparently Normal,No Misuse,Y,No Injury,2e1b4e68-a0e9-411b-8aea-29e4db9f2463,D,MDTA13530009,Shoulder/Lap Belt(s),F,f1bfc5eb-50a2-4eea-bc95-7dcb66aa3007,Same Direction Rear End,N,Non Intersection,Deceleration Lane,Dark Lights On,No Defects,"Two-way, Divided, Positive Median Barrier",Snow,Wintry Mix,Five o'clock,Passenger Car,Disabling,N,Moving Constant Speed,2015-02-02 00:09,62,39.29917005,-76.53038085
2666,N,Apparently Normal,No Misuse,N,No Injury,e90bbdc2-c199-4e04-b27d-28c27440e282,D,MDTA13530009,Shoulder/Lap Belt(s),M,74b48b05-7074-4909-b1ab-01d3e26ff7ed,Same Direction Rear End,N,Non Intersection,Deceleration Lane,Dark Lights On,No Defects,"Two-way, Divided, Positive Median Barrier",Snow,Wintry Mix,Eleven o'clock,Passenger Car,Functional,N,Moving Constant Speed,2015-02-02 00:09,28,39.29917005,-76.53038085
2667,N,Apparently Normal,No Misuse,Y,No Injury,4201db77-1a83-4520-a215-e03a8f77c3bd,D,MDTA1353000B,Shoulder Belt Only,F,a78e79cc-f286-412d-bc54-ed55f9b6e1df,Single Vehicle ,N,Non Intersection,Left Turn Lane,Dark Lights On,No Defects,"Two-way, Divided, Positive Median Barrier",Slush,Sleet,Twelve o'clock,Passenger Car,Disabling,N,Moving Constant Speed,2015-02-10 03:03,52,39.3144948,-76.53312206
2668,N,Apparently Normal,No Misuse,N,No Injury,c66f8f10-bda3-473e-af39-cff08ba9955a,D,MDTA1375000D,Shoulder/Lap Belt(s),F,4ea2a90a-d5c7-4b33-b335-9e66ae47fbd0,Same Direction Rear End,N,Non Intersection,Right Turn Lane,Daylight,No Defects,"Two-way, Divided, Positive Median Barrier",Dry,Clear,Six o'clock,Passenger Car,Functional,N,Stopped in Traffic Lane,2015-03-27 15:10,45,39.2812113,-76.5534615
2669,N,Apparently Normal,No Misuse,N,No Injury,b73579dc-a0d3-4426-8c00-9c7994c0a2dc,D,MDTA1375000D,Shoulder/Lap Belt(s),F,6d95df91-5664-4b7d-b1ca-78c508963910,Same Direction Rear End,N,Non Intersection,Right Turn Lane,Daylight,No Defects,"Two-way, Divided, Positive Median Barrier",Dry,Clear,Six o'clock,Passenger Car,Disabling,N,Stopped in Traffic Lane,2015-03-27 15:10,24,39.2812113,-76.5534615
2670,N,Apparently Normal,No Misuse,N,No Injury,9ca31a24-6ce6-4b7f-902d-a7ebba05de2e,D,MDTA1375000D,Shoulder/Lap Belt(s),M,694e84dc-48b0-47d1-9fb4-f03d5470c69b,Same Direction Rear End,N,Non Intersection,Right Turn Lane,Daylight,No Defects,"Two-way, Divided, Positive Median Barrier",Dry,Clear,Six o'clock,Pickup Truck,Superficial,N,Stopped in Traffic Lane,2015-03-27 15:10,24,39.2812113,-76.5534615
2671,N,Apparently Normal,No Misuse,Y,No Injury,7a2812be-935e-412c-8732-489a655b1c05,D,MDTA1375000D,Shoulder/Lap Belt(s),M,f041fbb7-3201-4316-8329-47710ac580a7,Same Direction Rear End,N,Non Intersection,Right Turn Lane,Daylight,No Defects,"Two-way, Divided, Positive Median Barrier",Dry,Clear,Twelve o'clock,Pickup Truck,Disabling,N,Moving Constant Speed,2015-03-27 15:10,22,39.2812113,-76.5534615
2672,N,Apparently Normal,No Misuse,Y,No Injury,bc467d9a-ccc8-44b4-a78b-94b6a8e9a608,D,MDTA1380000B,Shoulder/Lap Belt(s),F,35773b63-6a72-4a8e-a182-29a4cc409336,Single Vehicle ,Y,Non Intersection,Acceleration Lane,Dark Lights On,No Defects,"Two-way, Divided, Positive Median Barrier",Wet,Raining,Seven o'clock,Passenger Car,Disabling,N,Changing Lanes,2015-01-03 17:28,24,39.016783,-76.410255
2673,N,Apparently Normal,No Misuse,N,No Injury,d00ef12a-5e39-4455-9dac-091895d26b67,D,MDTA1380000F,Shoulder/Lap Belt(s),F,1beee0e2-afbf-4ff2-96bb-e2f10fd5be04,Same Direction Sideswipe,N,Non Intersection,Left Turn Lane,Dusk,No Defects,One-way Trafficway,Dry,Cloudy,Seven o'clock,(Sport) Utility Vehicle,Superficial,N,Slowing or Stopping,2015-03-27 20:13,40,38.99614031,-76.39403343
2674,N,Apparently Normal,No Misuse,N,No Injury,37aade10-01b2-4cc7-844e-caf10b945297,D,MDTA1380000H,Shoulder/Lap Belt(s),F,0cabdcc1-7d7d-4339-97c8-9bece96ef97d,Same Direction Sideswipe,N,Non Intersection,Left Turn Lane,Dusk,No Defects,One-way Trafficway,Dry,Cloudy,Ten o'clock,Passenger Car,Superficial,N,Slowing or Stopping,2015-03-27 20:13,67,38.99177089,-76.37609482
2675,N,Apparently Normal,No Misuse,N,No Injury,bcd1912b-0897-4afc-b7a8-09e66ca82dab,D,MDTA1380000J,Shoulder/Lap Belt(s),F,6c6b79bd-1717-4664-a613-7cbd7d343096,Same Direction Sideswipe,N,Non Intersection,Right Turn Lane,Dusk,No Defects,One-way Trafficway,Dry,Cloudy,Five o'clock,Passenger Car,Superficial,N,Slowing or Stopping,2015-03-27 20:13,22,38.99160411,-76.37502193
2676,N,Apparently Normal,No Misuse,N,No Injury,7433b01b-3ad1-4041-b62a-2dc9b3011ed8,D,MDTA1390000C,Shoulder/Lap Belt(s),F,53ffa9f7-a5b9-47d0-9512-e03205a27e5c,Same Direction Rear End,N,Non Intersection,Left Turn Lane,Dark Lights On,No Defects,"Two-way, Divided, Positive Median Barrier",Dry,Clear,Six o'clock,Passenger Car,Functional,N,Stopped in Traffic Lane,2015-02-25 21:24,34,39.24051323,-76.60646439
2677,N,Apparently Normal,No Misuse,Y,Non-incapacitating Injury,9ba7619e-0236-4807-a704-5ac49380c4c0,D,MDTA1390000C,Shoulder/Lap Belt(s),M,0642047b-3e0f-475c-bde7-0c123089292d,Same Direction Rear End,N,Non Intersection,Left Turn Lane,Dark Lights On,No Defects,"Two-way, Divided, Positive Median Barrier",Dry,Clear,Twelve o'clock,Passenger Car,Destroyed,N,Moving Constant Speed,2015-02-25 21:24,38,39.24051323,-76.60646439
2678,N,Apparently Normal,No Misuse,N,Incapacitating/Disabled Injury,babe1d63-c3b2-4404-8e62-45c02aec71a2,D,MDTA1390000C,Shoulder/Lap Belt(s),M,fb387518-84fa-483d-af26-59e1029c70d2,Same Direction Rear End,N,Non Intersection,Left Turn Lane,Dark Lights On,No Defects,"Two-way, Divided, Positive Median Barrier",Dry,Clear,Six o'clock,Passenger Car,Destroyed,N,Stopped in Traffic Lane,2015-02-25 21:24,39,39.24051323,-76.60646439
2679,N,Apparently Normal,No Misuse,Y,No Injury,d463a3ec-7cfe-40fc-b0a0-1c4e2114b675,D,MDTA14060005,Shoulder/Lap Belt(s),F,ff5014b7-9bc4-4b14-b51b-5573fdc33186,Same Direction Rear End,N,Non Intersection,Right Turn Lane,Dawn,No Defects,"Two-way, Divided, Positive Median Barrier",Snow,Snow,Twelve o'clock,Passenger Car,Disabling,N,Moving Constant Speed,2015-01-06 05:34,57,39.27028978,-76.65743172
2680,N,Apparently Normal,No Misuse,N,No Injury,ee69a987-b69d-4bdb-bba0-4e3030c9258b,D,MDTA14060005,Shoulder/Lap Belt(s),M,b8555648-6554-4fc1-989c-a1deaf3c3c1e,Same Direction Rear End,N,Non Intersection,Right Turn Lane,Dawn,No Defects,"Two-way, Divided, Positive Median Barrier",Snow,Snow,Six o'clock,Passenger Car,Functional,N,Slowing or Stopping,2015-01-06 05:34,41,39.27028978,-76.65743172
2681,N,Apparently Normal,No Misuse,Y,No Injury,d880b77b-f8aa-4f9a-bf0b-3ca2af17a1a4,D,MDTA14060005,Shoulder/Lap Belt(s),M,bae89302-6cab-4b47-813d-d03a27937710,Same Direction Rear End,N,Non Intersection,Right Turn Lane,Dawn,No Defects,"Two-way, Divided, Positive Median Barrier",Snow,Snow,Twelve o'clock,Pickup Truck,Superficial,N,Slowing or Stopping,2015-01-06 05:34,50,39.27028978,-76.65743172
2682,N,Apparently Normal,No Misuse,Y,No Injury,c2f1b639-2c1c-442f-99f6-6812c2d7853a,D,MDTA14060005,Shoulder/Lap Belt(s),M,7e99b6d7-8964-42c4-ba48-bce527b6b8d0,Same Direction Rear End,N,Non Intersection,Right Turn Lane,Dawn,No Defects,"Two-way, Divided, Positive Median Barrier",Snow,Snow,Six o'clock,Pickup Truck,Functional,N,Moving Constant Speed,2015-01-06 05:34,37,39.27028978,-76.65743172
2683,N,Apparently Normal,No Misuse,Y,No Injury,89fab8a7-6bb7-41d2-ae99-ddc3efb0c6b5,D,MDTA14730009,Shoulder/Lap Belt(s),F,6d0a7dc8-d23c-47a1-b2ce-cd15c15cfe78,Same Direction Sideswipe,N,Non Intersection,Left Turn Lane,Dark Lights On,No Defects,One-way Trafficway,Dry,Clear,Three o'clock,Passenger Car,Disabling,N,Changing Lanes,2015-03-12 05:18,43,39.319492,-76.533594
2684,N,Apparently Normal,No Misuse,N,No Injury,05f7a1a3-dbc8-482e-96ec-08e52326f9c0,D,MDTA14730009,Shoulder/Lap Belt(s),M,677f923a-fca2-40a0-acf2-b21ae9f02386,Same Direction Sideswipe,N,Non Intersection,Left Turn Lane,Dark Lights On,No Defects,One-way Trafficway,Dry,Clear,Seven o'clock,Passenger Car,Functional,N,Moving Constant Speed,2015-03-12 05:18,41,39.319492,-76.533594