KEY_INDEX,CDL_FLAG,CONDITION_CODE,EQUIP_PROB_CODE,FAULT_FLAG,INJ_SEVER_CODE,PERSON_ID,PERSON_TYPE,REPORT_NO,SAF_EQUIP_CODE,SEX_CODE,VEHICLE_ID,COLLISION_TYPE_CODE,C_M_ZONE_FLAG,JUNCTION_CODE,LANE_CODE,LIGHT_CODE,RD_COND_CODE,RD_DIV_CODE,SURF_COND_CODE,WEATHER_CODE,AREA_DAMAGED_CODE_MAIN,BODY_TYPE_CODE,DAMAGE_CODE,HIT_AND_RUN_FLAG,MOVEMENT_CODE,TIME,AGE,LATITUDE,LONGITUDE
2685,N,Apparently Normal,No Misuse,N,No Injury,563d5d5e-5b1d-4520-9ed2-55681e3d42c4,D,MDTA14730009,Shoulder/Lap Belt(s),M,1bbc6fc5-a6b5-4100-a552-14ff987eda37,Same Direction Sideswipe,N,Non Intersection,Left Turn Lane,Dark Lights On,No Defects,One-way Trafficway,Dry,Clear,Seven o'clock,Truck Tractor,Functional,N,Moving Constant Speed,2015-03-12 05:18,37,39.319492,-76.533594
2686,Y,Apparently Normal,No Misuse,N,No Injury,c4bacc66-4a7b-412c-8f65-f85e0e91e6dd,D,MDTA14730009,Shoulder/Lap Belt(s),M,f6225862-0fd8-4b44-9591-88026f7bb9c7,Same Direction Sideswipe,N,Non Intersection,Left Turn Lane,Dark Lights On,No Defects,One-way Trafficway,Dry,Clear,One o'clock,Truck Tractor,Functional,N,Moving Constant Speed,2015-03-12 05:18,36,39.319492,-76.533594
2687,N,Apparently Normal,No Misuse,N,No Injury,a02de842-7a82-4f2e-8537-0820d681943e,D,MDTA1573000J,Shoulder/Lap Belt(s),F,1d0ac27c-1aa8-41de-9a47-4844b7e080aa,Same Direction Left Turn,N,Non Intersection,Right Turn Lane,Dark Lights On,No Defects,"Two-way, Divided, Positive Median Barrier",Dry,Clear,Two o'clock,Passenger Car,Superficial,N,Moving Constant Speed,2015-01-04 00:10,24,39.26573,-76.561483
2688,N,Had Been Drinking,No Misuse,Y,No Injury,aa1ec13c-8b71-4d88-86ea-f4147c86e4fa,D,MDTA1573000J,Shoulder/Lap Belt(s),M,31165b7d-0994-44ba-959c-c06d760b1f6e,Same Direction Left Turn,N,Non Intersection,Right Turn Lane,Dark Lights On,No Defects,"Two-way, Divided, Positive Median Barrier",Dry,Clear,Eleven o'clock,Passenger Car,Superficial,Y,Moving Constant Speed,2015-01-04 00:10,21,39.26573,-76.561483
2689,N,Apparently Normal,No Misuse,N,No Injury,6c0c1ad2-a4f3-4452-9fe3-e5740fbddbd3,D,MDTA1573000K,Shoulder/Lap Belt(s),F,3eb7bb3b-46a3-4fff-a81d-f3d4a11766b5,Same Direction Left Turn,N,Non Intersection,Right Turn Lane,Dark Lights On,No Defects,"Two-way, Divided, Positive Median Barrier",Dry,Clear,Two o'clock,Passenger Car,Superficial,N,Moving Constant Speed,2015-02-15 00:00,24,39.26547654,-76.56177878
2690,N,Had Been Drinking,No Misuse,Y,No Injury,f930f80a-9342-4d61-aa63-061da6e1208e,D,MDTA1573000K,Shoulder/Lap Belt(s),M,058c1668-b9ab-47e5-8715-4c84b31c6265,Same Direction Left Turn,N,Non Intersection,Right Turn Lane,Dark Lights On,No Defects,"Two-way, Divided, Positive Median Barrier",Dry,Clear,Ten o'clock,Passenger Car,Superficial,Y,Moving Constant Speed,2015-02-15 00:00,21,39.26547654,-76.56177878
2691,N,Apparently Normal,No Misuse,N,No Injury,50dc2763-3300-4f4c-ab8f-8b669fee40c6,D,MDTA1573000M,Shoulder/Lap Belt(s),F,822111cb-4f6a-4dbb-97d6-74919df81f7b,Same Direction Rear End,N,Non Intersection,Left Turn Lane,Daylight,No Defects,"Two-way, Divided, Positive Median Barrier",Dry,Clear,Six o'clock,Passenger Car,Superficial,N,Stopped in Traffic Lane,2015-02-19 17:47,28,39.265385,-76.593625
2692,N,Apparently Normal,No Misuse,Y,No Injury,de4fe348-64d3-4eb6-a4f8-a0ff61ef22f6,D,MDTA1573000M,Shoulder/Lap Belt(s),F,f2af9ffa-2acb-41b0-8498-d1ecdcde166f,Same Direction Rear End,N,Non Intersection,Left Turn Lane,Daylight,No Defects,"Two-way, Divided, Positive Median Barrier",Dry,Clear,Twelve o'clock,Passenger Car,Disabling,N,Slowing or Stopping,2015-02-19 17:47,54,39.265385,-76.593625
2693,N,Apparently Normal,No Misuse,N,No Injury,c494811a-3e0e-4151-80fd-c85de0a73d01,D,MDTA1573000M,Shoulder/Lap Belt(s),M,a615034f-6b62-48a8-89ce-372085000e43,Same Direction Rear End,N,Non Intersection,Left Turn Lane,Daylight,No Defects,"Two-way, Divided, Positive Median Barrier",Dry,Clear,Six o'clock,Passenger Car,Superficial,N,Stopped in Traffic Lane,2015-02-19 17:47,46,39.265385,-76.593625
2694,N,Apparently Normal,No Misuse,N,No Injury,da17bd39-e85f-4c9c-83a3-a6207600cf66,D,MDTA1573000M,Shoulder/Lap Belt(s),M,f84c8313-805e-4f42-8557-861fc9083629,Same Direction Rear End,N,Non Intersection,Left Turn Lane,Daylight,No Defects,"Two-way, Divided, Positive Median Barrier",Dry,Clear,Six o'clock,Passenger Car,Functional,N,Stopped in Traffic Lane,2015-02-19 17:47,22,39.265385,-76.593625
2695,N,Apparently Normal,No Misuse,N,No Injury,7355e78b-3af0-420a-a910-07d7869f5390,D,MDTA1573000R,Shoulder/Lap Belt(s),F,454db754-6b3b-4dd6-876d-f46fa0f3a7ea,Same Direction Left Turn,N,Non Intersection,Right Turn Lane,Dark Lights On,No Defects,One-way Trafficway,Dry,Clear,Two o'clock,Passenger Car,Superficial,N,Moving Constant Speed,2015-03-24 19:49,43,39.26067738,-76.57900929
2696,N,Apparently Normal,No Misuse,N,No Injury,a4dfe768-75b1-4bd5-be58-9bc8860ace54,D,MSP04860024,Shoulder/Lap Belt(s),F,5d0f40e0-a3da-4bf0-b83f-feebc4853a5f,Single Vehicle ,N,Non Intersection,Left Turn Lane,Dark No Lights,No Defects,"Two-way, Divided, Positive Median Barrier",Dry,Clear,Non-collision,Passenger Car,Destroyed,N,Moving Constant Speed,2015-02-13 20:30,48,39.62904267,-77.80668683
2697,N,Apparently Normal,No Misuse,Y,No Injury,625379c5-df63-46f6-9b12-d7d503a8d896,D,MSP0616007W,Shoulder/Lap Belt(s),F,292871ca-aec1-4fd5-845d-440278af7771,Same Direction Rear End,N,Non Intersection,Right Turn Lane,Daylight,No Defects,One-way Trafficway,Dry,Clear,Twelve o'clock,Passenger Car,Disabling,N,Slowing or Stopping,2015-01-07 16:24,22,39.28843428,-76.74064317
2698,N,Apparently Normal,No Misuse,Y,No Injury,d55d0428-b183-4d44-be4f-1c1aac55e067,D,MSP0860000Q,Shoulder/Lap Belt(s),F,67674e58-9031-4e16-a851-1ca69aec52fb,Single Vehicle ,N,Non Intersection,Right Turn Lane,Daylight,Loose Surface Material,"Two-way, Not Divided",Snow,Snow,Three o'clock,Passenger Car,Disabling,N,Skidding,2015-02-14 11:48,35,39.4802141,-79.352882
2699,N,Apparently Normal,No Misuse,Y,No Injury,0b141e72-22d0-4009-964c-b59416db83c0,D,MSP08680002,Shoulder/Lap Belt(s),M,6408b0ba-8734-4e53-9fcb-4eb65d4b76ec,Same Direction Rear End,N,Intersection Related,Right Turn Lane,Daylight,No Defects,"Two-way, Divided, Unprotected (painted >4 feet) Median",Dry,Clear,Twelve o'clock,Passenger Car,Functional,N,Accelerating,2015-03-19 17:23,57,38.725441,-76.66013533
2700,Y,Apparently Normal,No Misuse,Y,No Injury,0dda0c4e-8df9-46df-9ecb-cce59096c150,D,MSP1205000W,Shoulder/Lap Belt(s),F,ff42a993-76bf-499b-8414-4ac090dc79aa,Single Vehicle ,N,Non Intersection,Left Turn Lane,Daylight,No Defects,"Two-way, Divided, Positive Median Barrier",Dry,Clear,One o'clock,Passenger Car,Disabling,N,Moving Constant Speed,2015-01-13 16:03,56,38.5052125,-76.98440317
2701,N,Apparently Normal,No Misuse,Y,No Injury,3a45b070-8085-4057-ace8-5579dd7d2002,D,MSP12190013,Shoulder/Lap Belt(s),F,5a2e8826-abb3-4699-9450-637863149f1b,Single Vehicle ,N,Non Intersection,Right Turn Lane,Daylight,No Defects,"Two-way, Not Divided",Ice,Sleet,Underside,Passenger Car,Functional,N,Making U Turn,2015-03-01 12:30,59,39.64700933,-76.072922
2702,N,Apparently Normal,No Misuse,N,No Injury,7f7fef0c-b915-488c-b6e1-20a8212c7851,D,MSP12190014,Shoulder/Lap Belt(s),F,a39eb7e2-6a22-4410-91ce-0faf45132118,Same Movement Angle,N,Intersection,Right Turn Lane,Daylight,No Defects,"Two-way, Not Divided",Dry,Clear,Eleven o'clock,Station Wagon,Disabling,N,Starting From Lane,2015-03-02 11:50,83,39.5657352,-75.81085682
2703,N,Apparently Normal,No Misuse,N,No Injury,439c845c-f85c-4c06-8c59-5e1f7a5a4ae5,D,MSP12190014,Shoulder/Lap Belt(s),F,b1ce8715-2ba9-4754-8522-b17e1b394bfa,Same Movement Angle,N,Intersection,Right Turn Lane,Daylight,No Defects,"Two-way, Not Divided",Dry,Clear,Twelve o'clock,Passenger Car,Disabling,N,Stopped in Traffic Lane,2015-03-02 11:50,66,39.5657352,-75.81085682
2704,N,Apparently Normal,No Misuse,Y,No Injury,9657d658-c0d7-4c7f-8efc-04482aa884ed,D,MSP12930009,Shoulder/Lap Belt(s),F,c4e23312-6567-47a9-b9f4-0edcc0a6ea0f,Single Vehicle ,N,Non Intersection,Right Turn Lane,Daylight,Loose Surface Material,"Two-way, Not Divided","Mud, Dirt, Gravel",Cloudy,Eight o'clock,Passenger Car,Disabling,N,Moving Constant Speed,2015-01-15 12:18,20,39.68654882,-79.38041568
2705,N,Apparently Normal,No Misuse,Y,No Injury,e1b4640d-7f4b-443b-a07d-470bb5564e86,D,MSP13510009,Shoulder/Lap Belt(s),F,65a5c696-1636-4883-90b4-2ce54d447a2e,Single Vehicle ,N,Intersection,Right Turn Lane,Daylight,No Defects,"Two-way, Divided, Unprotected (painted >4 feet) Median",Wet,Raining,Nine o'clock,Passenger Car,Superficial,N,Moving Constant Speed,2015-03-20 13:35,18,38.499236,-76.53789833
2706,N,Apparently Normal,No Misuse,N,No Injury,043ca40e-6d2d-4a09-8818-129c305739e5,D,MSP14640004,Shoulder/Lap Belt(s),F,2cbd61a1-3f17-4e05-a39f-7be47b8e7fd5,Same Direction Rear End,N,Non Intersection,Right Turn Lane,Daylight,No Defects,"Two-way, Not Divided",Dry,Clear,Six o'clock,(Sport) Utility Vehicle,Superficial,N,Slowing or Stopping,2015-01-16 13:02,26,38.36424583,-75.595885
2707,N,Apparently Normal,No Misuse,Y,No Injury,c73a9429-d1ab-4ab7-9ddb-cb0794472853,D,MSP14640004,Shoulder/Lap Belt(s),M,ba40e113-26ac-4c0e-a4f6-bab0e12f6b41,Same Direction Rear End,N,Non Intersection,Right Turn Lane,Daylight,No Defects,"Two-way, Not Divided",Dry,Clear,Twelve o'clock,Police Vehicle/Non Emergency,Superficial,N,Slowing or Stopping,2015-01-16 13:02,31,38.36424583,-75.595885
2708,N,Apparently Normal,No Misuse,Y,No Injury,1c825680-238d-4780-9f99-7270c8a6891d,D,MSP16390008,Shoulder/Lap Belt(s),F,86ae771c-1889-4113-bc70-3ca6beb37cba,Same Direction Rear End,N,Non Intersection,Right Turn Lane,Daylight,No Defects,"Two-way, Divided, Positive Median Barrier",Wet,Cloudy,Twelve o'clock,Pickup Truck,Disabling,N,Slowing or Stopping,2015-02-10 10:07,56,38.64943876,-76.95923924
2709,N,Apparently Normal,No Misuse,N,Possible Incapacitating Injury,e6aa11c6-da7c-4edb-9d93-fe2c93e7e888,D,MSP16390008,Shoulder/Lap Belt(s),F,b54ef5dc-6030-4c0b-aba7-9d07ecded8da,Same Direction Rear End,N,Non Intersection,Right Turn Lane,Daylight,No Defects,"Two-way, Divided, Positive Median Barrier",Wet,Cloudy,Six o'clock,Passenger Car,Disabling,N,Stopped in Traffic Lane,2015-02-10 10:07,29,38.64943876,-76.95923924
2710,N,Apparently Normal,No Misuse,N,Possible Incapacitating Injury,429b6a2d-0867-4a9c-9a27-2fedd34282d5,D,MSP16390008,Shoulder/Lap Belt(s),F,3c99d80e-25f1-4534-97ec-5902327679f8,Same Direction Rear End,N,Non Intersection,Right Turn Lane,Daylight,No Defects,"Two-way, Divided, Positive Median Barrier",Wet,Cloudy,Six o'clock,Recreational Vehicle,Disabling,N,Stopped in Traffic Lane,2015-02-10 10:07,28,38.64943876,-76.95923924
2711,N,Apparently Normal,No Misuse,Y,No Injury,b4b50195-ade3-456a-904d-836373c67010,D,MSP16700006,Shoulder/Lap Belt(s),F,79f0b3ca-01a9-4e78-bd6c-dd1b5eeb61a7,Single Vehicle ,N,Non Intersection,Right Turn Lane,Dark Lights On,No Defects,"Two-way, Divided, Positive Median Barrier",Slush,Wintry Mix,One o'clock,Pickup Truck,Functional,Y,Skidding,2015-02-01 23:00,28,39.59229591,-76.6732192
2712,N,Apparently Normal,No Misuse,Y,No Injury,04339811-7db4-4b1c-ab55-678c7ede8d49,D,MSP16700008,Shoulder/Lap Belt(s),F,aa2211ae-f165-40bf-97fc-cdfe92698cc6,Single Vehicle ,Y,Non Intersection,Acceleration Lane,Dark Lights On,No Defects,"Two-way, Divided, Positive Median Barrier",Dry,Clear,Twelve o'clock,Passenger Car,Superficial,Y,Moving Constant Speed,2015-02-17 22:38,26,39.388285,-76.727418
2713,N,Apparently Normal,No Misuse,N,No Injury,7f555bd6-4424-495a-9aa2-e2f76320a7c8,D,MSP17610010,Shoulder/Lap Belt(s),F,6e26889e-8f79-4479-9020-b3cd239dbdfc,Same Movement Angle,N,Intersection,Left Turn Lane,Dark Lights On,No Defects,"Two-way, Divided, Positive Median Barrier",Dry,Clear,Two o'clock,Passenger Car,Functional,N,Making Left Turn,2015-01-08 18:00,64,39.63853583,-78.83000733
2714,N,Apparently Normal,No Misuse,N,No Injury,580cd473-7151-4b3d-88c0-014ca49278ea,D,MSP17610010,Shoulder/Lap Belt(s),F,3d6c09d9-27e7-439b-aafc-2e5ddab3bf00,Same Movement Angle,N,Intersection,Left Turn Lane,Dark Lights On,No Defects,"Two-way, Divided, Positive Median Barrier",Dry,Clear,Twelve o'clock,(Sport) Utility Vehicle,Functional,N,Making Left Turn,2015-01-08 18:00,27,39.63853583,-78.83000733
2715,N,Apparently Normal,No Misuse,Y,No Injury,040962f8-a5d5-470e-bc30-a26359dee2c1,D,MSP17610010,Shoulder/Lap Belt(s),F,358fbca5-0f59-43c9-826a-7c78dfeb1432,Same Movement Angle,N,Intersection,Left Turn Lane,Dark Lights On,No Defects,"Two-way, Divided, Positive Median Barrier",Dry,Clear,Six o'clock,Passenger Car,Disabling,N,Moving Constant Speed,2015-01-08 18:00,37,39.63853583,-78.83000733
2716,N,Apparently Normal,No Misuse,N,No Injury,86754351-e92f-4fb5-9a1a-ddfed5ae445a,D,MSP18660010,Shoulder/Lap Belt(s),F,c1bcab2d-0d2d-40bc-bc49-adb16ea1c432,Same Movement Angle,N,Intersection,Acceleration Lane,Daylight,No Defects,"Two-way, Divided, Positive Median Barrier",Dry,Cloudy,Two o'clock,(Sport) Utility Vehicle,Disabling,N,Making Left Turn,2015-03-11 18:38,64,38.55405633,-76.05077567
2717,N,Apparently Normal,No Misuse,Y,No Injury,fd92065c-0329-4c89-a8f0-0c87e4302111,D,MSP18660010,Shoulder/Lap Belt(s),M,be676184-9d94-4fe7-9fb7-f4698d5bf205,Same Movement Angle,N,Intersection,Acceleration Lane,Daylight,No Defects,"Two-way, Divided, Positive Median Barrier",Dry,Cloudy,Twelve o'clock,(Sport) Utility Vehicle,Disabling,N,Moving Constant Speed,2015-03-11 18:38,21,38.55405633,-76.05077567
2718,N,Apparently Normal,No Misuse,N,No Injury,55585b9d-bcc0-4d3e-b17a-d6c4f737b720,D,MSP21180012,Shoulder/Lap Belt(s),F,17b5d8f0-ba7d-42b1-9d65-87b95d6a9f37,Same Direction Right Turn,N,Non Intersection,Left Turn Lane,Daylight,No Defects,"Two-way, Divided, Positive Median Barrier",Wet,Raining,Twelve o'clock,(Sport) Utility Vehicle,Functional,N,Slowing or Stopping,2015-01-04 13:16,57,39.1388825,-76.84798467
2719,N,Apparently Normal,No Misuse,Y,No Injury,f284dee2-2b5f-4333-85b0-8415bdb094fb,D,MSP21180012,Shoulder/Lap Belt(s),F,6f925930-7944-4339-bc6f-e00c3a1e7ef0,Same Direction Right Turn,N,Non Intersection,Left Turn Lane,Daylight,No Defects,"Two-way, Divided, Positive Median Barrier",Wet,Raining,Twelve o'clock,Van,Disabling,N,Slowing or Stopping,2015-01-04 13:16,58,39.1388825,-76.84798467
2720,N,Apparently Normal,No Misuse,N,No Injury,3ade2563-d75b-470b-9f1b-c14cc9023dd8,D,MSP21180012,Shoulder/Lap Belt(s),M,86e2d340-c313-41cc-b596-0332c8379945,Same Direction Right Turn,N,Non Intersection,Left Turn Lane,Daylight,No Defects,"Two-way, Divided, Positive Median Barrier",Wet,Raining,Six o'clock,(Sport) Utility Vehicle,Functional,N,Slowing or Stopping,2015-01-04 13:16,45,39.1388825,-76.84798467
2721,N,Apparently Normal,No Misuse,N,No Injury,a1b63078-6975-424f-ac1f-ca04d8e0b8aa,D,MSP21180012,Shoulder/Lap Belt(s),M,72040464-6f90-46fe-93e6-6d5f3c0bb420,Same Direction Right Turn,N,Non Intersection,Left Turn Lane,Daylight,No Defects,"Two-way, Divided, Positive Median Barrier",Wet,Raining,Six o'clock,(Sport) Utility Vehicle,Disabling,N,Changing Lanes,2015-01-04 13:16,24,39.1388825,-76.84798467
2722,N,Apparently Normal,No Misuse,Y,No Injury,1488e8de-d0b6-472b-a810-5bf132c55c5f,D,MSP2268001W,Shoulder/Lap Belt(s),F,b148f1e2-d183-41dd-9e23-cde674089deb,Single Vehicle ,N,Non Intersection,Right Turn Lane,Daylight,No Defects,"Two-way, Not Divided",Dry,Clear,Twelve o'clock,Passenger Car,Disabling,N,Moving Constant Speed,2015-01-23 08:01,41,39.64356982,-77.54998478
2723,N,Apparently Normal,No Misuse,N,No Injury,e0439fb8-0483-482e-a1a8-57cd911090b7,D,MSP2268001Z,Shoulder/Lap Belt(s),F,959e9681-9e79-475b-8b8d-2f05b253c12c,Same Direction Rear End,N,Intersection Related,Right Turn Lane,Daylight,No Defects,"Two-way, Not Divided",Dry,Clear,Six o'clock,Passenger Car,Functional,N,Stopped in Traffic Lane,2015-03-23 16:16,48,39.58914382,-77.67311743
2724,N,Apparently Normal,No Misuse,Y,No Injury,595a6d34-b456-48f3-80e3-bc0afd760f42,D,MSP24150001,Shoulder/Lap Belt(s),F,36e2a7ac-973e-4697-a9d2-5c55b300d135,Same Movement Angle,N,Intersection,Right Turn Lane,Dark No Lights,No Defects,"Two-way, Not Divided",Wet,Snow,Twelve o'clock,(Sport) Utility Vehicle,Disabling,N,Starting From Lane,2015-01-26 17:55,39,39.62806897,-76.93296432
2725,N,Apparently Normal,No Misuse,N,No Injury,12d76415-57e7-4e13-b96f-c5f4b9c79687,D,MSP24150001,Shoulder/Lap Belt(s),M,38e8cb89-effd-46a1-b970-c984448bb825,Same Movement Angle,N,Intersection,Right Turn Lane,Dark No Lights,No Defects,"Two-way, Not Divided",Wet,Snow,Two o'clock,Pickup Truck,Disabling,N,Moving Constant Speed,2015-01-26 17:55,58,39.62806897,-76.93296432
2726,N,Apparently Normal,No Misuse,Y,No Injury,9174f1e2-4883-4927-ac80-5089d07628e7,D,MSP2467001S,Shoulder/Lap Belt(s),F,cf0d5f66-664e-4a0c-b40e-f7a48cd9bee2,Single Vehicle ,N,Non Intersection,Right Turn Lane,Daylight,No Defects,One-way Trafficway,Ice,Raining,Twelve o'clock,Passenger Car,Disabling,N,Moving Constant Speed,2015-03-04 07:09,29,39.698597,-78.20244467
2727,N,Apparently Normal,No Misuse,N,No Injury,2b16c035-f370-49bd-a797-8cdbaf6b1a6b,D,MSP26500007,Shoulder/Lap Belt(s),F,a8abb5d5-1db8-46ef-8a28-1d6d655e9963,Single Vehicle ,N,Non Intersection,Right Turn Lane,Dawn,No Defects,"Two-way, Divided, Positive Median Barrier",Dry,Cloudy,Twelve o'clock,Passenger Car,Disabling,N,Moving Constant Speed,2015-01-25 07:14,50,38.980686,-76.32756533
2728,N,Apparently Normal,No Misuse,Y,No Injury,fb733a59-663f-4ead-8cf6-c87273eb91f8,D,MSP2846000R,Shoulder/Lap Belt(s),F,32dddd4c-fb80-4620-9ae4-fc759ed58fc6,Single Vehicle ,N,Non Intersection,Right Turn Lane,Dusk,No Defects,"Two-way, Divided, Positive Median Barrier",Ice,Snow,Twelve o'clock,(Sport) Utility Vehicle,Disabling,N,Moving Constant Speed,2015-01-06 07:15,51,38.970209,-76.18032967
2729,N,Apparently Normal,No Misuse,N,No Injury,052b3128-bb13-4a3b-a636-ff3bb1682145,D,MSP30530017,Shoulder/Lap Belt(s),F,f2ab6a5b-72a3-445c-8e38-5675bbda859d,Same Movement Angle,N,Commercial Driveway,Right Turn Lane,Daylight,No Defects,"Two-way, Not Divided",Dry,Clear,Twelve o'clock,Passenger Car,Disabling,N,Moving Constant Speed,2015-01-28 09:55,50,39.67775017,-77.68342183
2730,N,Apparently Normal,No Misuse,Y,No Injury,4735b5c3-e444-44d1-bc6c-921bd9da30a9,D,MSP30530017,Shoulder/Lap Belt(s),F,67f8a3b3-3ff7-47cb-8559-972adf400e1d,Same Movement Angle,N,Commercial Driveway,Right Turn Lane,Daylight,No Defects,"Two-way, Not Divided",Dry,Clear,Two o'clock,(Sport) Utility Vehicle,Disabling,N,Making Left Turn,2015-01-28 09:55,63,39.67775017,-77.68342183
2731,N,Apparently Normal,No Misuse,N,No Injury,c4c311f8-f105-47be-bd43-1d2fbf5f99e5,D,MSP34500014,Shoulder/Lap Belt(s),F,fe704ed3-e286-4a8e-a45b-3d2db5784ccd,Same Direction Rear End,N,Intersection,Left Turn Lane,Daylight,No Defects,"Two-way, Divided, Positive Median Barrier",Dry,Cloudy,Six o'clock,Pickup Truck,Functional,N,Slowing or Stopping,2015-02-16 15:00,62,38.85169,-75.81557
2732,N,Apparently Normal,No Misuse,Y,No Injury,7faa03ad-a984-4e7b-aacc-724d369d193f,D,MSP34500014,Shoulder/Lap Belt(s),F,adfa1f1d-d085-409c-8464-891327adc080,Same Direction Rear End,N,Intersection,Left Turn Lane,Daylight,No Defects,"Two-way, Divided, Positive Median Barrier",Dry,Cloudy,Twelve o'clock,Pickup Truck,Disabling,N,Moving Constant Speed,2015-02-16 15:00,52,38.85169,-75.81557
2733,N,Apparently Normal,No Misuse,N,No Injury,617d7683-a27a-4f2e-bd9a-b814458f87b0,D,MSP4151000G,Shoulder/Lap Belt(s),F,a6483418-8a06-4816-8c02-c675c7bc3897,Single Vehicle ,N,Non Intersection,Right Turn Lane,Dusk,No Defects,"Two-way, Not Divided",Dry,Clear,Twelve o'clock,(Sport) Utility Vehicle,Disabling,N,Moving Constant Speed,2015-02-13 17:39,35,39.60922467,-77.81314333
2734,N,Apparently Normal,No Misuse,N,No Injury,ebe12b6c-7d66-4eb6-ba96-08f495c142a4,D,MSP4151000L,Shoulder/Lap Belt(s),F,7c7e3b3b-cf0e-4350-8022-be5778325ed0,Single Vehicle ,N,Non Intersection,Left Turn Lane,Daylight,No Defects,"Two-way, Divided, Positive Median Barrier",Dry,Cloudy,Twelve o'clock,(Sport) Utility Vehicle,Disabling,N,Moving Constant Speed,2015-03-13 18:24,22,39.63241733,-77.77230667
2735,Y,Apparently Normal,No Misuse,N,No Injury,b7d2427f-af4f-4c6a-b1a6-e2b26076823a,D,MSP4405000T,Shoulder/Lap Belt(s),F,3761812b-804b-411a-893f-6ddface54a77,Same Direction Sideswipe,N,Non Intersection,Left Turn Lane,Daylight,No Defects,"Two-way, Divided, Positive Median Barrier",Dry,Clear,Seven o'clock,Truck Tractor,Superficial,N,Moving Constant Speed,2015-03-09 16:15,46,39.07299643,-76.63238462
2736,N,Apparently Normal,No Misuse,Y,Non-incapacitating Injury,998c9e61-f9f1-4a8f-8c32-28f9f1fb7e46,D,MSP4405000T,Shoulder/Lap Belt(s),F,04de62a0-a4fa-4e87-972e-a23576072e88,Same Direction Sideswipe,N,Non Intersection,Left Turn Lane,Daylight,No Defects,"Two-way, Divided, Positive Median Barrier",Dry,Clear,Twelve o'clock,Passenger Car,Destroyed,N,Changing Lanes,2015-03-09 16:15,52,39.07299643,-76.63238462
2737,N,Apparently Normal,No Misuse,Y,No Injury,3ff875d5-71a2-4f19-9d71-3f237e305aec,D,MSP4488000C,Shoulder/Lap Belt(s),F,d022b3ad-546c-4540-997f-d180bfa3868a,Single Vehicle ,N,Non Intersection,Right Turn Lane,Daylight,No Defects,"Two-way, Not Divided",Ice,Blowing Snow,Twelve o'clock,Pickup Truck,Destroyed,N,Moving Constant Speed,2015-01-22 15:45,32,39.56446845,-79.38023623
2738,N,Apparently Normal,No Misuse,Y,No Injury,c47c0aa2-53f7-4fce-b31d-c4fb3f61eecd,D,MSP4488000D,Shoulder/Lap Belt(s),F,10bf310d-4611-46d9-8c73-013b5e1a467f,Single Vehicle ,N,Non Intersection,Right Turn Lane,Daylight,No Defects,"Two-way, Not Divided",Snow,Clear,Twelve o'clock,Passenger Car,Disabling,N,Moving Constant Speed,2015-02-13 15:31,26,39.70886768,-78.99040735
2739,N,Apparently Normal,No Misuse,Y,No Injury,43db5453-731d-4321-929e-32c0366f6662,D,MSP4488000G,Shoulder/Lap Belt(s),F,623454ec-009f-46dc-89c8-f94e0ff75d67,Single Vehicle ,N,Non Intersection,Right Turn Lane,Daylight,No Defects,"Two-way, Not Divided",Ice,Wintry Mix,Twelve o'clock,Passenger Car,Functional,N,Slowing or Stopping,2015-03-02 07:35,24,39.65592655,-79.2921369
2740,N,Apparently Normal,No Misuse,Y,No Injury,ad9d988c-0285-452a-8931-7aa4f3c44820,D,MSP46220019,Shoulder/Lap Belt(s),F,19359d57-cb53-46a2-9c59-b492fa75f95c,Single Vehicle ,N,Non Intersection,Right Turn Lane,Dark Lights On,No Defects,One-way Trafficway,Wet,Clear,Eleven o'clock,Recreational Vehicle,No Damage,N,Moving Constant Speed,2015-01-04 17:04,52,39.15105483,-76.64330233
2741,N,Apparently Normal,No Misuse,N,No Injury,bfdc721e-9087-4c67-8b28-1b68abe5c4c9,D,MSP4641004N,Shoulder/Lap Belt(s),F,a1a1ce97-9e7d-4208-8a38-6fb3ac78383b,Same Direction Rear End,N,Non Intersection,Acceleration Lane,Daylight,No Defects,One-way Trafficway,Dry,Cloudy,Six o'clock,(Sport) Utility Vehicle,Superficial,N,Moving Constant Speed,2015-01-29 17:02,57,39.394837,-76.54476733
2742,N,Apparently Normal,No Misuse,N,No Injury,6acdbbec-bbbd-4843-97b6-0ab41493364f,D,MSP4641004V,Shoulder/Lap Belt(s),F,c1523e57-82b3-43bb-8d79-c7a8862d3ed3,Same Direction Sideswipe,N,Non Intersection,Left Turn Lane,Daylight,No Defects,One-way Trafficway,Dry,Clear,Three o'clock,Van,Superficial,N,Moving Constant Speed,2015-03-16 12:30,38,39.304798,-76.746586
2743,N,Apparently Normal,No Misuse,N,No Injury,da24f0c3-83a9-4b09-b001-d1517609b992,D,MSP4641004W,Shoulder/Lap Belt(s),F,72524319-6bf3-4a7a-b012-92e2f9c25d42,Same Direction Rear End,N,Non Intersection,Right Turn Lane,Daylight,No Defects,One-way Trafficway,Dry,Clear,Twelve o'clock,(Sport) Utility Vehicle,Superficial,N,Slowing or Stopping,2015-03-21 18:04,45,39.40175767,-76.56206083