KEY_INDEX,CDL_FLAG,CONDITION_CODE,EQUIP_PROB_CODE,FAULT_FLAG,INJ_SEVER_CODE,PERSON_ID,PERSON_TYPE,REPORT_NO,SAF_EQUIP_CODE,SEX_CODE,VEHICLE_ID,COLLISION_TYPE_CODE,C_M_ZONE_FLAG,JUNCTION_CODE,LANE_CODE,LIGHT_CODE,RD_COND_CODE,RD_DIV_CODE,SURF_COND_CODE,WEATHER_CODE,AREA_DAMAGED_CODE_MAIN,BODY_TYPE_CODE,DAMAGE_CODE,HIT_AND_RUN_FLAG,MOVEMENT_CODE,TIME,AGE,LATITUDE,LONGITUDE
2744,N,Apparently Normal,No Misuse,N,No Injury,1c1ba7d3-6815-4a3b-83df-28928af9d0b7,D,MSP4641004W,Shoulder/Lap Belt(s),F,53486c89-aff9-43fc-9a09-2a8847b28772,Same Direction Rear End,N,Non Intersection,Right Turn Lane,Daylight,No Defects,One-way Trafficway,Dry,Clear,Twelve o'clock,(Sport) Utility Vehicle,Disabling,N,Moving Constant Speed,2015-03-21 18:04,72,39.40175767,-76.56206083
2745,N,Apparently Normal,No Misuse,N,No Injury,4a9d2399-6264-4ab1-9b79-6fd139b724ef,D,MSP4641004W,Shoulder/Lap Belt(s),F,765ac6a4-45a3-4182-8668-f3c1469a922f,Same Direction Rear End,N,Non Intersection,Right Turn Lane,Daylight,No Defects,One-way Trafficway,Dry,Clear,Six o'clock,Passenger Car,Superficial,N,Slowing or Stopping,2015-03-21 18:04,38,39.40175767,-76.56206083
2746,N,Apparently Normal,No Misuse,N,No Injury,c57a63c9-5044-4298-b648-c63244ccb4d8,D,MSP4641004W,Shoulder/Lap Belt(s),M,05ec8c33-115e-482c-a468-3c9afd3dab27,Same Direction Rear End,N,Non Intersection,Right Turn Lane,Daylight,No Defects,One-way Trafficway,Dry,Clear,One o'clock,Pickup Truck,Superficial,N,Moving Constant Speed,2015-03-21 18:04,52,39.40175767,-76.56206083
2747,N,Apparently Normal,No Misuse,N,No Injury,216870c9-b5f2-4021-9856-d2cf834be064,D,MSP4641004W,Shoulder/Lap Belt(s),M,9dbf7f93-6843-44ea-9b3d-6b54c901cd44,Same Direction Rear End,N,Non Intersection,Right Turn Lane,Daylight,No Defects,One-way Trafficway,Dry,Clear,Twelve o'clock,Passenger Car,Disabling,N,Moving Constant Speed,2015-03-21 18:04,25,39.40175767,-76.56206083
2748,N,Apparently Normal,No Misuse,N,No Injury,f2c3a658-3a0a-4d4e-92a7-817ce8b38935,D,MSP4721001J,Shoulder/Lap Belt(s),F,67fa9e54-4edd-4910-bf6d-283415167f2f,Same Movement Angle,N,Intersection,Right Turn Lane,Daylight,No Defects,"Two-way, Not Divided",Dry,Clear,Twelve o'clock,Passenger Car,Disabling,N,Moving Constant Speed,2015-03-23 10:21,22,39.58796983,-77.7316005
2749,N,Apparently Normal,No Misuse,Y,No Injury,d7685a3b-d877-4eb2-b5b6-0d370e859c89,D,MSP4739000X,Shoulder/Lap Belt(s),F,b54e5e93-eb31-4a91-a355-46aa030147d1,Single Vehicle ,N,Non Intersection,Right Turn Lane,Daylight,No Defects,"Two-way, Not Divided",Ice,Clear,Twelve o'clock,Passenger Car,Disabling,N,Moving Constant Speed,2015-02-15 15:31,82,38.958524,-76.20891367
2750,N,Apparently Normal,No Misuse,Y,No Injury,05398e3a-98e3-40fa-97dc-fc95926f0b4c,D,MSP47500012,Shoulder/Lap Belt(s),F,7b08e150-5932-4666-9071-3376dcc6d424,Single Vehicle ,N,Non Intersection,Right Turn Lane,Dark No Lights,No Defects,"Two-way, Not Divided",Ice,Raining,Eleven o'clock,Passenger Car,Functional,N,Moving Constant Speed,2015-01-12 00:31,24,39.6052255,-76.33569233
2751,N,Apparently Normal,No Misuse,N,No Injury,a69c0e7d-c804-442a-8c2d-a4af92895161,D,MSP47500016,Shoulder/Lap Belt(s),F,e4d0d5d0-b384-49fd-aae8-8f5cb1ebadd9,Same Direction Rear End,N,Non Intersection,Right Turn Lane,Daylight,No Defects,"Two-way, Not Divided",Dry,Clear,Six o'clock,Recreational Vehicle,Functional,N,Stopped in Traffic Lane,2015-01-29 16:27,38,39.53231312,-76.44645452
2752,N,Apparently Normal,No Misuse,Y,No Injury,cb70986f-4330-4747-a36e-cf618bf97514,D,MSP47500016,Shoulder/Lap Belt(s),M,260bd498-d150-4b9a-a605-ddfb99a315e8,Same Direction Rear End,N,Non Intersection,Right Turn Lane,Daylight,No Defects,"Two-way, Not Divided",Dry,Clear,Twelve o'clock,Passenger Car,Functional,N,Moving Constant Speed,2015-01-29 16:27,34,39.53231312,-76.44645452
2753,N,Apparently Normal,No Misuse,N,No Injury,db17e8f5-d9db-41ef-83e1-c1e570e0c10c,D,MSP47500017,Shoulder/Lap Belt(s),F,39b8b3ee-cce9-4860-a65d-c7a303d9b2d1,Same Direction Rear End,N,Intersection,Right Turn Lane,Dark Lights On,No Defects,"Two-way, Not Divided",Dry,Clear,Twelve o'clock,Recreational Vehicle,Disabling,N,Moving Constant Speed,2015-02-23 18:31,27,39.55307972,-76.48792684
2754,N,Apparently Normal,No Misuse,N,Non-incapacitating Injury,6a45fb4b-b63a-4cdc-b1e6-092e8f7a3f0d,D,MSP47500017,Shoulder/Lap Belt(s),F,62094220-a021-4c36-8f7b-ca98c651421e,Same Direction Rear End,N,Intersection,Right Turn Lane,Dark Lights On,No Defects,"Two-way, Not Divided",Dry,Clear,Three o'clock,Recreational Vehicle,Destroyed,N,Stopped in Traffic Lane,2015-02-23 18:31,58,39.55307972,-76.48792684
2755,N,Apparently Normal,No Misuse,Y,No Injury,76c8c768-460d-4648-8a73-297727734f04,D,MSP47500017,Shoulder/Lap Belt(s),M,849072bb-7ded-478f-b2c2-a4f201948a9f,Same Direction Rear End,N,Intersection,Right Turn Lane,Dark Lights On,No Defects,"Two-way, Not Divided",Dry,Clear,Twelve o'clock,Recreational Vehicle,Disabling,N,Moving Constant Speed,2015-02-23 18:31,20,39.55307972,-76.48792684
2756,N,Apparently Normal,No Misuse,Y,No Injury,7dbfb029-fcb3-4025-9b61-0fecc31f4c1c,D,MSP47500018,Shoulder/Lap Belt(s),F,6fe121b5-32c5-4552-9755-6dd7ecd30f97,Head On Left Turn,N,Intersection,Right Turn Lane,Daylight,No Defects,"Two-way, Not Divided",Dry,Clear,Four o'clock,Passenger Car,Functional,N,Making Left Turn,2015-02-27 14:52,65,39.57393934,-76.3539505
2757,N,Apparently Normal,No Misuse,N,No Injury,ec82e8e8-bafe-4168-b778-2cad6f41bde7,D,MSP47500018,Shoulder/Lap Belt(s),M,e1867cd9-8795-4d66-8fd6-159171647b3d,Head On Left Turn,N,Intersection,Right Turn Lane,Daylight,No Defects,"Two-way, Not Divided",Dry,Clear,Twelve o'clock,Passenger Car,Disabling,N,Moving Constant Speed,2015-02-27 14:52,48,39.57393934,-76.3539505
2758,N,Apparently Normal,No Misuse,N,No Injury,7d227064-df4c-45be-8451-35062f90ba8e,D,MSP4772004G,Shoulder/Lap Belt(s),F,2d256f9f-7cda-42f9-b484-a5ccaa5ae353,Same Direction Rear End,N,Non Intersection,Acceleration Lane,Dark Lights On,No Defects,"Two-way, Divided, Positive Median Barrier",Dry,Clear,Six o'clock,(Sport) Utility Vehicle,Functional,N,Slowing or Stopping,2015-02-25 17:55,27,39.40948817,-76.57981933
2759,N,Apparently Normal,No Misuse,Y,No Injury,393752bd-db53-40a4-ad45-fd053c89c82d,D,MSP4772004G,Shoulder/Lap Belt(s),M,157ffc16-e9b5-482f-947f-4b15039f2b52,Same Direction Rear End,N,Non Intersection,Acceleration Lane,Dark Lights On,No Defects,"Two-way, Divided, Positive Median Barrier",Dry,Clear,Twelve o'clock,Passenger Car,Disabling,N,Slowing or Stopping,2015-02-25 17:55,81,39.40948817,-76.57981933
2760,N,Apparently Normal,No Misuse,N,No Injury,0ff166ae-6a79-4699-b5a9-9e7ef4190f47,D,MSP48260001,Shoulder/Lap Belt(s),F,7217eab9-88f6-4765-ab35-ae0beea5439d,Same Direction Rear End,N,Non Intersection,Right Turn Lane,Dawn,No Defects,"Two-way, Divided, Positive Median Barrier",Dry,Clear,Six o'clock,Passenger Car,Superficial,N,Stopped in Traffic Lane,2015-02-11 07:01,62,39.0581425,-77.1549424
2761,N,Apparently Normal,No Misuse,Y,No Injury,c75a0c73-4944-4245-b3fa-562cb01156ac,D,MSP48260001,Shoulder/Lap Belt(s),M,4428d9fe-20ab-403e-af1e-2b9b9faa0fa7,Same Direction Rear End,N,Non Intersection,Right Turn Lane,Dawn,No Defects,"Two-way, Divided, Positive Median Barrier",Dry,Clear,Twelve o'clock,Passenger Car,Disabling,N,Moving Constant Speed,2015-02-11 07:01,44,39.0581425,-77.1549424
2762,N,Apparently Normal,No Misuse,N,No Injury,b00eef68-f5b0-4995-86a5-ce997a1cebc0,D,MSP4830000Q,Shoulder/Lap Belt(s),F,99cc66d1-bcbc-4859-8d63-5bbd4486148c,Same Movement Angle,N,Intersection,Right Turn Lane,Daylight,No Defects,"Two-way, Not Divided",Dry,Clear,Eight o'clock,(Sport) Utility Vehicle,Functional,N,Moving Constant Speed,2015-02-18 12:48,40,38.631516,-75.745613
2763,N,Apparently Normal,No Misuse,Y,No Injury,f5e8cfcc-cc56-495d-a264-2fffc4f0328c,D,MSP4830000Q,Shoulder/Lap Belt(s),M,6237cdba-3954-4262-9fd3-b057a638c512,Same Movement Angle,N,Intersection,Right Turn Lane,Daylight,No Defects,"Two-way, Not Divided",Dry,Clear,Twelve o'clock,Van,Disabling,N,Starting From Lane,2015-02-18 12:48,80,38.631516,-75.745613
2764,N,Apparently Normal,No Misuse,Y,No Injury,a5a9fc0b-3245-471e-b995-f62927f49fc7,D,MSP4846000V,Shoulder/Lap Belt(s),F,71e668a0-5af0-4364-9415-0a4793209eb7,Head On Left Turn,Y,Intersection,Left Turn Lane,Daylight,No Defects,"Two-way, Divided, Positive Median Barrier",Dry,Clear,Twelve o'clock,Passenger Car,Functional,N,Moving Constant Speed,2015-02-19 10:50,30,39.37974133,-76.45411883
2765,N,Apparently Normal,No Misuse,N,Non-incapacitating Injury,166a6480-a11a-422b-b1e3-85fd014ef5b6,D,MSP4846000V,Shoulder/Lap Belt(s),M,61b8a5d1-040a-49fe-8189-3a3aa682403a,Head On Left Turn,Y,Intersection,Left Turn Lane,Daylight,No Defects,"Two-way, Divided, Positive Median Barrier",Dry,Clear,Seven o'clock,Police Vehicle/Emergency,Disabling,N,Making Left Turn,2015-02-19 10:50,48,39.37974133,-76.45411883
2766,N,Apparently Normal,No Misuse,N,No Injury,af0e52fe-49e9-47fe-b414-2004ccfad056,D,MSP4899004N,Shoulder/Lap Belt(s),F,5c19aa43-ae16-402c-9c62-c0fab89079c5,Same Direction Rear End,N,Non Intersection,Right Turn Lane,Dark No Lights,No Defects,"Two-way, Divided, Positive Median Barrier",Wet,Raining,Six o'clock,Police Vehicle/Non Emergency,Functional,N,Slowing or Stopping,2015-03-10 18:57,39,39.51354517,-76.6629255
2767,N,Apparently Normal,No Misuse,Y,No Injury,d62d0c2a-8cba-445f-9f64-4da3d69b00f5,D,MSP4899004N,Shoulder/Lap Belt(s),M,33b62fab-81ca-42de-9b91-ea9f70024366,Same Direction Rear End,N,Non Intersection,Right Turn Lane,Dark No Lights,No Defects,"Two-way, Divided, Positive Median Barrier",Wet,Raining,Twelve o'clock,Pickup Truck,Functional,N,Slowing or Stopping,2015-03-10 18:57,71,39.51354517,-76.6629255
2768,N,Apparently Normal,No Misuse,N,No Injury,c3749a49-7c7c-4cb7-841e-a9ba13928e53,D,MSP4899004P,Shoulder/Lap Belt(s),F,e48ebc2e-52c2-47ad-a69b-d332dc73bbf9,Same Direction Rear End,N,Non Intersection,Left Turn Lane,Dusk,No Defects,"Two-way, Divided, Positive Median Barrier",Dry,Clear,Six o'clock,(Sport) Utility Vehicle,Functional,N,Slowing or Stopping,2015-03-11 18:32,40,39.33820333,-76.46979283
2769,N,Apparently Normal,No Misuse,N,No Injury,ab0b86f2-8f63-4cc9-bf22-e9ab33e6df2e,D,MSP4899004P,Shoulder/Lap Belt(s),M,6d601929-3d25-41c2-bf1f-908930692a27,Same Direction Rear End,N,Non Intersection,Left Turn Lane,Dusk,No Defects,"Two-way, Divided, Positive Median Barrier",Dry,Clear,Six o'clock,Passenger Car,Functional,N,Slowing or Stopping,2015-03-11 18:32,28,39.33820333,-76.46979283
2770,N,Apparently Normal,No Misuse,Y,No Injury,92a4edcb-1e25-4513-8ff6-f4410c0bb16a,D,MSP4899004P,Shoulder/Lap Belt(s),M,220b28c7-b908-4c8f-80b8-9bb9be375001,Same Direction Rear End,N,Non Intersection,Left Turn Lane,Dusk,No Defects,"Two-way, Divided, Positive Median Barrier",Dry,Clear,Twelve o'clock,Passenger Car,Disabling,N,Moving Constant Speed,2015-03-11 18:32,35,39.33820333,-76.46979283
2771,N,Apparently Normal,No Misuse,N,No Injury,0c49160f-8e61-4c38-a07c-3b4215d5a6e2,D,MSP4899004W,Shoulder/Lap Belt(s),F,787973b7-0584-4aa5-b2e2-66d2416f6352,Same Direction Rear End,N,Non Intersection,Acceleration Lane,Daylight,No Defects,"Two-way, Divided, Positive Median Barrier",Dry,Cloudy,Four o'clock,Pickup Truck,Functional,N,Moving Constant Speed,2015-03-28 13:35,28,39.33127677,-76.48698807
2772,N,Apparently Normal,No Misuse,Y,No Injury,6f42947d-5ea1-497d-9707-e5c32a64ce34,D,MSP4925001B,Shoulder/Lap Belt(s),M,ff8347aa-55e3-4c94-a415-38cf4a409e03,Same Direction Rear End,N,Intersection,Left Turn Lane,Dark Lights On,No Defects,"Two-way, Not Divided",Ice,Cloudy,Twelve o'clock,Passenger Car,Disabling,N,Moving Constant Speed,2015-02-18 20:17,24,38.37521117,-75.50376783
2773,N,Apparently Normal,No Misuse,Y,No Injury,64f1fbaf-335b-4ffc-a0f5-99c9a6ccc3e7,D,MSP4939000N,Shoulder/Lap Belt(s),F,daba8b9c-b18e-4cfd-8921-d46218f6e669,Single Vehicle ,N,Non Intersection,Right Turn Lane,Daylight,No Defects,"Two-way, Not Divided",Snow,Blowing Snow,Twelve o'clock,Van,Functional,N,Skidding,2015-02-19 09:10,18,38.74386835,-75.88060481
2774,N,Apparently Normal,No Misuse,Y,No Injury,2c73eda3-ab0c-46fa-84b8-8349c6d037c0,D,MSP49760017,Shoulder/Lap Belt(s),F,8b7147ac-3dcf-4971-add8-b3605b09d2f1,Same Movement Angle,N,Intersection,Right Turn Lane,Dark No Lights,No Defects,"Two-way, Not Divided",Dry,Cloudy,Nine o'clock,(Sport) Utility Vehicle,Disabling,N,Starting From Lane,2015-02-16 17:31,52,39.67801167,-76.1588885
2775,N,Apparently Normal,No Misuse,N,No Injury,5b0a1f08-58ac-4d91-8dae-3e17b32e8d91,D,MSP49760017,Shoulder/Lap Belt(s),M,077031a3-afd0-4264-9aec-803427a3845f,Same Movement Angle,N,Intersection,Right Turn Lane,Dark No Lights,No Defects,"Two-way, Not Divided",Dry,Cloudy,Twelve o'clock,"Cargo Van/Light Truck 2 axles (10,000 lbs (4,536 kg) or less)",Disabling,N,Moving Constant Speed,2015-02-16 17:31,65,39.67801167,-76.1588885
2776,N,Apparently Normal,No Misuse,Y,No Injury,d041a6de-2c46-45af-87f0-4f6cb45ad5ad,D,MSP49760019,Shoulder/Lap Belt(s),F,3bfb3ad4-b485-43a6-b9cc-1d1e1e220321,Same Movement Angle,N,Intersection,Right Turn Lane,Dark No Lights,No Defects,"Two-way, Not Divided",Dry,Clear,Eleven o'clock,Passenger Car,Disabling,N,Starting From Lane,2015-02-17 18:02,57,39.67783583,-76.15922567
2777,N,Apparently Normal,No Misuse,N,No Injury,0fe6cf03-4bf4-42a9-9376-a8172537318c,D,MSP49760019,Shoulder/Lap Belt(s),M,767ef18b-630e-4588-8256-ebba31b44905,Same Movement Angle,N,Intersection,Right Turn Lane,Dark No Lights,No Defects,"Two-way, Not Divided",Dry,Clear,Twelve o'clock,Pickup Truck,Disabling,N,Moving Constant Speed,2015-02-17 18:02,29,39.67783583,-76.15922567
2778,N,Apparently Normal,No Misuse,N,No Injury,5c3d5487-2e6b-40cb-8167-c399d7c9d408,D,MSP4994000Q,Shoulder/Lap Belt(s),F,49d72e0a-15ef-465b-8729-e7049264e079,Single Vehicle ,N,Non Intersection,Right Turn Lane,Dark No Lights,No Defects,"Two-way, Divided, Positive Median Barrier",Wet,Raining,Twelve o'clock,Recreational Vehicle,Disabling,N,Moving Constant Speed,2015-01-04 19:25,43,39.64113092,-78.87438383
2779,N,Apparently Normal,No Misuse,N,No Injury,f25cc2ac-4d58-49d1-902e-c52eb9e22d8c,D,MSP4994000T,Shoulder/Lap Belt(s),F,db500005-3858-41f4-bd42-556d39364e4a,Same Direction Rear End,N,Non Intersection,Left Turn Lane,Daylight,No Defects,"Two-way, Divided, Positive Median Barrier",Dry,Clear,Six o'clock,Passenger Car,Disabling,N,Moving Constant Speed,2015-02-08 16:10,24,39.69846765,-78.38652417
2780,N,Apparently Normal,No Misuse,Y,No Injury,60a6b977-82dd-4f45-b46f-c1cedeb4d2ce,D,MSP4994000T,Shoulder/Lap Belt(s),F,59f1e421-d694-4bc3-b532-7cbfbc953140,Same Direction Rear End,N,Non Intersection,Left Turn Lane,Daylight,No Defects,"Two-way, Divided, Positive Median Barrier",Dry,Clear,Twelve o'clock,Passenger Car,Disabling,N,Moving Constant Speed,2015-02-08 16:10,28,39.69846765,-78.38652417
2781,N,Apparently Normal,No Misuse,Y,No Injury,b5bb1af5-2ef0-4180-9afd-ee44b1b6d4fd,D,MSP4994000X,Shoulder/Lap Belt(s),F,0699a39f-5463-4512-81ef-0da0963f2b98,Single Vehicle ,N,Non Intersection,Right Turn Lane,Daylight,No Defects,"Two-way, Not Divided",Dry,Cloudy,Twelve o'clock,Van,Disabling,N,Moving Constant Speed,2015-03-25 12:20,36,39.66355765,-78.81319767
2782,N,Apparently Normal,No Misuse,N,No Injury,0d09732f-8c21-40ad-93aa-a4c0f848d1da,D,MSP49990017,Shoulder/Lap Belt(s),F,a2b2d7da-146f-4839-a239-55daaa1cec33,Single Vehicle ,N,Non Intersection,Right Turn Lane,Daylight,No Defects,"Two-way, Not Divided",Ice,Sleet,One o'clock,Passenger Car,Destroyed,N,Skidding,2015-01-12 10:26,19,39.523514,-75.801763
2783,N,Apparently Normal,No Misuse,N,Possible Incapacitating Injury,5bb2d4a2-0953-46b2-9a92-82066f853115,D,MSP4999001D,Shoulder/Lap Belt(s),M,1c19801a-5fd1-477d-bbd7-aed64140bc9c,Same Direction Rear End,N,Non Intersection,Right Turn Lane,Daylight,No Defects,"Two-way, Not Divided",Dry,Clear,Six o'clock,Passenger Car,Disabling,N,Slowing or Stopping,2015-03-12 17:36,53,39.59828683,-75.82756783
2784,N,Apparently Normal,No Misuse,N,No Injury,f1e078a0-141f-4749-9e32-f5b653ece2ef,D,MSP5047000T,Shoulder/Lap Belt(s),F,d0b1b713-cae8-4df1-837b-1f7d966e0189,Same Direction Left Turn,N,Non Intersection,Right Turn Lane,Daylight,No Defects,"Two-way, Divided, Positive Median Barrier",Dry,Clear,Four o'clock,(Sport) Utility Vehicle,Superficial,N,Moving Constant Speed,2015-03-27 07:21,54,39.38862004,-76.53007
2785,N,Apparently Normal,No Misuse,Y,No Injury,18d0005b-bc7f-4539-94b3-64139d1c6924,D,MSP50510004,Shoulder Belt Only,F,b013aa3e-f898-4f8e-b972-0b76c74b818d,Same Direction Rear End,N,Non Intersection,Right Turn Lane,Dark No Lights,No Defects,One-way Trafficway,Dry,Clear,Twelve o'clock,Passenger Car,Destroyed,N,Accelerating,2015-02-13 18:39,48,38.1829035,-75.68984179
2786,N,Apparently Normal,No Misuse,N,No Injury,3376efbf-8d8b-4b83-995e-4dc29d2c29cd,D,MSP50510004,Shoulder/Lap Belt(s),M,018ac2b9-ab54-4e15-bed6-72aca1a97994,Same Direction Rear End,N,Non Intersection,Right Turn Lane,Dark No Lights,No Defects,One-way Trafficway,Dry,Clear,Six o'clock,Passenger Car,Functional,N,Slowing or Stopping,2015-02-13 18:39,78,38.1829035,-75.68984179
2787,N,Apparently Normal,No Misuse,N,No Injury,c4c950cd-9f79-4f18-9857-e9219aa70910,D,MSP50900037,Shoulder/Lap Belt(s),F,d295b8bf-4d8c-4373-bb68-f94c5bf029a4,Same Direction Rear End,Y,Non Intersection,Right Turn Lane,Dark No Lights,No Defects,"Two-way, Not Divided",Dry,Clear,Six o'clock,Passenger Car,Disabling,N,Slowing or Stopping,2015-01-01 18:00,39,39.34778617,-77.28852583
2788,N,Apparently Normal,No Misuse,N,No Injury,0bbc1707-4c74-4026-9c61-9923faf97559,D,MSP50900037,Shoulder/Lap Belt(s),M,995cfa4c-9ffc-4661-a09c-9639cf6e643b,Same Direction Rear End,Y,Non Intersection,Right Turn Lane,Dark No Lights,No Defects,"Two-way, Not Divided",Dry,Clear,Six o'clock,Passenger Car,Functional,N,Slowing or Stopping,2015-01-01 18:00,54,39.34778617,-77.28852583
2789,N,Apparently Normal,No Misuse,Y,No Injury,cbcfd2a8-9be1-48e2-8dd5-f2e026c79f0e,D,MSP50900037,Shoulder/Lap Belt(s),M,53a591d9-d04c-40ec-b12e-05be9dd81c73,Same Direction Rear End,Y,Non Intersection,Right Turn Lane,Dark No Lights,No Defects,"Two-way, Not Divided",Dry,Clear,Twelve o'clock,Passenger Car,Functional,N,Moving Constant Speed,2015-01-01 18:00,23,39.34778617,-77.28852583
2790,N,Apparently Normal,No Misuse,Y,No Injury,6dcc75f0-260a-4aaa-918f-edbf7755a177,D,MSP5090003B,Shoulder/Lap Belt(s),F,c13769ce-fac7-470d-ac44-07af9083e8c2,Same Direction Left Turn,N,Non Intersection,Left Turn Lane,Dark No Lights,No Defects,"Two-way, Divided, Positive Median Barrier",Wet,Snow,Ten o'clock,(Sport) Utility Vehicle,Superficial,N,Passing,2015-01-26 20:32,56,39.42230567,-77.48765633
2791,N,Apparently Normal,No Misuse,N,No Injury,4db0778d-6e68-40c1-b212-6a16235827f3,D,MSP5093002K,Shoulder/Lap Belt(s),F,51f5f6a7-6b38-4301-8871-2b640704239d,Same Direction Rear End,N,Non Intersection,Right Turn Lane,Daylight,No Defects,"Two-way, Not Divided",Dry,Clear,Six o'clock,Passenger Car,Functional,N,Stopped in Traffic Lane,2015-02-11 07:51,26,39.55530317,-76.27652667
2792,N,Apparently Normal,No Misuse,Y,No Injury,802a7556-0098-465a-9af2-318338e41196,D,MSP5093002K,Shoulder/Lap Belt(s),F,9167d404-91cc-4967-90d4-1729be6531e4,Same Direction Rear End,N,Non Intersection,Right Turn Lane,Daylight,No Defects,"Two-way, Not Divided",Dry,Clear,Twelve o'clock,Van,Superficial,N,Moving Constant Speed,2015-02-11 07:51,72,39.55530317,-76.27652667
2793,N,Apparently Normal,No Misuse,N,No Injury,4f12cc81-212c-4dea-bcf0-37ba83363760,D,MSP5097000T,Shoulder/Lap Belt(s),F,a259fa51-3d09-489d-a1b1-5e111a5c0797,Same Direction Sideswipe,N,Non Intersection,Left Turn Lane,Daylight,No Defects,"Two-way, Divided, Positive Median Barrier",Dry,Clear,Two o'clock,Van,Functional,N,Moving Constant Speed,2015-02-20 10:40,53,39.17956,-76.633832
2794,N,Apparently Normal,No Misuse,Y,No Injury,2991661c-3b89-49b6-b581-e61a356a6090,D,MSP5097000T,Shoulder/Lap Belt(s),F,8087cf1e-a180-45fb-9c1b-509d60892fc1,Same Direction Sideswipe,N,Non Intersection,Left Turn Lane,Daylight,No Defects,"Two-way, Divided, Positive Median Barrier",Dry,Clear,Ten o'clock,Pickup Truck,Functional,N,Changing Lanes,2015-02-20 10:40,26,39.17956,-76.633832
2795,N,Apparently Normal,No Misuse,Y,No Injury,71833cf6-0124-4df7-8b58-a1ea8996c2e1,D,MSP5097000W,Shoulder/Lap Belt(s),F,0820377a-b42c-433b-bf74-a3f0855b01f1,Single Vehicle ,N,Non Intersection,Left Turn Lane,Daylight,No Defects,"Two-way, Divided, Positive Median Barrier",Dry,Clear,Roof Top,(Sport) Utility Vehicle,Destroyed,N,Skidding,2015-03-18 09:50,33,39.142451,-76.64458383
2796,N,Apparently Normal,No Misuse,N,No Injury,00e2199f-5a36-45e5-88cc-e678191bd8a6,D,MSP51630022,Shoulder/Lap Belt(s),F,eaf5ffdb-edbc-4c2e-ba63-978d57256bd9,Same Direction Sideswipe,N,Non Intersection,Right Turn Lane,Daylight,No Defects,One-way Trafficway,Dry,Clear,Four o'clock,Passenger Car,Functional,N,Moving Constant Speed,2015-02-06 10:39,53,39.42013244,-76.64292097
2797,N,Apparently Normal,No Misuse,N,No Injury,d0d46f05-94e0-4a68-99ef-f4e3fda87685,D,MSP51750019,Shoulder/Lap Belt(s),F,8d9867cc-c803-41b2-9a88-fa466704748d,Head On Left Turn,N,Non Intersection,Left Turn Lane,Daylight,No Defects,"Two-way, Not Divided",Dry,Clear,Twelve o'clock,Passenger Car,Functional,N,Moving Constant Speed,2015-03-16 10:15,52,39.63950452,-75.95835686
2798,N,Apparently Normal,No Misuse,Y,No Injury,93be40f7-81ff-4056-b935-1533eb6b8c04,D,MSP51820034,Shoulder/Lap Belt(s),F,4c9c0b7d-07ef-404b-bc40-9dfa2a8932be,Single Vehicle ,N,Non Intersection,Right Turn Lane,Dark No Lights,No Defects,"Two-way, Not Divided",Dry,Clear,Twelve o'clock,Passenger Car,Destroyed,N,Moving Constant Speed,2015-02-11 19:28,18,39.54577783,-76.52975767
2799,N,Apparently Normal,No Misuse,Y,No Injury,ca288ef9-f075-442b-a35a-fde76d72e147,D,MSP5182003C,Shoulder/Lap Belt(s),F,19fcf458-38fa-478a-9db4-b0e3bb540cc6,Single Vehicle ,N,Non Intersection,Right Turn Lane,Dark No Lights,No Defects,"Two-way, Not Divided",Dry,Cloudy,Roof Top,(Sport) Utility Vehicle,Disabling,N,Moving Constant Speed,2015-03-16 23:07,21,39.69834,-76.44255333
2800,N,Apparently Normal,No Misuse,Y,No Injury,4ff80a21-8bbb-4933-9282-ad42cdbe53cf,D,MSP5183000B,Shoulder/Lap Belt(s),F,c693437e-d174-493c-b746-38fbccc4a3b5,Single Vehicle ,N,Non Intersection,Right Turn Lane,Dark Lights On,No Defects,"Two-way, Divided, Positive Median Barrier",Ice,Wintry Mix,Eight o'clock,"Cargo Van/Light Truck 2 axles (10,000 lbs (4,536 kg) or less)",Disabling,N,Moving Constant Speed,2015-03-01 18:35,38,39.4039605,-77.39264517
2801,N,Apparently Normal,No Misuse,N,No Injury,46c95f42-2468-4a16-9f96-88c0bbfb4817,D,MSP5184001W,Shoulder/Lap Belt(s),F,8ee36a0c-5955-4179-bf13-7c41fa52822e,Same Direction Rear End,N,Intersection Related,Right Turn Lane,Daylight,No Defects,"Two-way, Not Divided",Dry,Cloudy,Six o'clock,Passenger Car,Superficial,N,Slowing or Stopping,2015-03-24 08:40,56,39.192189,-77.23343
2802,N,Apparently Normal,No Misuse,Y,No Injury,3a8bbaab-1223-4421-848a-2bc398c3ce74,D,MSP5184001W,Shoulder/Lap Belt(s),M,4fff175a-eda5-4320-a5ef-bc038a23cf66,Same Direction Rear End,N,Intersection Related,Right Turn Lane,Daylight,No Defects,"Two-way, Not Divided",Dry,Cloudy,Twelve o'clock,Police Vehicle/Emergency,Disabling,N,Slowing or Stopping,2015-03-24 08:40,26,39.192189,-77.23343
2803,N,Apparently Normal,No Misuse,Y,No Injury,f77b761f-4ee4-41ab-b4ef-2e47bfcbf397,D,MSP52050021,Shoulder/Lap Belt(s),F,d6970a47-adab-4109-a30f-852224606c92,Same Direction Right Turn,N,Non Intersection,Left Turn Lane,Dark No Lights,No Defects,"Two-way, Divided, Positive Median Barrier",Snow,Snow,Four o'clock,Passenger Car,Functional,N,Changing Lanes,2015-02-14 21:52,30,39.60577467,-76.03202533
2804,N,Apparently Normal,No Misuse,Y,No Injury,fddf401e-9f3c-4aa9-965c-bec38b56d4b8,D,MSP52170008,Shoulder/Lap Belt(s),F,9350d55c-44ee-4df2-b388-cf8f6c71a3be,Same Direction Rear End,N,Non Intersection,Right Turn Lane,Daylight,No Defects,"Two-way, Divided, Positive Median Barrier",Ice,Raining,Twelve o'clock,Passenger Car,Destroyed,N,Slowing or Stopping,2015-03-01 11:29,27,38.39486929,-75.56463003