KEY_INDEX,CDL_FLAG,CONDITION_CODE,EQUIP_PROB_CODE,FAULT_FLAG,INJ_SEVER_CODE,PERSON_ID,PERSON_TYPE,REPORT_NO,SAF_EQUIP_CODE,SEX_CODE,VEHICLE_ID,COLLISION_TYPE_CODE,C_M_ZONE_FLAG,JUNCTION_CODE,LANE_CODE,LIGHT_CODE,RD_COND_CODE,RD_DIV_CODE,SURF_COND_CODE,WEATHER_CODE,AREA_DAMAGED_CODE_MAIN,BODY_TYPE_CODE,DAMAGE_CODE,HIT_AND_RUN_FLAG,MOVEMENT_CODE,TIME,AGE,LATITUDE,LONGITUDE
2805,N,Apparently Normal,No Misuse,N,No Injury,e84ce4ce-e7d5-4c01-8da6-db0f68baaf7f,D,MSP5297001R,Shoulder/Lap Belt(s),F,5cde744e-a33a-4431-9823-102042b47f13,Same Direction Rear End,N,Non Intersection,Deceleration Lane,Daylight,No Defects,"Two-way, Divided, Positive Median Barrier",Dry,Clear,Two o'clock,Passenger Car,Disabling,N,Moving Constant Speed,2015-02-08 13:28,32,38.99528033,-76.5139875
2806,N,Apparently Normal,No Misuse,Y,No Injury,b20c581a-e898-4ba1-a8dc-63b1a45a8052,D,MSP5297001R,Shoulder/Lap Belt(s),F,b52f051c-1d5c-4b45-825d-d3f46b91672d,Same Direction Rear End,N,Non Intersection,Deceleration Lane,Daylight,No Defects,"Two-way, Divided, Positive Median Barrier",Dry,Clear,Twelve o'clock,Passenger Car,Superficial,N,Changing Lanes,2015-02-08 13:28,34,38.99528033,-76.5139875
2807,N,Apparently Normal,No Misuse,N,No Injury,c1ccf962-ad53-4728-b992-c9cbde482f11,D,MSP53330068,Shoulder/Lap Belt(s),F,59842362-81aa-44ed-8481-df7c0eef5c26,Same Direction Rear End,N,Non Intersection,Right Turn Lane,Dawn,No Defects,"Two-way, Divided, Positive Median Barrier",Dry,Clear,Twelve o'clock,Passenger Car,Disabling,N,Moving Constant Speed,2015-01-16 07:02,32,39.52103033,-76.661423
2808,N,Apparently Normal,No Misuse,N,No Injury,0b866fb8-989d-4708-a870-5d98d6737b4b,D,MSP53330068,Shoulder/Lap Belt(s),F,e815080d-b57e-496d-acf8-ceabbcb1c0d1,Same Direction Rear End,N,Non Intersection,Right Turn Lane,Dawn,No Defects,"Two-way, Divided, Positive Median Barrier",Dry,Clear,Six o'clock,(Sport) Utility Vehicle,Disabling,N,Slowing or Stopping,2015-01-16 07:02,22,39.52103033,-76.661423
2809,N,Apparently Normal,No Misuse,N,No Injury,8e336327-d46b-4941-9d9a-54bc45d40af7,D,MSP53330068,Shoulder/Lap Belt(s),M,ecb54a09-fa4e-404d-8840-82b4fe3fc894,Same Direction Rear End,N,Non Intersection,Right Turn Lane,Dawn,No Defects,"Two-way, Divided, Positive Median Barrier",Dry,Clear,Six o'clock,Passenger Car,Functional,N,Slowing or Stopping,2015-01-16 07:02,48,39.52103033,-76.661423
2810,N,Apparently Normal,No Misuse,N,No Injury,d269bd38-75de-46cd-91b7-41c7851b7d83,D,MSP5333006C,Shoulder/Lap Belt(s),F,3dd5c5a8-bf08-4b4e-81a4-ea954bef1065,Same Direction Rear End,N,Non Intersection,Right Turn Lane,Daylight,No Defects,"Two-way, Divided, Positive Median Barrier",Dry,Cloudy,Six o'clock,(Sport) Utility Vehicle,Functional,N,Slowing or Stopping,2015-02-10 13:48,43,39.2512285,-76.678195
2811,N,Apparently Normal,No Misuse,Y,No Injury,ea860ab9-a9d7-4ed3-b13d-7c661dd46ba6,D,MSP5333006C,Shoulder/Lap Belt(s),F,f4f10d3b-1c8b-4574-a932-924f49f89613,Same Direction Rear End,N,Non Intersection,Right Turn Lane,Daylight,No Defects,"Two-way, Divided, Positive Median Barrier",Dry,Cloudy,Twelve o'clock,(Sport) Utility Vehicle,Disabling,N,Slowing or Stopping,2015-02-10 13:48,24,39.2512285,-76.678195
2812,N,Apparently Normal,No Misuse,N,No Injury,c6f98c18-5945-4040-aae8-d48dc0bf6ece,D,MSP5333006N,Shoulder/Lap Belt(s),F,9b06f938-3147-4031-af66-45d7ef8d3359,Same Direction Rear End,N,Non Intersection,Deceleration Lane,Dark Lights On,No Defects,"Two-way, Divided, Positive Median Barrier",Dry,Clear,Six o'clock,(Sport) Utility Vehicle,Disabling,N,Slowing or Stopping,2015-02-20 18:31,31,39.28938695,-76.74102008
2813,N,Apparently Normal,No Misuse,Y,No Injury,dea36da6-62ec-4f80-a9ea-98dad1291778,D,MSP5333006N,Shoulder/Lap Belt(s),M,91b2b47a-cb5a-45ea-bbba-e8856c6975d9,Same Direction Rear End,N,Non Intersection,Deceleration Lane,Dark Lights On,No Defects,"Two-way, Divided, Positive Median Barrier",Dry,Clear,Twelve o'clock,(Sport) Utility Vehicle,Disabling,N,Moving Constant Speed,2015-02-20 18:31,40,39.28938695,-76.74102008
2814,N,Apparently Normal,No Misuse,Y,No Injury,4da98175-c850-4d64-9011-7075347f50ba,D,MSP5333006P,Shoulder/Lap Belt(s),F,b7226cce-0ff6-43bf-9ccd-cde97efab443,Same Direction Rear End,N,Non Intersection,Left Turn Lane,Daylight,No Defects,"Two-way, Divided, Positive Median Barrier",Dry,Clear,Twelve o'clock,Passenger Car,Disabling,N,Moving Constant Speed,2015-02-22 16:42,26,39.4494795,-76.63806017
2815,N,Apparently Normal,No Misuse,N,No Injury,c54b9be3-e8ee-48d1-ac8c-f7329b0d65f0,D,MSP5333006P,Shoulder/Lap Belt(s),M,66e37e0d-fcdb-4ff3-b60e-16bd51316937,Same Direction Rear End,N,Non Intersection,Left Turn Lane,Daylight,No Defects,"Two-way, Divided, Positive Median Barrier",Dry,Clear,Six o'clock,(Sport) Utility Vehicle,Functional,N,Moving Constant Speed,2015-02-22 16:42,41,39.4494795,-76.63806017
2816,N,Apparently Normal,No Misuse,N,No Injury,2f35075a-a4c3-41c5-b3ba-1c4276189c21,D,MSP5333006Q,Shoulder/Lap Belt(s),F,059184ab-dc04-4fe5-b103-d901fe5b66a5,Same Direction Rear End,N,Non Intersection,Acceleration Lane,Dark Lights On,No Defects,"Two-way, Divided, Positive Median Barrier",Dry,Clear,Six o'clock,Passenger Car,Disabling,N,Stopped in Traffic Lane,2015-02-28 23:13,29,39.39771333,-76.54952033
2817,N,Apparently Normal,No Misuse,Y,No Injury,33dabc46-4590-4e50-be7e-8371d2d82f5e,D,MSP5333006Q,Shoulder/Lap Belt(s),M,85659798-d05d-4126-806e-fa0579a2b5f0,Same Direction Rear End,N,Non Intersection,Acceleration Lane,Dark Lights On,No Defects,"Two-way, Divided, Positive Median Barrier",Dry,Clear,Twelve o'clock,(Sport) Utility Vehicle,Functional,N,Moving Constant Speed,2015-02-28 23:13,37,39.39771333,-76.54952033
2818,N,Apparently Normal,No Misuse,N,No Injury,9a72bdef-74e7-477c-9c3d-176f44df22ee,D,MSP5333006S,Shoulder/Lap Belt(s),F,1379665b-ca54-4af5-9b59-e01d3db32304,Same Direction Sideswipe,N,Non Intersection,Left Turn Lane,Dark Lights On,No Defects,"Two-way, Divided, Positive Median Barrier",Dry,Clear,Eleven o'clock,Passenger Car,Functional,N,Moving Constant Speed,2015-02-27 20:30,50,39.38200901,-76.75418973
2819,N,Apparently Normal,No Misuse,Y,No Injury,ee2a1204-1602-45f2-9f1d-2131a8800d7a,D,MSP5333006T,Shoulder/Lap Belt(s),F,adf66867-653f-4273-84af-931b6cde835a,Same Direction Rear End,Y,Non Intersection,Right Turn Lane,Dawn,No Defects,"Two-way, Divided, Positive Median Barrier",Dry,Clear,Twelve o'clock,Passenger Car,Disabling,N,Moving Constant Speed,2015-03-09 07:12,20,39.35521933,-76.7461295
2820,N,Apparently Normal,No Misuse,N,No Injury,b86c1aad-ad9d-4d7b-8b5e-2a9f0e386ec2,D,MSP5333006T,Shoulder/Lap Belt(s),M,885f6f4a-9106-435e-b737-a5a193169e4f,Same Direction Rear End,Y,Non Intersection,Right Turn Lane,Dawn,No Defects,"Two-way, Divided, Positive Median Barrier",Dry,Clear,Six o'clock,Pickup Truck,Functional,N,Slowing or Stopping,2015-03-09 07:12,58,39.35521933,-76.7461295
2821,N,Apparently Normal,No Misuse,Y,No Injury,1050f5e8-bdf7-4617-bb0a-6c5b6688196b,D,MSP5334002L,Shoulder/Lap Belt(s),F,f803f8d1-8265-4bfb-a17e-d0d57ee68d44,Single Vehicle ,N,Non Intersection,Right Turn Lane,Daylight,No Defects,"Two-way, Not Divided",Snow,Snow,Five o'clock,Passenger Car,Functional,N,Moving Constant Speed,2015-01-26 16:12,27,39.47798,-77.070379
2822,N,Apparently Normal,No Misuse,Y,No Injury,25479039-6bcc-487b-a70b-bb8ba117b7a2,D,MSP5356000P,Shoulder/Lap Belt(s),F,bc5ce737-87b0-465c-bf39-80da0f6d67ad,Single Vehicle ,N,Non Intersection,Right Turn Lane,Daylight,Foreign Material,"Two-way, Not Divided",Snow,Wintry Mix,Twelve o'clock,(Sport) Utility Vehicle,Disabling,N,Moving Constant Speed,2015-01-14 07:35,19,38.82690283,-75.8466975
2823,N,Apparently Normal,No Misuse,N,No Injury,c0d8ae56-2a6b-42a4-a520-d34b0a50ecb6,D,MSP5357001J,Shoulder/Lap Belt(s),M,81183a95-4b0c-4310-9487-b15b9e32b861,Same Direction Rear End,N,Non Intersection,Right Turn Lane,Dawn,No Defects,"Two-way, Divided, Positive Median Barrier",Dry,Clear,Six o'clock,Van,Functional,N,Slowing or Stopping,2015-03-24 06:15,53,38.72592817,-76.880984
2824,N,Apparently Normal,No Misuse,N,No Injury,05540b4b-bf1b-4ae6-85de-89a49e2ec96b,D,MSP5357001N,Shoulder/Lap Belt(s),F,c5430bdf-5ace-4958-a5d2-2a2973c76e66,Same Direction Rear End,N,Non Intersection,Right Turn Lane,Daylight,No Defects,"Two-way, Divided, Positive Median Barrier",Dry,Clear,Six o'clock,Pickup Truck,Functional,N,Slowing or Stopping,2015-03-26 08:45,57,38.73422283,-76.88164183
2825,N,Apparently Normal,No Misuse,Y,No Injury,436a96c6-4a3c-4afe-9f7e-dd545b09e4e6,D,MSP53600013,Shoulder/Lap Belt(s),F,d709711f-e163-4db5-847c-88060e4c0671,Single Vehicle ,N,Non Intersection,Right Turn Lane,Daylight,No Defects,"Two-way, Divided, Positive Median Barrier",Dry,Clear,Four o'clock,Passenger Car,Disabling,N,Changing Lanes,2015-03-21 09:02,32,38.303454,-76.519312
2826,N,Apparently Normal,No Misuse,N,No Injury,826709f0-139e-4e73-8d39-e4f12dbf3065,D,MSP53620014,Shoulder/Lap Belt(s),F,c3de3d1d-736b-4fce-a3ad-cb03ed206326,Same Direction Rear End Left Turn,N,Intersection,Right Turn Lane,Daylight,No Defects,"Two-way, Divided, Positive Median Barrier",Wet,Raining,Twelve o'clock,Passenger Car,Destroyed,N,Moving Constant Speed,2015-01-03 10:38,36,38.64730317,-76.9377685
2827,N,Apparently Normal,No Misuse,Y,No Injury,d3a6bb35-b1c2-4758-a236-c6d7845594f3,D,MSP53620014,Shoulder/Lap Belt(s),F,a8e0233e-0a8b-4818-b2ed-ccac2ee76f95,Same Direction Rear End Left Turn,N,Intersection,Right Turn Lane,Daylight,No Defects,"Two-way, Divided, Positive Median Barrier",Wet,Raining,Six o'clock,Passenger Car,Superficial,N,Making Left Turn,2015-01-03 10:38,50,38.64730317,-76.9377685
2828,N,Apparently Normal,No Misuse,N,No Injury,cb8e3cf1-3297-423d-b762-bf090df874ff,D,MSP53620014,Shoulder/Lap Belt(s),M,84684bc9-b4e2-41a7-8825-5ceeac8e7056,Same Direction Rear End Left Turn,N,Intersection,Right Turn Lane,Daylight,No Defects,"Two-way, Divided, Positive Median Barrier",Wet,Raining,Six o'clock,Pickup Truck,Superficial,N,Skidding,2015-01-03 10:38,49,38.64730317,-76.9377685
2829,N,Apparently Normal,No Misuse,N,No Injury,13ab0c21-f812-4915-8009-4125bc58ea72,D,MSP53620016,Shoulder/Lap Belt(s),F,d80a7224-2ec1-4773-a4c2-12004724228f,Same Direction Rear End,N,Non Intersection,Right Turn Lane,Dark No Lights,No Defects,"Two-way, Divided, Unprotected (painted >4 feet) Median",Dry,Clear,Twelve o'clock,Passenger Car,Disabling,N,Slowing or Stopping,2015-02-05 18:05,28,38.64881033,-76.9568789
2830,N,Apparently Normal,No Misuse,N,No Injury,f6f864ec-587e-48b3-9efa-4273822cc8fa,D,MSP53620016,Shoulder/Lap Belt(s),M,7878b1ff-5385-42e2-a246-2905009e344a,Same Direction Rear End,N,Non Intersection,Right Turn Lane,Dark No Lights,No Defects,"Two-way, Divided, Unprotected (painted >4 feet) Median",Dry,Clear,Six o'clock,Passenger Car,Superficial,N,Slowing or Stopping,2015-02-05 18:05,39,38.64881033,-76.9568789
2831,N,Apparently Normal,No Misuse,N,No Injury,824f4689-2037-4c63-874b-afc64dbd5ae5,D,MSP53620016,Shoulder/Lap Belt(s),M,98f4c8ce-b136-46ec-a3f5-b7cf7434ec21,Same Direction Rear End,N,Non Intersection,Right Turn Lane,Dark No Lights,No Defects,"Two-way, Divided, Unprotected (painted >4 feet) Median",Dry,Clear,Six o'clock,Passenger Car,Disabling,N,Slowing or Stopping,2015-02-05 18:05,32,38.64881033,-76.9568789
2832,N,Apparently Normal,No Misuse,Y,No Injury,f8ba24ed-5774-48f4-a60d-76141f459492,D,MSP53620016,Shoulder/Lap Belt(s),M,3b31d39b-ce9b-4cdc-bfc0-51f474bd3259,Same Direction Rear End,N,Non Intersection,Right Turn Lane,Dark No Lights,No Defects,"Two-way, Divided, Unprotected (painted >4 feet) Median",Dry,Clear,Twelve o'clock,Passenger Car,Destroyed,N,Moving Constant Speed,2015-02-05 18:05,28,38.64881033,-76.9568789
2833,N,Apparently Normal,No Misuse,Y,No Injury,e95a4761-dd7d-4532-a3db-3be9d187debb,D,MSP53620017,Shoulder/Lap Belt(s),F,d8071ba5-aae5-4d9a-8e76-d9bbb175a413,Same Movement Angle,N,Intersection Related,Right Turn Lane,Daylight,No Defects,"Two-way, Not Divided",Dry,Clear,One o'clock,Passenger Car,Disabling,N,Making Left Turn,2015-02-20 11:01,39,38.61794346,-76.89299941
2834,N,Apparently Normal,No Misuse,N,No Injury,6bfabfdd-3750-4f87-aa0f-b4261264d441,D,MSP53620017,Shoulder/Lap Belt(s),M,255817c9-b265-412f-a939-8eb5ad12e8dc,Same Movement Angle,N,Intersection Related,Right Turn Lane,Daylight,No Defects,"Two-way, Not Divided",Dry,Clear,Twelve o'clock,Passenger Car,Disabling,N,Moving Constant Speed,2015-02-20 11:01,35,38.61794346,-76.89299941
2835,N,Apparently Normal,No Misuse,Y,No Injury,b3b1fda6-b8b8-4870-8fe4-ca107a092b1d,D,MSP53620019,Shoulder/Lap Belt(s),F,ce44fd39-8a40-44e9-b1c4-600f4fe91c23,Same Movement Angle,N,Intersection,Left Turn Lane,Daylight,No Defects,"Two-way, Divided, Positive Median Barrier",Dry,Clear,Twelve o'clock,Passenger Car,Disabling,N,Accelerating,2015-02-24 11:22,25,38.55273829,-76.98611498
2836,N,Apparently Normal,No Misuse,N,Non-incapacitating Injury,16993d4d-c22a-4e19-8084-6dff968ecfd8,D,MSP53620019,Shoulder/Lap Belt(s),M,429c17c0-8bc8-4018-ad91-b26459329f78,Same Movement Angle,N,Intersection,Left Turn Lane,Daylight,No Defects,"Two-way, Divided, Positive Median Barrier",Dry,Clear,Nine o'clock,Pickup Truck,Destroyed,N,Moving Constant Speed,2015-02-24 11:22,66,38.55273829,-76.98611498
2837,N,Apparently Normal,No Misuse,N,No Injury,b422a029-cbfd-4d15-9cbb-9d00ed6c7aa0,D,MSP5369002M,Shoulder/Lap Belt(s),F,45e4b0fd-5760-4018-97d8-8a4ec4b85884,Same Direction Sideswipe,N,Non Intersection,Right Turn Lane,Daylight,No Defects,"Two-way, Divided, Positive Median Barrier",Dry,Clear,Two o'clock,"Cargo Van/Light Truck 2 axles (10,000 lbs (4,536 kg) or less)",No Damage,N,Moving Constant Speed,2015-03-10 10:12,34,39.31393235,-76.49421343
2838,N,Apparently Normal,No Misuse,N,No Injury,d96cab0f-4ddb-4490-8a6d-8b235183cc85,D,MSP5372000G,Shoulder/Lap Belt(s),F,5a9bb51b-f416-4669-8659-33dcfcea5044,Same Direction Sideswipe,N,Non Intersection,Left Turn Lane,Dusk,No Defects,"Two-way, Divided, Positive Median Barrier",Dry,Clear,Four o'clock,Passenger Car,Disabling,N,Moving Constant Speed,2015-03-25 19:14,36,39.42472,-76.637839
2839,N,Apparently Normal,No Misuse,Y,No Injury,95e7d66a-f28c-4568-a626-0293e4b9e549,D,MSP5397003G,Shoulder/Lap Belt(s),F,80f37790-c185-4070-8259-18e26fddd344,Same Direction Sideswipe,N,Non Intersection,Left Turn Lane,Daylight,No Defects,"Two-way, Divided, Positive Median Barrier",Dry,Clear,Eleven o'clock,Passenger Car,Disabling,N,Changing Lanes,2015-03-06 12:51,25,39.222316,-76.653806
2840,N,Apparently Normal,No Misuse,N,No Injury,a86759b5-a733-41ae-96ed-d0d9c8075d5a,D,MSP5397003G,Shoulder/Lap Belt(s),M,d23a50f1-3d35-4b35-8e7d-ea8322ec85cf,Same Direction Sideswipe,N,Non Intersection,Left Turn Lane,Daylight,No Defects,"Two-way, Divided, Positive Median Barrier",Dry,Clear,Four o'clock,Passenger Car,Superficial,N,Moving Constant Speed,2015-03-06 12:51,30,39.222316,-76.653806
2841,N,Apparently Normal,No Misuse,N,No Injury,7d8ed2df-cf7b-42f4-a347-8fa2d2b42b74,D,MSP5397003H,Shoulder/Lap Belt(s),F,9041831d-4dfa-4229-a419-9d21fe9ab31c,Same Direction Rear End,N,Non Intersection,Right Turn Lane,Daylight,No Defects,"Two-way, Divided, Positive Median Barrier",Dry,Clear,Six o'clock,Passenger Car,Superficial,N,Stopped in Traffic Lane,2015-03-09 17:19,31,38.998611,-76.592351
2842,N,Apparently Normal,No Misuse,N,No Injury,b1b9dd2f-addd-4792-a6a1-6dab7168e30d,D,MSP5397003H,Shoulder/Lap Belt(s),F,414f7704-c37b-492c-b584-a6b9706b934c,Same Direction Rear End,N,Non Intersection,Right Turn Lane,Daylight,No Defects,"Two-way, Divided, Positive Median Barrier",Dry,Clear,Six o'clock,Passenger Car,Superficial,N,Stopped in Traffic Lane,2015-03-09 17:19,28,38.998611,-76.592351
2843,N,Apparently Normal,No Misuse,N,Possible Incapacitating Injury,334d2eb2-843f-4d40-9a75-a00d4e269a64,D,MSP5397003H,Shoulder/Lap Belt(s),F,3f8b1521-9b05-43a4-93fd-877e734476a5,Same Direction Rear End,N,Non Intersection,Right Turn Lane,Daylight,No Defects,"Two-way, Divided, Positive Median Barrier",Dry,Clear,Six o'clock,Passenger Car,Disabling,N,Slowing or Stopping,2015-03-09 17:19,30,38.998611,-76.592351
2844,N,Apparently Normal,No Misuse,Y,No Injury,86a4ef27-20af-4e08-bc9d-665506bb7806,D,MSP5397003H,Shoulder/Lap Belt(s),M,a9696287-4d31-421b-838c-49ec1a0ed576,Same Direction Rear End,N,Non Intersection,Right Turn Lane,Daylight,No Defects,"Two-way, Divided, Positive Median Barrier",Dry,Clear,Twelve o'clock,Pickup Truck,Functional,N,Slowing or Stopping,2015-03-09 17:19,27,38.998611,-76.592351
2845,N,Apparently Normal,No Misuse,Y,No Injury,c0344b33-37d4-4dbe-a931-e699e9bed001,D,MSP5397003J,Shoulder/Lap Belt(s),F,6dbb4e98-141c-45a2-b997-39309e2c5516,Same Direction Right Turn,N,Interchange Related,Left Turn Lane,Daylight,No Defects,"Two-way, Divided, Unprotected (painted >4 feet) Median",Dry,Clear,Five o'clock,Passenger Car,Disabling,N,Changing Lanes,2015-03-11 17:24,56,39.205703,-76.641025
2846,N,Apparently Normal,No Misuse,N,Possible Incapacitating Injury,5e4cbed4-fcef-4d0a-a47b-db7ca4349c2a,D,MSP5397003J,MC/Bike Helmet and Eye Protection,M,e88840a7-b3cd-477b-871a-85ee31f5aec9,Same Direction Right Turn,N,Interchange Related,Left Turn Lane,Daylight,No Defects,"Two-way, Divided, Unprotected (painted >4 feet) Median",Dry,Clear,Eleven o'clock,Motorcycle,Disabling,N,Moving Constant Speed,2015-03-11 17:24,52,39.205703,-76.641025
2847,N,Apparently Normal,No Misuse,Y,No Injury,5e0097ff-4cc5-479a-a311-82860080421a,D,MSP5397003K,Shoulder/Lap Belt(s),F,69952773-4aa9-4d2c-8317-8e851bd5c98d,Same Direction Sideswipe,N,Non Intersection,Left Turn Lane,Daylight,No Defects,"Two-way, Divided, Positive Median Barrier",Dry,Clear,One o'clock,Passenger Car,Disabling,N,Moving Constant Speed,2015-03-11 16:23,22,39.145366,-76.753016
2848,N,Apparently Normal,No Misuse,N,No Injury,2fcb2796-d94d-49f1-a63a-6bce6ed49613,D,MSP5397003K,Shoulder/Lap Belt(s),M,20e84014-2190-4974-92cd-4af608210129,Same Direction Sideswipe,N,Non Intersection,Left Turn Lane,Daylight,No Defects,"Two-way, Divided, Positive Median Barrier",Dry,Clear,Six o'clock,Passenger Car,Functional,N,Moving Constant Speed,2015-03-11 16:23,33,39.145366,-76.753016
2849,N,Apparently Normal,No Misuse,Y,No Injury,67a00c95-4b7a-401f-a29e-79ed13911b82,D,MSP54160019,Shoulder/Lap Belt(s),F,bd20e978-7a30-4d28-993d-e71e5474dc2c,Same Movement Angle,N,Intersection,Right Turn Lane,Daylight,No Defects,One-way Trafficway,Dry,Clear,Non-collision,Van,No Damage,N,Accelerating,2015-03-18 12:51,40,38.469787,-76.77332683
2850,N,Apparently Normal,No Misuse,N,Possible Incapacitating Injury,ea073a46-954a-4c33-96d6-60e2ec43b5ea,D,MSP54160019,Shoulder/Lap Belt(s),F,99f2e3e4-865f-41ab-8df9-d2bf98f2f9f0,Same Movement Angle,N,Intersection,Right Turn Lane,Daylight,No Defects,One-way Trafficway,Dry,Clear,Twelve o'clock,Passenger Car,Disabling,N,Moving Constant Speed,2015-03-18 12:51,21,38.469787,-76.77332683
2851,N,Apparently Normal,No Misuse,Y,No Injury,ffa47720-d8ff-4f4f-a4b0-6317bac1b4ae,D,MSP5423000M,Shoulder/Lap Belt(s),F,4064145c-2635-4014-87ba-5847520e437c,Single Vehicle ,N,Non Intersection,Right Turn Lane,Dark No Lights,No Defects,"Two-way, Not Divided",Ice,Clear,Roof Top,Passenger Car,Disabling,N,Moving Constant Speed,2015-02-07 00:15,20,39.6686378,-79.035149
2852,N,Apparently Normal,No Misuse,N,No Injury,8e891d54-8c0e-44c0-a658-32230dda0568,D,MSP54450012,Shoulder/Lap Belt(s),F,85858a5c-97e5-4462-bee2-7bbe18a24894,Single Vehicle ,N,Non Intersection,Right Turn Lane,Dark No Lights,No Defects,"Two-way, Not Divided",Dry,Clear,Twelve o'clock,Passenger Car,Disabling,N,Moving Constant Speed,2015-03-11 20:20,33,39.60334215,-77.05440488
2853,N,Apparently Normal,No Misuse,Y,No Injury,f4902ef8-2dd7-459c-bf86-426f2ec881b8,D,MSP5458000B,Shoulder/Lap Belt(s),F,0306dff1-b124-4824-a8b4-15216a174300,Single Vehicle ,N,Non Intersection,Right Turn Lane,Daylight,No Defects,"Two-way, Not Divided",Ice,Wintry Mix,Roof Top,(Sport) Utility Vehicle,Disabling,N,Moving Constant Speed,2015-03-01 14:40,17,39.578395,-75.943464
2854,N,Apparently Normal,No Misuse,Y,No Injury,3e1092bd-9370-42ba-a52a-e26b6ebdefb8,D,MSP5492000L,Shoulder/Lap Belt(s),F,d47d67ad-95ca-4859-b3c7-a4eac5c16915,Same Direction Rear End,N,Non Intersection,Right Turn Lane,Daylight,No Defects,"Two-way, Not Divided with a Continuous Left Turn Lane",Dry,Clear,Twelve o'clock,Passenger Car,Disabling,N,Moving Constant Speed,2015-01-28 08:38,43,39.053718,-77.101326
2855,N,Apparently Normal,No Misuse,N,Possible Incapacitating Injury,62902335-9da0-412c-be06-409597649f16,D,MSP5492000L,Shoulder/Lap Belt(s),M,ac5b31fc-46a8-40ad-9be3-f901725419c0,Same Direction Rear End,N,Non Intersection,Right Turn Lane,Daylight,No Defects,"Two-way, Not Divided with a Continuous Left Turn Lane",Dry,Clear,Six o'clock,Recreational Vehicle,Superficial,N,Slowing or Stopping,2015-01-28 08:38,29,39.053718,-77.101326
2856,N,Apparently Normal,No Misuse,Y,No Injury,bb92f5c4-3055-46e7-8805-1f829f7f58e5,D,MSP5516002N,Shoulder/Lap Belt(s),F,63abbcd0-fcb2-4977-833b-83b44b915fe0,Same Movement Angle,N,Intersection,Right Turn Lane,Dark Lights On,No Defects,"Two-way, Divided, Unprotected (painted >4 feet) Median",Dry,Clear,Three o'clock,(Sport) Utility Vehicle,Destroyed,N,Accelerating,2015-01-20 18:04,22,39.68814383,-77.3336485
2857,N,Apparently Normal,No Misuse,N,Possible Incapacitating Injury,17eec05c-da88-4045-9672-71abb3ae9d67,D,MSP5516002N,Shoulder/Lap Belt(s),M,4c6e8f84-0cd9-4bf7-8cd3-4d1d386e8f73,Same Movement Angle,N,Intersection,Right Turn Lane,Dark Lights On,No Defects,"Two-way, Divided, Unprotected (painted >4 feet) Median",Dry,Clear,Twelve o'clock,Passenger Car,Disabling,N,Moving Constant Speed,2015-01-20 18:04,56,39.68814383,-77.3336485
2858,N,Apparently Normal,No Misuse,N,No Injury,459eaa6e-7025-4c3c-b8e4-5be7ce15e4b7,D,MSP5516002R,Shoulder/Lap Belt(s),F,4553ba26-036a-4db1-805c-3ee81f9c8d67,Same Direction Rear End,N,Non Intersection,Right Turn Lane,Daylight,No Defects,"Two-way, Divided, Positive Median Barrier",Dry,Clear,Six o'clock,Passenger Car,Disabling,N,Slowing or Stopping,2015-03-08 17:43,52,39.30525667,-77.34181383
2859,N,Apparently Normal,No Misuse,Y,No Injury,b31fc811-9297-4967-bc83-af3b442ddea2,D,MSP5516002R,Shoulder/Lap Belt(s),M,cb0c949e-8706-4bbe-8329-f8db834db95b,Same Direction Rear End,N,Non Intersection,Right Turn Lane,Daylight,No Defects,"Two-way, Divided, Positive Median Barrier",Dry,Clear,Twelve o'clock,Passenger Car,Disabling,N,Skidding,2015-03-08 17:43,77,39.30525667,-77.34181383
2860,N,Apparently Normal,No Misuse,N,No Injury,8fddae76-a408-4b86-8aa8-eefeff81fd25,D,MSP5516002T,Shoulder/Lap Belt(s),M,1193a509-355f-4f42-9f73-1d1898d56919,Same Direction Rear End,N,Non Intersection,Right Turn Lane,Daylight,No Defects,"Two-way, Divided, Positive Median Barrier",Dry,Clear,Six o'clock,Passenger Car,Functional,N,Slowing or Stopping,2015-03-24 07:39,34,39.28681517,-77.32906
2861,N,Apparently Normal,No Misuse,Y,No Injury,78eb462d-ffd4-48e5-899d-852b0edab7fe,D,MSP5516002T,Shoulder/Lap Belt(s),M,e5b94fd3-d984-4146-adfe-7d07e02f692d,Same Direction Rear End,N,Non Intersection,Right Turn Lane,Daylight,No Defects,"Two-way, Divided, Positive Median Barrier",Dry,Clear,Twelve o'clock,Passenger Car,Disabling,N,Skidding,2015-03-24 07:39,32,39.28681517,-77.32906
2862,N,Apparently Normal,No Misuse,N,No Injury,c59e62a2-e915-4791-bacb-3bf463b34aa2,D,MSP5516002V,Shoulder/Lap Belt(s),F,d686e4c7-8c5c-4e50-804a-3a34574e8ecd,Same Direction Rear End,N,Non Intersection,Right Turn Lane,Daylight,No Defects,"Two-way, Divided, Positive Median Barrier",Dry,Clear,Underside,Passenger Car,Superficial,N,Skidding,2015-03-28 10:18,43,39.3057685,-77.34225483