KEY_INDEX,CDL_FLAG,CONDITION_CODE,EQUIP_PROB_CODE,FAULT_FLAG,INJ_SEVER_CODE,PERSON_ID,PERSON_TYPE,REPORT_NO,SAF_EQUIP_CODE,SEX_CODE,VEHICLE_ID,COLLISION_TYPE_CODE,C_M_ZONE_FLAG,JUNCTION_CODE,LANE_CODE,LIGHT_CODE,RD_COND_CODE,RD_DIV_CODE,SURF_COND_CODE,WEATHER_CODE,AREA_DAMAGED_CODE_MAIN,BODY_TYPE_CODE,DAMAGE_CODE,HIT_AND_RUN_FLAG,MOVEMENT_CODE,TIME,AGE,LATITUDE,LONGITUDE
2922,N,Apparently Normal,No Misuse,Y,Non-incapacitating Injury,5fcacb52-e9df-4502-93c9-08911305c437,D,MSP5744001V,Shoulder/Lap Belt(s),F,cdb21c16-a1cb-4e17-b86c-8bb8146e385f,Same Direction Rear End,N,Intersection Related,Right Turn Lane,Dark No Lights,No Defects,"Two-way, Not Divided",Dry,Clear,Twelve o'clock,Passenger Car,Destroyed,N,Moving Constant Speed,2015-03-13 06:50,24,39.588513,-77.026724
2923,N,Apparently Normal,No Misuse,N,No Injury,d11f58c6-703b-412e-8b6b-21b126d4d484,D,MSP57580018,Shoulder/Lap Belt(s),F,94f5389e-577a-49cd-aac9-dae07a99c322,Single Vehicle ,N,Non Intersection,Right Turn Lane,Daylight,No Defects,"Two-way, Not Divided",Dry,Cloudy,Eleven o'clock,Passenger Car,Disabling,N,Moving Constant Speed,2015-02-08 09:24,53,39.06157367,-75.92369033
2924,N,Apparently Normal,No Misuse,N,No Injury,70a76a79-de36-4189-ac73-7286bef82816,D,MSP5763002T,Shoulder/Lap Belt(s),F,0aaf9bac-abfe-4191-89a7-9f054bf1f7bc,Same Direction Rear End,N,Non Intersection,Left Turn Lane,Daylight,No Defects,"Two-way, Divided, Positive Median Barrier",Dry,Clear,Six o'clock,Passenger Car,Disabling,N,Slowing or Stopping,2015-01-11 09:08,26,39.20738433,-76.7481095
2925,N,Apparently Normal,No Misuse,Y,No Injury,27cb1053-555a-48d4-a082-f01f14e07296,D,MSP5763002T,Shoulder/Lap Belt(s),M,d9f8e2f9-c21b-4837-abcc-c4dc45bfe87f,Same Direction Rear End,N,Non Intersection,Left Turn Lane,Daylight,No Defects,"Two-way, Divided, Positive Median Barrier",Dry,Clear,Twelve o'clock,Van,Functional,N,Moving Constant Speed,2015-01-11 09:08,51,39.20738433,-76.7481095
2926,N,Apparently Normal,No Misuse,Y,No Injury,28012370-1f55-4897-b88c-3a67c2fdb347,D,MSP5763002W,Shoulder/Lap Belt(s),F,5465353f-e8f5-4560-ae91-e6ea5190e31b,Same Direction Rear End,N,Non Intersection,Deceleration Lane,Daylight,No Defects,"Two-way, Divided, Positive Median Barrier",Dry,Cloudy,Twelve o'clock,(Sport) Utility Vehicle,Disabling,N,Moving Constant Speed,2015-01-14 08:20,32,39.18604117,-76.77934
2927,N,Apparently Normal,No Misuse,N,Possible Incapacitating Injury,112cedc8-99b5-4b2c-a2a6-be7327424c3b,D,MSP5763002W,Shoulder/Lap Belt(s),F,5a17a05d-4af1-4450-b6df-957ce1730c83,Same Direction Rear End,N,Non Intersection,Deceleration Lane,Daylight,No Defects,"Two-way, Divided, Positive Median Barrier",Dry,Cloudy,Six o'clock,Passenger Car,Disabling,N,Slowing or Stopping,2015-01-14 08:20,27,39.18604117,-76.77934
2928,N,Apparently Normal,No Misuse,Y,No Injury,6d557fd6-31c1-47a0-ba9d-adfe38f690bb,D,MSP5763002X,Shoulder/Lap Belt(s),F,153bf6ef-bb98-403b-b6bd-b4445f080f45,Single Vehicle ,N,Non Intersection,Right Turn Lane,Dark No Lights,No Defects,"Two-way, Divided, Positive Median Barrier",Dry,Cloudy,Twelve o'clock,Passenger Car,Disabling,N,Skidding,2015-01-20 22:15,26,39.51213883,-77.03987533
2929,N,Apparently Normal,No Misuse,Y,No Injury,4e4f43e2-10e3-4134-9622-f0e24bdc506a,D,MSP5773000Q,Shoulder/Lap Belt(s),F,76ca80de-04ce-4eed-8154-b46bdf64dc58,Single Vehicle ,N,Non Intersection,Acceleration Lane,Daylight,No Defects,"Two-way, Divided, Positive Median Barrier",Dry,Clear,Twelve o'clock,Passenger Car,Functional,N,Moving Constant Speed,2015-03-13 08:06,23,39.641211,-78.80480467
2930,N,Apparently Normal,No Misuse,Y,No Injury,501c40df-fa4d-4c8c-962d-c7cb23a2b03f,D,MSP5780002M,Shoulder/Lap Belt(s),M,acfe2f15-d61e-4c72-9288-a274ce40fa3a,Same Direction Rear End,N,Non Intersection,Left Turn Lane,Dark No Lights,No Defects,"Two-way, Divided, Positive Median Barrier",Ice,Sleet,Twelve o'clock,Passenger Car,Functional,N,Slowing or Stopping,2015-02-01 23:16,23,39.45111433,-77.50388983
2931,N,Apparently Normal,No Misuse,N,No Injury,4027dbb5-bf29-413a-86f3-3510c1b17831,D,MSP5781002T,Shoulder/Lap Belt(s),F,8939f125-ffb0-48de-92ea-cfe499fd6268,Same Direction Rear End,N,Non Intersection,Right Turn Lane,Daylight,No Defects,"Two-way, Divided, Positive Median Barrier",Dry,Clear,Six o'clock,Passenger Car,Functional,N,Slowing or Stopping,2015-03-10 08:56,44,39.30354533,-76.87686317
2932,N,Apparently Normal,No Misuse,Y,No Injury,dbd6eef7-7bda-4a24-8850-fb505be18d75,D,MSP5781002T,Shoulder/Lap Belt(s),F,51a9b838-dd3b-47a4-8ffb-a0ee0582d620,Same Direction Rear End,N,Non Intersection,Right Turn Lane,Daylight,No Defects,"Two-way, Divided, Positive Median Barrier",Dry,Clear,Twelve o'clock,Passenger Car,Disabling,N,Slowing or Stopping,2015-03-10 08:56,46,39.30354533,-76.87686317
2933,N,Apparently Normal,No Misuse,N,No Injury,a724101a-898e-4a67-a6b2-7ae86836db62,D,MSP5781002T,Shoulder/Lap Belt(s),M,691793f2-6b9d-4f74-9f30-4513f6edaf14,Same Direction Rear End,N,Non Intersection,Right Turn Lane,Daylight,No Defects,"Two-way, Divided, Positive Median Barrier",Dry,Clear,Six o'clock,Passenger Car,Functional,N,Slowing or Stopping,2015-03-10 08:56,21,39.30354533,-76.87686317
2934,N,Apparently Normal,No Misuse,N,No Injury,173d0752-7865-44dc-bb3b-2415af968257,D,MSP5781002V,Shoulder/Lap Belt(s),F,bf828906-b56b-48df-aae4-66534b1bccd7,Same Direction Rear End,N,Non Intersection,Right Turn Lane,Dark Lights On,No Defects,"Two-way, Divided, Positive Median Barrier",Dry,Clear,Six o'clock,Passenger Car,Functional,N,Moving Constant Speed,2015-03-16 20:46,24,39.30208467,-76.908207
2935,N,Apparently Normal,No Misuse,N,No Injury,4f398c63-7d98-4e59-8ee8-914a20107254,D,MSP5781002V,Shoulder/Lap Belt(s),M,2601357d-3369-4b0b-b087-81f47acf5871,Same Direction Rear End,N,Non Intersection,Right Turn Lane,Dark Lights On,No Defects,"Two-way, Divided, Positive Median Barrier",Dry,Clear,Six o'clock,Van,Functional,N,Moving Constant Speed,2015-03-16 20:46,65,39.30208467,-76.908207
2936,N,Apparently Normal,No Misuse,Y,No Injury,abdc5709-4e17-4371-8ec1-f8e17570cfda,D,MSP5781002V,Shoulder/Lap Belt(s),M,7913c066-1c21-4fe3-920d-0e6faab33480,Same Direction Rear End,N,Non Intersection,Right Turn Lane,Dark Lights On,No Defects,"Two-way, Divided, Positive Median Barrier",Dry,Clear,Twelve o'clock,(Sport) Utility Vehicle,Functional,N,Moving Constant Speed,2015-03-16 20:46,25,39.30208467,-76.908207
2937,N,Apparently Normal,No Misuse,N,No Injury,6a58163e-48e5-4eda-be17-5145b699c98e,D,MSP5796002C,None  ,F,60337730-bc0b-4ea6-9eee-f504f9ac77d2,Same Direction Sideswipe,N,Non Intersection,Deceleration Lane,Daylight,No Defects,"Two-way, Divided, Positive Median Barrier",Dry,Clear,Twelve o'clock,Passenger Car,Disabling,N,Moving Constant Speed,2015-01-10 12:37,26,39.18657617,-76.778677
2938,N,Apparently Normal,No Misuse,N,No Injury,30e39d15-5684-4c93-9ddf-23c38d1ca521,D,MSP5796002C,Shoulder/Lap Belt(s),F,f5d676d6-3539-4bdd-b7be-61111f2d2953,Same Direction Sideswipe,N,Non Intersection,Deceleration Lane,Daylight,No Defects,"Two-way, Divided, Positive Median Barrier",Dry,Clear,Six o'clock,(Sport) Utility Vehicle,Disabling,N,Moving Constant Speed,2015-01-10 12:37,71,39.18657617,-76.778677
2939,N,Apparently Normal,No Misuse,Y,Possible Incapacitating Injury,b1fc1576-9683-487e-8494-623a8e368ccf,D,MSP5796002C,Shoulder/Lap Belt(s),F,21b32dbe-8488-499d-82a7-3334d05f6e0a,Same Direction Sideswipe,N,Non Intersection,Deceleration Lane,Daylight,No Defects,"Two-way, Divided, Positive Median Barrier",Dry,Clear,Twelve o'clock,Passenger Car,Disabling,N,Moving Constant Speed,2015-01-10 12:37,22,39.18657617,-76.778677
2940,N,Apparently Normal,No Misuse,N,No Injury,97ea4434-fca5-4fbb-a3ca-ce133b313bb1,D,MSP5796002H,Shoulder/Lap Belt(s),F,d687ca9a-dcb5-414d-a4ad-ee62db3d71ce,Same Direction Rear End,N,Non Intersection,Deceleration Lane,Daylight,No Defects,"Two-way, Divided, Positive Median Barrier",Wet,Raining,Twelve o'clock,Passenger Car,Disabling,N,Slowing or Stopping,2015-03-10 15:13,59,39.11875567,-76.86980217
2941,Y,Apparently Normal,No Misuse,N,No Injury,51bfbe41-a024-420e-96bd-e6d75c8aa131,D,MSP5796002H,Shoulder/Lap Belt(s),M,110987ac-da1f-4862-ba03-03713529b587,Same Direction Rear End,N,Non Intersection,Deceleration Lane,Daylight,No Defects,"Two-way, Divided, Positive Median Barrier",Wet,Raining,Six o'clock,Truck Tractor,Functional,N,Slowing or Stopping,2015-03-10 15:13,66,39.11875567,-76.86980217
2942,N,Apparently Normal,No Misuse,N,No Injury,fe9e0748-f064-4cca-b6b9-c2832ce3c4a7,D,MSP5796002H,Shoulder/Lap Belt(s),M,8650f677-b569-4617-8351-5c10d4d7879f,Same Direction Rear End,N,Non Intersection,Deceleration Lane,Daylight,No Defects,"Two-way, Divided, Positive Median Barrier",Wet,Raining,Twelve o'clock,Passenger Car,Disabling,N,Slowing or Stopping,2015-03-10 15:13,44,39.11875567,-76.86980217
2943,N,Apparently Normal,No Misuse,Y,No Injury,f4023c20-1421-4d93-81df-0f1eeb34d177,D,MSP5796002H,Shoulder/Lap Belt(s),M,6782cce3-1a79-4293-b344-8bf325ee6b5b,Same Direction Rear End,N,Non Intersection,Deceleration Lane,Daylight,No Defects,"Two-way, Divided, Positive Median Barrier",Wet,Raining,Twelve o'clock,Passenger Car,Functional,N,Moving Constant Speed,2015-03-10 15:13,61,39.11875567,-76.86980217
2944,N,Apparently Normal,No Misuse,Y,No Injury,ce2ebed7-9b5e-4ca9-afc7-09df4a28276c,D,MSP58000029,Shoulder/Lap Belt(s),F,77ab7154-c58e-4fa8-a35e-dc72bf26b089,Same Direction Rear End,N,Non Intersection,Acceleration Lane,Daylight,No Defects,"Two-way, Divided, Positive Median Barrier",Dry,Clear,Twelve o'clock,Passenger Car,Disabling,N,Moving Constant Speed,2015-01-22 17:02,36,39.0306535,-77.126987
2945,N,Apparently Normal,No Misuse,N,No Injury,6a1c7aed-c672-46c4-8fa5-2e519e0d42d9,D,MSP58000029,Shoulder/Lap Belt(s),M,990a62fd-ed31-44d3-8859-c9247f592431,Same Direction Rear End,N,Non Intersection,Acceleration Lane,Daylight,No Defects,"Two-way, Divided, Positive Median Barrier",Dry,Clear,Six o'clock,Passenger Car,Functional,N,Slowing or Stopping,2015-01-22 17:02,31,39.0306535,-77.126987
2946,N,Apparently Normal,No Misuse,N,No Injury,68c7c240-c165-4a26-b39d-b583d69f8aa4,D,MSP5800002C,Shoulder/Lap Belt(s),F,0eadc12d-62aa-44d1-abb7-40d474016f13,Same Direction Sideswipe,N,Non Intersection,Acceleration Lane,Dawn,No Defects,"Two-way, Divided, Positive Median Barrier",Dry,Clear,Twelve o'clock,Passenger Car,Destroyed,N,Moving Constant Speed,2015-02-05 06:35,61,39.0099055,-77.08849283
2947,N,Apparently Normal,No Misuse,N,No Injury,86b4b4cb-6703-4358-ba23-e386dccff04c,D,MSP5800002D,Shoulder/Lap Belt(s),F,ee0340f5-a68e-4af9-a964-6454be47755a,Same Direction Rear End,N,Non Intersection,Right Turn Lane,Daylight,No Defects,"Two-way, Divided, Positive Median Barrier",Dry,Clear,Twelve o'clock,Passenger Car,Disabling,N,Slowing or Stopping,2015-02-06 15:14,38,39.21745817,-77.27792617
2948,N,Apparently Normal,No Misuse,N,No Injury,ebdc3bbf-fbb4-4376-9027-c1ca8d70d659,D,MSP5800002D,Shoulder/Lap Belt(s),F,540bf389-1188-4fce-a69d-f1ad529dfbc2,Same Direction Rear End,N,Non Intersection,Right Turn Lane,Daylight,No Defects,"Two-way, Divided, Positive Median Barrier",Dry,Clear,Six o'clock,Station Wagon,Functional,N,Stopped in Traffic Lane,2015-02-06 15:14,36,39.21745817,-77.27792617
2949,N,Apparently Normal,No Misuse,Y,No Injury,4f093df2-6920-4c7c-af12-855b6f7a19b1,D,MSP5800002D,Shoulder/Lap Belt(s),M,b32121fe-e062-410b-97e6-80ff4ddbee12,Same Direction Rear End,N,Non Intersection,Right Turn Lane,Daylight,No Defects,"Two-way, Divided, Positive Median Barrier",Dry,Clear,Twelve o'clock,Passenger Car,Functional,N,Slowing or Stopping,2015-02-06 15:14,36,39.21745817,-77.27792617
2950,N,Apparently Normal,No Misuse,Y,No Injury,bf5a2a41-29e2-4381-b97d-4325eef12ace,D,MSP5800002H,Shoulder/Lap Belt(s),F,185600a1-cb93-4004-b4e9-8b5fcd8e1615,Same Direction Sideswipe,Y,Non Intersection,Deceleration Lane,Daylight,No Defects,"Two-way, Divided, Positive Median Barrier",Dry,Clear,One o'clock,(Sport) Utility Vehicle,Disabling,N,Changing Lanes,2015-02-13 16:18,57,39.01550083,-77.00699333
2951,N,Apparently Normal,No Misuse,N,Non-incapacitating Injury,2108341b-d478-489c-aab0-b39903072ba9,D,MSP5800002H,Shoulder/Lap Belt(s),F,87fa9a61-13f1-4272-be51-5188db35bd66,Same Direction Sideswipe,Y,Non Intersection,Deceleration Lane,Daylight,No Defects,"Two-way, Divided, Positive Median Barrier",Dry,Clear,Eleven o'clock,Passenger Car,Disabling,N,Moving Constant Speed,2015-02-13 16:18,22,39.01550083,-77.00699333
2952,N,Apparently Normal,No Misuse,Y,No Injury,9bdc4fca-dc99-4c52-9838-6285e81c9992,D,MSP5800002L,Shoulder/Lap Belt(s),F,1967279b-013b-4fdf-a937-0561ae7bb3c8,Same Direction Sideswipe,N,Non Intersection,Deceleration Lane,Daylight,No Defects,"Two-way, Divided, Positive Median Barrier",Dry,Clear,Twelve o'clock,(Sport) Utility Vehicle,Disabling,N,Stopped in Traffic Lane,2015-02-17 15:30,34,39.1623895,-77.235229
2953,N,Apparently Normal,No Misuse,N,Possible Incapacitating Injury,c1a2bb36-55e4-42cc-a78f-1b47b72b9f1a,D,MSP5800002L,Shoulder/Lap Belt(s),F,81504d05-0ed7-4e75-82be-7b9224e5f157,Same Direction Sideswipe,N,Non Intersection,Deceleration Lane,Daylight,No Defects,"Two-way, Divided, Positive Median Barrier",Dry,Clear,Ten o'clock,Passenger Car,Disabling,N,Moving Constant Speed,2015-02-17 15:30,35,39.1623895,-77.235229
2954,N,Apparently Normal,No Misuse,N,No Injury,0254c7d2-4651-4251-83d0-54b8820ffc1d,D,MSP5800002P,Shoulder/Lap Belt(s),F,dd528764-acec-4b9e-94e0-af1fae0eb9a2,Same Direction Rear End,N,Non Intersection,Deceleration Lane,Dark Lights On,No Defects,"Two-way, Divided, Positive Median Barrier",Wet,Raining,Five o'clock,(Sport) Utility Vehicle,Superficial,N,Moving Constant Speed,2015-03-10 18:30,26,38.98355333,-77.1626525
2955,N,Apparently Normal,No Misuse,N,No Injury,97585d48-277f-4b05-948d-b1387ba83c81,D,MSP5800002R,Shoulder/Lap Belt(s),F,1232245a-3a41-4076-8db6-8283bd7ac154,Same Direction Rear End,N,Non Intersection,Left Turn Lane,Dark Lights On,No Defects,"Two-way, Divided, Positive Median Barrier",Dry,Clear,Six o'clock,(Sport) Utility Vehicle,Superficial,N,Slowing or Stopping,2015-03-12 19:56,48,39.01241117,-77.06290367
2956,N,Apparently Normal,No Misuse,Y,No Injury,bcef16e9-5ff3-4c92-998d-e573faed4dc5,D,MSP5800002R,Shoulder/Lap Belt(s),M,97e852cb-044e-46ca-82dc-80e28fc81718,Same Direction Rear End,N,Non Intersection,Left Turn Lane,Dark Lights On,No Defects,"Two-way, Divided, Positive Median Barrier",Dry,Clear,Twelve o'clock,Passenger Car,Disabling,N,Moving Constant Speed,2015-03-12 19:56,37,39.01241117,-77.06290367
2957,N,Apparently Normal,No Misuse,N,No Injury,e0849b2b-7461-4b20-954b-4aa9d8e942e6,D,MSP5800002X,Shoulder/Lap Belt(s),F,5743f780-0741-4664-8073-1e0952ebdcd2,Same Direction Rear End,N,Non Intersection,Deceleration Lane,Daylight,No Defects,"Two-way, Divided, Positive Median Barrier",Dry,Clear,Six o'clock,(Sport) Utility Vehicle,Functional,N,Slowing or Stopping,2015-03-31 08:40,36,38.99939533,-77.1579405
2958,N,Apparently Normal,No Misuse,Y,No Injury,3821c805-12ea-4b14-836e-88d1d55cb69d,D,MSP5800002X,Shoulder/Lap Belt(s),M,36c10a97-67e5-4c7c-8c39-66a634b75ee1,Same Direction Rear End,N,Non Intersection,Deceleration Lane,Daylight,No Defects,"Two-way, Divided, Positive Median Barrier",Dry,Clear,Twelve o'clock,Passenger Car,Disabling,N,Moving Constant Speed,2015-03-31 08:40,59,38.99939533,-77.1579405
2959,N,Apparently Normal,No Misuse,Y,No Injury,b4d9d3e2-3d14-4859-bacb-78180b257910,D,MSP5803003K,Shoulder/Lap Belt(s),F,66ac96e1-91e7-46fb-9c8e-bfa2f6f8171d,Same Direction Rear End,N,Non Intersection,Left Turn Lane,Daylight,No Defects,"Two-way, Divided, Positive Median Barrier",Dry,Clear,Twelve o'clock,Passenger Car,Disabling,N,Moving Constant Speed,2015-02-10 16:10,35,39.162718,-77.236073
2960,N,Apparently Normal,No Misuse,N,No Injury,04335737-3654-4867-a454-dc79d0140d29,D,MSP5803003K,Shoulder/Lap Belt(s),M,5037296f-081d-4790-814e-ab08f79472d9,Same Direction Rear End,N,Non Intersection,Left Turn Lane,Daylight,No Defects,"Two-way, Divided, Positive Median Barrier",Dry,Clear,Six o'clock,Passenger Car,Functional,N,Slowing or Stopping,2015-02-10 16:10,19,39.162718,-77.236073
2961,N,Apparently Normal,No Misuse,Y,No Injury,62244967-e761-4dd6-b133-360b9abb5d67,D,MSP5803003L,Shoulder/Lap Belt(s),F,5874a1a0-9f10-4548-a99b-dc70ecad7c27,Same Direction Rear End,N,Non Intersection,Left Turn Lane,Daylight,No Defects,"Two-way, Divided, Positive Median Barrier",Dry,Clear,Twelve o'clock,(Sport) Utility Vehicle,Disabling,N,Moving Constant Speed,2015-02-13 10:19,22,39.009844,-77.065759
2962,N,Apparently Normal,No Misuse,N,No Injury,62f840f0-a694-42ab-8c2d-30d22fd390e1,D,MSP5803003L,Shoulder/Lap Belt(s),M,a099d856-2dbe-423d-8fa6-e70dc5f37099,Same Direction Rear End,N,Non Intersection,Left Turn Lane,Daylight,No Defects,"Two-way, Divided, Positive Median Barrier",Dry,Clear,Six o'clock,"Medium/Heavy Truck 2 axles (10,000 lbs (4,536 kg) or less)",Functional,N,Slowing or Stopping,2015-02-13 10:19,38,39.009844,-77.065759
2963,N,Apparently Normal,No Misuse,N,No Injury,850bf965-3e1b-4028-9a3e-77cee080e0e6,D,MSP5803003M,Shoulder/Lap Belt(s),F,4da20387-235a-41d3-8190-77999d2ac83f,Same Direction Rear End,N,Non Intersection,Left Turn Lane,Daylight,No Defects,"Two-way, Divided, Positive Median Barrier",Dry,Clear,Six o'clock,Passenger Car,Functional,N,Slowing or Stopping,2015-02-18 16:11,27,39.108814,-77.185551
2964,N,Apparently Normal,No Misuse,N,No Injury,b0422d9b-71b5-4d31-a5a2-6f42217d0018,D,MSP5803003M,Shoulder/Lap Belt(s),M,2cb1771a-5c41-46d1-af23-a062c0463604,Same Direction Rear End,N,Non Intersection,Left Turn Lane,Daylight,No Defects,"Two-way, Divided, Positive Median Barrier",Dry,Clear,Six o'clock,Pickup Truck,Functional,N,Slowing or Stopping,2015-02-18 16:11,32,39.108814,-77.185551
2965,N,Apparently Normal,No Misuse,Y,No Injury,20f2a971-1622-4955-9d43-626469f3a69a,D,MSP5803003M,Shoulder/Lap Belt(s),M,aad9ceb9-caca-4beb-8b5c-9dcfcbdf7796,Same Direction Rear End,N,Non Intersection,Left Turn Lane,Daylight,No Defects,"Two-way, Divided, Positive Median Barrier",Dry,Clear,Twelve o'clock,Passenger Car,Disabling,N,Slowing or Stopping,2015-02-18 16:11,28,39.108814,-77.185551
2966,N,Apparently Normal,No Misuse,N,No Injury,18b113a7-dd0d-4bbb-86b3-77e47b9303fc,D,MSP5803003N,Shoulder/Lap Belt(s),F,7d421b71-3828-403a-908a-5c50f64d2c1c,Same Direction Rear End,N,Non Intersection,Left Turn Lane,Daylight,No Defects,"Two-way, Divided, Positive Median Barrier",Dry,Clear,Six o'clock,Passenger Car,Functional,N,Slowing or Stopping,2015-03-16 18:30,37,39.00612448,-77.07258125
2967,N,Apparently Normal,No Misuse,N,No Injury,dda75d5b-d721-4353-a3f9-bc4e4d67d27b,D,MSP5803003N,Shoulder/Lap Belt(s),F,867eb1a9-30b0-4957-9d12-130add818402,Same Direction Rear End,N,Non Intersection,Left Turn Lane,Daylight,No Defects,"Two-way, Divided, Positive Median Barrier",Dry,Clear,Six o'clock,Passenger Car,Functional,N,Slowing or Stopping,2015-03-16 18:30,35,39.00612448,-77.07258125
2968,N,Apparently Normal,No Misuse,N,No Injury,75dabf51-05e3-4a28-a87f-18b1f1e70804,D,MSP5803003N,Shoulder/Lap Belt(s),M,8d17a694-27d0-49e0-9b25-fa262307bf57,Same Direction Rear End,N,Non Intersection,Left Turn Lane,Daylight,No Defects,"Two-way, Divided, Positive Median Barrier",Dry,Clear,Six o'clock,Passenger Car,Functional,N,Slowing or Stopping,2015-03-16 18:30,36,39.00612448,-77.07258125
2969,N,Apparently Normal,No Misuse,Y,No Injury,e7917fe3-286f-44e3-833e-ce24ee4645ef,D,MSP5803003N,Shoulder/Lap Belt(s),M,c4cdab72-fc67-4b3e-a2e0-bfc7b379ddc1,Same Direction Rear End,N,Non Intersection,Left Turn Lane,Daylight,No Defects,"Two-way, Divided, Positive Median Barrier",Dry,Clear,Twelve o'clock,Passenger Car,Disabling,N,Changing Lanes,2015-03-16 18:30,64,39.00612448,-77.07258125
2970,Y,Apparently Normal,No Misuse,N,No Injury,5191415c-04b8-447d-8bc7-1b68e33f0279,D,MSP5815000N,Shoulder/Lap Belt(s),F,5e378197-3499-437f-bad4-72c5a1d78ebb,Same Direction Rear End,N,Non Intersection,Right Turn Lane,Daylight,No Defects,"Two-way, Not Divided",Dry,Clear,Six o'clock,School Bus,Functional,N,Slowing or Stopping,2015-03-09 16:49,51,38.307357,-76.63181633
2971,N,Apparently Normal,No Misuse,Y,No Injury,e19afba1-5913-48c2-b226-053d56090da6,D,MSP5815000N,Shoulder/Lap Belt(s),M,f0c8efe5-6841-4f77-98fb-8e1724640130,Same Direction Rear End,N,Non Intersection,Right Turn Lane,Daylight,No Defects,"Two-way, Not Divided",Dry,Clear,Twelve o'clock,Truck Tractor,Disabling,N,Moving Constant Speed,2015-03-09 16:49,27,38.307357,-76.63181633
2972,N,Apparently Normal,No Misuse,Y,No Injury,04ce91fe-63ff-4d84-837c-6daec40fa3ce,D,MSP5816000Y,Shoulder/Lap Belt(s),F,fd2876d2-4857-4b3d-808e-da259a098614,Single Vehicle ,N,Non Intersection,Right Turn Lane,Daylight,No Defects,"Two-way, Divided, Positive Median Barrier",Wet,Raining,Underside,Passenger Car,Disabling,N,Moving Constant Speed,2015-01-29 14:10,27,39.660589,-79.405291
2973,N,Apparently Normal,No Misuse,N,No Injury,6b291732-9935-4967-b36a-c3b65d18e19e,D,MSP5826001V,Shoulder/Lap Belt(s),F,d5119b6b-3959-4fef-8daa-1b679ed4a405,Same Direction Rear End,N,Non Intersection,Acceleration Lane,Dark Lights On,No Defects,"Two-way, Divided, Positive Median Barrier",Dry,Clear,Twelve o'clock,Passenger Car,Disabling,N,Stopped in Traffic Lane,2015-01-21 06:04,29,38.8232145,-76.73588067
2974,N,Apparently Normal,No Misuse,Y,No Injury,690febd3-104c-47a0-9739-e413ef7ed267,D,MSP5826001V,Shoulder/Lap Belt(s),F,23515eb2-5ab5-4705-8a00-6c7287f9057e,Same Direction Rear End,N,Non Intersection,Acceleration Lane,Dark Lights On,No Defects,"Two-way, Divided, Positive Median Barrier",Dry,Clear,Twelve o'clock,Recreational Vehicle,Disabling,N,Moving Constant Speed,2015-01-21 06:04,68,38.8232145,-76.73588067
2975,N,Apparently Normal,No Misuse,N,No Injury,031abf1b-fd65-49ee-b5e6-050da26981dc,D,MSP5826001W,Shoulder/Lap Belt(s),F,3487488a-1682-4d48-b191-2e8ef66bd718,Same Movement Angle,N,Intersection,Left Turn Lane,Dark Lights On,No Defects,"Two-way, Divided, Positive Median Barrier",Dry,Clear,Six o'clock,Passenger Car,Disabling,N,Accelerating,2015-01-28 19:52,71,38.81050767,-76.7396785
2976,N,Apparently Normal,No Misuse,Y,No Injury,5399bb9f-e176-4aad-93a1-5d37df6a14de,D,MSP5826001W,Shoulder/Lap Belt(s),M,23fa47a7-42d6-4f29-904f-3523726f578c,Same Movement Angle,N,Intersection,Left Turn Lane,Dark Lights On,No Defects,"Two-way, Divided, Positive Median Barrier",Dry,Clear,Twelve o'clock,Passenger Car,Disabling,N,Moving Constant Speed,2015-01-28 19:52,48,38.81050767,-76.7396785
2977,N,Apparently Normal,No Misuse,N,No Injury,fa0ef1bc-0bf2-4c53-bbc3-885769ec7c97,D,MSP5829002G,Shoulder/Lap Belt(s),F,6006e6b1-1434-410d-b2c5-95b6ab8dd617,Head On Left Turn,N,Intersection,Right Turn Lane,Dawn,No Defects,"Two-way, Divided, Positive Median Barrier",Dry,Clear,Twelve o'clock,Passenger Car,Functional,N,Moving Constant Speed,2015-01-21 06:44,61,38.617886,-76.87462517
2978,N,Apparently Normal,No Misuse,Y,Possible Incapacitating Injury,74e02441-a894-469a-a100-331d9c9ecbd8,D,MSP5829002G,Shoulder/Lap Belt(s),F,45d75883-eb00-4413-91eb-61c8a6c35f15,Head On Left Turn,N,Intersection,Right Turn Lane,Dawn,No Defects,"Two-way, Divided, Positive Median Barrier",Dry,Clear,One o'clock,Passenger Car,Disabling,N,Moving Constant Speed,2015-01-21 06:44,41,38.617886,-76.87462517
2979,N,Apparently Normal,No Misuse,N,No Injury,229d91d0-f007-45e8-a909-817847951e14,D,MSP5829002K,Shoulder/Lap Belt(s),F,11cd7e54-d8c4-47b0-b8e3-61eeb509a8ab,Same Direction Rear End,N,Intersection,Right Turn Lane,Dark Lights On,No Defects,"Two-way, Divided, Positive Median Barrier",Dry,Clear,Six o'clock,(Sport) Utility Vehicle,Superficial,N,Slowing or Stopping,2015-01-31 20:02,40,38.63042567,-76.91865883
2980,N,Apparently Normal,No Misuse,N,No Injury,146a7b2f-9cbe-4922-b2bf-9b918e24a46b,D,MSP58330016,Shoulder/Lap Belt(s),F,9c29fc63-0342-4ff7-8516-9da5f5305a28,Same Movement Angle,N,Commercial Driveway,Right Turn Lane,Daylight,No Defects,"Two-way, Divided, Positive Median Barrier",Dry,Clear,Twelve o'clock,(Sport) Utility Vehicle,Disabling,N,Moving Constant Speed,2015-02-11 17:25,71,39.46881,-76.31032