KEY_INDEX,CDL_FLAG,CONDITION_CODE,EQUIP_PROB_CODE,FAULT_FLAG,INJ_SEVER_CODE,PERSON_ID,PERSON_TYPE,REPORT_NO,SAF_EQUIP_CODE,SEX_CODE,VEHICLE_ID,COLLISION_TYPE_CODE,C_M_ZONE_FLAG,JUNCTION_CODE,LANE_CODE,LIGHT_CODE,RD_COND_CODE,RD_DIV_CODE,SURF_COND_CODE,WEATHER_CODE,AREA_DAMAGED_CODE_MAIN,BODY_TYPE_CODE,DAMAGE_CODE,HIT_AND_RUN_FLAG,MOVEMENT_CODE,TIME,AGE,LATITUDE,LONGITUDE
3099,N,Apparently Normal,No Misuse,N,No Injury,6524c982-f138-4c61-b9e3-72a211cd5c96,D,MSP6056002V,None  ,M,75059bf3-474f-4916-908a-a115b40487e3,Same Direction Right Turn,N,Non Intersection,Acceleration Lane,Daylight,No Defects,"Two-way, Divided, Positive Median Barrier",Snow,Snow,Eleven o'clock,Pickup Truck,Functional,N,Moving Constant Speed,2015-02-26 09:02,52,39.0964877,-76.62710883
3100,N,Apparently Normal,No Misuse,Y,No Injury,27d705e6-8637-4675-a20a-20e015e9024a,D,MSP60560030,Shoulder/Lap Belt(s),F,32e41e22-f0f5-4a99-be26-f4b83be2bab9,Single Vehicle ,N,Interchange Related,Right Turn Lane,Daylight,No Defects,One-way Trafficway,Dry,Clear,Twelve o'clock,Passenger Car,Disabling,N,Moving Constant Speed,2015-03-21 11:29,28,39.15289418,-76.64915887
3101,N,Apparently Normal,No Misuse,Y,No Injury,a7ea60a6-06d0-4706-9684-5aada19558e6,D,MSP60560031,Shoulder/Lap Belt(s),F,3ad7fb29-df29-44cd-815e-cea1d05b5485,Same Direction Rear End,N,Non Intersection,Left Turn Lane,Daylight,No Defects,One-way Trafficway,Dry,Clear,Twelve o'clock,Passenger Car,Destroyed,N,Moving Constant Speed,2015-03-22 07:13,29,39.18416395,-76.71868373
3102,N,Apparently Normal,No Misuse,N,No Injury,90d5a873-3c1c-4a9c-95eb-332d76faa27f,D,MSP60560031,Shoulder/Lap Belt(s),M,aa1ec102-dd12-4a76-9cf9-5bda8fe5ce5e,Same Direction Rear End,N,Non Intersection,Left Turn Lane,Daylight,No Defects,One-way Trafficway,Dry,Clear,Six o'clock,(Sport) Utility Vehicle,Functional,N,Moving Constant Speed,2015-03-22 07:13,26,39.18416395,-76.71868373
3103,N,Apparently Normal,No Misuse,N,Non-incapacitating Injury,14812fe0-974f-436d-aa51-b4175a3f9d30,D,MSP6059003X,Shoulder/Lap Belt(s),M,1f360837-cb64-47a3-8d2d-e28a096e7587,Same Direction Rear End,N,Non Intersection,Acceleration Lane,Daylight,No Defects,"Two-way, Divided, Positive Median Barrier",Dry,Clear,Six o'clock,Pickup Truck,Disabling,N,Slowing or Stopping,2015-02-11 15:03,62,39.01944333,-77.10354683
3104,N,Apparently Normal,No Misuse,N,No Injury,d4a36386-7dc0-472f-9c29-230d88891e46,D,MSP6060001G,Shoulder/Lap Belt(s),F,e09022fc-41ce-43c9-9e1c-35733ea07693,Same Movement Angle,N,Intersection,Right Turn Lane,Daylight,No Defects,"Two-way, Not Divided",Wet,Clear,Ten o'clock,(Sport) Utility Vehicle,Disabling,N,Stopped in Traffic Lane,2015-01-28 17:00,53,39.59199933,-77.034376
3105,N,Apparently Normal,No Misuse,N,No Injury,5264d0a1-c601-4a5e-a0c7-58e7b3274829,D,MSP6060001G,Shoulder/Lap Belt(s),F,8bd6decc-6a11-4c66-b7df-94f718cc77e2,Same Movement Angle,N,Intersection,Right Turn Lane,Daylight,No Defects,"Two-way, Not Divided",Wet,Clear,Twelve o'clock,Passenger Car,Disabling,N,Moving Constant Speed,2015-01-28 17:00,19,39.59199933,-77.034376
3106,N,Apparently Normal,No Misuse,N,No Injury,003e892a-e66e-414c-9d44-4cb2af855710,D,MSP6060001G,Shoulder/Lap Belt(s),M,f2f9fb41-2b52-4129-a43b-978c834d87b4,Same Movement Angle,N,Intersection,Right Turn Lane,Daylight,No Defects,"Two-way, Not Divided",Wet,Clear,Roof Top,Passenger Car,Functional,N,Stopped in Traffic Lane,2015-01-28 17:00,39,39.59199933,-77.034376
3107,N,Apparently Normal,No Misuse,Y,No Injury,e71060a9-23b0-4b42-9ce6-b7577d90fc87,D,MSP6060001G,Shoulder/Lap Belt(s),M,bc1dacfb-afee-4a8e-b810-595469215dec,Same Movement Angle,N,Intersection,Right Turn Lane,Daylight,No Defects,"Two-way, Not Divided",Wet,Clear,Five o'clock,Pickup Truck,Disabling,N,Making Left Turn,2015-01-28 17:00,19,39.59199933,-77.034376
3108,N,Apparently Normal,No Misuse,N,No Injury,efd0b722-5d1d-485d-bb95-399926243711,D,MSP6060001J,Shoulder/Lap Belt(s),F,4877ac7b-f389-4a0a-a772-9b64458dc79f,Same Direction Rear End,N,Non Intersection,Left Turn Lane,Daylight,No Defects,"Two-way, Divided, Unprotected (painted >4 feet) Median",Dry,Clear,Six o'clock,Van,Functional,N,Slowing or Stopping,2015-03-11 12:32,44,39.56808633,-76.97987433
3109,N,Apparently Normal,No Misuse,Y,No Injury,b7d1cf3f-a5b3-43d2-9282-7ed4361ab866,D,MSP6060001J,Shoulder/Lap Belt(s),M,bcd25dbe-40fb-4e5e-ad74-98024e2aeb20,Same Direction Rear End,N,Non Intersection,Left Turn Lane,Daylight,No Defects,"Two-way, Divided, Unprotected (painted >4 feet) Median",Dry,Clear,Twelve o'clock,Pickup Truck,Disabling,N,Skidding,2015-03-11 12:32,41,39.56808633,-76.97987433
3110,N,Apparently Normal,No Misuse,Y,No Injury,62b685dc-297c-4793-9ce7-c95e0b8b5dd0,D,MSP6060001M,Shoulder/Lap Belt(s),F,c4b91c6e-8a09-4792-a95f-fc57299fd2b7,Same Direction Sideswipe,N,Non Intersection,Left Turn Lane,Dusk,No Defects,"Two-way, Divided, Unprotected (painted >4 feet) Median",Dry,Clear,Eleven o'clock,(Sport) Utility Vehicle,Superficial,N,Accelerating,2015-03-23 18:43,85,39.58537167,-76.990986
3111,N,Apparently Normal,No Misuse,N,No Injury,18bcf540-4887-49de-9534-f5dc1fe72669,D,MSP6060001M,Shoulder/Lap Belt(s),M,736da520-2f61-4d5a-b6c4-08845daa94f2,Same Direction Sideswipe,N,Non Intersection,Left Turn Lane,Dusk,No Defects,"Two-way, Divided, Unprotected (painted >4 feet) Median",Dry,Clear,Roof Top,Pickup Truck,Disabling,N,Moving Constant Speed,2015-03-23 18:43,69,39.58537167,-76.990986
3112,N,Apparently Normal,No Misuse,N,No Injury,d3e55e76-eb03-4b16-979c-d5f8e89bd330,D,MSP6061002X,Shoulder/Lap Belt(s),F,913f8d53-8ed2-4649-874a-7eeec3dd0697,Single Vehicle ,N,Non Intersection,Right Turn Lane,Dusk,No Defects,"Two-way, Divided, Unprotected (painted >4 feet) Median",Dry,Clear,Twelve o'clock,Passenger Car,Disabling,N,Moving Constant Speed,2015-02-06 05:50,35,38.48330967,-77.10527317
3113,N,Apparently Normal,No Misuse,N,No Injury,ebcda473-95a4-4236-aff3-e680f9447138,D,MSP60630036,Shoulder/Lap Belt(s),F,ba69a119-a792-499f-97a8-93a9023ead9d,Same Direction Rear End,N,Non Intersection,Right Turn Lane,Daylight,No Defects,"Two-way, Divided, Positive Median Barrier",Dry,Clear,Six o'clock,Passenger Car,Functional,N,Stopped in Traffic Lane,2015-02-12 13:46,51,39.57109367,-76.38276983
3114,N,Apparently Normal,No Misuse,Y,No Injury,dec4b9e9-352d-4b90-bc48-4d20ed953826,D,MSP60630036,Shoulder/Lap Belt(s),M,feef9bca-37ff-4454-b0a5-37fe303dce64,Same Direction Rear End,N,Non Intersection,Right Turn Lane,Daylight,No Defects,"Two-way, Divided, Positive Median Barrier",Dry,Clear,Twelve o'clock,Passenger Car,Functional,N,Slowing or Stopping,2015-02-12 13:46,57,39.57109367,-76.38276983
3115,N,Apparently Normal,No Misuse,N,No Injury,16c69c90-3493-4efe-bcfd-9f635dd8c062,D,MSP6068003N,Shoulder/Lap Belt(s),F,17779bc8-6730-4175-9ce6-7bb56e639b74,Same Direction Rear End,N,Intersection Related,Right Turn Lane,Dark No Lights,No Defects,"Two-way, Divided, Positive Median Barrier",Dry,Clear,Six o'clock,(Sport) Utility Vehicle,Functional,N,Slowing or Stopping,2015-01-22 19:26,55,38.8113875,-76.96678017
3116,N,Apparently Normal,No Misuse,N,No Injury,a9f0e58c-7dba-4758-9b3d-dccb5aa5ecfd,D,MSP6068003N,Shoulder/Lap Belt(s),M,187369e1-ec90-449a-b0bc-1f6d40705c22,Same Direction Rear End,N,Intersection Related,Right Turn Lane,Dark No Lights,No Defects,"Two-way, Divided, Positive Median Barrier",Dry,Clear,Six o'clock,Passenger Car,Functional,N,Slowing or Stopping,2015-01-22 19:26,45,38.8113875,-76.96678017
3117,N,Apparently Normal,No Misuse,Y,No Injury,e84b7f31-e8bf-4b98-a483-64e025449eeb,D,MSP6068003N,Shoulder/Lap Belt(s),M,efbfc42e-7942-4442-9745-e6fa89982c20,Same Direction Rear End,N,Intersection Related,Right Turn Lane,Dark No Lights,No Defects,"Two-way, Divided, Positive Median Barrier",Dry,Clear,Twelve o'clock,Passenger Car,Functional,N,Slowing or Stopping,2015-01-22 19:26,37,38.8113875,-76.96678017
3118,N,Apparently Normal,No Misuse,N,No Injury,aef14867-d38c-4b2b-80d1-68edd300a118,D,MSP6079002J,Shoulder/Lap Belt(s),F,1cde4848-8b96-4efb-a6a6-681385bb752c,Same Direction Rear End,N,Non Intersection,Acceleration Lane,Dawn,No Defects,"Two-way, Divided, Positive Median Barrier",Ice,Clear,Six o'clock,(Sport) Utility Vehicle,Disabling,N,Moving Constant Speed,2015-02-15 06:40,46,39.16933483,-76.64070833
3119,N,Apparently Normal,No Misuse,Y,No Injury,58cfd349-d885-4f0b-97f4-8f25e29c92a7,D,MSP6079002J,Shoulder/Lap Belt(s),M,58e69819-ff9a-4f50-977c-672e43cc1790,Same Direction Rear End,N,Non Intersection,Acceleration Lane,Dawn,No Defects,"Two-way, Divided, Positive Median Barrier",Ice,Clear,Twelve o'clock,Pickup Truck,Disabling,N,Moving Constant Speed,2015-02-15 06:40,34,39.16933483,-76.64070833
3120,N,Apparently Normal,No Misuse,Y,No Injury,9ce28ea2-b75b-48a1-8126-164c21744c57,D,MSP6079002K,Shoulder/Lap Belt(s),F,4751122d-22f4-48d1-ae3d-ec5b41919b12,Single Vehicle ,N,Non Intersection,Right Turn Lane,Daylight,No Defects,"Two-way, Divided, Positive Median Barrier",Ice,Clear,Nine o'clock,Passenger Car,Functional,N,Moving Constant Speed,2015-02-15 08:59,24,39.20077917,-76.63197517
3121,N,Apparently Normal,No Misuse,Y,No Injury,7c53ffa6-c175-416c-8783-f9aa3c6fab14,D,MSP6079002L,Shoulder/Lap Belt(s),F,06a24a94-9c3f-4b8a-a600-c92d72d75790,Same Direction Rear End,N,Non Intersection,Deceleration Lane,Daylight,No Defects,"Two-way, Divided, Positive Median Barrier",Dry,Clear,Twelve o'clock,(Sport) Utility Vehicle,Functional,N,Moving Constant Speed,2015-02-15 13:14,31,39.22756567,-76.66336683
3122,N,Apparently Normal,No Misuse,N,Non-incapacitating Injury,26018c11-7196-407c-8961-35196636916f,D,MSP6079002L,Shoulder/Lap Belt(s),F,b2a4266d-f2ac-4918-9a96-f00da28ce31c,Same Direction Rear End,N,Non Intersection,Deceleration Lane,Daylight,No Defects,"Two-way, Divided, Positive Median Barrier",Dry,Clear,Six o'clock,(Sport) Utility Vehicle,Functional,N,Stopped in Traffic Lane,2015-02-15 13:14,65,39.22756567,-76.66336683
3123,N,Apparently Normal,No Misuse,Y,No Injury,4e0c2aca-d229-4f03-a343-9e691f1e29a3,D,MSP6079002L,Shoulder/Lap Belt(s),M,aeb5a6b7-b764-4538-8543-747e65c4bec1,Same Direction Rear End,N,Non Intersection,Deceleration Lane,Daylight,No Defects,"Two-way, Divided, Positive Median Barrier",Dry,Clear,Twelve o'clock,Passenger Car,Disabling,N,Moving Constant Speed,2015-02-15 13:14,50,39.22756567,-76.66336683
3124,N,Apparently Normal,No Misuse,N,No Injury,55a8b2fc-c649-4155-b38c-74943fa2cda8,D,MSP6079002N,Shoulder/Lap Belt(s),F,94d5dbd3-2fd0-43e7-aa61-3e9973fa30e1,Same Direction Rear End,N,Non Intersection,Acceleration Lane,Daylight,No Defects,"Two-way, Divided, Positive Median Barrier",Dry,Clear,Six o'clock,Passenger Car,Functional,N,Slowing or Stopping,2015-02-23 16:55,59,39.21589317,-76.66785967
3125,N,Apparently Normal,No Misuse,N,No Injury,b375a36d-d592-4197-a55a-5bd859d8e133,D,MSP6079002N,Shoulder/Lap Belt(s),F,5ec6a627-87a3-45e7-9d68-806984510f62,Same Direction Rear End,N,Non Intersection,Acceleration Lane,Daylight,No Defects,"Two-way, Divided, Positive Median Barrier",Dry,Clear,Six o'clock,(Sport) Utility Vehicle,Disabling,N,Moving Constant Speed,2015-02-23 16:55,55,39.21589317,-76.66785967
3126,N,Apparently Normal,No Misuse,Y,No Injury,f43db46b-7b7b-48cb-bfbc-af810bc56a82,D,MSP6079002N,Shoulder/Lap Belt(s),M,9f8e1786-4bd7-4707-aeea-2e60830ffab7,Same Direction Rear End,N,Non Intersection,Acceleration Lane,Daylight,No Defects,"Two-way, Divided, Positive Median Barrier",Dry,Clear,Twelve o'clock,Pickup Truck,Disabling,N,Moving Constant Speed,2015-02-23 16:55,42,39.21589317,-76.66785967
3127,N,Apparently Normal,No Misuse,Y,Non-incapacitating Injury,e06106d6-0cc2-4ff0-8bf2-8186c2784888,D,MSP6079002N,Shoulder/Lap Belt(s),M,f2ebe120-9b0e-4037-afdb-47f1aed53305,Same Direction Rear End,N,Non Intersection,Acceleration Lane,Daylight,No Defects,"Two-way, Divided, Positive Median Barrier",Dry,Clear,Twelve o'clock,Van,Destroyed,N,Moving Constant Speed,2015-02-23 16:55,34,39.21589317,-76.66785967
3128,N,Apparently Normal,No Misuse,Y,No Injury,24669583-c39b-4b2a-885b-02a5622804fa,D,MSP6079002Q,Shoulder/Lap Belt(s),F,e2c1cf17-b4fe-4197-ae82-5aef286264a7,Single Vehicle ,N,Non Intersection,Right Turn Lane,Dark Lights On,No Defects,"Two-way, Divided, Positive Median Barrier",Wet,Cloudy,Eleven o'clock,Passenger Car,Functional,N,Starting From Lane,2015-02-26 20:43,24,39.1997945,-76.631972
3129,N,Apparently Normal,No Misuse,N,No Injury,ab2e70bc-c1ec-4f07-b3ef-c387f8db8efd,D,MSP6079002S,Shoulder/Lap Belt(s),F,0ec54bbe-9adf-4ac4-a369-dc41133d2e7a,Same Direction Rear End,N,Non Intersection,Right Turn Lane,Daylight,No Defects,"Two-way, Divided, Positive Median Barrier",Dry,Clear,Six o'clock,Passenger Car,Disabling,N,Slowing or Stopping,2015-03-12 08:57,28,39.07836533,-76.62809483
3130,N,Apparently Normal,No Misuse,Y,Non-incapacitating Injury,856bc5df-061d-4397-98f4-6f626c291dd0,D,MSP6079002S,Shoulder/Lap Belt(s),F,40fecfdf-1171-4074-9ca3-a6baf3c8fcf5,Same Direction Rear End,N,Non Intersection,Right Turn Lane,Daylight,No Defects,"Two-way, Divided, Positive Median Barrier",Dry,Clear,Twelve o'clock,Passenger Car,Disabling,N,Moving Constant Speed,2015-03-12 08:57,52,39.07836533,-76.62809483
3131,N,Apparently Normal,No Misuse,N,No Injury,508a0dde-a5a0-426a-aa83-7fca64751712,D,MSP6079002S,Shoulder/Lap Belt(s),M,b6ebc98d-f671-4f9c-9911-8e1cc6973b12,Same Direction Rear End,N,Non Intersection,Right Turn Lane,Daylight,No Defects,"Two-way, Divided, Positive Median Barrier",Dry,Clear,Six o'clock,(Sport) Utility Vehicle,Functional,N,Slowing or Stopping,2015-03-12 08:57,44,39.07836533,-76.62809483
3132,N,Apparently Normal,No Misuse,N,No Injury,6b4c9e0a-2f5a-40f5-a148-9762c4092b58,D,MSP6079002X,Shoulder/Lap Belt(s),F,7dbeb0ab-23f3-44b1-88c3-f899ac529800,Same Direction Rear End,N,Non Intersection,Right Turn Lane,Daylight,No Defects,"Two-way, Divided, Positive Median Barrier",Wet,Raining,Six o'clock,Passenger Car,Functional,N,Slowing or Stopping,2015-03-20 16:34,33,39.182013,-76.63275733
3133,N,Apparently Normal,No Misuse,Y,No Injury,59a71fbf-127b-4118-9498-f356e10cf99b,D,MSP6079002X,Shoulder/Lap Belt(s),F,0299babc-f58b-48f9-a95a-de23a8021648,Same Direction Rear End,N,Non Intersection,Right Turn Lane,Daylight,No Defects,"Two-way, Divided, Positive Median Barrier",Wet,Raining,Twelve o'clock,Passenger Car,Functional,N,Moving Constant Speed,2015-03-20 16:34,27,39.182013,-76.63275733
3134,N,Apparently Normal,No Misuse,Y,No Injury,9b497795-f696-4071-8b8b-bcd2cac7911b,D,MSP6082000X,Shoulder/Lap Belt(s),F,42badf67-d6ce-4d24-9f37-e0cb27ecad98,Single Vehicle ,N,Non Intersection,Right Turn Lane,Dark No Lights,No Defects,"Two-way, Not Divided",Dry,Clear,Twelve o'clock,Passenger Car,Disabling,Y,Moving Constant Speed,2015-01-09 05:00,22,38.80379033,-76.13793417
3135,N,Apparently Normal,No Misuse,N,No Injury,31724ce2-2085-49f0-b77f-60382d4a09fa,D,MSP6084001C,Shoulder/Lap Belt(s),F,a720ee3d-9f87-4aa0-9f0c-cdd46d1c2df9,Opposite Direction Sideswipe,N,Intersection,Right Turn Lane,Daylight,No Defects,"Two-way, Not Divided",Dry,Clear,Eleven o'clock,(Sport) Utility Vehicle,Functional,N,Negotiating a Curve,2015-03-23 14:03,44,39.378538,-77.15236217
3136,N,Apparently Normal,No Misuse,N,No Injury,26f708fa-f5d3-4513-9aba-ca01c1afaed3,D,MSP6085002K,Shoulder/Lap Belt(s),F,ddbf12a0-6de4-4500-8054-dd78e9a62ba6,Same Direction Rear End,N,Non Intersection,Right Turn Lane,Daylight,No Defects,"Two-way, Not Divided",Dry,Clear,Six o'clock,(Sport) Utility Vehicle,Functional,N,Stopped in Traffic Lane,2015-01-05 16:43,76,39.50511938,-76.2680935
3137,N,Apparently Normal,No Misuse,Y,No Injury,11c3d2f5-b7d6-4b84-84b2-0d4c0bcd0622,D,MSP6085002K,Shoulder/Lap Belt(s),F,965fe61b-b469-4012-a851-cc1ac18b5f04,Same Direction Rear End,N,Non Intersection,Right Turn Lane,Daylight,No Defects,"Two-way, Not Divided",Dry,Clear,Twelve o'clock,Passenger Car,Disabling,N,Moving Constant Speed,2015-01-05 16:43,19,39.50511938,-76.2680935
3138,N,Apparently Normal,No Misuse,N,No Injury,2835fee0-9de9-481a-b4ad-367184922664,D,MSP6085002Q,Shoulder/Lap Belt(s),F,4f1e2428-1e09-43ed-a7a1-8413cdf83eea,Same Direction Rear End,N,Intersection,Right Turn Lane,Daylight,No Defects,"Two-way, Not Divided",Dry,Clear,Six o'clock,Passenger Car,Disabling,N,Stopped in Traffic Lane,2015-02-18 07:34,18,39.51748322,-76.26574828
3139,N,Apparently Normal,No Misuse,Y,No Injury,f30f759d-5ef1-4355-b994-ef8726306d77,D,MSP6085002Q,Shoulder/Lap Belt(s),M,2b873425-0c0d-4b85-a113-acc19ec15f9e,Same Direction Rear End,N,Intersection,Right Turn Lane,Daylight,No Defects,"Two-way, Not Divided",Dry,Clear,Twelve o'clock,Passenger Car,Disabling,N,Moving Constant Speed,2015-02-18 07:34,22,39.51748322,-76.26574828
3140,N,Apparently Normal,No Misuse,Y,No Injury,0ef55ec6-150e-4d30-909c-cd48f20b8906,D,MSP6085002R,Shoulder/Lap Belt(s),F,19fb94e4-5255-45ce-96a0-45d6edeeeda0,Same Direction Rear End,N,Intersection Related,Left Turn Lane,Daylight,No Defects,"Two-way, Divided, Positive Median Barrier",Dry,Clear,Twelve o'clock,"Other Light Trucks (10,000 lbs (4,536 kg))",Disabling,N,Moving Constant Speed,2015-02-24 16:14,31,39.45124595,-76.30505237
3141,N,Apparently Normal,No Misuse,N,No Injury,173987b2-68f9-4250-9404-9e3dde45a072,D,MSP6085002R,Shoulder/Lap Belt(s),M,2c12245f-2925-450c-94d7-b512220d9ba7,Same Direction Rear End,N,Intersection Related,Left Turn Lane,Daylight,No Defects,"Two-way, Divided, Positive Median Barrier",Dry,Clear,Six o'clock,Passenger Car,Disabling,N,Stopped in Traffic Lane,2015-02-24 16:14,66,39.45124595,-76.30505237
3142,N,Apparently Normal,Air Bag Failed,Y,No Injury,01ee834f-816e-4ddf-a653-187878781466,D,MSP60920073,Shoulder/Lap Belt(s),M,5af8c154-11a6-413b-ac1e-77fd17364fe4,Same Direction Rear End,N,Non Intersection,Deceleration Lane,Dark Lights On,No Defects,"Two-way, Divided, Positive Median Barrier",Wet,Snow,Twelve o'clock,Pickup Truck,Disabling,N,Moving Constant Speed,2015-01-07 18:06,45,39.420743,-76.64590683
3143,N,Apparently Normal,No Misuse,N,No Injury,4264692d-1423-47ea-a4a5-c0d58a1cd764,D,MSP6092007Q,Shoulder/Lap Belt(s),F,70bf7232-1353-4540-8e10-cd69b36326bd,Same Direction Rear End,N,Non Intersection,Right Turn Lane,Daylight,No Defects,"Two-way, Divided, Positive Median Barrier",Dry,Clear,Six o'clock,Passenger Car,Superficial,N,Stopped in Traffic Lane,2015-02-27 15:00,39,39.24167433,-76.693433
3144,N,Apparently Normal,No Misuse,Y,No Injury,b3575ef9-05ef-4dbb-b192-7850ddebcd4c,D,MSP6094003K,Shoulder/Lap Belt(s),F,993217ed-ecf8-4608-a4f5-7e67689f9161,Single Vehicle ,N,Non Intersection,Left Turn Lane,Dark Lights On,No Defects,"Two-way, Divided, Positive Median Barrier",Wet,Raining,Twelve o'clock,(Sport) Utility Vehicle,Disabling,N,Skidding,2015-03-14 01:54,20,39.020946,-76.935168
3145,N,Apparently Normal,No Misuse,N,No Injury,bcf67652-0e3f-447c-9b56-a504984a0b4b,D,MSP60990039,Shoulder/Lap Belt(s),F,4444fecb-7536-42be-8139-f731d5bd304c,Same Direction Rear End,N,Non Intersection,Acceleration Lane,Daylight,No Defects,"Two-way, Divided, Positive Median Barrier",Dry,Clear,Six o'clock,Pickup Truck,Superficial,N,Moving Constant Speed,2015-01-05 07:57,36,38.66667867,-76.87531667
3146,N,Apparently Normal,No Misuse,Y,No Injury,97c46573-58b5-49ee-b143-aa48ac162717,D,MSP60990039,Shoulder/Lap Belt(s),M,54de3222-3cf4-44e9-8429-dfe7da02e331,Same Direction Rear End,N,Non Intersection,Acceleration Lane,Daylight,No Defects,"Two-way, Divided, Positive Median Barrier",Dry,Clear,Twelve o'clock,Passenger Car,Disabling,N,Moving Constant Speed,2015-01-05 07:57,60,38.66667867,-76.87531667
3147,N,Apparently Normal,No Misuse,Y,No Injury,9b05d45a-5282-46f5-a2e6-56a457202994,D,MSP61000033,Shoulder/Lap Belt(s),F,a62607c6-19a6-4937-8dee-9d1254f45b2e,Same Direction Rear End,N,Non Intersection,Shoulder Area,Dark Lights On,No Defects,"Two-way, Divided, Positive Median Barrier",Dry,Clear,Twelve o'clock,Passenger Car,Disabling,N,Slowing or Stopping,2015-01-19 19:08,58,38.96686267,-77.18026883
3148,N,Apparently Normal,No Misuse,Y,No Injury,0e6a693b-dfe0-45c9-9fcd-67250bf7f67f,D,MSP61000033,Shoulder/Lap Belt(s),F,c4e806bd-96d3-4c6f-87b3-9564f0a56a13,Same Direction Rear End,N,Non Intersection,Shoulder Area,Dark Lights On,No Defects,"Two-way, Divided, Positive Median Barrier",Dry,Clear,Twelve o'clock,Passenger Car,Disabling,N,Slowing or Stopping,2015-01-19 19:08,36,38.96686267,-77.18026883
3149,N,Apparently Normal,No Misuse,N,No Injury,9bfd2b08-831b-4d96-923d-cf1b0fd55438,D,MSP61000033,Shoulder/Lap Belt(s),M,e1d2e590-9129-4504-beb7-cdd2e6db617e,Same Direction Rear End,N,Non Intersection,Shoulder Area,Dark Lights On,No Defects,"Two-way, Divided, Positive Median Barrier",Dry,Clear,Six o'clock,Passenger Car,Disabling,N,Slowing or Stopping,2015-01-19 19:08,50,38.96686267,-77.18026883
3150,N,Apparently Normal,No Misuse,N,No Injury,6618ff9a-a5f9-4c6f-b82b-712b0c0f59d6,D,MSP61000033,Shoulder/Lap Belt(s),M,42d83015-4075-49af-a116-a9ad625db87f,Same Direction Rear End,N,Non Intersection,Shoulder Area,Dark Lights On,No Defects,"Two-way, Divided, Positive Median Barrier",Dry,Clear,Six o'clock,Passenger Car,Disabling,N,Stopped in Traffic Lane,2015-01-19 19:08,50,38.96686267,-77.18026883
3151,N,Apparently Normal,No Misuse,N,No Injury,ac9cb4dc-4d0b-40d8-a286-221650a0fe09,D,MSP61000033,Shoulder/Lap Belt(s),M,c83c085e-eb62-4a9e-8e28-75d48e374a78,Same Direction Rear End,N,Non Intersection,Shoulder Area,Dark Lights On,No Defects,"Two-way, Divided, Positive Median Barrier",Dry,Clear,Six o'clock,Passenger Car,Disabling,N,Stopped in Traffic Lane,2015-01-19 19:08,37,38.96686267,-77.18026883
3152,N,Apparently Normal,No Misuse,Y,No Injury,494814cc-7237-4b2d-b917-0761f2feb2bd,D,MSP61000033,Shoulder/Lap Belt(s),M,5d4b097d-2673-4452-8750-620080f9fe11,Same Direction Rear End,N,Non Intersection,Shoulder Area,Dark Lights On,No Defects,"Two-way, Divided, Positive Median Barrier",Dry,Clear,Twelve o'clock,Passenger Car,Disabling,N,Slowing or Stopping,2015-01-19 19:08,48,38.96686267,-77.18026883
3153,N,Apparently Normal,No Misuse,Y,No Injury,3f0f6259-4b2a-42eb-9ef1-57a582fcc9af,D,MSP61000033,Shoulder/Lap Belt(s),M,88d5324c-a764-44b6-8301-7e08aaef58ac,Same Direction Rear End,N,Non Intersection,Shoulder Area,Dark Lights On,No Defects,"Two-way, Divided, Positive Median Barrier",Dry,Clear,Twelve o'clock,Passenger Car,Disabling,N,Slowing or Stopping,2015-01-19 19:08,26,38.96686267,-77.18026883
3154,N,Apparently Normal,No Misuse,N,No Injury,5501e192-1264-4612-a872-5edff55a4904,D,MSP61000034,Shoulder/Lap Belt(s),F,5ca9452d-0d63-4985-8f7a-c07b0de8c397,Single Vehicle ,N,Non Intersection,Right Turn Lane,Daylight,No Defects,"Two-way, Divided, Positive Median Barrier",Wet,Snow,Non-collision,Passenger Car,Destroyed,N,Moving Constant Speed,2015-01-21 15:17,38,39.240215,-77.2919715
3155,N,Apparently Normal,No Misuse,Y,No Injury,60bc1ba1-3bcd-4a59-b355-d33936023dab,D,MSP61000035,Shoulder/Lap Belt(s),F,50b95354-8374-40d9-b33a-f1764da95904,Same Direction Rear End,N,Non Intersection,Deceleration Lane,Dark Lights On,No Defects,"Two-way, Divided, Positive Median Barrier",Dry,Clear,Twelve o'clock,Passenger Car,Disabling,N,Slowing or Stopping,2015-01-22 18:12,69,39.00734333,-77.085937
3156,N,Apparently Normal,No Misuse,N,Possible Incapacitating Injury,b8ce7e9f-e870-4cd1-ab80-d74f71855aff,D,MSP61000035,Shoulder/Lap Belt(s),F,2bec850c-a6d4-46a9-9fde-a83d9785cbce,Same Direction Rear End,N,Non Intersection,Deceleration Lane,Dark Lights On,No Defects,"Two-way, Divided, Positive Median Barrier",Dry,Clear,Six o'clock,(Sport) Utility Vehicle,Functional,N,Stopped in Traffic Lane,2015-01-22 18:12,68,39.00734333,-77.085937
3157,N,Apparently Normal,No Misuse,N,No Injury,7e868911-559e-48f5-a88e-18dda888811e,D,MSP6100003B,Shoulder/Lap Belt(s),F,a74e0d7c-cb27-47b7-901c-b28067d7d911,Same Direction Rear End,N,Non Intersection,Shoulder Area,Daylight,No Defects,"Two-way, Divided, Positive Median Barrier",Dry,Clear,Six o'clock,Passenger Car,Functional,N,Stopped in Traffic Lane,2015-02-13 17:11,42,39.005604,-77.07894983