KEY_INDEX,CDL_FLAG,CONDITION_CODE,EQUIP_PROB_CODE,FAULT_FLAG,INJ_SEVER_CODE,PERSON_ID,PERSON_TYPE,REPORT_NO,SAF_EQUIP_CODE,SEX_CODE,VEHICLE_ID,COLLISION_TYPE_CODE,C_M_ZONE_FLAG,JUNCTION_CODE,LANE_CODE,LIGHT_CODE,RD_COND_CODE,RD_DIV_CODE,SURF_COND_CODE,WEATHER_CODE,AREA_DAMAGED_CODE_MAIN,BODY_TYPE_CODE,DAMAGE_CODE,HIT_AND_RUN_FLAG,MOVEMENT_CODE,TIME,AGE,LATITUDE,LONGITUDE
3218,N,Apparently Normal,No Misuse,N,No Injury,84e0c3f0-58a6-48da-a164-fed5cd3dcb45,D,MSP6266004R,Shoulder/Lap Belt(s),F,4cfe1ce7-53b4-437a-ae2d-c4093112070c,Same Direction Rear End,N,Non Intersection,Right Turn Lane,Daylight,No Defects,"Two-way, Divided, Positive Median Barrier",Wet,Raining,Six o'clock,(Sport) Utility Vehicle,Superficial,N,Slowing or Stopping,2015-03-10 16:26,40,39.24484004,-76.67386
3219,N,Apparently Normal,No Misuse,N,No Injury,17cf76f5-1e51-422a-a731-e37002303a40,D,MSP6266004R,Shoulder/Lap Belt(s),M,23fa98a6-d214-44ee-a81e-ba5b99a162e7,Same Direction Rear End,N,Non Intersection,Right Turn Lane,Daylight,No Defects,"Two-way, Divided, Positive Median Barrier",Wet,Raining,Six o'clock,Passenger Car,Superficial,N,Slowing or Stopping,2015-03-10 16:26,46,39.24484004,-76.67386
3220,N,Apparently Normal,No Misuse,Y,No Injury,47a8d19c-bfaf-4017-9fac-176a5e9cfae9,D,MSP6266004R,Shoulder/Lap Belt(s),M,831068d0-faad-424b-aada-cbed20fe1e77,Same Direction Rear End,N,Non Intersection,Right Turn Lane,Daylight,No Defects,"Two-way, Divided, Positive Median Barrier",Wet,Raining,Twelve o'clock,Passenger Car,Superficial,N,Slowing or Stopping,2015-03-10 16:26,22,39.24484004,-76.67386
3221,N,Apparently Normal,No Misuse,N,No Injury,d0baa506-24eb-4e60-92d8-72c20b2b4960,D,MSP6266004T,Shoulder/Lap Belt(s),F,0508d6b7-7b19-494b-973f-9b91b4062e60,Single Vehicle ,N,Non Intersection,Right Turn Lane,Daylight,No Defects,"Two-way, Divided, Positive Median Barrier",Wet,Raining,Eleven o'clock,Passenger Car,Functional,N,Moving Constant Speed,2015-03-27 09:36,46,39.41484004,-76.78565
3222,N,Apparently Normal,No Misuse,N,No Injury,d9e82dfd-3191-4c62-bfe4-0696b15ed3d7,D,MSP6269003F,Shoulder/Lap Belt(s),F,1cd120f8-8819-44d9-904e-59a93db43e86,Same Direction Rear End,N,Non Intersection,Left Turn Lane,Daylight,No Defects,"Two-way, Divided, Positive Median Barrier",Dry,Cloudy,Six o'clock,(Sport) Utility Vehicle,Superficial,N,Slowing or Stopping,2015-02-05 07:23,28,39.07801383,-77.16909
3223,N,Apparently Normal,No Misuse,N,No Injury,c4a0f7b5-9b4a-4ec0-83ab-ceb1f101b131,D,MSP6269003F,Shoulder/Lap Belt(s),M,19a7f467-8c4d-444c-85d0-9b7799210c02,Same Direction Rear End,N,Non Intersection,Left Turn Lane,Daylight,No Defects,"Two-way, Divided, Positive Median Barrier",Dry,Cloudy,Six o'clock,(Sport) Utility Vehicle,Superficial,N,Slowing or Stopping,2015-02-05 07:23,32,39.07801383,-77.16909
3224,N,Apparently Normal,No Misuse,Y,No Injury,6e10b63b-9e98-4b62-859c-a0f650e94c4f,D,MSP6269003F,Shoulder/Lap Belt(s),M,90907322-9e6c-4af6-b9f0-a87885e4eab9,Same Direction Rear End,N,Non Intersection,Left Turn Lane,Daylight,No Defects,"Two-way, Divided, Positive Median Barrier",Dry,Cloudy,Twelve o'clock,Passenger Car,Disabling,N,Moving Constant Speed,2015-02-05 07:23,38,39.07801383,-77.16909
3225,N,Apparently Normal,No Misuse,N,Non-incapacitating Injury,72196d43-670c-4270-ae50-dd4c75f23802,D,MSP6269003F,Shoulder/Lap Belt(s),M,ff7015a0-3f2f-4705-85bc-6c46e8511256,Same Direction Rear End,N,Non Intersection,Left Turn Lane,Daylight,No Defects,"Two-way, Divided, Positive Median Barrier",Dry,Cloudy,Six o'clock,Passenger Car,Functional,N,Slowing or Stopping,2015-02-05 07:23,38,39.07801383,-77.16909
3226,N,Apparently Normal,No Misuse,N,No Injury,bafe13fc-a854-4293-b99c-f8f35865b316,D,MSP6269003N,Shoulder/Lap Belt(s),F,999a5f5d-a711-4a1a-becb-99cfc4dd9fa7,Same Direction Sideswipe,N,Non Intersection,Right Turn Lane,Dark Lights On,No Defects,"Two-way, Divided, Positive Median Barrier",Wet,Cloudy,Two o'clock,(Sport) Utility Vehicle,Disabling,N,Moving Constant Speed,2015-03-14 21:37,44,38.98634433,-77.15747583
3227,N,Apparently Normal,No Misuse,Y,No Injury,367c464f-17e6-4ca3-a186-5dcd03f48588,D,MSP6269003N,Shoulder/Lap Belt(s),M,4d44ee63-b05c-4cc9-9694-f32b9d8037ef,Same Direction Sideswipe,N,Non Intersection,Right Turn Lane,Dark Lights On,No Defects,"Two-way, Divided, Positive Median Barrier",Wet,Cloudy,Six o'clock,Passenger Car,Functional,N,Moving Constant Speed,2015-03-14 21:37,30,38.98634433,-77.15747583
3228,N,Apparently Normal,No Misuse,N,Possible Incapacitating Injury,8d7f940b-921e-40c1-8237-fb38203db136,D,MSP6271002X,Shoulder/Lap Belt(s),F,dae0032a-cbdb-4409-8954-d0c99337ca9e,Same Direction Rear End,N,Non Intersection,Right Turn Lane,Daylight,No Defects,"Two-way, Divided, Positive Median Barrier",Wet,Raining,Six o'clock,Passenger Car,Disabling,N,Slowing or Stopping,2015-03-01 15:42,49,39.034161,-77.14276517
3229,N,Apparently Normal,No Misuse,N,No Injury,f2f1a9d2-3b16-4b68-b45c-5e2280f5826f,D,MSP6271002X,Shoulder/Lap Belt(s),M,fbb79169-ae45-4538-9415-fbbcaa990c70,Same Direction Rear End,N,Non Intersection,Right Turn Lane,Daylight,No Defects,"Two-way, Divided, Positive Median Barrier",Wet,Raining,Two o'clock,Passenger Car,Functional,N,Slowing or Stopping,2015-03-01 15:42,35,39.034161,-77.14276517
3230,N,Apparently Normal,No Misuse,N,No Injury,eb187645-992a-4f91-b406-fbab138bbb77,D,MSP6272003L,Shoulder/Lap Belt(s),F,8c441b10-fef0-4d86-ab66-c6d327f22552,Same Direction Rear End,N,Non Intersection,Left Turn Lane,Daylight,No Defects,"Two-way, Divided, Positive Median Barrier",Dry,Clear,Four o'clock,Passenger Car,Functional,N,Slowing or Stopping,2015-01-02 08:21,62,39.429254,-76.6356675
3231,N,Apparently Normal,No Misuse,N,No Injury,f8318bc0-9228-48f4-9475-3f301fb95ddd,D,MSP6272003L,Shoulder/Lap Belt(s),M,83397473-0f9f-4986-98ea-55b4f697ea12,Same Direction Rear End,N,Non Intersection,Left Turn Lane,Daylight,No Defects,"Two-way, Divided, Positive Median Barrier",Dry,Clear,One o'clock,Passenger Car,Functional,N,Slowing or Stopping,2015-01-02 08:21,45,39.429254,-76.6356675
3232,N,Apparently Normal,No Misuse,N,No Injury,960fc5d9-3c4d-4193-a683-43cc89b8863c,D,MSP6272003M,Shoulder/Lap Belt(s),F,7158eb72-254e-4eae-a7ff-cff25d72feb4,Same Direction Sideswipe,N,Intersection Related,Right Turn Lane,Daylight,No Defects,One-way Trafficway,Wet,Raining,One o'clock,Passenger Car,Disabling,N,Moving Constant Speed,2015-01-03 10:24,22,39.41603067,-76.66599167
3233,N,Apparently Normal,No Misuse,Y,No Injury,2eed7c9b-68ae-4f8a-8ae8-177cfa07145a,D,MSP6272003N,Shoulder/Lap Belt(s),F,fe201ecd-f9d3-4488-8648-22e7d17b37b2,Same Direction Left Turn,N,Non Intersection,Acceleration Lane,Dark No Lights,No Defects,"Two-way, Divided, Positive Median Barrier",Dry,Clear,Eleven o'clock,Passenger Car,Disabling,N,Moving Constant Speed,2015-01-05 06:46,55,39.39527167,-76.693029
3234,N,Apparently Normal,No Misuse,N,No Injury,2df5e2a8-0348-4d51-9f26-7e49f1f8048c,D,MSP6272003N,Shoulder/Lap Belt(s),M,2cb7f1cc-8757-407c-9322-6876e1bcc161,Same Direction Left Turn,N,Non Intersection,Acceleration Lane,Dark No Lights,No Defects,"Two-way, Divided, Positive Median Barrier",Dry,Clear,Five o'clock,Truck Tractor,Functional,N,Moving Constant Speed,2015-01-05 06:46,57,39.39527167,-76.693029
3235,N,Apparently Normal,No Misuse,N,No Injury,a2588132-de77-41a7-95fc-72c53ddad00f,D,MSP6272003P,Shoulder/Lap Belt(s),F,e235fd7c-aea6-40f7-8123-c9cfb4dfaab8,Same Direction Rear End,N,Non Intersection,Right Turn Lane,Dark No Lights,No Defects,"Two-way, Divided, Positive Median Barrier",Dry,Clear,Six o'clock,Recreational Vehicle,Functional,N,Slowing or Stopping,2015-01-09 18:41,28,39.41435017,-76.62311717
3236,N,Apparently Normal,No Misuse,Y,No Injury,b330cde3-29cd-4b3c-a607-ff4d2b71956f,D,MSP6272003S,Shoulder/Lap Belt(s),F,e021a335-4f8f-4e61-bcae-5a3bcd52df9a,Same Direction Sideswipe,N,Non Intersection,Right Turn Lane,Daylight,No Defects,"Two-way, Not Divided",Dry,Clear,Two o'clock,Passenger Car,Superficial,N,Moving Constant Speed,2015-01-13 15:45,74,39.399665,-76.60134333
3237,N,Apparently Normal,No Misuse,N,No Injury,d55afd7f-6c7d-4884-96d8-8dcd8f68334b,D,MSP62720040,Shoulder/Lap Belt(s),F,0a9a99d3-e91d-43cb-bdf0-9e9cebe2deae,Same Direction Rear End,N,Non Intersection,Right Turn Lane,Dark No Lights,No Defects,"Two-way, Divided, Positive Median Barrier",Dry,Clear,Six o'clock,Passenger Car,Functional,N,Slowing or Stopping,2015-02-03 18:39,19,39.4040455,-76.67552583
3238,N,Apparently Normal,No Misuse,Y,No Injury,08d5370c-cd4e-42e7-8f52-febe6420f392,D,MSP62720040,Shoulder/Lap Belt(s),M,8fc44715-db6f-4bcb-a743-01c324d18a3a,Same Direction Rear End,N,Non Intersection,Right Turn Lane,Dark No Lights,No Defects,"Two-way, Divided, Positive Median Barrier",Dry,Clear,Twelve o'clock,Recreational Vehicle,Disabling,N,Slowing or Stopping,2015-02-03 18:39,30,39.4040455,-76.67552583
3239,N,Apparently Normal,No Misuse,N,No Injury,40a4feb6-8f0f-403b-9f76-44ae5233efd9,D,MSP62720041,Shoulder/Lap Belt(s),F,350754ce-040c-48dd-980c-aa49b8b4ccc0,Same Direction Rear End,N,Non Intersection,Acceleration Lane,Dark No Lights,No Defects,"Two-way, Divided, Positive Median Barrier",Dry,Clear,Six o'clock,Recreational Vehicle,Functional,N,Slowing or Stopping,2015-02-05 17:27,33,39.44039317,-76.63236083
3240,N,Apparently Normal,No Misuse,Y,No Injury,b5590977-edf4-4555-9588-09d2db8b24e1,D,MSP62720041,Shoulder/Lap Belt(s),F,2edda0ba-0c8d-447f-b6d4-f807279cac9d,Same Direction Rear End,N,Non Intersection,Acceleration Lane,Dark No Lights,No Defects,"Two-way, Divided, Positive Median Barrier",Dry,Clear,Twelve o'clock,Passenger Car,Disabling,N,Slowing or Stopping,2015-02-05 17:27,34,39.44039317,-76.63236083
3241,N,Apparently Normal,No Misuse,N,No Injury,4a9c5fa4-8e03-4c37-ab46-afb6164e1690,D,MSP62720042,Shoulder/Lap Belt(s),F,9de59171-4d53-4a24-a4bf-5667f61dc89d,Head On Left Turn,N,Intersection Related,Left Turn Lane,Dark Lights On,No Defects,"Two-way, Divided, Positive Median Barrier",Dry,Clear,Twelve o'clock,Passenger Car,Functional,N,Slowing or Stopping,2015-02-06 17:36,47,39.39047833,-76.722893
3242,N,Apparently Normal,No Misuse,Y,No Injury,7351268c-4ea1-4160-b109-92784f0c8311,D,MSP62720042,Shoulder/Lap Belt(s),M,61703064-dc33-401b-9b3c-63b976a8e1cc,Head On Left Turn,N,Intersection Related,Left Turn Lane,Dark Lights On,No Defects,"Two-way, Divided, Positive Median Barrier",Dry,Clear,One o'clock,Passenger Car,Disabling,N,Stopped in Traffic Lane,2015-02-06 17:36,57,39.39047833,-76.722893
3243,N,Apparently Normal,No Misuse,Y,No Injury,f95b8e12-5d7a-47c9-b64f-666cb134b8a7,D,MSP62720045,Shoulder/Lap Belt(s),F,50e43d18-646a-4bfb-bd3e-8f7c141406e7,Single Vehicle ,N,Non Intersection,Deceleration Lane,Daylight,No Defects,"Two-way, Divided, Positive Median Barrier",Dry,Clear,One o'clock,Passenger Car,Disabling,N,Slowing or Stopping,2015-02-20 08:33,45,39.4614715,-76.65783733
3244,N,Apparently Normal,No Misuse,N,No Injury,b468c69a-06c4-4dae-b77f-53ef8658c766,D,MSP6272004B,Shoulder/Lap Belt(s),F,d8ed4f1a-2b4e-4115-b496-bc8194856486,Same Direction Rear End,N,Non Intersection,Left Turn Lane,Dark Lights On,No Defects,One-way Trafficway,Dry,Clear,Seven o'clock,Passenger Car,Disabling,N,Moving Constant Speed,2015-03-02 22:36,36,39.42135083,-76.6389745
3245,N,Apparently Normal,No Misuse,Y,No Injury,9785dbcc-42ef-4628-8aa1-c1f9ca8c7c99,D,MSP6272004B,Shoulder/Lap Belt(s),M,5d9a6f5c-3ed6-46fc-90f9-f10a39e9f5c3,Same Direction Rear End,N,Non Intersection,Left Turn Lane,Dark Lights On,No Defects,One-way Trafficway,Dry,Clear,One o'clock,Passenger Car,Functional,N,Moving Constant Speed,2015-03-02 22:36,34,39.42135083,-76.6389745
3246,N,Apparently Normal,No Misuse,N,No Injury,da91afa8-c028-4642-8d8b-94ca131a2d11,D,MSP6272004C,Shoulder/Lap Belt(s),F,c8426238-b429-40c2-9f3d-11de0192292b,Same Direction Rear End,N,Non Intersection,Right Turn Lane,Daylight,No Defects,"Two-way, Divided, Positive Median Barrier",Dry,Clear,Six o'clock,Recreational Vehicle,Functional,N,Slowing or Stopping,2015-03-17 08:25,28,39.284925,-76.736559
3247,N,Apparently Normal,No Misuse,Y,No Injury,daa46258-4717-4d78-b520-ff656a49edd7,D,MSP6272004C,Shoulder/Lap Belt(s),M,025a1a33-0494-4e2d-98f7-4652e65a8b82,Same Direction Rear End,N,Non Intersection,Right Turn Lane,Daylight,No Defects,"Two-way, Divided, Positive Median Barrier",Dry,Clear,Twelve o'clock,Passenger Car,Disabling,N,Moving Constant Speed,2015-03-17 08:25,28,39.284925,-76.736559
3248,N,Apparently Normal,No Misuse,N,No Injury,6305ae00-83ab-4946-b50b-a47d75cc059f,D,MSP6272004G,Shoulder/Lap Belt(s),F,dc2e8ff8-b2d3-436f-9d52-e57f800577e5,Same Direction Rear End,N,Non Intersection,Acceleration Lane,Dark Lights On,No Defects,"Two-way, Divided, Positive Median Barrier",Dry,Clear,Six o'clock,Passenger Car,Functional,N,Moving Constant Speed,2015-03-27 19:27,28,39.40229483,-76.66204433
3249,N,Using Drugs,No Misuse,Y,No Injury,036d6768-aee0-433a-bf6b-ca570c849c89,D,MSP6272004G,Shoulder/Lap Belt(s),F,566f37c7-19fc-4f73-a4d1-a2812a562180,Same Direction Rear End,N,Non Intersection,Acceleration Lane,Dark Lights On,No Defects,"Two-way, Divided, Positive Median Barrier",Dry,Clear,One o'clock,Recreational Vehicle,Functional,N,Moving Constant Speed,2015-03-27 19:27,35,39.40229483,-76.66204433
3250,N,Apparently Normal,No Misuse,Y,No Injury,0987cd90-93b6-4b5d-a1cb-2aa455d7d0de,D,MSP6275001J,Shoulder/Lap Belt(s),F,bad8cda7-2d6d-4cf9-afcc-1321f6420326,Single Vehicle ,N,Non Intersection,Right Turn Lane,Dawn,No Defects,"Two-way, Divided, Positive Median Barrier",Dry,Clear,Twelve o'clock,Passenger Car,Disabling,N,Moving Constant Speed,2015-03-26 06:00,43,39.36112617,-77.14745167
3251,N,Apparently Normal,No Misuse,Y,No Injury,d22a2f53-e4e6-4c0c-bf7e-80cd9737b009,D,MSP6276000Z,Shoulder/Lap Belt(s),F,84468a14-e1d6-4f68-9492-0544e8870ddc,Same Direction Sideswipe,N,Non Intersection,Right Turn Lane,Daylight,No Defects,"Two-way, Divided, Positive Median Barrier",Ice,Clear,Eleven o'clock,Passenger Car,Destroyed,N,Moving Constant Speed,2015-02-15 11:40,18,39.02174117,-77.10603
3252,N,Apparently Normal,No Misuse,N,No Injury,1dddc732-34c1-4e7f-b2b6-429ec8a18bfa,D,MSP6277003Z,Shoulder/Lap Belt(s),F,6c16a63b-0b5a-4b3d-9dff-5ef79d2a49c5,Same Direction Rear End,N,Non Intersection,Deceleration Lane,Daylight,No Defects,"Two-way, Divided, Positive Median Barrier",Ice,Wintry Mix,Twelve o'clock,Passenger Car,Superficial,N,Moving Constant Speed,2015-01-18 07:51,65,39.30585717,-76.73425517
3253,N,Apparently Normal,No Misuse,Y,No Injury,171b87c2-0509-41c9-93aa-712ce8075867,D,MSP6277003Z,Shoulder/Lap Belt(s),F,ba0749db-e81d-4e93-a973-f6b398e000fc,Same Direction Rear End,N,Non Intersection,Deceleration Lane,Daylight,No Defects,"Two-way, Divided, Positive Median Barrier",Ice,Wintry Mix,Twelve o'clock,"Cargo Van/Light Truck 2 axles (10,000 lbs (4,536 kg) or less)",Disabling,N,Moving Constant Speed,2015-01-18 07:51,40,39.30585717,-76.73425517
3254,N,Apparently Normal,No Misuse,N,No Injury,6c97dad2-ffbe-45c3-80d9-288a35345aca,D,MSP62770043,Shoulder/Lap Belt(s),F,462f06c4-3070-498c-b94e-f94845c7deec,Same Direction Rear End,N,Non Intersection,Right Turn Lane,Daylight,No Defects,"Two-way, Divided, Positive Median Barrier",Dry,Clear,Six o'clock,Passenger Car,Functional,N,Slowing or Stopping,2015-03-19 07:45,27,39.22608783,-76.7170645
3255,N,Apparently Normal,No Misuse,Y,No Injury,7704e154-2d3f-45f1-bd0a-c4eb4c88e6a7,D,MSP62770043,Shoulder/Lap Belt(s),M,81e63bd7-a560-41a9-9ddc-d228b92b8261,Same Direction Rear End,N,Non Intersection,Right Turn Lane,Daylight,No Defects,"Two-way, Divided, Positive Median Barrier",Dry,Clear,Twelve o'clock,Passenger Car,Disabling,N,Moving Constant Speed,2015-03-19 07:45,24,39.22608783,-76.7170645
3256,N,Apparently Normal,No Misuse,N,No Injury,a20fd9a8-01f6-4224-9883-6fdbb7b2b53e,D,MSP62770045,Shoulder/Lap Belt(s),F,df6a0e18-08d8-4820-8c91-3cc00138b688,Same Direction Rear End,N,Non Intersection,Right Turn Lane,Daylight,No Defects,"Two-way, Divided, Positive Median Barrier",Dry,Clear,Six o'clock,Passenger Car,Functional,N,Slowing or Stopping,2015-03-26 18:09,32,39.38963217,-76.7234945
3257,N,Apparently Normal,No Misuse,Y,No Injury,92712cf2-a109-41a0-8f5c-432ddb8326d0,D,MSP62780030,Shoulder/Lap Belt(s),F,dfb4e98d-142c-4344-adcf-b3bb07c0d790,Single Vehicle ,N,Non Intersection,Right Turn Lane,Daylight,No Defects,One-way Trafficway,Wet,Raining,Four o'clock,Passenger Car,Disabling,N,Moving Constant Speed,2015-01-04 10:09,52,39.049892,-76.92778933
3258,N,Apparently Normal,No Misuse,N,No Injury,40d3e8b0-8267-4fbb-b99c-ea8cda24dcfd,D,MSP62780033,Shoulder/Lap Belt(s),F,f89844fe-b3fc-4224-bd30-220aae6f96b1,Same Direction Rear End,N,Non Intersection,Right Turn Lane,Daylight,No Defects,"Two-way, Divided, Positive Median Barrier",Dry,Clear,Six o'clock,(Sport) Utility Vehicle,Functional,N,Slowing or Stopping,2015-01-05 09:25,31,39.01728717,-76.912281
3259,N,Apparently Normal,No Misuse,Y,No Injury,3b4b550e-7846-4e75-9db4-bbb036f38203,D,MSP62780033,Shoulder/Lap Belt(s),F,baa2736a-3319-4065-b370-f11a46c2934a,Same Direction Rear End,N,Non Intersection,Right Turn Lane,Daylight,No Defects,"Two-way, Divided, Positive Median Barrier",Dry,Clear,Twelve o'clock,Passenger Car,Disabling,N,Moving Constant Speed,2015-01-05 09:25,43,39.01728717,-76.912281
3260,N,Apparently Normal,No Misuse,Y,No Injury,000a5751-336c-4c89-994e-28178e405d2c,D,MSP62780035,Shoulder/Lap Belt(s),M,d52c9de1-fe74-4140-9203-9f32e16e4263,Same Direction Rear End,N,Non Intersection,Right Turn Lane,Dark No Lights,No Defects,"Two-way, Divided, Positive Median Barrier",Dry,Clear,Twelve o'clock,Passenger Car,Disabling,N,Moving Constant Speed,2015-01-15 18:45,28,39.00977067,-76.90121117
3261,N,Apparently Normal,No Misuse,Y,No Injury,5c4f4d39-4d51-44e3-b043-d0cfaa0db921,D,MSP62780038,Shoulder/Lap Belt(s),F,3b23b120-ebb1-4a61-a742-0de81dff60d1,Same Direction Rear End,N,Non Intersection,Left Turn Lane,Daylight,No Defects,"Two-way, Divided, Positive Median Barrier",Dry,Clear,Twelve o'clock,Pickup Truck,Superficial,N,Moving Constant Speed,2015-02-05 17:00,42,38.9714325,-76.86950467
3262,N,Apparently Normal,No Misuse,Y,No Injury,9bf69bc1-37f5-4d88-9e7e-d6b86b1f47d5,D,MSP6278003C,Shoulder/Lap Belt(s),F,7e753876-9911-4829-945e-8de08d68e6a2,Same Direction Rear End,N,Non Intersection,Right Turn Lane,Daylight,No Defects,"Two-way, Divided, Positive Median Barrier",Dry,Clear,Twelve o'clock,Passenger Car,Disabling,N,Moving Constant Speed,2015-02-09 15:27,25,38.91774667,-76.915886
3263,N,Apparently Normal,No Misuse,N,No Injury,f22cdab7-1677-402c-af11-b5dca181052c,D,MSP6278003J,Shoulder/Lap Belt(s),F,6eb9d8f6-b4df-4335-8460-9093c7fa3722,Same Movement Angle,N,Non Intersection,Left Turn Lane,Daylight,No Defects,"Two-way, Divided, Positive Median Barrier",Slush,Cloudy,Twelve o'clock,Passenger Car,Functional,N,Moving Constant Speed,2015-02-22 10:05,32,38.98164083,-76.87632633
3264,N,Apparently Normal,No Misuse,Y,No Injury,4eda67d4-82b5-48de-b10d-2c42bc449f0e,D,MSP6278003J,Shoulder/Lap Belt(s),F,63c77230-bcd8-4cf5-83ae-aacf4d0e9007,Same Movement Angle,N,Non Intersection,Left Turn Lane,Daylight,No Defects,"Two-way, Divided, Positive Median Barrier",Slush,Cloudy,Three o'clock,(Sport) Utility Vehicle,Functional,N,Moving Constant Speed,2015-02-22 10:05,31,38.98164083,-76.87632633
3265,N,Apparently Normal,No Misuse,Y,No Injury,49cac2f0-7f5e-4765-afea-939f117b180e,D,MSP6278003L,Shoulder/Lap Belt(s),F,324830d4-fd75-40cf-bcca-743cb223855d,Same Direction Rear End,N,Non Intersection,Left Turn Lane,Dark No Lights,No Defects,"Two-way, Divided, Positive Median Barrier",Dry,Clear,Twelve o'clock,(Sport) Utility Vehicle,Superficial,N,Moving Constant Speed,2015-02-24 06:30,41,38.91864283,-76.93088167
3266,N,Apparently Normal,No Misuse,N,Possible Incapacitating Injury,8658203a-9cd5-4dd5-a993-7d33d76e2b64,D,MSP6278003L,Shoulder/Lap Belt(s),F,1e68a65f-c54d-4b76-88e7-e6964b6e6948,Same Direction Rear End,N,Non Intersection,Left Turn Lane,Dark No Lights,No Defects,"Two-way, Divided, Positive Median Barrier",Dry,Clear,Six o'clock,Passenger Car,Disabling,N,Slowing or Stopping,2015-02-24 06:30,38,38.91864283,-76.93088167
3267,N,Apparently Normal,No Misuse,Y,No Injury,155defda-5d1b-4a07-b133-637e700af3de,D,MSP6278003L,Shoulder/Lap Belt(s),M,41ffb3b8-42bf-4883-a422-181d6ca8cd00,Same Direction Rear End,N,Non Intersection,Left Turn Lane,Dark No Lights,No Defects,"Two-way, Divided, Positive Median Barrier",Dry,Clear,Twelve o'clock,Pickup Truck,Superficial,N,Moving Constant Speed,2015-02-24 06:30,34,38.91864283,-76.93088167
3268,N,Apparently Normal,No Misuse,N,No Injury,a3c66ae0-cc5f-466c-b25d-e3e2e1273004,D,MSP6278003Q,Shoulder/Lap Belt(s),F,0eea2e1b-16ab-48cd-885c-8eb2d7669d3e,Single Vehicle ,N,Non Intersection,Left Turn Lane,Daylight,No Defects,"Two-way, Divided, Positive Median Barrier",Dry,Clear,Five o'clock,(Sport) Utility Vehicle,Disabling,N,Moving Constant Speed,2015-03-06 13:55,35,38.97464533,-76.61813667
3269,N,Apparently Normal,No Misuse,Y,No Injury,7a1fce7e-c5bc-469a-9404-51030c20075b,D,MSP62830006,Shoulder/Lap Belt(s),F,b3c85a57-73ad-4a64-8480-7d927835cc43,Single Vehicle ,N,Non Intersection,Right Turn Lane,Dawn,No Defects,"Two-way, Divided, Positive Median Barrier",Snow,Wintry Mix,Five o'clock,Passenger Car,Disabling,N,Moving Constant Speed,2015-01-14 06:47,41,38.327849,-75.57741567
3270,N,Apparently Normal,No Misuse,Y,No Injury,d5a7e887-4737-408a-bf1e-339983155d00,D,MSP62830007,Shoulder/Lap Belt(s),F,57f26aa9-5dbf-4807-8094-de50de77043f,Single Vehicle ,N,Non Intersection,Right Turn Lane,Daylight,No Defects,"Two-way, Not Divided",Slush,Wintry Mix,Six o'clock,Passenger Car,Disabling,N,Moving Constant Speed,2015-01-14 09:30,24,38.30819317,-75.53290317
3271,N,Apparently Normal,No Misuse,Y,No Injury,f90b6c31-e6ea-4ff6-9e2d-d82840360f9c,D,MSP6283000G,Shoulder/Lap Belt(s),F,f49495a9-956c-45ea-80b9-2dc5fb6c627f,Same Direction Rear End,N,Intersection,Right Turn Lane,Dark Lights On,No Defects,"Two-way, Divided, Positive Median Barrier",Slush,Snow,Twelve o'clock,Passenger Car,Disabling,N,Moving Constant Speed,2015-02-16 17:34,30,38.37564733,-75.5035655
3272,N,Apparently Normal,No Misuse,N,No Injury,21dccacc-8e4f-45df-9cdd-1102a202734c,D,MSP6283000G,Shoulder/Lap Belt(s),M,a9dac895-4fbd-42b6-a63e-b4631803915f,Same Direction Rear End,N,Intersection,Right Turn Lane,Dark Lights On,No Defects,"Two-way, Divided, Positive Median Barrier",Slush,Snow,Six o'clock,Passenger Car,Superficial,N,Moving Constant Speed,2015-02-16 17:34,68,38.37564733,-75.5035655
3273,N,Apparently Normal,No Misuse,Y,No Injury,647af254-ede2-4e99-b052-bc5ca1c15964,D,MSP62860027,Shoulder/Lap Belt(s),F,7551a683-41f5-419c-8e02-fec288529603,Same Direction Rear End,N,Non Intersection,Acceleration Lane,Dark Lights On,No Defects,"Two-way, Divided, Positive Median Barrier",Snow,Blowing Snow,Twelve o'clock,(Sport) Utility Vehicle,Disabling,N,Moving Constant Speed,2015-02-16 22:35,24,39.17991133,-76.634049
3274,N,Apparently Normal,No Misuse,N,No Injury,e30beca2-0de2-4db6-82a2-cb290bd6872d,D,MSP62860027,Shoulder/Lap Belt(s),M,d12ae5e2-2864-4639-82c5-d7dce5eb255d,Same Direction Rear End,N,Non Intersection,Acceleration Lane,Dark Lights On,No Defects,"Two-way, Divided, Positive Median Barrier",Snow,Blowing Snow,Six o'clock,Passenger Car,Disabling,N,Moving Constant Speed,2015-02-16 22:35,31,39.17991133,-76.634049
3275,N,Apparently Normal,No Misuse,Y,No Injury,0262ca8e-da64-427e-92ca-5e7cbaa307a4,D,MSP62860029,Shoulder/Lap Belt(s),F,3f2cf27b-ff07-4709-aa5e-137f569ff554,Single Vehicle ,N,Non Intersection,Acceleration Lane,Dark Lights On,No Defects,"Two-way, Divided, Positive Median Barrier",Ice,Raining,One o'clock,Passenger Car,Functional,N,Moving Constant Speed,2015-02-21 22:24,34,39.149998,-76.64546883