KEY_INDEX,CDL_FLAG,CONDITION_CODE,EQUIP_PROB_CODE,FAULT_FLAG,INJ_SEVER_CODE,PERSON_ID,PERSON_TYPE,REPORT_NO,SAF_EQUIP_CODE,SEX_CODE,VEHICLE_ID,COLLISION_TYPE_CODE,C_M_ZONE_FLAG,JUNCTION_CODE,LANE_CODE,LIGHT_CODE,RD_COND_CODE,RD_DIV_CODE,SURF_COND_CODE,WEATHER_CODE,AREA_DAMAGED_CODE_MAIN,BODY_TYPE_CODE,DAMAGE_CODE,HIT_AND_RUN_FLAG,MOVEMENT_CODE,TIME,AGE,LATITUDE,LONGITUDE
3276,N,Apparently Normal,No Misuse,Y,No Injury,dbb6e081-d648-47c0-a4fc-45ba5b935253,D,MSP6288002L,Shoulder/Lap Belt(s),F,2dd56d74-bba4-410b-b63b-4a67de23ac64,Single Vehicle ,N,Non Intersection,Right Turn Lane,Daylight,No Defects,"Two-way, Divided, Positive Median Barrier",Snow,Snow,Five o'clock,Passenger Car,Superficial,N,Moving Constant Speed,2015-01-27 08:36,43,38.44496,-76.98586
3277,N,Apparently Normal,No Misuse,N,No Injury,0edfd1f0-b372-4d24-aa99-df453e4aaf0e,D,MSP6288002Q,Shoulder/Lap Belt(s),F,ae5f38ec-fbc4-4718-ae7b-c6c225dbb7a4,Same Direction Rear End,N,Non Intersection,Right Turn Lane,Daylight,No Defects,"Two-way, Divided, Positive Median Barrier",Dry,Clear,Six o'clock,Passenger Car,Superficial,N,Slowing or Stopping,2015-03-29 16:57,61,38.63655917,-76.9001645
3278,N,Apparently Normal,No Misuse,Y,No Injury,2555ced2-77f7-4de3-ae69-1c0d4d32fd54,D,MSP6288002Q,Shoulder/Lap Belt(s),F,d279e257-60fa-4142-9500-11754d587c3d,Same Direction Rear End,N,Non Intersection,Right Turn Lane,Daylight,No Defects,"Two-way, Divided, Positive Median Barrier",Dry,Clear,Twelve o'clock,Passenger Car,Superficial,N,Moving Constant Speed,2015-03-29 16:57,26,38.63655917,-76.9001645
3279,N,Apparently Normal,No Misuse,N,No Injury,0fc0713a-1e5a-4f38-acb9-a5a3f2573627,D,MSP6288002Q,Shoulder/Lap Belt(s),M,04c460af-4783-47a9-9f42-1b7b47e0001b,Same Direction Rear End,N,Non Intersection,Right Turn Lane,Daylight,No Defects,"Two-way, Divided, Positive Median Barrier",Dry,Clear,Six o'clock,Passenger Car,Superficial,N,Slowing or Stopping,2015-03-29 16:57,28,38.63655917,-76.9001645
3280,N,Apparently Normal,No Misuse,N,No Injury,37466e47-2e7a-4f96-9ce0-7b04141d5126,D,MSP62950011,Shoulder/Lap Belt(s),F,43e3e204-64ed-4538-8345-a5ad286a4c61,Same Direction Rear End,N,Intersection Related,Right Turn Lane,Daylight,No Defects,"Two-way, Not Divided",Dry,Cloudy,Eleven o'clock,Passenger Car,Destroyed,N,Moving Constant Speed,2015-03-27 17:00,52,38.937589,-76.054423
3281,N,Apparently Normal,No Misuse,N,Non-incapacitating Injury,69a3bf04-c5e7-464f-95e6-54b891538fde,D,MSP62950011,Shoulder/Lap Belt(s),F,391bfa8a-38af-4d61-87b2-4fc58919d437,Same Direction Rear End,N,Intersection Related,Right Turn Lane,Daylight,No Defects,"Two-way, Not Divided",Dry,Cloudy,Six o'clock,Passenger Car,Destroyed,N,Making Left Turn,2015-03-27 17:00,45,38.937589,-76.054423
3282,N,Apparently Normal,No Misuse,Y,No Injury,ed1d12cc-a5e6-45b4-b197-aa35e700d25e,D,MSP62950011,Shoulder/Lap Belt(s),M,d0d41bec-ed2a-40d2-a104-5be2061f5277,Same Direction Rear End,N,Intersection Related,Right Turn Lane,Daylight,No Defects,"Two-way, Not Divided",Dry,Cloudy,Twelve o'clock,Van,Destroyed,N,Moving Constant Speed,2015-03-27 17:00,27,38.937589,-76.054423
3283,N,Apparently Normal,No Misuse,N,No Injury,6c8f1f56-983c-4bef-9f4e-76e9cb2d5dde,D,MSP63000022,Shoulder/Lap Belt(s),F,ab7ffd98-c308-4284-987c-297d2fcfc5b4,Same Movement Angle,N,Intersection,Right Turn Lane,Daylight,No Defects,"Two-way, Divided, Positive Median Barrier",Wet,Cloudy,One o'clock,(Sport) Utility Vehicle,Functional,N,Moving Constant Speed,2015-01-21 16:23,41,38.5649899,-76.8603768
3284,N,Apparently Normal,No Misuse,Y,No Injury,6a7bf85b-02ea-428f-9165-c02bd24e1306,D,MSP63000022,Shoulder/Lap Belt(s),F,766d2755-9b0f-4671-9917-443012966020,Same Movement Angle,N,Intersection,Right Turn Lane,Daylight,No Defects,"Two-way, Divided, Positive Median Barrier",Wet,Cloudy,Five o'clock,Passenger Car,Functional,Y,Making Left Turn,2015-01-21 16:23,20,38.5649899,-76.8603768
3285,N,Apparently Normal,No Misuse,N,No Injury,156c762c-67a7-4ebb-b79a-5d9add085c55,D,MSP6302002L,Shoulder/Lap Belt(s),F,4170ad19-3e19-4e5e-b4af-963e5a69598e,Same Direction Rear End,N,Non Intersection,Left Turn Lane,Dark - Unknown Lighting,No Defects,"Two-way, Divided, Positive Median Barrier",Wet,Raining,Ten o'clock,Passenger Car,Disabling,N,Moving Constant Speed,2015-01-18 07:46,69,39.00187685,-76.5972805
3286,N,Apparently Normal,No Misuse,N,No Injury,ecb9eac7-b227-4d3d-a913-36015b8e4c8b,D,MSP63040039,Shoulder/Lap Belt(s),F,5dedba64-e3f6-4d50-b4a4-5a87f98abdfc,Single Vehicle ,N,Non Intersection,Right Turn Lane,Dark Lights On,No Defects,"Two-way, Divided, Positive Median Barrier",Dry,Clear,Twelve o'clock,Passenger Car,Disabling,N,Moving Constant Speed,2015-02-01 06:12,24,39.01441283,-77.05900567
3287,N,Apparently Normal,No Misuse,Y,No Injury,2b822343-1594-4237-be12-e3fa4a95fb73,D,MSP6304003G,Shoulder/Lap Belt(s),F,9aa261bb-9a8f-4d06-af9b-77597a6b1378,Same Direction Rear End,N,Non Intersection,Right Turn Lane,Daylight,No Defects,"Two-way, Divided, Positive Median Barrier",Dry,Clear,Twelve o'clock,Passenger Car,Disabling,N,Moving Constant Speed,2015-02-04 08:30,28,39.01625883,-77.01450033
3288,N,Apparently Normal,No Misuse,N,Non-incapacitating Injury,212ed969-fb46-4a42-8721-9d6ebe7f04ba,D,MSP6304003G,Shoulder/Lap Belt(s),F,9446767f-48ff-490e-baa6-04c5de855773,Same Direction Rear End,N,Non Intersection,Right Turn Lane,Daylight,No Defects,"Two-way, Divided, Positive Median Barrier",Dry,Clear,Six o'clock,Passenger Car,Superficial,N,Slowing or Stopping,2015-02-04 08:30,28,39.01625883,-77.01450033
3289,N,Apparently Normal,No Misuse,N,No Injury,f054c42c-63c1-46db-944c-6397a670f6ad,D,MSP6304003P,Shoulder/Lap Belt(s),F,10c5931a-0386-4f38-b5e4-bc0bf64fe810,Same Direction Rear End,N,Intersection,Left Turn Lane,Daylight,No Defects,One-way Trafficway,Dry,Clear,Six o'clock,(Sport) Utility Vehicle,Superficial,N,Stopped in Traffic Lane,2015-03-24 14:30,37,39.03191102,-77.13139415
3290,N,Apparently Normal,No Misuse,N,No Injury,2f61c78e-aca0-43e6-a95f-ad1ce136dc2f,D,MSP6306000N,Shoulder/Lap Belt(s),F,abea8db0-57d7-4675-8fb3-bf87900892c8,Same Direction Rear End,N,Non Intersection,Right Turn Lane,Dark Lights On,No Defects,"Two-way, Divided, Unprotected (painted >4 feet) Median",Wet,Clear,Six o'clock,(Sport) Utility Vehicle,Functional,N,Stopped in Traffic Lane,2015-01-23 17:10,42,38.32234004,-76.47607
3291,N,Apparently Normal,No Misuse,N,No Injury,8027d68d-32af-49ee-b7fc-342ca9f8ba75,D,MSP6306000N,Shoulder/Lap Belt(s),M,b9219b23-b69a-417b-9b36-b2c8e738f9c2,Same Direction Rear End,N,Non Intersection,Right Turn Lane,Dark Lights On,No Defects,"Two-way, Divided, Unprotected (painted >4 feet) Median",Wet,Clear,Six o'clock,Passenger Car,Disabling,N,Stopped in Traffic Lane,2015-01-23 17:10,26,38.32234004,-76.47607
3292,N,Apparently Normal,No Misuse,Y,No Injury,55686af7-1cd9-4fea-83fd-415100f94f47,D,MSP6306000N,Shoulder/Lap Belt(s),M,fd9404e9-32b4-446a-ac47-0403a7fd25c9,Same Direction Rear End,N,Non Intersection,Right Turn Lane,Dark Lights On,No Defects,"Two-way, Divided, Unprotected (painted >4 feet) Median",Wet,Clear,Twelve o'clock,Passenger Car,Disabling,N,Moving Constant Speed,2015-01-23 17:10,35,38.32234004,-76.47607
3293,N,Apparently Normal,No Misuse,Y,No Injury,82897677-83a8-49df-b236-769d1e56ccc4,D,MSP63070030,Shoulder/Lap Belt(s),F,60b2931b-5cfe-4e38-8a16-3c16af7e9a1b,Same Direction Rear End,N,Non Intersection,Deceleration Lane,Dark No Lights,No Defects,"Two-way, Divided, Positive Median Barrier",Dry,Clear,Twelve o'clock,Passenger Car,Disabling,N,Moving Constant Speed,2015-01-09 01:40,27,38.81823267,-76.93517267
3294,N,Apparently Normal,No Misuse,N,No Injury,5e5dfa62-6f5a-459d-b970-e7bd15753089,D,MSP63070030,Shoulder/Lap Belt(s),M,d70f2757-d2a3-448a-b21b-34aab7ec6af0,Same Direction Rear End,N,Non Intersection,Deceleration Lane,Dark No Lights,No Defects,"Two-way, Divided, Positive Median Barrier",Dry,Clear,Six o'clock,Passenger Car,Disabling,N,Slowing or Stopping,2015-01-09 01:40,43,38.81823267,-76.93517267
3295,N,Apparently Normal,No Misuse,N,No Injury,d11ae062-5de1-4233-882c-5491007e7ed4,D,MSP63070031,Shoulder/Lap Belt(s),F,cc18a8aa-68e8-403b-9122-9f4a8bbea8a4,Same Direction Rear End,N,Non Intersection,Acceleration Lane,Dark No Lights,No Defects,"Two-way, Divided, Positive Median Barrier",Dry,Clear,Six o'clock,Passenger Car,Disabling,N,Stopped in Traffic Lane,2015-01-09 01:43,27,38.81820783,-76.93538783
3296,N,Apparently Normal,No Misuse,Y,No Injury,3370e700-a650-476d-9e04-805dddac91d2,D,MSP63070031,Shoulder/Lap Belt(s),F,f51bad0e-da42-46a1-b652-b156b1f47290,Same Direction Rear End,N,Non Intersection,Acceleration Lane,Dark No Lights,No Defects,"Two-way, Divided, Positive Median Barrier",Dry,Clear,Twelve o'clock,Recreational Vehicle,Functional,N,Moving Constant Speed,2015-01-09 01:43,34,38.81820783,-76.93538783
3297,N,Apparently Normal,No Misuse,N,No Injury,e4d71dcf-0370-4600-919c-fe944bb7d7a3,D,MSP63070032,Shoulder/Lap Belt(s),F,25d5d58f-f0cf-478e-8156-b90dd4ab0d9a,Same Direction Rear End,N,Non Intersection,Left Turn Lane,Dark No Lights,No Defects,"Two-way, Divided, Positive Median Barrier",Dry,Clear,Six o'clock,Passenger Car,Functional,N,Slowing or Stopping,2015-01-09 03:23,45,38.81819883,-76.93538033
3298,N,Apparently Normal,No Misuse,Y,No Injury,3e70a9ea-6764-484e-91f3-e42c4dcd8d76,D,MSP63070032,Shoulder/Lap Belt(s),M,e9583bca-de60-41ea-b801-353ad7028b44,Same Direction Rear End,N,Non Intersection,Left Turn Lane,Dark No Lights,No Defects,"Two-way, Divided, Positive Median Barrier",Dry,Clear,Twelve o'clock,Passenger Car,Disabling,N,Moving Constant Speed,2015-01-09 03:23,49,38.81819883,-76.93538033
3299,N,Apparently Normal,No Misuse,Y,No Injury,e048fce4-71dc-46e7-818f-f3d5976e5164,D,MSP63070034,Shoulder/Lap Belt(s),F,97f7c2e0-9bd5-44bb-80b3-7ffd5fc3f13d,Same Direction Rear End,N,Non Intersection,Right Turn Lane,Dusk,No Defects,"Two-way, Divided, Positive Median Barrier",Dry,Clear,Twelve o'clock,Passenger Car,Functional,N,Moving Constant Speed,2015-01-21 07:20,35,38.706355,-76.87734433
3300,N,Apparently Normal,No Misuse,N,Incapacitating/Disabled Injury,761808d1-a922-4113-bc21-b3810d25e362,D,MSP63070034,Shoulder/Lap Belt(s),F,b6cf0580-cb04-4899-87bd-5ae85479fa70,Same Direction Rear End,N,Non Intersection,Right Turn Lane,Dusk,No Defects,"Two-way, Divided, Positive Median Barrier",Dry,Clear,Six o'clock,Recreational Vehicle,Superficial,N,Slowing or Stopping,2015-01-21 07:20,46,38.706355,-76.87734433
3301,N,Apparently Normal,No Misuse,Y,No Injury,4fba88eb-b70a-449f-9bab-c7fc22116d35,D,MSP6307003H,Shoulder/Lap Belt(s),F,b5b9c721-3be7-4464-87b3-9e2e4ffba7ad,Same Movement Angle,N,Intersection,Left Turn Lane,Daylight,No Defects,"Two-way, Divided, Positive Median Barrier",Dry,Clear,Seven o'clock,Passenger Car,Functional,N,Moving Constant Speed,2015-03-18 18:52,63,38.90377267,-76.83383017
3302,N,Apparently Normal,No Misuse,N,Incapacitating/Disabled Injury,eb6149ce-8834-43b9-91f6-9fd40af16aec,D,MSP6307003H,Shoulder/Lap Belt(s),F,e51d5bbd-883c-4e87-bf86-4fef0c429864,Same Movement Angle,N,Intersection,Left Turn Lane,Daylight,No Defects,"Two-way, Divided, Positive Median Barrier",Dry,Clear,Twelve o'clock,Passenger Car,Disabling,N,Moving Constant Speed,2015-03-18 18:52,53,38.90377267,-76.83383017
3303,N,Apparently Normal,No Misuse,N,No Injury,6811e519-a1c7-4d40-ac4e-237c240298ea,D,MSP63090018,Shoulder/Lap Belt(s),F,a80ffaa9-e88c-49ab-aa5e-15646c27df49,Same Direction Rear End,N,Non Intersection,Right Turn Lane,Daylight,No Defects,"Two-way, Divided, Positive Median Barrier",Dry,Clear,Six o'clock,Passenger Car,Superficial,N,Slowing or Stopping,2015-03-07 12:31,62,39.0593415,-76.88823067
3304,N,Apparently Normal,No Misuse,N,No Injury,7430d82c-33a5-4a75-9422-e8f8ba023457,D,MSP63090018,Shoulder/Lap Belt(s),F,e8a6cc2e-cfe8-4707-9f42-3d4b0b08d1a4,Same Direction Rear End,N,Non Intersection,Right Turn Lane,Daylight,No Defects,"Two-way, Divided, Positive Median Barrier",Dry,Clear,Six o'clock,Passenger Car,Superficial,N,Slowing or Stopping,2015-03-07 12:31,30,39.0593415,-76.88823067
3305,N,Apparently Normal,No Misuse,N,No Injury,c95c83b7-3c9c-429b-9090-95cdf01007e2,D,MSP63090018,Shoulder/Lap Belt(s),F,f0ba9245-4c42-47a3-a7aa-28c44dd16868,Same Direction Rear End,N,Non Intersection,Right Turn Lane,Daylight,No Defects,"Two-way, Divided, Positive Median Barrier",Dry,Clear,Six o'clock,Passenger Car,Disabling,N,Slowing or Stopping,2015-03-07 12:31,29,39.0593415,-76.88823067
3306,N,Apparently Normal,No Misuse,Y,No Injury,38ffdf30-d6a9-4c37-bb70-a637bdc20048,D,MSP63090018,Shoulder/Lap Belt(s),M,59318ea8-ee79-4444-ba5f-fba34c55e2d9,Same Direction Rear End,N,Non Intersection,Right Turn Lane,Daylight,No Defects,"Two-way, Divided, Positive Median Barrier",Dry,Clear,Twelve o'clock,Passenger Car,Disabling,N,Moving Constant Speed,2015-03-07 12:31,21,39.0593415,-76.88823067
3307,N,Apparently Normal,No Misuse,N,No Injury,551c2115-e9c1-41a5-8dfd-587984c7f493,D,MSP6309001C,Shoulder/Lap Belt(s),F,19ae1c7f-49bc-47c8-82b8-d612b152ba95,Same Direction Rear End,N,Non Intersection,Deceleration Lane,Daylight,No Defects,"Two-way, Divided, Positive Median Barrier",Dry,Clear,Six o'clock,(Sport) Utility Vehicle,Superficial,N,Slowing or Stopping,2015-03-13 14:59,55,38.99682217,-76.8906345
3308,N,Apparently Normal,No Misuse,N,No Injury,7371268b-b425-423e-b1e5-450c61cb0ea3,D,MSP6309001D,Shoulder/Lap Belt(s),F,e4f176e2-58aa-41b0-8587-6737329c631c,Same Direction Rear End,N,Non Intersection,Right Turn Lane,Daylight,No Defects,"Two-way, Divided, Positive Median Barrier",Dry,Clear,Six o'clock,(Sport) Utility Vehicle,Superficial,N,Slowing or Stopping,2015-03-13 15:25,25,38.986989,-76.88171633
3309,N,Apparently Normal,No Misuse,N,Incapacitating/Disabled Injury,3adcadb5-e58f-4b5f-98d3-fe026b4aa74a,D,MSP6309001D,Shoulder/Lap Belt(s),F,f6fc1b66-39ef-483d-afeb-1acc345e6da1,Same Direction Rear End,N,Non Intersection,Right Turn Lane,Daylight,No Defects,"Two-way, Divided, Positive Median Barrier",Dry,Clear,Six o'clock,Passenger Car,Superficial,N,Slowing or Stopping,2015-03-13 15:25,33,38.986989,-76.88171633
3310,N,Apparently Normal,No Misuse,N,No Injury,a1c24b5a-f73f-4656-a05c-060627b92e1e,D,MSP6309001D,Shoulder/Lap Belt(s),M,4038048d-4aa4-465e-8513-2b663f50b766,Same Direction Rear End,N,Non Intersection,Right Turn Lane,Daylight,No Defects,"Two-way, Divided, Positive Median Barrier",Dry,Clear,Six o'clock,Passenger Car,Superficial,N,Slowing or Stopping,2015-03-13 15:25,45,38.986989,-76.88171633
3311,N,Apparently Normal,No Misuse,Y,No Injury,b05fcf4e-a281-486b-a640-283eb6415411,D,MSP6309001D,Shoulder/Lap Belt(s),M,5a6642ff-93c2-412e-ab3f-a14a6ee4d508,Same Direction Rear End,N,Non Intersection,Right Turn Lane,Daylight,No Defects,"Two-way, Divided, Positive Median Barrier",Dry,Clear,Twelve o'clock,Pickup Truck,Superficial,N,Moving Constant Speed,2015-03-13 15:25,74,38.986989,-76.88171633
3312,N,Apparently Normal,No Misuse,Y,No Injury,b776c3dc-e26e-4eda-98ab-f979b07a8037,D,MSP6317001N,Shoulder/Lap Belt(s),F,afa4ae1d-34bb-44c2-ae30-7b2bf5860dc7,Single Vehicle ,N,Non Intersection,Right Turn Lane,Daylight,No Defects,"Two-way, Not Divided",Snow,Snow,Twelve o'clock,Passenger Car,Disabling,N,Moving Constant Speed,2015-01-27 08:27,49,38.30517483,-76.88152
3313,N,Apparently Normal,No Misuse,Y,No Injury,e8daf0b0-349a-49ff-a1b0-0a6b9cd71d9f,D,MSP6317001P,Shoulder/Lap Belt(s),F,20754e8a-bd65-46df-b8c9-213d7bf1b3ed,Same Direction Rear End,N,Non Intersection,Left Turn Lane,Dark Lights On,No Defects,"Two-way, Divided, Positive Median Barrier",Dry,Clear,Twelve o'clock,Passenger Car,Functional,N,Slowing or Stopping,2015-02-06 18:23,47,38.628292,-76.913854
3314,N,Apparently Normal,No Misuse,N,No Injury,e1b09f80-5fee-4077-9dd0-2ae4a24d4f58,D,MSP6317001P,Shoulder/Lap Belt(s),M,fcb9bbd7-2ec0-45ed-82b4-8baf99850bb2,Same Direction Rear End,N,Non Intersection,Left Turn Lane,Dark Lights On,No Defects,"Two-way, Divided, Positive Median Barrier",Dry,Clear,Six o'clock,Passenger Car,Superficial,N,Stopped in Traffic Lane,2015-02-06 18:23,50,38.628292,-76.913854
3315,N,Apparently Normal,No Misuse,N,No Injury,40e9d9d9-5a73-4341-adef-8f83eef4a96d,D,MSP6325003G,Shoulder/Lap Belt(s),F,99a558f4-f684-44c1-93ce-159616a8acfc,Same Direction Rear End,N,Non Intersection,Left Turn Lane,Daylight,No Defects,"Two-way, Divided, Positive Median Barrier",Dry,Clear,Six o'clock,(Sport) Utility Vehicle,Functional,N,Stopped in Traffic Lane,2015-01-16 16:30,37,38.91782717,-76.71770233
3316,N,Apparently Normal,No Misuse,N,No Injury,84c30919-ee47-4171-8027-42dcab9e96b9,D,MSP6325003T,Shoulder/Lap Belt(s),F,33023bf7-70dc-4fad-902f-04cfd734f09f,Same Direction Rear End,N,Non Intersection,Right Turn Lane,Dark Lights On,No Defects,"Two-way, Divided, Positive Median Barrier",Dry,Clear,Six o'clock,Passenger Car,Functional,N,Slowing or Stopping,2015-03-08 21:28,22,38.75162683,-76.87951717
3317,N,Apparently Normal,No Misuse,N,No Injury,827c2f72-227e-42f9-8800-fa7ed25790f2,D,MSP6328001W,Shoulder/Lap Belt(s),F,b51e02fd-b3fe-42bd-9845-1089658c7083,Same Direction Rear End,N,Non Intersection,Acceleration Lane,Dark Lights On,No Defects,"Two-way, Divided, Positive Median Barrier",Dry,Clear,Six o'clock,Passenger Car,Functional,N,Slowing or Stopping,2015-01-02 17:51,56,38.648436,-76.88709883
3318,N,Apparently Normal,No Misuse,Y,No Injury,30c2adde-0a4f-4c2f-8dc8-08e6e62c0a92,D,MSP6328001W,Shoulder/Lap Belt(s),M,caddafd7-eb43-4094-81a8-6bedcf5ad2b8,Same Direction Rear End,N,Non Intersection,Acceleration Lane,Dark Lights On,No Defects,"Two-way, Divided, Positive Median Barrier",Dry,Clear,Twelve o'clock,Passenger Car,Functional,N,Moving Constant Speed,2015-01-02 17:51,24,38.648436,-76.88709883
3319,N,Apparently Normal,No Misuse,Y,No Injury,867a95de-121a-41b4-9064-55e3471ce916,D,MSP6328001Y,Shoulder/Lap Belt(s),F,2492d8d1-faf1-476f-ae35-a87de0868994,Single Vehicle ,N,Non Intersection,Right Turn Lane,Dark Lights On,No Defects,"Two-way, Not Divided",Ice,Clear,Twelve o'clock,Van,Disabling,N,Slowing or Stopping,2015-01-25 00:27,18,38.55088133,-76.7434095
3320,N,Apparently Normal,No Misuse,N,No Injury,fe4cf36a-bd1c-4f91-855d-1405061d9cba,D,MSP6328001Z,Shoulder/Lap Belt(s),M,68a36279-7b50-4f9c-9df2-eae10c55bb5c,Same Direction Rear End,N,Non Intersection,Right Turn Lane,Dark Lights On,No Defects,"Two-way, Not Divided",Ice,Clear,Twelve o'clock,(Sport) Utility Vehicle,Disabling,N,Slowing or Stopping,2015-01-25 00:24,55,38.55088833,-76.7433795
3321,N,Apparently Normal,No Misuse,N,No Injury,e1449ca0-344b-4b29-88de-fc728c2e79ce,D,MSP63280021,Shoulder/Lap Belt(s),F,b9d89b03-eaa5-4be4-8b91-5968fd48c8ba,Same Direction Rear End,N,Non Intersection,Right Turn Lane,Daylight,No Defects,"Two-way, Not Divided",Dry,Clear,Six o'clock,Passenger Car,Functional,N,Slowing or Stopping,2015-02-10 10:21,19,38.539604,-76.99758133
3322,N,Apparently Normal,No Misuse,Y,No Injury,f423f4eb-7a9c-4b9e-8bfa-262e7ade771c,D,MSP63280021,Shoulder/Lap Belt(s),F,236f2faf-a119-49e0-9b52-63cc7bf36682,Same Direction Rear End,N,Non Intersection,Right Turn Lane,Daylight,No Defects,"Two-way, Not Divided",Dry,Clear,Twelve o'clock,Passenger Car,Disabling,N,Slowing or Stopping,2015-02-10 10:21,20,38.539604,-76.99758133
3323,N,Apparently Normal,No Misuse,N,No Injury,c024aca9-29a6-4825-b71a-ffddc2dd6a4e,D,MSP6354000S,Shoulder/Lap Belt(s),F,84796a4a-f689-4b62-91f7-4803db9989d8,Single Vehicle ,N,Non Intersection,Acceleration Lane,Dark Lights On,No Defects,"Two-way, Divided, Positive Median Barrier",Snow,Snow,Twelve o'clock,Passenger Car,Disabling,N,Slowing or Stopping,2015-01-06 06:15,42,38.97625867,-76.28966983
3324,N,Apparently Normal,No Misuse,Y,No Injury,26d2356d-1010-4392-b80c-9a36dbc52e32,D,MSP6354000W,Shoulder/Lap Belt(s),F,26ca181f-ee0c-402c-ac54-f8b8a00bb961,Single Vehicle ,N,Non Intersection,Right Turn Lane,Daylight,No Defects,"Two-way, Not Divided",Snow,Snow,Twelve o'clock,Passenger Car,Functional,N,Moving Constant Speed,2015-03-05 09:28,52,39.1437675,-75.84389833
3325,N,Apparently Normal,No Misuse,N,No Injury,bd38c013-c961-45f6-b94f-b9f1fdba09b8,D,MSP6357002M,Shoulder/Lap Belt(s),F,6751a80f-b684-41a5-baf6-fce636bbcf17,Same Direction Rear End,N,Non Intersection,Left Turn Lane,Dawn,No Defects,"Two-way, Divided, Positive Median Barrier",Dry,Clear,Six o'clock,Passenger Car,Functional,N,Slowing or Stopping,2015-01-02 17:54,46,39.1630592,-77.2367706
3326,N,Apparently Normal,No Misuse,Y,No Injury,5f784eff-29c8-4dde-8f50-b109428b666c,D,MSP6357002M,Shoulder/Lap Belt(s),M,1f51bb8e-f80c-4ef5-a35a-10bbec3344c9,Same Direction Rear End,N,Non Intersection,Left Turn Lane,Dawn,No Defects,"Two-way, Divided, Positive Median Barrier",Dry,Clear,Twelve o'clock,Passenger Car,Disabling,N,Slowing or Stopping,2015-01-02 17:54,28,39.1630592,-77.2367706
3327,N,Apparently Normal,No Misuse,Y,No Injury,c9a5444f-9ba0-407e-ae21-460b5fa9df01,D,MSP6357002R,Shoulder/Lap Belt(s),F,6faff776-a748-4f5c-9cfb-48a9392a319b,Same Direction Sideswipe,N,Non Intersection,Right Turn Lane,Dark Lights On,No Defects,"Two-way, Divided, Positive Median Barrier",Wet,Raining,Twelve o'clock,Passenger Car,Disabling,N,Moving Constant Speed,2015-01-03 22:17,44,39.0131454,-77.0374374
3328,N,Apparently Normal,No Misuse,Y,No Injury,2f065c8b-afc1-4dc5-b05b-b313a4cf1c34,D,MSP6357002R,Shoulder/Lap Belt(s),M,e5110367-c0e7-491b-ac1b-5475e64a40f1,Same Direction Sideswipe,N,Non Intersection,Right Turn Lane,Dark Lights On,No Defects,"Two-way, Divided, Positive Median Barrier",Wet,Raining,Twelve o'clock,Passenger Car,Disabling,N,Moving Constant Speed,2015-01-03 22:17,26,39.0131454,-77.0374374
3329,N,Apparently Normal,No Misuse,Y,No Injury,6de302f8-46c5-43d6-9d89-145ccbb7db87,D,MSP6357002T,Shoulder/Lap Belt(s),F,2417651a-1327-407f-9030-ccc3ce1df510,Same Direction Rear End,N,Non Intersection,Acceleration Lane,Daylight,No Defects,"Two-way, Divided, Positive Median Barrier",Dry,Clear,Twelve o'clock,Passenger Car,Functional,Y,Slowing or Stopping,2015-01-26 15:16,27,39.02340138,-77.14282036
3330,N,Apparently Normal,No Misuse,N,No Injury,ad71d981-db57-4337-bdff-50aff6b0d398,D,MSP6357002T,Shoulder/Lap Belt(s),M,91a7dc12-e8c4-4551-9fe3-c9775ade0fb4,Same Direction Rear End,N,Non Intersection,Acceleration Lane,Daylight,No Defects,"Two-way, Divided, Positive Median Barrier",Dry,Clear,Six o'clock,Passenger Car,Functional,N,Stopped in Traffic Lane,2015-01-26 15:16,54,39.02340138,-77.14282036
3331,N,Apparently Normal,No Misuse,Y,No Injury,97e100b5-0798-40ef-b5de-f36b4866c69a,D,MSP6357002V,Shoulder/Lap Belt(s),F,830b3915-f45f-4d5d-bf9f-be40d221674c,Single Vehicle ,N,Non Intersection,Right Turn Lane,Dark - Unknown Lighting,No Defects,"Two-way, Divided, Positive Median Barrier",Wet,Raining,Eight o'clock,Passenger Car,Disabling,N,Moving Constant Speed,2015-02-01 23:11,26,39.1228409,-77.1942368
3332,N,Apparently Normal,No Misuse,Y,No Injury,98fbfef6-a1a3-4dc1-93dd-ce0c19929dee,D,MSP6357002Z,Shoulder/Lap Belt(s),F,24046e47-16bb-4a75-837b-742547eae4f7,Same Direction Sideswipe,N,Non Intersection,Deceleration Lane,Daylight,No Defects,"Two-way, Divided, Positive Median Barrier",Dry,Clear,Two o'clock,Passenger Car,Functional,Y,Changing Lanes,2015-03-16 18:11,71,38.98436561,-77.15964317
3333,N,Apparently Normal,No Misuse,N,No Injury,5bfd7823-d7b3-4259-ae6a-f02629dddd18,D,MSP6357002Z,Shoulder/Lap Belt(s),M,f91ff709-85ca-413b-a4bb-eefd72792692,Same Direction Sideswipe,N,Non Intersection,Deceleration Lane,Daylight,No Defects,"Two-way, Divided, Positive Median Barrier",Dry,Clear,Nine o'clock,Passenger Car,Functional,N,Moving Constant Speed,2015-03-16 18:11,31,38.98436561,-77.15964317