KEY_INDEX,CDL_FLAG,CONDITION_CODE,EQUIP_PROB_CODE,FAULT_FLAG,INJ_SEVER_CODE,PERSON_ID,PERSON_TYPE,REPORT_NO,SAF_EQUIP_CODE,SEX_CODE,VEHICLE_ID,COLLISION_TYPE_CODE,C_M_ZONE_FLAG,JUNCTION_CODE,LANE_CODE,LIGHT_CODE,RD_COND_CODE,RD_DIV_CODE,SURF_COND_CODE,WEATHER_CODE,AREA_DAMAGED_CODE_MAIN,BODY_TYPE_CODE,DAMAGE_CODE,HIT_AND_RUN_FLAG,MOVEMENT_CODE,TIME,AGE,LATITUDE,LONGITUDE
3334,N,Apparently Normal,No Misuse,Y,No Injury,e13c8f96-3d4a-4bfb-96aa-a3c8137df558,D,MSP6358000X,Shoulder/Lap Belt(s),F,a3955a5c-3f72-4e55-a572-a7ce5a1d215c,Single Vehicle ,N,Non Intersection,Right Turn Lane,Dark No Lights,No Defects,"Two-way, Not Divided",Ice,Wintry Mix,Twelve o'clock,Passenger Car,Functional,N,Moving Constant Speed,2015-01-12 06:00,19,39.14103417,-75.91982533
3335,N,Apparently Normal,No Misuse,Y,No Injury,d0d24aec-2512-430b-b37b-986a0ffdb5c1,D,MSP63660021,Shoulder/Lap Belt(s),F,ae3cbd7e-68b9-4fda-a52d-40bcaf84a6e0,Same Direction Rear End,N,Non Intersection,Acceleration Lane,Daylight,No Defects,"Two-way, Divided, Positive Median Barrier",Dry,Clear,Twelve o'clock,Passenger Car,Superficial,N,Slowing or Stopping,2015-02-27 13:36,55,38.8114435,-76.91033117
3336,N,Apparently Normal,No Misuse,N,No Injury,be231aed-54e1-44b6-8421-c88abdd3f9be,D,MSP6367003S,Shoulder/Lap Belt(s),F,4018e5be-9953-40f7-8297-ad324c16baf8,Same Direction Rear End,N,Non Intersection,Left Turn Lane,Dawn,No Defects,"Two-way, Divided, Positive Median Barrier",Dry,Clear,Twelve o'clock,Passenger Car,Functional,N,Slowing or Stopping,2015-01-05 07:02,68,38.7948275,-77.01789067
3337,N,Apparently Normal,No Misuse,N,No Injury,a31458a6-e7d2-4b21-8ea6-264a1d715535,D,MSP6367003S,Shoulder/Lap Belt(s),M,cde5eac7-f535-44b3-9dbb-7a1f6fb86c7e,Same Direction Rear End,N,Non Intersection,Left Turn Lane,Dawn,No Defects,"Two-way, Divided, Positive Median Barrier",Dry,Clear,Six o'clock,Passenger Car,Functional,N,Slowing or Stopping,2015-01-05 07:02,54,38.7948275,-77.01789067
3338,N,Apparently Normal,No Misuse,Y,No Injury,ba04e873-ee7b-4459-bfbf-20b0e8ad6a76,D,MSP6367003S,Shoulder/Lap Belt(s),M,c182ea99-c9d2-4ef3-a548-a83bc5f4bb6f,Same Direction Rear End,N,Non Intersection,Left Turn Lane,Dawn,No Defects,"Two-way, Divided, Positive Median Barrier",Dry,Clear,Twelve o'clock,Passenger Car,Disabling,N,Moving Constant Speed,2015-01-05 07:02,40,38.7948275,-77.01789067
3339,N,Apparently Normal,No Misuse,Y,No Injury,43485d96-ec42-455d-868d-1061f40b9ff0,D,MSP6367003V,Shoulder/Lap Belt(s),F,1a9f561b-87cf-407c-be4f-739377e2e2d4,Same Direction Rear End,N,Non Intersection,Deceleration Lane,Dark Lights On,No Defects,"Two-way, Divided, Positive Median Barrier",Dry,Clear,Twelve o'clock,Passenger Car,Functional,N,Moving Constant Speed,2015-01-11 17:42,18,38.81627367,-76.91603783
3340,N,Apparently Normal,No Misuse,N,Possible Incapacitating Injury,a00e7108-6197-4616-a445-bf950a0fee0e,D,MSP6367003V,Shoulder/Lap Belt(s),M,dacaf8ea-6b7d-4f5f-84bd-e9d027758031,Same Direction Rear End,N,Non Intersection,Deceleration Lane,Dark Lights On,No Defects,"Two-way, Divided, Positive Median Barrier",Dry,Clear,Six o'clock,Passenger Car,Functional,N,Slowing or Stopping,2015-01-11 17:42,22,38.81627367,-76.91603783
3341,N,Apparently Normal,No Misuse,N,No Injury,1f566d4d-648e-478b-af45-c574cb692bb8,D,MSP6367003X,Shoulder/Lap Belt(s),F,ccf8b82e-94b5-40a2-8779-c2cf015f9d81,Same Direction Rear End,N,Non Intersection,Left Turn Lane,Daylight,No Defects,"Two-way, Divided, Positive Median Barrier",Dry,Clear,Six o'clock,Passenger Car,Functional,N,Stopped in Traffic Lane,2015-01-13 14:53,31,38.78509317,-76.7933505
3342,N,Apparently Normal,No Misuse,N,No Injury,d09213f1-7647-4e8c-90c1-23c68d0fb63f,D,MSP6367003X,Shoulder/Lap Belt(s),M,3e7e596b-a61e-4311-a7b4-c3f94872eb94,Same Direction Rear End,N,Non Intersection,Left Turn Lane,Daylight,No Defects,"Two-way, Divided, Positive Median Barrier",Dry,Clear,Six o'clock,Passenger Car,Functional,N,Slowing or Stopping,2015-01-13 14:53,30,38.78509317,-76.7933505
3343,N,Apparently Normal,No Misuse,Y,No Injury,bdbf02a6-4c8f-451d-96ba-03257fc7a720,D,MSP6367003X,Shoulder/Lap Belt(s),M,12d37fb0-9159-4ddf-b4b2-c5b540186af0,Same Direction Rear End,N,Non Intersection,Left Turn Lane,Daylight,No Defects,"Two-way, Divided, Positive Median Barrier",Dry,Clear,Twelve o'clock,Passenger Car,Disabling,N,Moving Constant Speed,2015-01-13 14:53,58,38.78509317,-76.7933505
3344,N,Apparently Normal,No Misuse,N,No Injury,c0b7ba68-b956-47d4-bec8-86404f95e9d2,D,MSP6367003Y,Shoulder/Lap Belt(s),F,37729098-1c8f-49c3-89b2-a764b796072e,Same Direction Rear End,N,Intersection Related,Right Turn Lane,Dusk,No Defects,"Two-way, Divided, Positive Median Barrier",Dry,Clear,Six o'clock,Passenger Car,Functional,N,Stopped in Traffic Lane,2015-01-13 17:08,35,38.83895017,-76.7285205
3345,N,Apparently Normal,No Misuse,N,Possible Incapacitating Injury,4cb5d784-e8d8-463f-afa6-26dfb6727799,D,MSP6367003Y,Shoulder/Lap Belt(s),F,73c5603b-bc13-4b1d-85b9-9875ebaf2922,Same Direction Rear End,N,Intersection Related,Right Turn Lane,Dusk,No Defects,"Two-way, Divided, Positive Median Barrier",Dry,Clear,Six o'clock,Passenger Car,Disabling,N,Slowing or Stopping,2015-01-13 17:08,55,38.83895017,-76.7285205
3346,N,Apparently Normal,No Misuse,Y,No Injury,3db2c60c-b64a-4a5f-9b2d-28afdd08d235,D,MSP6367003Y,Shoulder/Lap Belt(s),M,113d18da-c745-4982-b808-5a6969559ec6,Same Direction Rear End,N,Intersection Related,Right Turn Lane,Dusk,No Defects,"Two-way, Divided, Positive Median Barrier",Dry,Clear,Twelve o'clock,Passenger Car,Disabling,N,Moving Constant Speed,2015-01-13 17:08,23,38.83895017,-76.7285205
3347,N,Apparently Normal,No Misuse,N,No Injury,c2615302-ac5a-4409-86f7-9645bcb7e409,D,MSP63670042,Shoulder/Lap Belt(s),F,f0fa109e-f28a-4e39-8fb4-f3f8b4a516ee,Same Direction Sideswipe,N,Non Intersection,Acceleration Lane,Daylight,No Defects,"Two-way, Divided, Positive Median Barrier",Dry,Clear,Three o'clock,Passenger Car,Disabling,N,Moving Constant Speed,2015-02-07 15:15,52,38.93873633,-76.85568217
3348,N,Apparently Normal,No Misuse,N,No Injury,98cb0208-9468-47fa-929e-db4dea989ddc,D,MSP63670042,Shoulder/Lap Belt(s),M,b9febd5c-a7b4-41fa-951c-9844333041a9,Same Direction Sideswipe,N,Non Intersection,Acceleration Lane,Daylight,No Defects,"Two-way, Divided, Positive Median Barrier",Dry,Clear,Twelve o'clock,"Medium/Heavy Truck 2 axles (10,000 lbs (4,536 kg) or less)",Functional,N,Moving Constant Speed,2015-02-07 15:15,40,38.93873633,-76.85568217
3349,N,Apparently Normal,No Misuse,N,No Injury,91f993e0-8e30-4084-91aa-b88496a2e1ef,D,MSP63670042,Shoulder/Lap Belt(s),M,b5dda116-6ba1-45b6-920a-4f0cdb2220da,Same Direction Sideswipe,N,Non Intersection,Acceleration Lane,Daylight,No Defects,"Two-way, Divided, Positive Median Barrier",Dry,Clear,Twelve o'clock,Passenger Car,Functional,N,Moving Constant Speed,2015-02-07 15:15,36,38.93873633,-76.85568217
3350,N,Apparently Normal,No Misuse,N,No Injury,cc9ed29c-9eb7-4bf5-9b5a-129fb520634f,D,MSP63670043,Shoulder/Lap Belt(s),F,5cf60932-8bb2-4b8b-bf58-54851b94de57,Single Vehicle ,N,Non Intersection,Left Turn Lane,Dark No Lights,No Defects,"Two-way, Divided, Positive Median Barrier",Dry,Clear,Twelve o'clock,Passenger Car,Disabling,N,Moving Constant Speed,2015-02-08 19:42,42,38.71738783,-76.84752817
3351,N,Apparently Normal,No Misuse,N,No Injury,8f6d2f49-dd9c-44a7-a23f-90d47b8de64a,D,MSP63670045,Shoulder/Lap Belt(s),F,707ae152-0aaf-43a7-871b-c1b26fa85878,Same Direction Rear End,N,Non Intersection,Right Turn Lane,Dark Lights On,No Defects,"Two-way, Divided, Positive Median Barrier",Wet,Raining,Six o'clock,Passenger Car,Functional,N,Moving Constant Speed,2015-02-09 22:36,41,38.88401483,-76.843824
3352,N,Apparently Normal,No Misuse,Y,No Injury,52195a95-9a82-4bc9-8a5d-4bc5afece5d6,D,MSP63670045,Shoulder/Lap Belt(s),M,55d101b5-97b0-4fa2-8f90-3930e9bf13e1,Same Direction Rear End,N,Non Intersection,Right Turn Lane,Dark Lights On,No Defects,"Two-way, Divided, Positive Median Barrier",Wet,Raining,Twelve o'clock,Passenger Car,Functional,Y,Moving Constant Speed,2015-02-09 22:36,70,38.88401483,-76.843824
3353,N,Apparently Normal,No Misuse,N,No Injury,6b8855b3-d2dd-40e8-b9dd-a459d3b0cd2b,D,MSP63670047,Shoulder/Lap Belt(s),F,ced2918d-ec42-4b03-839c-a47b7e8dc7c5,Same Direction Rear End,N,Non Intersection,Deceleration Lane,Daylight,No Defects,"Two-way, Divided, Positive Median Barrier",Wet,Raining,Six o'clock,Passenger Car,Functional,N,Slowing or Stopping,2015-03-03 16:39,63,38.8176745,-76.93978317
3354,N,Apparently Normal,No Misuse,Y,No Injury,d137e02f-03dd-4799-857a-6a8ed51de787,D,MSP63670047,Shoulder/Lap Belt(s),F,ca41a7ec-ae43-4b08-8545-e3e5ad324583,Same Direction Rear End,N,Non Intersection,Deceleration Lane,Daylight,No Defects,"Two-way, Divided, Positive Median Barrier",Wet,Raining,Twelve o'clock,Passenger Car,Functional,N,Moving Constant Speed,2015-03-03 16:39,46,38.8176745,-76.93978317
3355,N,Apparently Normal,No Misuse,N,No Injury,8019cfee-1dc1-43d0-a8a0-4db34f681378,D,MSP63670047,Shoulder/Lap Belt(s),M,f9ba10e5-95e0-4527-b341-ca4080ec9c56,Same Direction Rear End,N,Non Intersection,Deceleration Lane,Daylight,No Defects,"Two-way, Divided, Positive Median Barrier",Wet,Raining,Six o'clock,Pickup Truck,Disabling,N,Slowing or Stopping,2015-03-03 16:39,24,38.8176745,-76.93978317
3356,N,Apparently Normal,No Misuse,N,No Injury,f3236289-1c47-41a4-8982-9ae0135be8ef,D,MSP63670049,Shoulder/Lap Belt(s),F,a93f33a7-80a1-4337-9f49-2487b85703f3,Same Direction Rear End,N,Non Intersection,Right Turn Lane,Daylight,No Defects,"Two-way, Divided, Positive Median Barrier",Wet,Raining,Six o'clock,Passenger Car,Functional,N,Stopped in Traffic Lane,2015-03-04 17:42,60,38.91546276,-76.71720743
3357,N,Apparently Normal,No Misuse,Y,No Injury,ce84608e-1ff4-411b-a22c-83e1d7a9e6ed,D,MSP63670049,Shoulder/Lap Belt(s),F,aaf1f830-7b8d-4856-98ea-a4e5810e958a,Same Direction Rear End,N,Non Intersection,Right Turn Lane,Daylight,No Defects,"Two-way, Divided, Positive Median Barrier",Wet,Raining,Twelve o'clock,Passenger Car,Disabling,N,Moving Constant Speed,2015-03-04 17:42,24,38.91546276,-76.71720743
3358,N,Apparently Normal,No Misuse,N,No Injury,7709aa94-6a36-440e-bd4a-209d11df3dbd,D,MSP6367004D,Shoulder/Lap Belt(s),F,c439c72c-f461-43ec-983c-06fe2bace07c,Single Vehicle ,N,Non Intersection,Acceleration Lane,Dawn,No Defects,"Two-way, Divided, Positive Median Barrier",Dry,Clear,Twelve o'clock,Passenger Car,Disabling,N,Moving Constant Speed,2015-03-22 06:56,65,38.67095333,-76.87476867
3359,N,Apparently Normal,No Misuse,N,No Injury,8a660251-efec-4e59-9daf-37c3df2eb68a,D,MSP6367004G,Shoulder/Lap Belt(s),F,0d38697b-2a4b-4284-a923-e595c698d5f3,Same Direction Rear End,N,Non Intersection,Left Turn Lane,Daylight,No Defects,"Two-way, Divided, Positive Median Barrier",Dry,Clear,Six o'clock,Passenger Car,Functional,N,Stopped in Traffic Lane,2015-03-27 17:24,27,38.91352833,-76.71780917
3360,N,Apparently Normal,No Misuse,Y,No Injury,99219ad5-824a-4620-8318-d9369044bd16,D,MSP6367004G,Shoulder/Lap Belt(s),M,d75b60e5-960d-4e28-91d5-9cccb68f7e9e,Same Direction Rear End,N,Non Intersection,Left Turn Lane,Daylight,No Defects,"Two-way, Divided, Positive Median Barrier",Dry,Clear,Twelve o'clock,Passenger Car,Functional,N,Moving Constant Speed,2015-03-27 17:24,21,38.91352833,-76.71780917
3361,N,Apparently Normal,No Misuse,N,No Injury,204099bd-5898-45ca-9f0b-e3bab6c5bc23,D,MSP6367004H,Shoulder/Lap Belt(s),F,6d779e34-f0fc-494e-8728-177952ef5f98,Same Direction Rear End,N,Non Intersection,Left Turn Lane,Dark Lights On,No Defects,"Two-way, Divided, Positive Median Barrier",Dry,Clear,Six o'clock,Passenger Car,Functional,N,Stopped in Traffic Lane,2015-03-27 20:32,60,38.933859,-76.71786483
3362,N,Apparently Normal,No Misuse,N,No Injury,0ddb80cf-c957-4b8f-adf4-85039c2366d3,D,MSP6367004H,Shoulder/Lap Belt(s),F,24207222-7062-48d7-bdf1-c1eb6c4cd136,Same Direction Rear End,N,Non Intersection,Left Turn Lane,Dark Lights On,No Defects,"Two-way, Divided, Positive Median Barrier",Dry,Clear,Six o'clock,Passenger Car,Functional,N,Stopped in Traffic Lane,2015-03-27 20:32,53,38.933859,-76.71786483
3363,N,Apparently Normal,No Misuse,N,No Injury,72e85d06-61de-4d96-b701-e659dbea429b,D,MSP6367004H,Shoulder/Lap Belt(s),M,643643e2-692a-4708-95eb-55f9478b3522,Same Direction Rear End,N,Non Intersection,Left Turn Lane,Dark Lights On,No Defects,"Two-way, Divided, Positive Median Barrier",Dry,Clear,Six o'clock,Passenger Car,Functional,N,Stopped in Traffic Lane,2015-03-27 20:32,54,38.933859,-76.71786483
3364,N,Apparently Normal,No Misuse,Y,No Injury,983313f8-4606-40fa-b683-54bd13b3b228,D,MSP6367004H,Shoulder/Lap Belt(s),M,41f9ca2c-62cb-474d-b3c8-deeb45ad0605,Same Direction Rear End,N,Non Intersection,Left Turn Lane,Dark Lights On,No Defects,"Two-way, Divided, Positive Median Barrier",Dry,Clear,Twelve o'clock,Passenger Car,Functional,N,Moving Constant Speed,2015-03-27 20:32,21,38.933859,-76.71786483
3365,N,Apparently Normal,No Misuse,N,Possible Incapacitating Injury,b7b788e7-afe3-4a2d-a5ef-6e3cbc45987a,D,MSP6367004H,Shoulder/Lap Belt(s),M,6e720b3a-d93c-4b83-aa3a-b13bce25d365,Same Direction Rear End,N,Non Intersection,Left Turn Lane,Dark Lights On,No Defects,"Two-way, Divided, Positive Median Barrier",Dry,Clear,Six o'clock,Passenger Car,Disabling,N,Stopped in Traffic Lane,2015-03-27 20:32,46,38.933859,-76.71786483
3366,N,Apparently Normal,No Misuse,N,No Injury,34aed129-5b61-4f6c-b839-2ee924b50ade,D,MSP6367004J,Shoulder/Lap Belt(s),F,202938e0-472e-41b4-9a11-e01742388463,Same Direction Sideswipe,N,Non Intersection,Left Turn Lane,Daylight,No Defects,"Two-way, Divided, Positive Median Barrier",Dry,Clear,One o'clock,Passenger Car,Functional,N,Stopped in Traffic Lane,2015-03-28 14:04,66,38.88839783,-76.81986667
3367,N,Apparently Normal,No Misuse,N,No Injury,b789f568-e7dd-4529-aa42-10a0162ce4ba,D,MSP6367004J,Shoulder/Lap Belt(s),F,099c40e0-9103-4c97-b4c0-4d6841c5394f,Same Direction Sideswipe,N,Non Intersection,Left Turn Lane,Daylight,No Defects,"Two-way, Divided, Positive Median Barrier",Dry,Clear,Seven o'clock,Passenger Car,Functional,N,Stopped in Traffic Lane,2015-03-28 14:04,55,38.88839783,-76.81986667
3368,N,Apparently Normal,No Misuse,N,No Injury,b5245dce-75ec-4507-806d-f396e380b17b,D,MSP6367004J,Shoulder/Lap Belt(s),M,d3551b1f-9b2d-4958-8dd2-0c05ba2df761,Same Direction Sideswipe,N,Non Intersection,Left Turn Lane,Daylight,No Defects,"Two-way, Divided, Positive Median Barrier",Dry,Clear,Seven o'clock,(Sport) Utility Vehicle,Functional,N,Stopped in Traffic Lane,2015-03-28 14:04,64,38.88839783,-76.81986667
3369,N,Apparently Normal,No Misuse,Y,No Injury,a0f4b0cd-5e42-47d1-a9a9-f9f243b4123c,D,MSP6367004J,Shoulder/Lap Belt(s),M,b737dcec-9a2d-4e1f-b285-307da8691ff0,Same Direction Sideswipe,N,Non Intersection,Left Turn Lane,Daylight,No Defects,"Two-way, Divided, Positive Median Barrier",Dry,Clear,One o'clock,Passenger Car,Disabling,N,Moving Constant Speed,2015-03-28 14:04,72,38.88839783,-76.81986667
3370,N,Apparently Normal,No Misuse,N,No Injury,8a4e070a-9e8f-4fcc-9909-3a2dfa89bcc8,D,MSP6367004M,Shoulder/Lap Belt(s),F,309ef287-9b66-422e-a89d-8ab00f3586fb,Same Direction Rear End,N,Non Intersection,Acceleration Lane,Dark Lights On,No Defects,"Two-way, Divided, Positive Median Barrier",Wet,Raining,Six o'clock,Passenger Car,Disabling,N,Stopped in Traffic Lane,2015-03-31 20:21,45,38.68248267,-76.87325783
3371,N,Apparently Normal,No Misuse,N,No Injury,6cba4b7c-57bf-490f-8895-3cb5894a7f2e,D,MSP6367004M,Shoulder/Lap Belt(s),F,ad7210cd-5ca8-41ad-9687-92fdb9830d27,Same Direction Rear End,N,Non Intersection,Acceleration Lane,Dark Lights On,No Defects,"Two-way, Divided, Positive Median Barrier",Wet,Raining,Six o'clock,Passenger Car,Functional,N,Stopped in Traffic Lane,2015-03-31 20:21,45,38.68248267,-76.87325783
3372,N,Apparently Normal,No Misuse,Y,No Injury,ccff62fa-783f-423f-a6d6-d13e063c510a,D,MSP6367004M,Shoulder/Lap Belt(s),M,abda35dc-3edf-40d4-b67d-5e321fd3bfed,Same Direction Rear End,N,Non Intersection,Acceleration Lane,Dark Lights On,No Defects,"Two-way, Divided, Positive Median Barrier",Wet,Raining,Twelve o'clock,Passenger Car,Disabling,N,Moving Constant Speed,2015-03-31 20:21,48,38.68248267,-76.87325783
3373,N,Apparently Normal,No Misuse,N,No Injury,562e40f9-78f0-4ca9-bac2-cc785a6e42fa,D,MSP6368001L,Shoulder/Lap Belt(s),F,4c24655c-ee33-49ec-94f6-f4bc0ce5f545,Same Movement Angle,N,Commercial Driveway,Left Turn Lane,Dark No Lights,No Defects,"Two-way, Divided, Unprotected (painted >4 feet) Median",Dry,Clear,Twelve o'clock,Passenger Car,Disabling,N,Moving Constant Speed,2015-01-01 02:58,26,38.62098213,-76.9008261
3374,N,Apparently Normal,No Misuse,Y,No Injury,0f123e49-4ce2-408a-a41e-b6c7ab5bf2da,D,MSP6368001L,Shoulder/Lap Belt(s),F,0e96337b-d6cd-4902-a063-db2af4f16a3e,Same Movement Angle,N,Commercial Driveway,Left Turn Lane,Dark No Lights,No Defects,"Two-way, Divided, Unprotected (painted >4 feet) Median",Dry,Clear,Eleven o'clock,Passenger Car,Disabling,N,Making Right Turn,2015-01-01 02:58,24,38.62098213,-76.9008261
3375,N,Apparently Normal,No Misuse,Y,No Injury,86d86626-6d84-411b-9f3f-e1a16942f450,D,MSP6368001N,Shoulder/Lap Belt(s),F,1484c25b-ae41-4230-8e1e-bbacbfb5c18e,Single Vehicle ,N,Non Intersection,Left Turn Lane,Daylight,No Defects,"Two-way, Divided, Unprotected (painted >4 feet) Median",Snow,Snow,Five o'clock,Pickup Truck,Superficial,N,Moving Constant Speed,2015-01-06 10:08,28,38.65702138,-76.8747282
3376,N,Apparently Normal,No Misuse,N,No Injury,06af0bc5-82c5-40df-9528-181324b7b06a,D,MSP6368001T,Shoulder/Lap Belt(s),F,981581d5-f527-43ae-8c8d-373e4967b109,Head On,N,Non Intersection,Right Turn Lane,Dark No Lights,No Defects,"Two-way, Divided, Unprotected (painted >4 feet) Median",Wet,Foggy,Twelve o'clock,Passenger Car,Disabling,N,Moving Constant Speed,2015-01-18 18:21,49,38.57153855,-77.15848446
3377,N,Apparently Normal,No Misuse,N,Non-incapacitating Injury,fbea6abf-79ec-4c68-86f0-3221c20a92eb,D,MSP6368001T,Shoulder/Lap Belt(s),M,a89e8c6b-d3cf-47ff-87f5-37eed3cbd7dd,Head On,N,Non Intersection,Right Turn Lane,Dark No Lights,No Defects,"Two-way, Divided, Unprotected (painted >4 feet) Median",Wet,Foggy,Twelve o'clock,Passenger Car,Disabling,N,Moving Constant Speed,2015-01-18 18:21,31,38.57153855,-77.15848446
3378,N,Apparently Normal,No Misuse,N,No Injury,d0c21012-4cf6-4236-9bd4-9ad2370a8cd1,D,MSP6368001W,Shoulder/Lap Belt(s),F,c9b35d7b-6f55-41b7-8df8-4d2c029e911d,Same Direction Rear End,N,Non Intersection,Left Turn Lane,Dark No Lights,No Defects,"Two-way, Divided, Unprotected (painted >4 feet) Median",Wet,Cloudy,Six o'clock,Passenger Car,Superficial,N,Moving Constant Speed,2015-02-09 17:55,35,38.62369377,-77.07369447
3379,N,Apparently Normal,No Misuse,Y,No Injury,f9eedad5-c0a7-4fdf-9fe3-a91c8f961576,D,MSP6368001W,Shoulder/Lap Belt(s),M,269b8cba-3112-4dde-ac6f-18bf6bec07ff,Same Direction Rear End,N,Non Intersection,Left Turn Lane,Dark No Lights,No Defects,"Two-way, Divided, Unprotected (painted >4 feet) Median",Wet,Cloudy,Twelve o'clock,Passenger Car,Disabling,N,Moving Constant Speed,2015-02-09 17:55,20,38.62369377,-77.07369447
3380,N,Apparently Normal,No Misuse,Y,No Injury,91095f6f-18d9-4644-ad5d-aeaa0a93a96f,D,MSP63680024,Shoulder/Lap Belt(s),F,5f232cb0-a400-443b-bc02-b9dc9f0260f2,Same Direction Rear End,N,Non Intersection,Right Turn Lane,Dark No Lights,No Defects,"Two-way, Divided, Unprotected (painted >4 feet) Median",Dry,Clear,Twelve o'clock,(Sport) Utility Vehicle,Disabling,N,Moving Constant Speed,2015-03-07 22:43,27,38.541391,-76.93546867
3381,N,Apparently Normal,No Misuse,N,Possible Incapacitating Injury,429dca07-fa49-4679-a08a-fb97738e52ad,D,MSP63680024,Shoulder/Lap Belt(s),M,16085031-87b4-4a74-899f-c9729e7c4c90,Same Direction Rear End,N,Non Intersection,Right Turn Lane,Dark No Lights,No Defects,"Two-way, Divided, Unprotected (painted >4 feet) Median",Dry,Clear,Six o'clock,Passenger Car,Disabling,N,Slowing or Stopping,2015-03-07 22:43,25,38.541391,-76.93546867
3382,N,Apparently Normal,No Misuse,Y,No Injury,4002a896-0dd4-407a-bcd0-61a44452c7fe,D,MSP63710005,Shoulder/Lap Belt(s),F,dc30916e-b0f1-4d55-b98f-7319e265acad,Single Vehicle ,N,Non Intersection,Right Turn Lane,Dark Lights On,No Defects,"Two-way, Not Divided",Dry,Clear,Ten o'clock,(Sport) Utility Vehicle,Disabling,N,Moving Constant Speed,2015-01-16 22:57,35,39.02771884,-75.91552734
3383,N,Apparently Normal,No Misuse,N,No Injury,6a1d54e4-d259-493d-8318-13a5d2ac300d,D,MSP63710008,Shoulder/Lap Belt(s),F,138c524b-b65b-4293-98c5-e9692fea2a32,Single Vehicle ,N,Non Intersection,Right Turn Lane,Daylight,No Defects,"Two-way, Not Divided",Dry,Clear,One o'clock,Passenger Car,No Damage,N,Moving Constant Speed,2015-02-10 15:43,44,39.00031004,-76.07329
3384,N,Apparently Normal,No Misuse,N,No Injury,5025d07b-7d78-4c9b-b2da-a65f5b1527b6,D,MSP6371000C,Shoulder/Lap Belt(s),F,9f4b714a-13a8-4b07-a0ce-84c748593d5e,Head On Left Turn,N,Intersection,Right Turn Lane,Daylight,No Defects,"Two-way, Not Divided",Dry,Clear,Twelve o'clock,Passenger Car,Disabling,N,Moving Constant Speed,2015-03-07 16:41,30,39.03287367,-76.01998383
3385,N,Apparently Normal,No Misuse,Y,No Injury,8ae970f3-7a1d-4810-9a61-3497dc71296a,D,MSP6371000C,Shoulder/Lap Belt(s),M,0a4e6ecb-d72d-4c8c-a8fc-65ec71d6f176,Head On Left Turn,N,Intersection,Right Turn Lane,Daylight,No Defects,"Two-way, Not Divided",Dry,Clear,Six o'clock,Van,Disabling,N,Making Left Turn,2015-03-07 16:41,50,39.03287367,-76.01998383
3386,N,Apparently Normal,No Misuse,N,No Injury,11fe4ecc-2bc3-4ac4-8d02-13484cfc0139,D,MSP6375001H,Shoulder/Lap Belt(s),F,87cb8998-a3a7-46ba-98a7-e6d83a28d6be,Same Direction Rear End,N,Non Intersection,Acceleration Lane,Daylight,No Defects,"Two-way, Divided, Positive Median Barrier",Dry,Clear,Six o'clock,Passenger Car,Superficial,N,Slowing or Stopping,2015-01-04 11:21,31,39.381861,-77.409772
3387,N,Apparently Normal,No Misuse,N,No Injury,be803506-b806-48d2-a910-8f9601b54a20,D,MSP6375001H,Shoulder/Lap Belt(s),M,127fbd52-6c8a-4e5d-98dd-facfe9f40bcb,Same Direction Rear End,N,Non Intersection,Acceleration Lane,Daylight,No Defects,"Two-way, Divided, Positive Median Barrier",Dry,Clear,Six o'clock,Passenger Car,Functional,N,Slowing or Stopping,2015-01-04 11:21,29,39.381861,-77.409772
3388,N,Apparently Normal,No Misuse,Y,No Injury,7726d40d-f290-420c-916c-683e2a315d74,D,MSP6375001H,Shoulder/Lap Belt(s),M,9cf780ab-044b-48c3-b747-658b63a13249,Same Direction Rear End,N,Non Intersection,Acceleration Lane,Daylight,No Defects,"Two-way, Divided, Positive Median Barrier",Dry,Clear,Twelve o'clock,Passenger Car,Disabling,N,Slowing or Stopping,2015-01-04 11:21,20,39.381861,-77.409772
3389,N,Apparently Normal,No Misuse,Y,No Injury,f55800b0-9a89-4558-9f04-b6732f881f61,D,MSP63750025,Shoulder/Lap Belt(s),F,48372d3f-b4d3-4a4b-ac6c-1ff1ffdb210e,Single Vehicle ,N,Non Intersection,Right Turn Lane,Daylight,No Defects,"Two-way, Divided, Positive Median Barrier",Ice,Clear,Eleven o'clock,Passenger Car,Disabling,N,Moving Constant Speed,2015-02-22 10:02,21,39.368063,-77.199419
3390,N,Apparently Normal,No Misuse,N,No Injury,98ed115b-1406-4634-8239-a80cd6413a89,D,MSP63750027,Shoulder/Lap Belt(s),F,f230c4cd-298b-471a-a883-48efa6d0a88e,Same Direction Rear End,N,Non Intersection,Right Turn Lane,Daylight,No Defects,"Two-way, Not Divided",Dry,Clear,Six o'clock,Pickup Truck,Superficial,N,Accelerating,2015-02-24 07:35,39,39.3396,-77.508522
3391,N,Apparently Normal,No Misuse,N,No Injury,4c7b7ae0-82f8-4792-9146-fde72c44d32c,D,MSP6375002B,Shoulder/Lap Belt(s),F,809a1f46-519f-4c97-b320-a2b64ddd5e34,Same Direction Rear End,N,Non Intersection,Left Turn Lane,Daylight,No Defects,"Two-way, Divided, Positive Median Barrier",Wet,Raining,Six o'clock,Passenger Car,Functional,N,Slowing or Stopping,2015-03-04 13:50,57,39.41558004,-77.4356