KEY_INDEX,CDL_FLAG,CONDITION_CODE,EQUIP_PROB_CODE,FAULT_FLAG,INJ_SEVER_CODE,PERSON_ID,PERSON_TYPE,REPORT_NO,SAF_EQUIP_CODE,SEX_CODE,VEHICLE_ID,COLLISION_TYPE_CODE,C_M_ZONE_FLAG,JUNCTION_CODE,LANE_CODE,LIGHT_CODE,RD_COND_CODE,RD_DIV_CODE,SURF_COND_CODE,WEATHER_CODE,AREA_DAMAGED_CODE_MAIN,BODY_TYPE_CODE,DAMAGE_CODE,HIT_AND_RUN_FLAG,MOVEMENT_CODE,TIME,AGE,LATITUDE,LONGITUDE
3392,N,Apparently Normal,No Misuse,Y,No Injury,2ddde4ab-7a5f-472f-8143-a28ec67912cd,D,MSP6375002B,Shoulder/Lap Belt(s),M,6d568e41-9e89-430d-8901-ddcf7a746a4d,Same Direction Rear End,N,Non Intersection,Left Turn Lane,Daylight,No Defects,"Two-way, Divided, Positive Median Barrier",Wet,Raining,Twelve o'clock,Passenger Car,Disabling,N,Moving Constant Speed,2015-03-04 13:50,72,39.41558004,-77.4356
3393,N,Apparently Normal,No Misuse,N,No Injury,13ca0086-1a2d-4e31-8e08-79c02a66a9ec,D,MSP6375002J,Shoulder/Lap Belt(s),F,106afdf7-ce39-43d9-b653-564960d33bc2,Same Direction Left Turn,N,Non Intersection,Left Turn Lane,Daylight,No Defects,"Two-way, Divided, Positive Median Barrier",Wet,Snow,One o'clock,Passenger Car,Superficial,N,Moving Constant Speed,2015-03-20 08:09,46,39.402394,-77.376863
3394,N,Apparently Normal,No Misuse,Y,No Injury,7f420eb4-e726-4d14-a290-eee9d7bd9084,D,MSP6375002J,Shoulder/Lap Belt(s),F,0701bf92-5363-444b-8f3c-6b47d0619103,Same Direction Left Turn,N,Non Intersection,Left Turn Lane,Daylight,No Defects,"Two-way, Divided, Positive Median Barrier",Wet,Snow,Eleven o'clock,Passenger Car,Superficial,N,Moving Constant Speed,2015-03-20 08:09,40,39.402394,-77.376863
3395,N,Apparently Normal,No Misuse,N,No Injury,de45d3fa-acfe-4379-a1ed-99a8d7b72f03,D,MSP6376001C,Shoulder/Lap Belt(s),F,f740786e-1254-4532-9f46-8daaeec21ec5,Same Direction Rear End,N,Non Intersection,Acceleration Lane,Dark No Lights,No Defects,"Two-way, Divided, Positive Median Barrier",Dry,Clear,Six o'clock,Passenger Car,Functional,N,Changing Lanes,2015-01-13 23:18,42,38.79655133,-76.9000075
3396,N,Apparently Normal,No Misuse,Y,No Injury,40e1a5b3-2093-479b-a224-d87fed4c4ab1,D,MSP6376001C,Shoulder/Lap Belt(s),M,d0e1500c-1c55-4b11-b46c-64275578f9de,Same Direction Rear End,N,Non Intersection,Acceleration Lane,Dark No Lights,No Defects,"Two-way, Divided, Positive Median Barrier",Dry,Clear,Twelve o'clock,Passenger Car,Disabling,N,Moving Constant Speed,2015-01-13 23:18,19,38.79655133,-76.9000075
3397,N,Apparently Normal,No Misuse,N,No Injury,a9ef9781-4f64-46e9-a015-17c661f4fbbe,D,MSP6376001K,Shoulder/Lap Belt(s),F,14764197-d12b-4e18-b40e-a702be2ae394,Same Direction Left Turn,N,Non Intersection,Right Turn Lane,Dark Lights On,No Defects,"Two-way, Divided, Positive Median Barrier",Dry,Clear,One o'clock,Passenger Car,Superficial,N,Moving Constant Speed,2015-02-14 03:38,35,38.86890003,-76.84422612
3398,N,Apparently Normal,No Misuse,N,No Injury,7e1ad53f-7f9e-46bb-a13f-053fda3f2a6c,D,MSP6376001R,Shoulder/Lap Belt(s),F,cc62da21-a8e6-475b-953b-e2b52612712f,Same Direction Left Turn,N,Non Intersection,Left Turn Lane,Dark Lights On,"Holes, Ruts, Etc.","Two-way, Divided, Positive Median Barrier",Wet,Raining,One o'clock,(Sport) Utility Vehicle,Functional,N,Moving Constant Speed,2015-03-14 03:14,50,38.8147915,-76.91373717
3399,N,Apparently Normal,No Misuse,Y,No Injury,3a354c5d-17d8-4178-84f7-c3201ec3e50d,D,MSP6376001R,Shoulder/Lap Belt(s),M,f6f8c4fd-f1bd-4bd7-ab0e-3dfbaf0743a8,Same Direction Left Turn,N,Non Intersection,Left Turn Lane,Dark Lights On,"Holes, Ruts, Etc.","Two-way, Divided, Positive Median Barrier",Wet,Raining,Twelve o'clock,Station Wagon,Disabling,N,Moving Constant Speed,2015-03-14 03:14,24,38.8147915,-76.91373717
3400,N,Apparently Normal,No Misuse,N,No Injury,078ecb16-c28e-4052-a354-5ab79986a7c2,D,MSP6376001V,Shoulder/Lap Belt(s),F,f198d669-8ac5-4f91-8d08-44076db5387d,Same Direction Rear End,N,Non Intersection,Right Turn Lane,Dark Lights On,No Defects,"Two-way, Divided, Positive Median Barrier",Dry,Clear,Six o'clock,Pickup Truck,Disabling,N,Slowing or Stopping,2015-03-27 19:21,51,38.91513,-76.7175815
3401,N,Apparently Normal,No Misuse,N,No Injury,9195e925-b1eb-4c81-99dc-358b88f46de6,D,MSP6376001V,Shoulder/Lap Belt(s),F,b64bcaf7-1275-490f-82b2-3f7135f46869,Same Direction Rear End,N,Non Intersection,Right Turn Lane,Dark Lights On,No Defects,"Two-way, Divided, Positive Median Barrier",Dry,Clear,Six o'clock,Passenger Car,Disabling,N,Slowing or Stopping,2015-03-27 19:21,37,38.91513,-76.7175815
3402,N,Apparently Normal,No Misuse,N,No Injury,59a25c05-12e8-45db-8e32-02f5030c2303,D,MSP6376001V,Shoulder/Lap Belt(s),M,fb902576-27c7-4961-af9c-60a37adee3f4,Same Direction Rear End,N,Non Intersection,Right Turn Lane,Dark Lights On,No Defects,"Two-way, Divided, Positive Median Barrier",Dry,Clear,Six o'clock,Passenger Car,Functional,N,Slowing or Stopping,2015-03-27 19:21,38,38.91513,-76.7175815
3403,N,Apparently Normal,No Misuse,Y,No Injury,fdbfa48c-11a7-446c-ba9f-2b220e0348fc,D,MSP6376001V,Shoulder/Lap Belt(s),M,c2352ded-3821-4f91-83a9-c1ed0af82e63,Same Direction Rear End,N,Non Intersection,Right Turn Lane,Dark Lights On,No Defects,"Two-way, Divided, Positive Median Barrier",Dry,Clear,Twelve o'clock,Pickup Truck,Destroyed,N,Moving Constant Speed,2015-03-27 19:21,47,38.91513,-76.7175815
3404,N,Apparently Normal,No Misuse,Y,No Injury,a97e51da-e854-4658-8ee9-9a46b709c9cb,D,MSP6376001X,Shoulder/Lap Belt(s),F,365cea58-8193-4db7-8c67-c71cf137d7d3,Same Direction Right Turn,N,Non Intersection,Left Turn Lane,Dark Lights On,No Defects,"Two-way, Divided, Positive Median Barrier",Wet,Raining,One o'clock,Passenger Car,Disabling,N,Changing Lanes,2015-03-31 18:23,25,38.662074,-76.87378067
3405,N,Apparently Normal,No Misuse,N,No Injury,cc4beda2-dd20-4c73-880a-d9516cf0073d,D,MSP6376001X,Shoulder/Lap Belt(s),M,9a16bfb5-5315-4a50-a81d-cc61b6951a0e,Same Direction Right Turn,N,Non Intersection,Left Turn Lane,Dark Lights On,No Defects,"Two-way, Divided, Positive Median Barrier",Wet,Raining,Eleven o'clock,Passenger Car,Disabling,N,Moving Constant Speed,2015-03-31 18:23,45,38.662074,-76.87378067
3406,N,Apparently Normal,No Misuse,N,Possible Incapacitating Injury,4fa802fd-f354-48f8-aab2-d41920d074d0,D,MSP6376001X,Shoulder/Lap Belt(s),M,bfe8f026-4b13-4e25-ac48-ff3ea1f60104,Same Direction Right Turn,N,Non Intersection,Left Turn Lane,Dark Lights On,No Defects,"Two-way, Divided, Positive Median Barrier",Wet,Raining,Eleven o'clock,Passenger Car,Disabling,N,Moving Constant Speed,2015-03-31 18:23,39,38.662074,-76.87378067
3407,N,Apparently Normal,No Misuse,Y,No Injury,374078dd-898f-4949-baeb-92ab3693e693,D,MSP63770038,Shoulder/Lap Belt(s),F,7956b41c-1cb3-4020-ab1f-dacf299e1407,Same Movement Angle,N,Intersection,Left Turn Lane,Daylight,No Defects,"Two-way, Divided, Positive Median Barrier",Wet,Foggy,Eleven o'clock,(Sport) Utility Vehicle,Disabling,N,Accelerating,2015-02-09 08:08,45,38.712171,-76.85401783
3408,N,Apparently Normal,No Misuse,N,Possible Incapacitating Injury,bfa6381f-2261-4025-a08b-9bca31b27faa,D,MSP63770038,Shoulder/Lap Belt(s),F,67f13caa-b622-4f21-a964-ee40a7fd64f6,Same Movement Angle,N,Intersection,Left Turn Lane,Daylight,No Defects,"Two-way, Divided, Positive Median Barrier",Wet,Foggy,Twelve o'clock,Passenger Car,Disabling,N,Moving Constant Speed,2015-02-09 08:08,49,38.712171,-76.85401783
3409,N,Apparently Normal,No Misuse,N,No Injury,6933a379-f2c2-4cf6-913b-12076cd5da09,D,MSP6377003F,Shoulder/Lap Belt(s),F,5a3b8407-27ad-411b-af69-0d9223ac15a0,Same Direction Rear End,N,Interchange Related,Right Turn Lane,Daylight,No Defects,"Two-way, Divided, Positive Median Barrier",Snow,Wintry Mix,Twelve o'clock,Passenger Car,Functional,N,Slowing or Stopping,2015-02-16 17:24,18,38.81159517,-76.73927183
3410,N,Apparently Normal,No Misuse,N,No Injury,4fc0484c-b6b9-4e04-ab2d-c6309070cc03,D,MSP6377003L,Shoulder/Lap Belt(s),F,d4fdeebe-19f4-4a74-bbe8-7db428440887,Same Direction Rear End,N,Intersection Related,Left Turn Lane,Daylight,No Defects,"Two-way, Divided, Positive Median Barrier",Dry,Clear,Six o'clock,Van,Functional,N,Slowing or Stopping,2015-03-07 11:34,36,38.8518705,-76.72601333
3411,N,Apparently Normal,No Misuse,Y,No Injury,93fad596-a7d2-4872-b0c2-ece8b5ffbfbb,D,MSP6377003L,Shoulder/Lap Belt(s),M,1dbe43e7-dd8b-4aa2-9a75-fc709d2ed002,Same Direction Rear End,N,Intersection Related,Left Turn Lane,Daylight,No Defects,"Two-way, Divided, Positive Median Barrier",Dry,Clear,Twelve o'clock,Passenger Car,Disabling,N,Slowing or Stopping,2015-03-07 11:34,57,38.8518705,-76.72601333
3412,N,Apparently Normal,No Misuse,Y,No Injury,90be74cd-f577-4d8c-b77a-28ee1d6b1662,D,MSP6377003X,Shoulder/Lap Belt(s),F,69fddb30-d17c-479f-a1eb-cab5209132cc,Same Direction Rear End,N,Intersection,Right Turn Lane,Daylight,No Defects,"Two-way, Divided, Positive Median Barrier",Dry,Clear,Twelve o'clock,Passenger Car,Disabling,N,Moving Constant Speed,2015-03-30 15:42,20,38.908822,-76.7171465
3413,N,Apparently Normal,No Misuse,N,No Injury,54f59b5d-653f-4708-a834-4130f2015c53,D,MSP6377003X,Shoulder/Lap Belt(s),M,4d9bc766-b1d0-4b73-87f3-528b7edd8990,Same Direction Rear End,N,Intersection,Right Turn Lane,Daylight,No Defects,"Two-way, Divided, Positive Median Barrier",Dry,Clear,Six o'clock,Pickup Truck,Functional,N,Slowing or Stopping,2015-03-30 15:42,30,38.908822,-76.7171465
3414,N,Apparently Normal,No Misuse,Y,No Injury,06ad2a28-4414-4d1b-b529-41664409015e,D,MSP64150004,Shoulder/Lap Belt(s),F,273b4e16-1bd5-4e9d-9eb6-a43e531aa452,Single Vehicle ,N,Non Intersection,Right Turn Lane,Daylight,No Defects,"Two-way, Not Divided",Dry,Clear,One o'clock,Passenger Car,Disabling,N,Moving Constant Speed,2015-01-26 15:35,66,38.7260993,-75.95242381
3415,N,Apparently Normal,No Misuse,Y,No Injury,7b096e40-32ba-4d83-9d4a-51f74da86540,D,MSP64150005,Shoulder/Lap Belt(s),F,71483612-1c68-429d-a550-4ff9c147e046,Single Vehicle ,N,Non Intersection,Right Turn Lane,Dark No Lights,No Defects,"Two-way, Divided, Positive Median Barrier",Wet,Raining,Twelve o'clock,Passenger Car,Disabling,N,Moving Constant Speed,2015-02-02 01:20,40,38.85077106,-76.0608387
3416,N,Apparently Normal,No Misuse,Y,No Injury,6cf7a677-4a47-4c02-9ce8-a7ca839e79be,D,MSP6456000D,Shoulder/Lap Belt(s),F,ef3d45e1-b338-459d-aabd-f3c7754a51bd,Same Direction Rear End,N,Non Intersection,Acceleration Lane,Daylight,No Defects,"Two-way, Divided, Positive Median Barrier",Dry,Cloudy,Twelve o'clock,Pickup Truck,Superficial,N,Moving Constant Speed,2015-03-16 18:38,66,39.33166843,-76.7444245
3417,N,Apparently Normal,No Misuse,N,No Injury,66dac2d1-ce88-4295-80f3-4eaf3ddd5df3,D,MSP6461000D,Shoulder/Lap Belt(s),F,0ee5cd83-e595-4026-8899-812beb8e3f47,Same Movement Angle,N,Intersection,Right Turn Lane,Daylight,No Defects,"Two-way, Divided, Positive Median Barrier",Dry,Clear,Twelve o'clock,Passenger Car,Disabling,N,Moving Constant Speed,2015-02-03 14:30,38,39.51156514,-76.34150505
3418,N,Apparently Normal,No Misuse,Y,No Injury,df411705-738d-4188-9b80-b801d83574b2,D,MSP6461000D,Shoulder/Lap Belt(s),M,892a77bf-e8be-48a3-ac84-d06f6899ad63,Same Movement Angle,N,Intersection,Right Turn Lane,Daylight,No Defects,"Two-way, Divided, Positive Median Barrier",Dry,Clear,Twelve o'clock,Passenger Car,Disabling,N,Moving Constant Speed,2015-02-03 14:30,77,39.51156514,-76.34150505
3419,N,Apparently Normal,No Misuse,N,No Injury,8b205f46-4cd0-44d8-ae91-76a901b23f9d,D,MSP64620004,Shoulder/Lap Belt(s),F,cc878117-81b7-4ad8-9967-ae3c46c4cf9c,Single Vehicle ,N,Intersection Related,Deceleration Lane,Daylight,No Defects,"Two-way, Divided, Positive Median Barrier",Wet,Cloudy,One o'clock,Passenger Car,Disabling,N,Slowing or Stopping,2015-03-03 15:44,26,38.62671,-76.91056033
3420,N,Apparently Normal,No Misuse,Y,Possible Incapacitating Injury,de5303a6-ebd2-4543-88d5-c0f6c4336a5b,D,MSP64620005,Shoulder/Lap Belt(s),F,689cee78-7472-4ab0-b0c7-076271893296,Same Movement Angle,N,Intersection,Left Turn Lane,Dark Lights On,No Defects,"Two-way, Divided, Positive Median Barrier",Dry,Clear,Two o'clock,Passenger Car,Functional,N,Making Left Turn,2015-03-10 00:02,40,38.647615,-76.88942283
3421,N,Apparently Normal,No Misuse,N,No Injury,9f06fce9-d277-4107-8d22-c32683095202,D,MSP6464000H,Shoulder/Lap Belt(s),F,01875867-b51c-47fb-9588-fe2bfb3ad9f4,Same Direction Rear End,N,Non Intersection,Left Turn Lane,Dark No Lights,No Defects,"Two-way, Divided, Positive Median Barrier",Dry,Clear,Eleven o'clock,Passenger Car,Functional,N,Moving Constant Speed,2015-01-20 17:30,47,39.401386,-76.56399233
3422,N,Apparently Normal,No Misuse,N,No Injury,d3afb84d-72d2-4801-9ad5-366af4e23e7a,D,MSP6464000Z,Shoulder/Lap Belt(s),F,4eab1bd1-fa07-48bd-b43a-6f11cff91415,Same Direction Rear End,N,Interchange Related,Right Turn Lane,Daylight,No Defects,"Two-way, Divided, Positive Median Barrier",Dry,Clear,Twelve o'clock,Passenger Car,Disabling,N,Slowing or Stopping,2015-03-19 16:47,40,39.31397883,-76.49321067
3423,N,Apparently Normal,No Misuse,N,No Injury,cc87c88a-83b9-40dc-962b-918421959cf6,D,MSP6464000Z,Shoulder/Lap Belt(s),M,cb80fdbc-d497-4391-84ed-9705f4193347,Same Direction Rear End,N,Interchange Related,Right Turn Lane,Daylight,No Defects,"Two-way, Divided, Positive Median Barrier",Dry,Clear,Six o'clock,Recreational Vehicle,Functional,N,Slowing or Stopping,2015-03-19 16:47,59,39.31397883,-76.49321067
3424,N,Apparently Normal,No Misuse,Y,No Injury,9addabad-ba63-4175-a4ff-602ed6b5bde0,D,MSP6464000Z,Shoulder/Lap Belt(s),M,7773ee09-2a16-43bc-8ef9-1349616c46ca,Same Direction Rear End,N,Interchange Related,Right Turn Lane,Daylight,No Defects,"Two-way, Divided, Positive Median Barrier",Dry,Clear,Twelve o'clock,Passenger Car,Functional,Y,Moving Constant Speed,2015-03-19 16:47,33,39.31397883,-76.49321067
3425,N,Apparently Normal,No Misuse,N,No Injury,0240fad9-4534-4be6-8582-144e4d5e86d6,D,MSP64660004,Shoulder/Lap Belt(s),F,ab56de32-2785-4263-bbde-4b07a75ee43a,Single Vehicle ,N,Non Intersection,Left Turn Lane,Daylight,No Defects,"Two-way, Divided, Positive Median Barrier",Wet,Raining,Twelve o'clock,(Sport) Utility Vehicle,Functional,N,Moving Constant Speed,2015-02-02 12:09,25,39.22559,-76.71754
3426,N,Apparently Normal,No Misuse,Y,No Injury,f351cf34-530a-49de-b983-762816aa8bdd,D,MSP64660006,Shoulder/Lap Belt(s),F,9f2e75a9-93e8-439b-addc-8180232c1d87,Same Direction Rear End,N,Non Intersection,Right Turn Lane,Daylight,No Defects,"Two-way, Divided, Positive Median Barrier",Wet,Raining,Twelve o'clock,Passenger Car,Disabling,N,Skidding,2015-03-04 16:23,20,39.13428167,-76.85453817
3427,N,Apparently Normal,No Misuse,N,No Injury,c9fde644-cc3e-4504-ad2c-2bd4c4fe66e2,D,MSP64660006,Shoulder/Lap Belt(s),M,37a38981-da2c-4917-b4cd-a743cf2c68b0,Same Direction Rear End,N,Non Intersection,Right Turn Lane,Daylight,No Defects,"Two-way, Divided, Positive Median Barrier",Wet,Raining,Six o'clock,All Terrain Vehicle (ATV),Functional,N,Slowing or Stopping,2015-03-04 16:23,51,39.13428167,-76.85453817
3428,N,Apparently Normal,No Misuse,Y,No Injury,cfe3966e-2f7d-4c6f-92ec-5c02b2dfb061,D,MSP6467000R,Shoulder/Lap Belt(s),F,5b971350-06aa-4562-8d1b-d79de1a90968,Same Direction Rear End,N,Non Intersection,Right Turn Lane,Daylight,No Defects,"Two-way, Divided, Positive Median Barrier",Dry,Clear,Twelve o'clock,Passenger Car,Disabling,N,Moving Constant Speed,2015-03-27 18:20,56,38.99320617,-77.15768583
3429,N,Apparently Normal,No Misuse,N,No Injury,b19258da-fe66-49f0-af7b-8d115be014a1,D,MSP6467000R,Shoulder/Lap Belt(s),M,34186e75-e38b-4f99-830f-743412f807b6,Same Direction Rear End,N,Non Intersection,Right Turn Lane,Daylight,No Defects,"Two-way, Divided, Positive Median Barrier",Dry,Clear,Six o'clock,"Cargo Van/Light Truck 2 axles (10,000 lbs (4,536 kg) or less)",Functional,N,Slowing or Stopping,2015-03-27 18:20,34,38.99320617,-77.15768583
3430,N,Apparently Normal,No Misuse,Y,No Injury,f6ae23c9-e2c7-437e-8dfc-a243acf040d6,D,MSP6468000F,Shoulder/Lap Belt(s),F,49072eef-b557-4946-8978-0c076f06e441,Same Direction Rear End,N,Non Intersection,Right Turn Lane,Daylight,No Defects,"Two-way, Not Divided",Dry,Clear,Twelve o'clock,Passenger Car,Disabling,N,Skidding,2015-03-09 17:45,29,39.20751693,-76.05980873
3431,N,Apparently Normal,No Misuse,N,No Injury,8f954d80-9bcb-47f8-8def-228e29d12cf7,D,MSP6468000F,Shoulder/Lap Belt(s),M,e632e3f4-beda-41a2-8a91-b92c24a59023,Same Direction Rear End,N,Non Intersection,Right Turn Lane,Daylight,No Defects,"Two-way, Not Divided",Dry,Clear,Six o'clock,Passenger Car,Disabling,N,Slowing or Stopping,2015-03-09 17:45,46,39.20751693,-76.05980873
3432,N,Apparently Normal,No Misuse,Y,No Injury,6f91a44a-e24d-4ca1-9596-3c3a40ffa034,D,MSP64700005,Shoulder/Lap Belt(s),F,795b9be4-c454-4702-ade8-23dd3375a9ac,Single Vehicle ,N,Non Intersection,Left Turn Lane,Dawn,No Defects,"Two-way, Divided, Positive Median Barrier",Snow,Severe Winds,Roof Top,Passenger Car,Destroyed,N,Moving Constant Speed,2015-02-15 06:50,21,38.93104245,-76.06222417
3433,N,Apparently Normal,No Misuse,Y,No Injury,0d92a920-71cf-417c-ac21-e4976418ef25,D,MSP64770007,None  ,F,79ace949-6fdb-4223-8853-d0b7351f7126,Same Direction Rear End,N,Non Intersection,Acceleration Lane,Daylight,No Defects,"Two-way, Divided, Positive Median Barrier",Dry,Clear,Twelve o'clock,Passenger Car,Disabling,N,Moving Constant Speed,2015-01-18 16:37,26,39.01358194,-77.03990936
3434,N,Apparently Normal,No Misuse,Y,No Injury,4e4abfae-ce94-41ed-ba3c-fe16610604d3,D,MSP6477000F,Shoulder/Lap Belt(s),M,ec8bb07a-77cd-4d45-9ed6-7f27246c02ea,Same Direction Rear End,N,Non Intersection,Left Turn Lane,Dark Lights On,No Defects,"Two-way, Divided, Positive Median Barrier",Wet,Raining,Twelve o'clock,Passenger Car,Functional,N,Moving Constant Speed,2015-02-09 19:36,25,39.13931167,-77.21161567
3435,N,Apparently Normal,No Misuse,Y,No Injury,5f92334c-a67a-49bb-9214-2ba24512e746,D,MSP6477000H,Shoulder/Lap Belt(s),F,e8d062bd-45c1-4a1c-b81e-2530aa918818,Same Direction Rear End,N,Non Intersection,Left Turn Lane,Daylight,No Defects,"Two-way, Divided, Positive Median Barrier",Dry,Clear,Twelve o'clock,Passenger Car,No Damage,Y,Moving Constant Speed,2015-02-04 08:38,56,39.05758375,-77.15475082
3436,N,Apparently Normal,No Misuse,N,Possible Incapacitating Injury,6c403b55-8d0a-4ee3-b02c-22f0bc28ad92,D,MSP6477000P,Shoulder/Lap Belt(s),F,2150e10b-7c69-41df-a725-dc8352176bbf,Same Direction Rear End,N,Non Intersection,Shoulder Area,Daylight,No Defects,"Two-way, Divided, Positive Median Barrier",Dry,Clear,Six o'clock,Passenger Car,Disabling,N,Moving Constant Speed,2015-02-25 08:56,63,39.0133745,-77.04969217
3437,N,Apparently Normal,No Misuse,N,Possible Incapacitating Injury,5d7cc3b5-3acf-42f7-9dd3-b94a34007e7d,D,MSP6477000P,Shoulder/Lap Belt(s),M,8d8ec529-b75e-467e-9bd6-ad44dbb9c50b,Same Direction Rear End,N,Non Intersection,Shoulder Area,Daylight,No Defects,"Two-way, Divided, Positive Median Barrier",Dry,Clear,Six o'clock,Passenger Car,Disabling,N,Moving Constant Speed,2015-02-25 08:56,25,39.0133745,-77.04969217
3438,N,Apparently Normal,No Misuse,Y,No Injury,9c1c4921-8fe5-4034-ab0f-669a3469a1fb,D,MSP6477000Q,Shoulder/Lap Belt(s),F,4df5d352-21d8-490e-aa12-49f6173a11d3,Single Vehicle ,N,Non Intersection,Right Turn Lane,Daylight,No Defects,"Two-way, Divided, Positive Median Barrier",Ice,Sleet,Twelve o'clock,Passenger Car,Disabling,N,Moving Constant Speed,2015-03-01 12:08,21,39.08524317,-77.17312417
3439,N,Apparently Normal,No Misuse,N,No Injury,77117e59-42bf-496b-b14c-3f5d380e5060,D,MSP6479000B,Shoulder/Lap Belt(s),F,6823f9de-0773-48eb-b8bd-e2c5276a27ae,Same Movement Angle,N,Intersection,Right Turn Lane,Daylight,No Defects,"Two-way, Not Divided",Dry,Clear,Twelve o'clock,(Sport) Utility Vehicle,Disabling,N,Moving Constant Speed,2015-03-21 15:02,31,39.638872,-78.83079183
3440,N,Apparently Normal,No Misuse,Y,No Injury,0334a41e-c193-4ca3-b2fc-1f432b992e23,D,MSP6479000B,Shoulder/Lap Belt(s),F,b08e8319-8a5f-4067-a0f5-2d4c4626c2ba,Same Movement Angle,N,Intersection,Right Turn Lane,Daylight,No Defects,"Two-way, Not Divided",Dry,Clear,Twelve o'clock,Passenger Car,Disabling,N,Right Turn on Red,2015-03-21 15:02,20,39.638872,-78.83079183
3441,N,Apparently Normal,No Misuse,N,No Injury,8cefe1e1-43c6-4ec1-ab3a-1bfe56228735,D,MSP6488000C,Shoulder/Lap Belt(s),F,ae734e47-1f79-490a-a05a-ac6d98ed8fb7,Same Direction Sideswipe,N,Non Intersection,Acceleration Lane,Daylight,No Defects,"Two-way, Divided, Positive Median Barrier",Dry,Clear,Eight o'clock,Passenger Car,Functional,N,Moving Constant Speed,2015-01-28 09:32,46,39.01015283,-77.08954833
3442,Y,Apparently Normal,No Misuse,Y,No Injury,9e8b3d95-f0e8-4b91-8c9c-78b77276aeec,D,MSP6488000C,Shoulder/Lap Belt(s),M,f0f1edbb-38e5-4b30-b07a-6c32e8fffa91,Same Direction Sideswipe,N,Non Intersection,Acceleration Lane,Daylight,No Defects,"Two-way, Divided, Positive Median Barrier",Dry,Clear,Twelve o'clock,"Medium/Heavy Truck 2 axles (10,000 lbs (4,536 kg) or less)",Functional,N,Changing Lanes,2015-01-28 09:32,62,39.01015283,-77.08954833
3443,N,Apparently Normal,No Misuse,Y,Non-incapacitating Injury,7985a1c8-ad52-41c9-bb85-c43519ef33c3,D,MSP6488000J,Shoulder/Lap Belt(s),F,877bee2b-a8f4-4018-8020-ed6f4ccca697,Same Direction Rear End,N,Non Intersection,Acceleration Lane,Dark Lights On,No Defects,"Two-way, Divided, Positive Median Barrier",Dry,Clear,Twelve o'clock,Passenger Car,Disabling,N,Slowing or Stopping,2015-02-24 18:59,61,39.01718867,-77.0999895
3444,N,Apparently Normal,No Misuse,N,No Injury,276eea96-2d33-4b32-bff5-e477166470cd,D,MSP6488000K,Shoulder/Lap Belt(s),F,67350c74-258c-45a6-8976-28e507c18b44,Same Direction Rear End,N,Non Intersection,Right Turn Lane,Dusk,No Defects,"Two-way, Divided, Positive Median Barrier",Dry,Clear,Six o'clock,Passenger Car,Functional,N,Slowing or Stopping,2015-02-28 17:45,41,39.01412233,-77.05631733
3445,N,Apparently Normal,No Misuse,N,No Injury,60306d2d-d6df-4812-8183-9ef4d8ffe7c0,D,MSP6488000K,Shoulder/Lap Belt(s),F,0ba792c5-e981-4045-b48d-7bf0af19dc78,Same Direction Rear End,N,Non Intersection,Right Turn Lane,Dusk,No Defects,"Two-way, Divided, Positive Median Barrier",Dry,Clear,Six o'clock,Passenger Car,Functional,N,Slowing or Stopping,2015-02-28 17:45,29,39.01412233,-77.05631733
3446,N,Apparently Normal,No Misuse,Y,No Injury,ddd69cd1-1cd4-4c95-b018-b417db7bf3a3,D,MSP6488000K,Shoulder/Lap Belt(s),F,e82e57eb-9c0d-4b1b-bcd8-9422f74ce004,Same Direction Rear End,N,Non Intersection,Right Turn Lane,Dusk,No Defects,"Two-way, Divided, Positive Median Barrier",Dry,Clear,Twelve o'clock,Passenger Car,Disabling,N,Slowing or Stopping,2015-02-28 17:45,26,39.01412233,-77.05631733
3447,N,Apparently Normal,No Misuse,N,No Injury,0328917e-66c9-4621-ba90-c9a35893a6d6,D,MSP6488000K,Shoulder/Lap Belt(s),M,affcaa9b-891f-4b68-b595-9c4fe33cd954,Same Direction Rear End,N,Non Intersection,Right Turn Lane,Dusk,No Defects,"Two-way, Divided, Positive Median Barrier",Dry,Clear,Twelve o'clock,Passenger Car,Disabling,N,Slowing or Stopping,2015-02-28 17:45,50,39.01412233,-77.05631733
3448,N,Apparently Normal,No Misuse,N,No Injury,0b27a835-cadf-4dbc-9700-7571c220c8c6,D,MSP6488000R,Shoulder/Lap Belt(s),F,55660280-b4d7-4c2d-a367-007abe4d11fa,Same Direction Rear End,N,Non Intersection,Left Turn Lane,Daylight,No Defects,"Two-way, Divided, Positive Median Barrier",Dry,Clear,Six o'clock,Passenger Car,Functional,N,Slowing or Stopping,2015-03-25 19:18,40,38.99012167,-77.157146
3449,N,Apparently Normal,No Misuse,Y,No Injury,1692d31d-9a2f-42ad-8a56-d652672fed77,D,MSP6488000R,Shoulder/Lap Belt(s),F,8808fa53-15a7-4176-906d-bd1b94e24618,Same Direction Rear End,N,Non Intersection,Left Turn Lane,Daylight,No Defects,"Two-way, Divided, Positive Median Barrier",Dry,Clear,Twelve o'clock,Van,Disabling,N,Slowing or Stopping,2015-03-25 19:18,22,38.99012167,-77.157146
3450,N,Apparently Normal,No Misuse,N,No Injury,a2396750-aa95-4628-ac1d-06eaf2471678,D,MSP6489001B,Shoulder/Lap Belt(s),F,1eaf09ce-90ae-4d43-9253-882374d35e11,Same Direction Rear End,N,Non Intersection,Right Turn Lane,Dark Lights On,No Defects,"Two-way, Divided, Positive Median Barrier",Dry,Clear,Six o'clock,Passenger Car,Disabling,N,Slowing or Stopping,2015-02-04 18:54,50,39.40488888,-76.57309771