KEY_INDEX,CDL_FLAG,CONDITION_CODE,EQUIP_PROB_CODE,FAULT_FLAG,INJ_SEVER_CODE,PERSON_ID,PERSON_TYPE,REPORT_NO,SAF_EQUIP_CODE,SEX_CODE,VEHICLE_ID,COLLISION_TYPE_CODE,C_M_ZONE_FLAG,JUNCTION_CODE,LANE_CODE,LIGHT_CODE,RD_COND_CODE,RD_DIV_CODE,SURF_COND_CODE,WEATHER_CODE,AREA_DAMAGED_CODE_MAIN,BODY_TYPE_CODE,DAMAGE_CODE,HIT_AND_RUN_FLAG,MOVEMENT_CODE,TIME,AGE,LATITUDE,LONGITUDE
3509,N,Apparently Normal,No Misuse,N,No Injury,98defa63-5baa-4889-bb1b-ae5ceb5f5b23,D,MTA0281000C,Shoulder/Lap Belt(s),F,54ff4b4a-a977-4bbc-bac4-b95b02acc2bb,Same Direction Sideswipe,N,Non Intersection,Right Turn Lane,Daylight,No Defects,"Two-way, Not Divided",Snow,Snow,Ten o'clock,Other Bus,No Damage,N,Parked  ,2015-03-05 10:45,31,39.29493565,-76.63990617
3510,N,Apparently Normal,No Misuse,Y,No Injury,3d75c12f-f7ad-4a64-8b01-b31eb3e9aa94,D,MTA0281000C,Shoulder/Lap Belt(s),M,ca03e706-8f6b-4bf3-a65b-e1460830a396,Same Direction Sideswipe,N,Non Intersection,Right Turn Lane,Daylight,No Defects,"Two-way, Not Divided",Snow,Snow,Three o'clock,"Cargo Van/Light Truck 2 axles (10,000 lbs (4,536 kg) or less)",No Damage,N,Moving Constant Speed,2015-03-05 10:45,33,39.29493565,-76.63990617
3511,N,Apparently Normal,No Misuse,Y,No Injury,e138e687-3dee-4267-87d7-f7f875d93f18,D,MTA0281000D,Shoulder/Lap Belt(s),M,7bb3b70f-8b2b-4ef0-856c-762b439cc15b,Same Movement Angle,N,Intersection,Right Turn Lane,Daylight,No Defects,"Two-way, Not Divided",Snow,Snow,Four o'clock,Pickup Truck,Disabling,N,Moving Constant Speed,2015-03-05 11:40,48,39.29799939,-76.61996126
3512,N,Apparently Normal,No Misuse,Y,No Injury,8a648bf6-6bf9-4d42-b3d3-4b8325649573,D,MTA03150003,Shoulder/Lap Belt(s),F,f0e3a309-7dfe-4541-9276-0a0c39cd2341,Same Movement Angle,N,Intersection Related,Right Turn Lane,Dark Lights On,Loose Surface Material,"Two-way, Not Divided",Wet,Clear,Twelve o'clock,(Sport) Utility Vehicle,Functional,N,Accelerating,2015-01-18 23:15,24,39.29670417,-76.58216357
3513,Y,Apparently Normal,No Misuse,N,No Injury,792cc8f6-8d51-4e08-9fe8-f9ea186dee9b,D,MTA03150003,Shoulder/Lap Belt(s),M,a4b56173-7db7-4842-9286-2494f822a271,Same Movement Angle,N,Intersection Related,Right Turn Lane,Dark Lights On,Loose Surface Material,"Two-way, Not Divided",Wet,Clear,Eleven o'clock,(Sport) Utility Vehicle,Disabling,N,Moving Constant Speed,2015-01-18 23:15,70,39.29670417,-76.58216357
3514,N,Apparently Normal,No Misuse,N,Possible Incapacitating Injury,db89bf4e-7154-4162-8682-fb06a6fc9abc,D,MTA03330004,Shoulder/Lap Belt(s),F,9a5cd032-3f88-4d86-948b-9ad877bc823b,Same Direction Rear End Left Turn,N,Intersection,Right Turn Lane,Dark Lights On,No Defects,"Two-way, Not Divided",Dry,Clear,Six o'clock,Passenger Car,No Damage,N,Slowing or Stopping,2015-02-08 18:47,54,39.25467111,-76.69995546
3515,Y,Apparently Normal,No Misuse,Y,No Injury,383689e2-7476-44d3-8ac1-f3d9ed7efd7f,D,MTA03340001,Shoulder/Lap Belt(s),F,e3e9f939-6990-4230-99b5-609a8c3c652f,Same Direction Rear End,N,Non Intersection,Deceleration Lane,Daylight,No Defects,One-way Trafficway,Snow,Snow,Twelve o'clock,Transit Bus,Superficial,N,Slowing or Stopping,2015-02-21 11:52,44,39.29047576,-76.61927059
3516,Y,Apparently Normal,No Misuse,N,No Injury,7d6c1817-05ac-4b29-a951-e151c6bd6dd6,D,MTA03340001,Shoulder/Lap Belt(s),M,618766b2-f8b4-42f2-a1ed-c88a783fd4ba,Same Direction Rear End,N,Non Intersection,Deceleration Lane,Daylight,No Defects,One-way Trafficway,Snow,Snow,Six o'clock,Transit Bus,No Damage,N,Stopped in Traffic Lane,2015-02-21 11:52,53,39.29047576,-76.61927059
3517,Y,Apparently Normal,No Misuse,N,No Injury,8c46fcf5-bb1e-4322-a30b-12d796041ec8,D,PGCC14220001,Shoulder/Lap Belt(s),F,21586cc0-fa6a-4c83-a291-c9a5904e4267,Head On Left Turn,N,Intersection,Right Turn Lane,Dark Lights On,No Defects,"Two-way, Divided, Positive Median Barrier",Dry,Severe Winds,Twelve o'clock,Transit Bus,Superficial,N,Slowing or Stopping,2015-02-02 18:15,48,38.88642309,-76.82236075
3518,N,Apparently Normal,No Misuse,N,No Injury,ad44f5d2-fd6f-4864-8244-eafd3a119ceb,D,RD00770005,Shoulder/Lap Belt(s),F,7299227d-89ef-4363-b90c-4a78cd6d2328,Same Direction Rear End,N,Non Intersection,Left Turn Lane,Daylight,No Defects,"Two-way, Divided, Positive Median Barrier",Dry,Clear,Six o'clock,Pickup Truck,Functional,N,Stopped in Traffic Lane,2015-03-21 13:03,50,38.9605851,-76.9209373
3519,N,Apparently Normal,No Misuse,Y,No Injury,a6935da4-3180-443d-bbe6-b52e5828748e,D,RD00770005,Shoulder/Lap Belt(s),F,77baca67-d8ae-447e-a7fd-9275403880bc,Same Direction Rear End,N,Non Intersection,Left Turn Lane,Daylight,No Defects,"Two-way, Divided, Positive Median Barrier",Dry,Clear,Twelve o'clock,(Sport) Utility Vehicle,Disabling,N,Moving Constant Speed,2015-03-21 13:03,62,38.9605851,-76.9209373
3520,N,Apparently Normal,No Misuse,N,No Injury,e1076cc8-8d11-4773-a0d1-025cdc3fa5da,D,RD00790003,Shoulder/Lap Belt(s),F,2b356e43-1223-4e19-bcc2-7225d0ab83ff,Same Direction Rear End,N,Intersection Related,Left Turn Lane,Dark Lights On,No Defects,"Two-way, Not Divided",Dry,Clear,Six o'clock,Pickup Truck,Superficial,N,Slowing or Stopping,2015-01-01 03:05,30,38.9631462,-76.9393158
3521,N,Had Been Drinking,No Misuse,Y,No Injury,0c534344-eaec-4970-b2bd-8a36f59af0ee,D,RD00790003,Shoulder/Lap Belt(s),M,b9a73219-7c05-4c53-b5f5-8399f18915fc,Same Direction Rear End,N,Intersection Related,Left Turn Lane,Dark Lights On,No Defects,"Two-way, Not Divided",Dry,Clear,Twelve o'clock,Passenger Car,Destroyed,Y,Moving Constant Speed,2015-01-01 03:05,25,38.9631462,-76.9393158
3522,N,Apparently Normal,No Misuse,N,No Injury,ad0d4695-cbd0-4273-8f24-6b6333413208,D,RD00840008,Shoulder/Lap Belt(s),F,261f8434-6ab2-4f3d-87f8-d80c282635e7,Same Direction Sideswipe,N,Intersection Related,Left Turn Lane,Dark Lights On,No Defects,"Two-way, Divided, Positive Median Barrier",Wet,Raining,Three o'clock,Passenger Car,Superficial,N,Moving Constant Speed,2015-03-14 00:45,55,38.96460816,-76.93920046
3523,N,Apparently Normal,No Misuse,Y,No Injury,3eec3f1a-64f1-4eab-a91d-145f1e25543f,D,RD01040005,Shoulder/Lap Belt(s),F,f3bf3d23-4aa6-4f4a-bbd5-5aeb940e6683,Same Direction Rear End,N,Non Intersection,Left Turn Lane,Daylight,No Defects,"Two-way, Divided, Positive Median Barrier",Dry,Clear,Twelve o'clock,Passenger Car,Functional,N,Moving Constant Speed,2015-03-24 17:08,47,38.96440169,-76.93865597
3524,N,Apparently Normal,No Misuse,N,No Injury,a46af9b0-072c-46d8-afc4-a692d13b34aa,D,RD01040005,Shoulder/Lap Belt(s),M,7850216a-21bc-4bb5-b557-cde16d07a7c9,Same Direction Rear End,N,Non Intersection,Left Turn Lane,Daylight,No Defects,"Two-way, Divided, Positive Median Barrier",Dry,Clear,Six o'clock,Passenger Car,Functional,N,Starting From Lane,2015-03-24 17:08,41,38.96440169,-76.93865597
3525,N,Apparently Normal,No Misuse,Y,No Injury,02f2fb71-aec6-4a3b-859b-e3e023c671fd,D,RD0105000B,Shoulder/Lap Belt(s),F,1721fce9-f5d6-4ec9-9701-7b15bf2ab7df,Same Direction Rear End,N,Non Intersection,Right Turn Lane,Daylight,No Defects,"Two-way, Divided, Positive Median Barrier",Dry,Clear,Twelve o'clock,Passenger Car,Disabling,N,Moving Constant Speed,2015-02-25 07:40,29,38.96807107,-76.92191631
3526,N,Apparently Normal,No Misuse,N,No Injury,6202b1ee-ed7a-45e6-821a-59bc0ddd1402,D,RD0105000B,Shoulder/Lap Belt(s),M,cead892f-3cf4-48a7-b730-2cbef3e87c58,Same Direction Rear End,N,Non Intersection,Right Turn Lane,Daylight,No Defects,"Two-way, Divided, Positive Median Barrier",Dry,Clear,Six o'clock,Passenger Car,Functional,N,Slowing or Stopping,2015-02-25 07:40,44,38.96807107,-76.92191631
3527,N,Apparently Normal,No Misuse,N,No Injury,f4dbbf40-a854-45cb-a1f3-a826812ba1ac,D,ZA05310005,Shoulder/Lap Belt(s),F,5c1e2994-2ad8-47c5-a302-6ff40111ae85,Same Direction Rear End,N,Non Intersection,Right Turn Lane,Dark Lights On,No Defects,"Two-way, Not Divided",Dry,Cloudy,Six o'clock,(Sport) Utility Vehicle,Functional,N,Stopped in Traffic Lane,2015-01-14 19:33,34,39.5790251,-78.84727299
3528,N,Apparently Normal,No Misuse,Y,No Injury,efc6dba0-0989-439f-a802-02a043c4b98e,D,ZA05310005,Shoulder/Lap Belt(s),M,1aec868b-f45b-4f04-a5e4-4a4a9a8458ea,Same Direction Rear End,N,Non Intersection,Right Turn Lane,Dark Lights On,No Defects,"Two-way, Not Divided",Dry,Cloudy,Twelve o'clock,(Sport) Utility Vehicle,Destroyed,N,Moving Constant Speed,2015-01-14 19:33,34,39.5790251,-78.84727299
3529,N,Apparently Normal,No Misuse,Y,No Injury,4845b7c6-87f9-472e-8b30-c8bfc0e4c905,D,ZD28510004,Shoulder/Lap Belt(s),F,17ff37c1-897a-46c9-a7ee-0a4a616c4381,Same Direction Rear End,N,Intersection Related,Right Turn Lane,Dusk,No Defects,"Two-way, Divided, Unprotected (painted >4 feet) Median",Wet,Cloudy,Twelve o'clock,Passenger Car,Functional,N,Skidding,2015-01-18 16:55,48,38.54784342,-76.5906997
3530,N,Apparently Normal,No Misuse,N,No Injury,7de20ebe-6f5f-4f24-8924-1f477639c4c7,D,ZD28510004,Shoulder/Lap Belt(s),M,6bb01557-aec5-41e6-b1a2-c21ba9a54ecf,Same Direction Rear End,N,Intersection Related,Right Turn Lane,Dusk,No Defects,"Two-way, Divided, Unprotected (painted >4 feet) Median",Wet,Cloudy,Six o'clock,(Sport) Utility Vehicle,Superficial,N,Stopped in Traffic Lane,2015-01-18 16:55,27,38.54784342,-76.5906997
3531,N,Apparently Normal,No Misuse,N,No Injury,01249281-704d-4b92-acba-929b3ceb7f8f,D,ZD31110008,Shoulder/Lap Belt(s),F,dee0478e-a3da-483c-bd31-ac217436c5db,Same Movement Angle,N,Non Intersection,Right Turn Lane,Dark Lights On,No Defects,"Two-way, Not Divided",Wet,Wintry Mix,Eight o'clock,Passenger Car,Disabling,N,Moving Constant Speed,2015-01-23 17:41,51,38.72251683,-76.65942192
3532,N,Apparently Normal,No Misuse,Y,No Injury,fea7a03c-f8f9-433b-a974-78af15cc53b7,D,ZD31110008,Shoulder/Lap Belt(s),F,f9aa16e2-e076-4fcd-8186-662080a70fd4,Same Movement Angle,N,Non Intersection,Right Turn Lane,Dark Lights On,No Defects,"Two-way, Not Divided",Wet,Wintry Mix,Twelve o'clock,Passenger Car,Functional,N,Starting From Lane,2015-01-23 17:41,78,38.72251683,-76.65942192
3533,N,Apparently Normal,No Misuse,N,No Injury,9c322c53-9ea6-47c1-a3f6-b2c6e66fbd5c,D,ZD3111000D,Shoulder/Lap Belt(s),F,f2425d6e-4908-44c7-a070-57d81a01bb06,Same Movement Angle,N,Intersection,Right Turn Lane,Dark Lights On,No Defects,"Two-way, Not Divided",Dry,Clear,Seven o'clock,Passenger Car,Disabling,N,Moving Constant Speed,2015-03-23 01:12,20,38.69867374,-76.60715103
3534,N,Apparently Normal,No Misuse,Y,No Injury,07dbbbb3-afd2-4f5d-adf1-a10a7987dbe1,D,ZD3274000X,Shoulder/Lap Belt(s),F,ed541e90-90d6-408b-9986-aeddbced956d,Same Direction Rear End,N,Non Intersection,Right Turn Lane,Daylight,No Defects,"Two-way, Not Divided",Dry,Clear,Twelve o'clock,Passenger Car,Disabling,N,Slowing or Stopping,2015-03-12 09:44,36,38.66165434,-76.53051496
3535,N,Apparently Normal,No Misuse,Y,No Injury,d67cee3b-6c3f-487e-884d-4da2b4cb7345,D,ZD3338000G,Shoulder/Lap Belt(s),F,4f38d0e4-0b45-4d3f-80f1-c65822793c1d,Single Vehicle ,N,Non Intersection,Left Turn Lane,Dark No Lights,No Defects,"Two-way, Divided, Positive Median Barrier",Snow,Snow,Twelve o'clock,Passenger Car,Disabling,N,Moving Constant Speed,2015-02-26 05:19,87,38.464629,-76.507132
3536,N,Apparently Normal,No Misuse,Y,No Injury,be7ac6bd-c02b-4b05-8a6e-0d5f93681128,D,ZD3725000C,Shoulder/Lap Belt(s),M,e01dcef8-3d9b-487e-90fa-6999532a4a83,Same Movement Angle,N,Crossover Related,Right Turn Lane,Daylight,No Defects,One-way Trafficway,Wet,Clear,Eleven o'clock,Pickup Truck,Disabling,N,Making Left Turn,2015-03-07 10:21,72,38.70297747,-76.58033967
3537,N,Apparently Normal,No Misuse,N,No Injury,604f1fe2-14ab-4a6e-a2e8-5d90b47f7520,D,ZD38410001,Shoulder/Lap Belt(s),F,de600bfa-4047-448b-bc2f-1a0ab91ef3d1,Same Direction Rear End,N,Non Intersection,Right Turn Lane,Daylight,No Defects,"Two-way, Not Divided",Wet,Raining,Six o'clock,Passenger Car,Superficial,N,Making Right Turn,2015-03-31 18:20,36,38.69527412,-76.53692007
3538,N,Had Been Drinking,No Misuse,Y,No Injury,9add4208-3095-4dc0-98b4-0f27b71d17e2,D,ZD38410001,Shoulder/Lap Belt(s),M,7fa7bded-b4b0-4981-b033-eaf88f6d1664,Same Direction Rear End,N,Non Intersection,Right Turn Lane,Daylight,No Defects,"Two-way, Not Divided",Wet,Raining,Twelve o'clock,Passenger Car,Functional,N,Moving Constant Speed,2015-03-31 18:20,27,38.69527412,-76.53692007
3539,N,Apparently Normal,No Misuse,Y,No Injury,c94c4627-c58c-4ee9-a481-4bce6f13d476,D,ZD3911000F,Shoulder/Lap Belt(s),F,c21a0064-e711-4671-8ef5-aa3e4a09cbcc,Same Direction Rear End,N,Intersection,Right Turn Lane,Daylight,No Defects,"Two-way, Divided, Positive Median Barrier",Dry,Clear,Twelve o'clock,Passenger Car,Disabling,N,Moving Constant Speed,2015-02-16 09:30,58,38.49971709,-76.53749943
3540,N,Apparently Normal,No Misuse,N,Possible Incapacitating Injury,9cf32028-c1a4-4c9a-8244-0dcf77a83164,D,ZD3911000F,Shoulder/Lap Belt(s),F,2a9c6b1f-4960-42f8-a402-feca4f775889,Same Direction Rear End,N,Intersection,Right Turn Lane,Daylight,No Defects,"Two-way, Divided, Positive Median Barrier",Dry,Clear,Six o'clock,Passenger Car,Disabling,N,Slowing or Stopping,2015-02-16 09:30,21,38.49971709,-76.53749943
3541,N,Apparently Normal,No Misuse,Y,No Injury,8212a9dd-dcb7-414a-a039-ddebeff785d8,D,ZD42700009,Shoulder/Lap Belt(s),F,8490470f-7713-4a40-bf1b-edd1b6291ee2,Single Vehicle ,N,Non Intersection,Right Turn Lane,Daylight,No Defects,"Two-way, Divided, Positive Median Barrier",Wet,Raining,Eleven o'clock,Passenger Car,Superficial,N,Moving Constant Speed,2015-01-12 13:20,78,38.58952883,-76.61161423
3542,N,Apparently Normal,No Misuse,N,No Injury,94db031a-efed-4263-b9ad-91a58403706f,D,ZD4688000H,Shoulder/Lap Belt(s),M,b821d946-8f5a-404d-9e59-f5968898f18b,Same Direction Rear End,N,Intersection Related,Right Turn Lane,Daylight,No Defects,"Two-way, Not Divided",Dry,Cloudy,Twelve o'clock,Pickup Truck,Functional,N,Moving Constant Speed,2015-02-03 08:52,64,38.55746818,-76.59762383
3543,N,Apparently Normal,No Misuse,N,Non-incapacitating Injury,59d85323-02c8-471c-839f-1d40916a0b95,D,ZD4688000H,Shoulder/Lap Belt(s),M,1711420e-b8c0-4c75-b18f-9cef43018b66,Same Direction Rear End,N,Intersection Related,Right Turn Lane,Daylight,No Defects,"Two-way, Not Divided",Dry,Cloudy,Twelve o'clock,(Sport) Utility Vehicle,Disabling,N,Moving Constant Speed,2015-02-03 08:52,59,38.55746818,-76.59762383
3544,N,Apparently Normal,No Misuse,Y,No Injury,d784f968-fc27-4d2d-b093-9a2bbd38d0e9,D,ZD50770008,Shoulder/Lap Belt(s),F,4e5063d4-5f92-45aa-a65f-4da33ed650a4,Same Direction Rear End,N,Intersection,Right Turn Lane,Dark Lights On,No Defects,"Two-way, Not Divided",Dry,Clear,Twelve o'clock,Passenger Car,Disabling,N,Slowing or Stopping,2015-02-24 18:11,32,38.68313965,-76.53615832
3545,N,Apparently Normal,No Misuse,N,No Injury,074bc116-6ea4-4baf-80df-c33bd78b086c,D,ZD5250000Q,Shoulder/Lap Belt(s),F,91113789-8fad-4898-918e-6706af53f12a,Single Vehicle ,N,Intersection Related,Right Turn Lane,Daylight,No Defects,"Two-way, Not Divided",Ice,Sleet,Twelve o'clock,Passenger Car,Superficial,N,Slowing or Stopping,2015-02-10 09:06,18,38.73228764,-76.64325088
3546,N,Apparently Normal,No Misuse,Y,No Injury,c31407c8-e0d9-4e33-ab4f-f99ef86bac22,D,ZD5250000W,Shoulder/Lap Belt(s),F,f07d6d58-5029-482d-92df-0363361154e1,Single Vehicle ,N,Non Intersection,Right Turn Lane,Daylight,No Defects,"Two-way, Not Divided",Ice,Wintry Mix,Twelve o'clock,(Sport) Utility Vehicle,Functional,N,Moving Constant Speed,2015-03-01 16:29,29,38.70066551,-76.59099475
3547,N,Apparently Normal,No Misuse,Y,No Injury,e659d124-2ef9-4c13-8da4-7c2bd6fc77cf,D,ZD52720006,Shoulder/Lap Belt(s),F,a0211e7d-dbee-4c9c-935a-2d27738aeafc,Single Vehicle ,N,Non Intersection,Right Turn Lane,Daylight,No Defects,"Two-way, Not Divided",Slush,Raining,Eleven o'clock,Passenger Car,Disabling,N,Skidding,2015-01-14 08:26,22,38.37,-76.44
3548,N,Apparently Normal,No Misuse,N,No Injury,ed85fa90-677d-472a-a0e3-d7b41057eaa1,D,ZD5272000D,Shoulder/Lap Belt(s),F,931dfd72-a247-48e2-a715-192959124d4f,Same Direction Rear End,N,Non Intersection,Right Turn Lane,Daylight,No Defects,"Two-way, Not Divided",Dry,Clear,Ten o'clock,Pickup Truck,Disabling,N,Making Right Turn,2015-03-07 12:08,73,38.33,-76.47
3549,N,Apparently Normal,No Misuse,Y,No Injury,4cf7cba6-6127-439d-ab7f-63b5d6b797ce,D,ZD5272000D,Shoulder/Lap Belt(s),F,c133d5e5-f06a-43bf-8b04-9334cf70f725,Same Direction Rear End,N,Non Intersection,Right Turn Lane,Daylight,No Defects,"Two-way, Not Divided",Dry,Clear,Twelve o'clock,(Sport) Utility Vehicle,Functional,N,Moving Constant Speed,2015-03-07 12:08,75,38.33,-76.47
3550,N,Apparently Normal,No Misuse,N,Non-incapacitating Injury,cbb65303-4c08-4140-a033-4fb8dc74ec56,D,ZD5272000D,Shoulder/Lap Belt(s),F,acefde6d-96ee-464e-ac0f-e209d7e594d1,Same Direction Rear End,N,Non Intersection,Right Turn Lane,Daylight,No Defects,"Two-way, Not Divided",Dry,Clear,Six o'clock,Passenger Car,Functional,N,Slowing or Stopping,2015-03-07 12:08,28,38.33,-76.47
3551,N,Apparently Normal,No Misuse,Y,No Injury,903d1539-ad37-4ce8-bf4e-2f4042fe6484,D,ZD55500008,Shoulder/Lap Belt(s),F,f2fdf662-81ac-477a-87e3-5b16234b6234,Single Vehicle ,N,Non Intersection,Right Turn Lane,Daylight,No Defects,"Two-way, Not Divided",Snow,Wintry Mix,Twelve o'clock,Passenger Car,Disabling,N,Moving Constant Speed,2015-01-06 08:30,22,38.67736061,-76.55065566
3552,N,Apparently Normal,No Misuse,N,No Injury,ecb9e381-e862-4701-8989-7d9c0cd03f38,D,ZD5550000F,Shoulder/Lap Belt(s),F,7ac1e3ec-51f0-47f9-bd43-ca2583ff5c49,Single Vehicle ,N,Intersection,Right Turn Lane,Dusk,No Defects,"Two-way, Divided, Positive Median Barrier",Dry,Clear,Four o'clock,Passenger Car,Disabling,N,Moving Constant Speed,2015-02-12 17:23,27,38.69957805,-76.55658603
3553,N,Apparently Normal,No Misuse,Y,No Injury,8b125f3f-e58e-46e4-bafe-13a25e343172,D,ZD5550000G,Shoulder/Lap Belt(s),F,dc6b6f58-9c92-4320-839e-b792e0b9095b,Single Vehicle ,N,Non Intersection,Right Turn Lane,Daylight,No Defects,"Two-way, Not Divided",Snow,Snow,Twelve o'clock,Passenger Car,Superficial,N,Skidding,2015-02-26 07:48,38,38.66491315,-76.53334737
3554,N,Apparently Normal,No Misuse,N,No Injury,31e74cb2-fc6f-4d12-88a6-8596cb442684,D,ZD5552000B,Shoulder/Lap Belt(s),F,9826449f-e049-4b09-b2df-6c7c7e31b859,Same Direction Sideswipe,N,Intersection Related,Right Turn Lane,Daylight,No Defects,"Two-way, Divided, Positive Median Barrier",Dry,Clear,One o'clock,Van,Superficial,N,Stopped in Traffic Lane,2015-02-24 13:40,50,38.66113492,-76.6070652
3555,N,Influenced by Medications and/or Drugs and/or Alcohol,No Misuse,Y,No Injury,91f9e7bb-dd9b-445b-8fa7-2ea9cd5273e3,D,ZD5552000B,Shoulder/Lap Belt(s),M,941f9461-e734-4892-8d61-5ee11c6891a4,Same Direction Sideswipe,N,Intersection Related,Right Turn Lane,Daylight,No Defects,"Two-way, Divided, Positive Median Barrier",Dry,Clear,Eleven o'clock,(Sport) Utility Vehicle,Functional,Y,Moving Constant Speed,2015-02-24 13:40,69,38.66113492,-76.6070652
3556,N,Apparently Normal,No Misuse,Y,No Injury,a6d30fb4-3336-4112-a637-0d6765e375cd,D,ZD5552000D,Shoulder/Lap Belt(s),F,9aa27c25-065d-4b39-a8fa-b4834c9c61a3,Single Vehicle ,N,Intersection Related,Left Turn Lane,Daylight,No Defects,"Two-way, Divided, Positive Median Barrier",Slush,Wintry Mix,Twelve o'clock,Passenger Car,Disabling,N,Moving Constant Speed,2015-03-01 10:47,34,38.64662335,-76.60560608
3557,N,Apparently Normal,No Misuse,Y,No Injury,e96a3be0-bd69-4c52-a3c0-3007f3a25b3a,D,ZD56720003,Shoulder/Lap Belt(s),F,e6c06945-9154-418c-8002-3be0634c00c2,Single Vehicle ,N,Non Intersection,Right Turn Lane,Dark Lights On,No Defects,"Two-way, Not Divided",Ice,Raining,Seven o'clock,Passenger Car,Functional,N,Moving Constant Speed,2015-02-21 21:09,30,38.364055,-76.434617
3558,N,Apparently Normal,No Misuse,Y,No Injury,38af4d18-f88d-4e42-89a4-21bc50cd9050,D,ZD56720005,Shoulder/Lap Belt(s),F,b44ebf5b-05cb-496a-a360-de78d7226665,Single Vehicle ,N,Non Intersection,Right Turn Lane,Daylight,No Defects,"Two-way, Not Divided",Dry,Clear,Twelve o'clock,Passenger Car,Functional,N,Moving Constant Speed,2015-03-16 09:50,50,38.383878,-76.46522
3559,N,Apparently Normal,No Misuse,N,No Injury,e592446d-e141-4c3b-9261-8a84e318aa5b,D,ZD5673000M,Shoulder/Lap Belt(s),F,a09abe0e-9063-480c-9de5-7701f461ebcc,Single Vehicle ,N,Non Intersection,Right Turn Lane,Daylight,No Defects,"Two-way, Not Divided",Dry,Clear,Twelve o'clock,Passenger Car,Functional,N,Moving Constant Speed,2015-01-02 16:25,66,38.53532627,-76.59157276
3560,N,Apparently Normal,No Misuse,N,No Injury,7bb5c2ec-a2f3-47b6-86de-d08e9f21be2e,D,ZD5673000N,Shoulder/Lap Belt(s),F,3ddde56c-c746-415a-80c8-cf7b44e793b3,Same Direction Rear End,N,Non Intersection,Left Turn Lane,Daylight,No Defects,"Two-way, Divided, Positive Median Barrier",Dry,Cloudy,Six o'clock,Passenger Car,Functional,N,Slowing or Stopping,2015-01-07 12:28,48,38.58740714,-76.60908222
3561,N,Apparently Normal,No Misuse,Y,No Injury,04bf5c3b-6a15-416e-98fc-5ca94ae5f238,D,ZD5673000N,Shoulder/Lap Belt(s),M,95e14585-f7b8-40c1-b850-61bfece1ffc7,Same Direction Rear End,N,Non Intersection,Left Turn Lane,Daylight,No Defects,"Two-way, Divided, Positive Median Barrier",Dry,Cloudy,Twelve o'clock,Passenger Car,Disabling,N,Moving Constant Speed,2015-01-07 12:28,20,38.58740714,-76.60908222
3562,N,Apparently Normal,No Misuse,N,No Injury,62cc71cb-1c2b-4ebc-9363-711d47514c40,D,ZD5673000T,Shoulder/Lap Belt(s),F,22c48489-215b-46bc-87ba-0eeaa2e2fc6c,Same Movement Angle,N,Intersection,Left Turn Lane,Daylight,No Defects,"Two-way, Divided, Positive Median Barrier",Dry,Clear,Ten o'clock,Passenger Car,Disabling,N,Stopped in Traffic Lane,2015-03-18 16:24,55,38.6904926,-76.63916588
3563,N,Apparently Normal,No Misuse,N,No Injury,28635e51-a49a-4e5f-95ef-ce1d6b236d1f,D,ZD5673000T,Shoulder/Lap Belt(s),F,d7307c1a-157d-4b1a-aac9-407200e2590d,Same Movement Angle,N,Intersection,Left Turn Lane,Daylight,No Defects,"Two-way, Divided, Positive Median Barrier",Dry,Clear,Twelve o'clock,Passenger Car,No Damage,N,Stopped in Traffic Lane,2015-03-18 16:24,18,38.6904926,-76.63916588
3564,N,Apparently Normal,No Misuse,N,Possible Incapacitating Injury,aa8ebfac-81ad-4a97-a3f2-09bf4a04a142,D,ZD5673000T,Shoulder/Lap Belt(s),F,0b84ab74-4426-42eb-a27b-bbc99e2a5df8,Same Movement Angle,N,Intersection,Left Turn Lane,Daylight,No Defects,"Two-way, Divided, Positive Median Barrier",Dry,Clear,Twelve o'clock,(Sport) Utility Vehicle,Destroyed,N,Moving Constant Speed,2015-03-18 16:24,57,38.6904926,-76.63916588
3565,N,Apparently Normal,No Misuse,Y,Possible Incapacitating Injury,5ff5957d-c22c-49c3-821a-2f3e09c17d60,D,ZD5673000T,Shoulder/Lap Belt(s),M,8a55e80f-16b3-4d22-8e72-19e1a2f47b3f,Same Movement Angle,N,Intersection,Left Turn Lane,Daylight,No Defects,"Two-way, Divided, Positive Median Barrier",Dry,Clear,Two o'clock,Passenger Car,Destroyed,N,Making Left Turn,2015-03-18 16:24,18,38.6904926,-76.63916588
3566,N,Apparently Normal,No Misuse,N,No Injury,1ccdf615-32bd-45cb-b5aa-13a1cade35ac,D,ZD5780000R,Shoulder/Lap Belt(s),F,e67d8832-ac16-464a-82f6-671cb41e1107,Angle Meets Left Turn,N,Non Intersection,Right Turn Lane,Dark No Lights,No Defects,"Two-way, Not Divided",Dry,Clear,Ten o'clock,Passenger Car,Disabling,N,Moving Constant Speed,2015-01-23 06:24,69,38.71815149,-76.66204244
3567,N,Apparently Normal,No Misuse,Y,No Injury,e35966b8-7e0a-443b-b417-592d7e2de4f9,D,ZD5782000F,Shoulder/Lap Belt(s),F,6f193603-c1ae-4fa5-ba7f-2caba1b2869b,Single Vehicle ,N,Intersection Related,Left Turn Lane,Dark Lights On,No Defects,"Two-way, Divided, Positive Median Barrier",Ice,Clear,Eleven o'clock,(Sport) Utility Vehicle,Functional,N,Making Right Turn,2015-01-16 05:13,31,38.37447528,-76.44409418
3568,N,Apparently Normal,No Misuse,Y,No Injury,6f6fe5f4-6e71-4062-a7a8-0188d1722b64,D,ZD58820009,Shoulder/Lap Belt(s),F,c4b0518d-c4d6-4b29-a69a-a8da68a1db64,Single Vehicle ,N,Non Intersection,Right Turn Lane,Daylight,No Defects,"Two-way, Not Divided",Snow,Snow,One o'clock,Passenger Car,Disabling,N,Moving Constant Speed,2015-03-01 09:55,28,38.5690724,-76.53627634