KEY_INDEX,CDL_FLAG,CONDITION_CODE,EQUIP_PROB_CODE,FAULT_FLAG,INJ_SEVER_CODE,PERSON_ID,PERSON_TYPE,REPORT_NO,SAF_EQUIP_CODE,SEX_CODE,VEHICLE_ID,COLLISION_TYPE_CODE,C_M_ZONE_FLAG,JUNCTION_CODE,LANE_CODE,LIGHT_CODE,RD_COND_CODE,RD_DIV_CODE,SURF_COND_CODE,WEATHER_CODE,AREA_DAMAGED_CODE_MAIN,BODY_TYPE_CODE,DAMAGE_CODE,HIT_AND_RUN_FLAG,MOVEMENT_CODE,TIME,AGE,LATITUDE,LONGITUDE
3751,N,Apparently Normal,No Misuse,Y,No Injury,cb49bf4f-2e4e-4af3-afef-5f540ef86bce,D,ZR01970007,Shoulder/Lap Belt(s),F,9a3517e6-3cd6-47ea-93e6-aff24411f9c5,Same Direction Rear End,N,Non Intersection,Right Turn Lane,Daylight,No Defects,"Two-way, Not Divided",Wet,Clear,Twelve o'clock,(Sport) Utility Vehicle,Superficial,N,Slowing or Stopping,2015-02-12 16:09,65,38.32137344,-76.70984745
3752,N,Apparently Normal,No Misuse,N,No Injury,74074807-e3fd-46d6-8b41-6f697046989f,D,ZR01970007,Shoulder/Lap Belt(s),M,e600b67a-6556-477c-8a2b-9d68188074e4,Same Direction Rear End,N,Non Intersection,Right Turn Lane,Daylight,No Defects,"Two-way, Not Divided",Wet,Clear,Six o'clock,Pickup Truck,Superficial,N,Slowing or Stopping,2015-02-12 16:09,52,38.32137344,-76.70984745
3753,N,Apparently Normal,No Misuse,Y,No Injury,9418ded1-ea19-4430-8c16-4ea526917061,D,ZR01970009,Shoulder/Lap Belt(s),F,6f4a792e-a6ff-4cc6-8745-2b2afa5cdf70,Same Direction Rear End,N,Commercial Driveway,Left Turn Lane,Daylight,No Defects,"Two-way, Not Divided",Dry,Clear,Twelve o'clock,Passenger Car,Disabling,N,Slowing or Stopping,2015-02-25 13:06,37,38.30271841,-76.65219069
3754,N,Apparently Normal,No Misuse,N,No Injury,9846fb0d-39da-478a-97a6-fcf98cd292dd,D,ZR01970009,Shoulder/Lap Belt(s),M,ab2bec0c-8fdc-4d4a-8980-7430436feea2,Same Direction Rear End,N,Commercial Driveway,Left Turn Lane,Daylight,No Defects,"Two-way, Not Divided",Dry,Clear,Six o'clock,(Sport) Utility Vehicle,Superficial,N,Slowing or Stopping,2015-02-25 13:06,55,38.30271841,-76.65219069
3755,N,Apparently Normal,No Misuse,N,No Injury,6a9349fb-0216-4d73-965e-26ee1edd71f7,D,ZR0210000R,Shoulder/Lap Belt(s),F,31d8e779-2aad-498f-864a-96bd3ad0a8f3,Same Direction Sideswipe,N,Intersection Related,Left Turn Lane,Daylight,No Defects,"Two-way, Divided, Positive Median Barrier",Dry,Clear,Eleven o'clock,Passenger Car,Superficial,N,Stopped in Traffic Lane,2015-02-04 15:18,27,38.2659499,-76.45222664
3756,Y,Apparently Normal,No Misuse,Y,No Injury,8342241b-473d-4fef-b696-8ef0ef0af547,D,ZR0210000R,Shoulder/Lap Belt(s),M,338c04cc-be77-4817-896d-a6a6c0162e84,Same Direction Sideswipe,N,Intersection Related,Left Turn Lane,Daylight,No Defects,"Two-way, Divided, Positive Median Barrier",Dry,Clear,Five o'clock,School Bus,Superficial,N,Changing Lanes,2015-02-04 15:18,55,38.2659499,-76.45222664
3757,N,Apparently Normal,No Misuse,N,No Injury,4bed8e62-3324-4f63-9916-73917d2361b4,D,ZR0210000T,Shoulder/Lap Belt(s),F,aac4740c-4104-49be-859a-90fb8e683064,Head On Left Turn,N,Commercial Driveway,Right Turn Lane,Daylight,No Defects,"Two-way, Not Divided",Dry,Clear,Twelve o'clock,Passenger Car,Disabling,N,Moving Constant Speed,2015-02-23 15:47,70,38.24131486,-76.56011581
3758,N,Apparently Normal,No Misuse,Y,No Injury,3a191161-6dc0-43b6-9d6e-6446716245eb,D,ZR0210000T,Shoulder/Lap Belt(s),M,62fc721b-89a3-4b53-9d7e-1f81470eb66f,Head On Left Turn,N,Commercial Driveway,Right Turn Lane,Daylight,No Defects,"Two-way, Not Divided",Dry,Clear,Four o'clock,Pickup Truck,Superficial,N,Making Left Turn,2015-02-23 15:47,61,38.24131486,-76.56011581
3759,Y,Apparently Normal,No Misuse,Y,No Injury,67a9471f-cb89-45a2-8ff2-e0ea3574d45b,D,ZR02170005,Shoulder/Lap Belt(s),F,508d233c-5502-4ed0-966f-3f4b73a1549f,Same Direction Rear End Left Turn,N,Intersection Related,Right Turn Lane,Daylight,No Defects,"Two-way, Not Divided",Dry,Clear,Five o'clock,School Bus,Superficial,N,Making Left Turn,2015-03-12 15:30,53,38.26417037,-76.45977706
3760,N,Apparently Normal,No Misuse,N,No Injury,dcab9e98-5da8-450c-a6f8-9122564cad7e,D,ZR02410008,Shoulder/Lap Belt(s),F,288c05c5-30bb-483b-aedc-e32d9ffb3758,Same Direction Rear End,N,Intersection,Right Turn Lane,Daylight,No Defects,"Two-way, Not Divided",Dry,Cloudy,Six o'clock,(Sport) Utility Vehicle,Functional,N,Starting From Lane,2015-02-27 12:25,58,38.32396591,-76.54661894
3761,N,Apparently Normal,No Misuse,Y,No Injury,f4d04167-8743-43dc-a348-7b8ca7b24002,D,ZR02410008,Shoulder/Lap Belt(s),M,94db0a30-8bc6-448f-8396-8f635c04290e,Same Direction Rear End,N,Intersection,Right Turn Lane,Daylight,No Defects,"Two-way, Not Divided",Dry,Cloudy,One o'clock,(Sport) Utility Vehicle,Functional,N,Accelerating,2015-02-27 12:25,48,38.32396591,-76.54661894
3762,N,Apparently Normal,No Misuse,Y,No Injury,e98f8d28-7181-4c3a-a644-1f751b227c09,D,ZR0241000C,Shoulder/Lap Belt(s),F,aac847fc-a3c1-4174-965a-6106d122b36f,Same Direction Rear End,N,Non Intersection,Right Turn Lane,Daylight,No Defects,"Two-way, Divided, Unprotected (painted >4 feet) Median",Snow,Sleet,Twelve o'clock,Passenger Car,Disabling,N,Moving Constant Speed,2015-03-05 11:42,45,38.44837095,-76.74630404
3763,N,Apparently Normal,No Misuse,N,No Injury,f93065bb-140f-4d50-90fa-ef03cfe33bf8,D,ZR0241000C,Shoulder/Lap Belt(s),M,4132ce84-3a7f-434d-9894-bb9c4752fa9b,Same Direction Rear End,N,Non Intersection,Right Turn Lane,Daylight,No Defects,"Two-way, Divided, Unprotected (painted >4 feet) Median",Snow,Sleet,Six o'clock,Pickup Truck,Functional,N,Moving Constant Speed,2015-03-05 11:42,58,38.44837095,-76.74630404
3764,N,Apparently Normal,No Misuse,Y,No Injury,242d73f0-72c6-419b-a590-4aa742cb6df3,D,ZR0241000F,Shoulder/Lap Belt(s),F,14e1239d-400f-49d0-b728-e0e7be60078d,Same Direction Rear End,N,Non Intersection,Left Turn Lane,Dark No Lights,No Defects,"Two-way, Divided, Unprotected (painted >4 feet) Median",Wet,Clear,Twelve o'clock,Passenger Car,Disabling,N,Moving Constant Speed,2015-03-14 21:59,61,38.46524958,-76.76907063
3765,N,Apparently Normal,No Misuse,N,No Injury,8c82b054-1a92-458c-bf20-7486b3e64824,D,ZR0241000F,Shoulder/Lap Belt(s),M,ec0882b8-2ef3-4ae2-be8e-a7d5941f4a76,Same Direction Rear End,N,Non Intersection,Left Turn Lane,Dark No Lights,No Defects,"Two-way, Divided, Unprotected (painted >4 feet) Median",Wet,Clear,Six o'clock,Pickup Truck,Functional,N,Moving Constant Speed,2015-03-14 21:59,67,38.46524958,-76.76907063
3766,N,Apparently Normal,No Misuse,N,No Injury,f5fab87c-5acf-4cd3-81c8-3c827b075c38,D,ZR0246000P,Shoulder/Lap Belt(s),F,c99663f3-f2fb-4db6-a4fd-c7626d74d632,Same Direction Rear End,N,Intersection,Right Turn Lane,Daylight,No Defects,"Two-way, Not Divided",Wet,Clear,Six o'clock,Passenger Car,Disabling,N,Slowing or Stopping,2015-02-18 09:59,46,38.200398,-76.643136
3767,N,Apparently Normal,No Misuse,N,No Injury,d228c400-6997-4ff6-b09e-301ccf8f1a10,D,ZR0246000P,Shoulder/Lap Belt(s),M,252f7a36-70aa-4c37-98c6-790e241779eb,Same Direction Rear End,N,Intersection,Right Turn Lane,Daylight,No Defects,"Two-way, Not Divided",Wet,Clear,Six o'clock,Passenger Car,Disabling,N,Slowing or Stopping,2015-02-18 09:59,61,38.200398,-76.643136
3768,N,Apparently Normal,No Misuse,N,No Injury,22625169-3412-4489-88ab-76c2c8b2c1ac,D,ZR0246000P,Shoulder/Lap Belt(s),M,e26ba752-19ca-444e-ac50-f8bfacbc6761,Same Direction Rear End,N,Intersection,Right Turn Lane,Daylight,No Defects,"Two-way, Not Divided",Wet,Clear,Six o'clock,(Sport) Utility Vehicle,Functional,N,Stopped in Traffic Lane,2015-02-18 09:59,38,38.200398,-76.643136
3769,N,Apparently Normal,No Misuse,Y,No Injury,f3013188-726a-4766-b78c-c961c7c416dc,D,ZR0246000P,Shoulder/Lap Belt(s),M,d4b4df33-15e9-48dd-b06d-b8ae94c705ea,Same Direction Rear End,N,Intersection,Right Turn Lane,Daylight,No Defects,"Two-way, Not Divided",Wet,Clear,Twelve o'clock,Pickup Truck,Disabling,N,Moving Constant Speed,2015-02-18 09:59,37,38.200398,-76.643136
3770,N,Apparently Normal,No Misuse,N,Possible Incapacitating Injury,81fc6702-ff82-4b87-914f-44f4b257d93a,D,ZR0246000P,Shoulder/Lap Belt(s),M,8dd80c1a-7170-4366-9007-43f6a61c1cf6,Same Direction Rear End,N,Intersection,Right Turn Lane,Daylight,No Defects,"Two-way, Not Divided",Wet,Clear,Six o'clock,Van,Disabling,N,Slowing or Stopping,2015-02-18 09:59,27,38.200398,-76.643136
3771,N,Apparently Normal,No Misuse,N,No Injury,0602240b-952c-45d4-b13d-e69d63a32fd3,D,ZR0246000R,Shoulder/Lap Belt(s),F,b28b98cb-3efa-4adb-8cd2-41aa4c77c158,Same Movement Angle,N,Intersection Related,Right Turn Lane,Dusk,No Defects,"Two-way, Not Divided",Wet,Cloudy,Eleven o'clock,Passenger Car,Functional,N,Stopped in Traffic Lane,2015-03-15 19:13,28,38.50073306,-76.77329779
3772,N,Apparently Normal,No Misuse,Y,No Injury,40cce54d-2dbe-47ba-a8e4-e4f7d14fd4fc,D,ZR02520001,Shoulder/Lap Belt(s),F,b8fd42f3-1763-4d5f-b5ca-1d9da7da257f,Single Vehicle ,N,Intersection,Right Turn Lane,Daylight,No Defects,"Two-way, Not Divided",Snow,Snow,Twelve o'clock,Passenger Car,Disabling,N,Moving Constant Speed,2015-03-05 14:26,55,38.25269823,-76.5946734
3773,N,Apparently Normal,No Misuse,N,No Injury,3f53a283-b515-4bee-a390-9c214a49a5b2,D,ZR02600004,Shoulder/Lap Belt(s),F,8312ee61-4faf-4ba2-9552-aa147be1f355,Same Movement Angle,N,Intersection,Right Turn Lane,Daylight,No Defects,"Two-way, Not Divided",Dry,Clear,Seven o'clock,Passenger Car,Disabling,N,Moving Constant Speed,2015-02-14 10:00,24,38.29638672,-76.50885344
3774,N,Apparently Normal,No Misuse,Y,No Injury,f9f5c91e-c463-4a5f-bf86-a03275f39ba5,D,ZR02600004,Shoulder/Lap Belt(s),F,b66d1c49-9479-47ef-8a51-8a05cc454e85,Same Movement Angle,N,Intersection,Right Turn Lane,Daylight,No Defects,"Two-way, Not Divided",Dry,Clear,Twelve o'clock,Passenger Car,Functional,N,Making Left Turn,2015-02-14 10:00,80,38.29638672,-76.50885344
3775,N,Apparently Normal,No Misuse,N,No Injury,a5bb9007-9f83-47b7-a070-037838f9947e,D,ZR02620007,Shoulder/Lap Belt(s),F,521980c5-5423-45a7-b87c-9411ed677860,Same Direction Left Turn,N,Intersection Related,Right Turn Lane,Daylight,No Defects,"Two-way, Not Divided",Dry,Clear,Eight o'clock,(Sport) Utility Vehicle,Functional,N,Making U Turn,2015-02-25 08:49,42,38.30716372,-76.53486013
3776,N,Apparently Normal,No Misuse,Y,Possible Incapacitating Injury,44d38d16-4bec-46bc-b1ba-587d0e0a9c54,D,ZR02620007,Shoulder/Lap Belt(s),F,5ab1f94a-e52a-4f6c-866e-c862e1233c82,Same Direction Left Turn,N,Intersection Related,Right Turn Lane,Daylight,No Defects,"Two-way, Not Divided",Dry,Clear,Twelve o'clock,(Sport) Utility Vehicle,Disabling,N,Passing,2015-02-25 08:49,24,38.30716372,-76.53486013
3777,N,Apparently Normal,No Misuse,N,No Injury,10bff64b-ddb4-4e56-b59a-4e275461bf4d,D,ZR02620008,Shoulder/Lap Belt(s),F,10b834e7-d2c8-4a65-8d6e-e70c173d329b,Head On Left Turn,N,Intersection,Right Turn Lane,Dark Lights On,No Defects,"Two-way, Not Divided",Dry,Clear,One o'clock,Passenger Car,Functional,N,Moving Constant Speed,2015-03-08 23:23,45,38.29700981,-76.63519621
3778,N,Apparently Normal,No Misuse,Y,No Injury,2411e347-411d-4513-983f-47a071f4f3e3,D,ZR02620008,Shoulder/Lap Belt(s),F,8a305163-edc6-4bf6-9c03-aa575beabaf9,Head On Left Turn,N,Intersection,Right Turn Lane,Dark Lights On,No Defects,"Two-way, Not Divided",Dry,Clear,Five o'clock,Passenger Car,Disabling,N,Making Left Turn,2015-03-08 23:23,24,38.29700981,-76.63519621
3779,N,Apparently Normal,No Misuse,N,No Injury,70ab49b0-d6a3-4591-980e-fbc8374aabd7,D,ZR0269000S,Shoulder/Lap Belt(s),F,1c59c3b2-2524-493d-9208-84df5638c8c4,Same Movement Angle,N,Intersection,Right Turn Lane,Dark No Lights,No Defects,"Two-way, Divided, Unprotected (painted >4 feet) Median",Dry,Clear,Twelve o'clock,(Sport) Utility Vehicle,Functional,N,Slowing or Stopping,2015-01-05 17:17,34,38.2638271,-76.45746231
3780,N,Apparently Normal,No Misuse,Y,Non-incapacitating Injury,2fb37605-c134-4c76-976f-a415cf86ab89,D,ZR0269000S,Shoulder/Lap Belt(s),F,f402b0fc-56ec-40a8-a818-d7f0236d8678,Same Movement Angle,N,Intersection,Right Turn Lane,Dark No Lights,No Defects,"Two-way, Divided, Unprotected (painted >4 feet) Median",Dry,Clear,Six o'clock,(Sport) Utility Vehicle,Superficial,N,Starting From Lane,2015-01-05 17:17,18,38.2638271,-76.45746231
3781,N,Apparently Normal,No Misuse,N,No Injury,d0f3337d-a5c5-4692-a76e-badd1a4e6f1d,D,ZR0269000T,Shoulder/Lap Belt(s),F,7210409a-ff49-4097-b72f-4786faa7b168,Same Direction Rear End,N,Non Intersection,Right Turn Lane,Daylight,No Defects,"Two-way, Not Divided",Dry,Cloudy,Six o'clock,(Sport) Utility Vehicle,Disabling,N,Slowing or Stopping,2015-01-06 14:55,64,38.21316476,-76.40364647
3782,N,Apparently Normal,No Misuse,N,No Injury,e05fc00d-bdf9-4fd7-97cb-cb33ff6aae55,D,ZR0269000T,Shoulder/Lap Belt(s),M,c39b74db-f542-47c4-bf68-ee10d2e48345,Same Direction Rear End,N,Non Intersection,Right Turn Lane,Daylight,No Defects,"Two-way, Not Divided",Dry,Cloudy,Six o'clock,(Sport) Utility Vehicle,Superficial,N,Stopped in Traffic Lane,2015-01-06 14:55,70,38.21316476,-76.40364647
3783,N,Apparently Normal,No Misuse,Y,No Injury,1763efdf-2fba-47e0-b324-3f217fb89565,D,ZR0269000T,Shoulder/Lap Belt(s),M,8567bb4a-bf73-4a6c-91c1-1a80cc0fb6c8,Same Direction Rear End,N,Non Intersection,Right Turn Lane,Daylight,No Defects,"Two-way, Not Divided",Dry,Cloudy,Twelve o'clock,Pickup Truck,Disabling,N,Moving Constant Speed,2015-01-06 14:55,83,38.21316476,-76.40364647
3784,N,Apparently Normal,No Misuse,N,No Injury,e08549d3-5d0b-43e8-9c27-2730c41abd61,D,ZR02700004,Shoulder/Lap Belt(s),F,f214a0c9-51f0-49bd-9f53-00abfae14c87,Same Movement Angle,N,Non Intersection,Right Turn Lane,Daylight,No Defects,"Two-way, Not Divided",Dry,Clear,Eleven o'clock,Passenger Car,Disabling,N,Moving Constant Speed,2015-02-25 08:31,54,38.31061118,-76.50785565
3785,N,Apparently Normal,No Misuse,Y,No Injury,3917e8a6-26cd-4e39-a33d-e841610b6755,D,ZR02700004,Shoulder/Lap Belt(s),F,f85975c8-0bb8-4e38-af2f-99b9fe424b7d,Same Movement Angle,N,Non Intersection,Right Turn Lane,Daylight,No Defects,"Two-way, Not Divided",Dry,Clear,One o'clock,Van,Functional,N,Making U Turn,2015-02-25 08:31,38,38.31061118,-76.50785565
3786,N,Apparently Normal,No Misuse,N,No Injury,84f7b2af-23fe-4692-9798-6893ada48d07,D,ZR0271000H,Shoulder/Lap Belt(s),F,4c60f2a2-7341-4981-ba3a-eaf283cab861,Head On Left Turn,N,Non Intersection,Left Turn Lane,Daylight,No Defects,"Two-way, Divided, Unprotected (painted >4 feet) Median",Dry,Clear,Six o'clock,(Sport) Utility Vehicle,Functional,N,Moving Constant Speed,2015-01-07 10:38,72,38.436712,-76.729975
3787,N,Apparently Normal,No Misuse,N,No Injury,9b32e5e0-2cc9-46b4-88c6-be5bead5589b,D,ZR0271000K,Shoulder/Lap Belt(s),F,38fade4d-8686-415e-8f23-ee55dd16bba9,Same Movement Angle,N,Intersection,Left Turn Lane,Daylight,No Defects,"Two-way, Divided, Unprotected (painted >4 feet) Median",Dry,Clear,Twelve o'clock,Van,Disabling,N,Moving Constant Speed,2015-02-04 17:00,30,38.49765152,-76.77475691
3788,N,Apparently Normal,No Misuse,Y,No Injury,19be50a5-44a1-40b4-b626-47cfa6a6f0b2,D,ZR0271000K,Shoulder/Lap Belt(s),M,16e733d7-06e0-433f-994b-63f506963539,Same Movement Angle,N,Intersection,Left Turn Lane,Daylight,No Defects,"Two-way, Divided, Unprotected (painted >4 feet) Median",Dry,Clear,Eleven o'clock,Passenger Car,Disabling,N,Starting From Lane,2015-02-04 17:00,18,38.49765152,-76.77475691
3789,N,Apparently Normal,No Misuse,Y,No Injury,0a5079a0-f699-441b-86e4-20d06e4e0060,D,ZR0271000L,Shoulder/Lap Belt(s),F,fd92a10e-867d-4482-9914-b332c3bf3d12,Same Direction Rear End,N,Intersection Related,Right Turn Lane,Daylight,No Defects,"Two-way, Divided, Unprotected (painted >4 feet) Median",Dry,Clear,Twelve o'clock,Passenger Car,Disabling,N,Slowing or Stopping,2015-02-13 07:36,27,38.472147,-76.773701
3790,N,Apparently Normal,No Misuse,N,Possible Incapacitating Injury,65b5ad21-e6c7-4725-82e2-053d6c72d9af,D,ZR0271000L,Shoulder/Lap Belt(s),M,7f11be82-2fdc-4bd5-865e-36533294e186,Same Direction Rear End,N,Intersection Related,Right Turn Lane,Daylight,No Defects,"Two-way, Divided, Unprotected (painted >4 feet) Median",Dry,Clear,Six o'clock,Passenger Car,Functional,N,Stopped in Traffic Lane,2015-02-13 07:36,24,38.472147,-76.773701
3791,N,Apparently Normal,No Misuse,N,No Injury,a6071a88-daf3-4739-b41e-46c802f52af7,D,ZR02840003,Shoulder/Lap Belt(s),F,30d7a865-4e4f-4530-9fca-fc28a35ae2b9,Same Direction Rear End,N,Intersection Related,Left Turn Lane,Dark Lights On,No Defects,"Two-way, Divided, Unprotected (painted >4 feet) Median",Dry,Clear,Six o'clock,(Sport) Utility Vehicle,Functional,N,Stopped in Traffic Lane,2015-01-11 17:50,57,38.31276208,-76.53484941
3792,N,Apparently Normal,No Misuse,Y,No Injury,b4015434-66a6-4efc-ade5-d1165ef3c907,D,ZR02840003,Shoulder/Lap Belt(s),F,59896757-1415-4101-8d81-ce9b97146ccb,Same Direction Rear End,N,Intersection Related,Left Turn Lane,Dark Lights On,No Defects,"Two-way, Divided, Unprotected (painted >4 feet) Median",Dry,Clear,Twelve o'clock,Passenger Car,Disabling,N,Accelerating,2015-01-11 17:50,27,38.31276208,-76.53484941
3793,N,Apparently Normal,No Misuse,N,No Injury,fdac99bf-0ab9-40e2-9e60-b4b07c99ba55,D,ZR0290000T,Shoulder/Lap Belt(s),F,1a83dcb6-369b-423f-9962-e5052ae31b6b,Same Direction Rear End,N,Intersection,Right Turn Lane,Daylight,No Defects,"Two-way, Not Divided",Wet,Raining,Six o'clock,(Sport) Utility Vehicle,Superficial,N,Stopped in Traffic Lane,2015-01-18 11:05,41,38.28943134,-76.60359979
3794,N,Apparently Normal,No Misuse,Y,No Injury,c552e133-2926-4616-8e00-f03f238a875a,D,ZR0290000T,Shoulder/Lap Belt(s),M,7e32919c-8bdb-4a6a-876a-3e407762c6db,Same Direction Rear End,N,Intersection,Right Turn Lane,Daylight,No Defects,"Two-way, Not Divided",Wet,Raining,Twelve o'clock,Passenger Car,Disabling,N,Slowing or Stopping,2015-01-18 11:05,21,38.28943134,-76.60359979
3795,N,Apparently Normal,No Misuse,Y,No Injury,1fe607e4-d52c-4fca-a8e8-7b6eff4901cd,D,ZR0290000V,Shoulder/Lap Belt(s),F,378ca179-a4dc-4bdf-bcc1-3133cf67f7ed,Same Direction Left Turn,N,Intersection Related,Right Turn Lane,Daylight,No Defects,"Two-way, Divided, Positive Median Barrier",Dry,Clear,Eight o'clock,(Sport) Utility Vehicle,Superficial,N,Changing Lanes,2015-02-04 07:56,30,38.30318989,-76.52077317
3796,N,Apparently Normal,No Misuse,N,No Injury,5f385ca6-ffda-4832-8a62-6703cbb0804c,D,ZR0290000V,Shoulder/Lap Belt(s),M,5d11460f-720f-466a-829b-f7aa530312c0,Same Direction Left Turn,N,Intersection Related,Right Turn Lane,Daylight,No Defects,"Two-way, Divided, Positive Median Barrier",Dry,Clear,Twelve o'clock,Passenger Car,Disabling,N,Moving Constant Speed,2015-02-04 07:56,48,38.30318989,-76.52077317
3797,N,Apparently Normal,No Misuse,Y,No Injury,fdfc28d1-7919-46eb-bbcb-82baa3c1d275,D,ZR02910004,Shoulder/Lap Belt(s),F,e788e324-ef3c-44ab-ad41-d4589b67b5c4,Same Direction Rear End,N,Intersection Related,Right Turn Lane,Daylight,No Defects,"Two-way, Divided, Unprotected (painted >4 feet) Median",Dry,Clear,Twelve o'clock,Van,Functional,Y,Moving Constant Speed,2015-01-09 10:59,19,38.44630811,-76.74347699
3798,N,Apparently Normal,No Misuse,N,No Injury,4c85e0d7-7518-43e9-81ac-1d36c1c682cd,D,ZR02910004,Shoulder/Lap Belt(s),M,9afecbdd-d0be-46d7-a01f-66e9a9d0579a,Same Direction Rear End,N,Intersection Related,Right Turn Lane,Daylight,No Defects,"Two-way, Divided, Unprotected (painted >4 feet) Median",Dry,Clear,Six o'clock,Pickup Truck,No Damage,N,Stopped in Traffic Lane,2015-01-09 10:59,47,38.44630811,-76.74347699
3799,N,Apparently Normal,No Misuse,N,No Injury,fdb4decc-f00c-4b8b-a8d0-a3c90b01f275,D,ZR02910007,Shoulder/Lap Belt(s),F,a7a7790d-10c1-4d13-b78b-73f57a74666b,Same Movement Angle,N,Intersection,Right Turn Lane,Daylight,No Defects,"Two-way, Not Divided",Snow,Clear,Twelve o'clock,Passenger Car,Disabling,N,Moving Constant Speed,2015-02-20 08:59,20,38.30563147,-76.79715872
3800,N,Apparently Normal,No Misuse,Y,No Injury,dc8f2fcf-419a-402d-a71a-2a1ed0b991bf,D,ZR02910007,Shoulder/Lap Belt(s),M,541eec57-8fb6-4849-81a4-4c42064faee3,Same Movement Angle,N,Intersection,Right Turn Lane,Daylight,No Defects,"Two-way, Not Divided",Snow,Clear,Eight o'clock,Pickup Truck,Superficial,N,Making Left Turn,2015-02-20 08:59,80,38.30563147,-76.79715872
3801,N,Apparently Normal,No Misuse,N,No Injury,56d959b5-1c8e-42f2-86d8-7300b9a95eef,D,ZR0296000G,Shoulder/Lap Belt(s),F,c52a7d56-245c-406b-855d-c70d8f62b883,Same Direction Rear End,N,Non Intersection,Right Turn Lane,Daylight,No Defects,"Two-way, Not Divided",Dry,Clear,Six o'clock,Passenger Car,Functional,N,Slowing or Stopping,2015-03-07 14:32,40,38.41390412,-76.76198155
3802,N,Apparently Normal,No Misuse,N,No Injury,648cb8bd-b5d1-4607-b2ee-bd8d699848d3,D,ZR0296000G,None  ,M,79279f28-5e6a-47d1-975f-9765b7c39783,Same Direction Rear End,N,Non Intersection,Right Turn Lane,Daylight,No Defects,"Two-way, Not Divided",Dry,Clear,Six o'clock,Van,Functional,N,Slowing or Stopping,2015-03-07 14:32,70,38.41390412,-76.76198155
3803,N,Apparently Normal,No Misuse,Y,No Injury,cc2a0540-1575-4777-8db1-a9b6778b6f3b,D,ZR0296000G,Shoulder/Lap Belt(s),M,81fbf60e-2f93-4617-8e8f-93b3893a1e26,Same Direction Rear End,N,Non Intersection,Right Turn Lane,Daylight,No Defects,"Two-way, Not Divided",Dry,Clear,Twelve o'clock,Pickup Truck,Disabling,N,Slowing or Stopping,2015-03-07 14:32,24,38.41390412,-76.76198155
3804,N,Apparently Normal,No Misuse,N,No Injury,8c667311-d9f0-45d6-a761-41ce76664f54,D,ZR0296000H,Shoulder/Lap Belt(s),F,160f920f-a260-4bee-83a1-2d8e73b0b0e7,Same Direction Rear End,N,Commercial Driveway,Right Turn Lane,Daylight,No Defects,"Two-way, Not Divided",Wet,Raining,Seven o'clock,Pickup Truck,Superficial,N,Stopped in Traffic Lane,2015-03-11 10:36,35,38.31522017,-76.66875601
3805,N,Apparently Normal,No Misuse,N,No Injury,862ec532-f8c0-4322-aff8-3e601560e411,D,ZR0296000H,Shoulder/Lap Belt(s),F,e5a7d123-475f-45f5-baf7-92e549e84384,Same Direction Rear End,N,Commercial Driveway,Right Turn Lane,Daylight,No Defects,"Two-way, Not Divided",Wet,Raining,Six o'clock,Passenger Car,Functional,N,Slowing or Stopping,2015-03-11 10:36,18,38.31522017,-76.66875601
3806,N,Apparently Normal,No Misuse,Y,No Injury,a2e34b81-b743-4e44-a42d-6f124c53aa5b,D,ZR0296000H,Shoulder/Lap Belt(s),F,b71853b5-e8bf-4fde-b409-05dc59dd92f9,Same Direction Rear End,N,Commercial Driveway,Right Turn Lane,Daylight,No Defects,"Two-way, Not Divided",Wet,Raining,Twelve o'clock,Passenger Car,Functional,N,Slowing or Stopping,2015-03-11 10:36,69,38.31522017,-76.66875601
3807,N,Apparently Normal,No Misuse,Y,No Injury,43e3972d-47b9-4884-944b-e9468a41733c,D,ZR0296000J,Shoulder/Lap Belt(s),F,8b716a36-a42c-41b3-8ef5-f389af5b5d71,Same Movement Angle,N,Crossover Related,Right Turn Lane,Daylight,No Defects,"Two-way, Divided, Positive Median Barrier",Dry,Clear,Twelve o'clock,Passenger Car,Disabling,N,Making U Turn,2015-03-12 17:27,29,38.49311818,-76.77499563
3808,Y,Apparently Normal,No Misuse,N,No Injury,3fce5e35-85f8-4000-a256-ad8a4608689e,D,ZR0296000J,Shoulder/Lap Belt(s),M,24b17b6d-090a-495f-9c3b-2346584ab938,Same Movement Angle,N,Crossover Related,Right Turn Lane,Daylight,No Defects,"Two-way, Divided, Positive Median Barrier",Dry,Clear,Eight o'clock,Transit Bus,Superficial,N,Moving Constant Speed,2015-03-12 17:27,40,38.49311818,-76.77499563
3809,Y,Apparently Normal,No Misuse,N,No Injury,95ca2440-9e4f-4dee-bbff-e8d3deed7b99,D,ZR0296000K,Shoulder/Lap Belt(s),F,cfbf7cbd-f3d7-457e-abfd-9903372676c7,Single Vehicle ,N,Non Intersection,Right Turn Lane,Dark No Lights,No Defects,"Two-way, Not Divided",Dry,Cloudy,Twelve o'clock,School Bus,Superficial,N,Moving Constant Speed,2015-03-25 06:21,57,38.30323199,-76.51291832
3810,N,Apparently Normal,No Misuse,N,No Injury,d24ef90e-f706-4f1c-bca3-5bc903e00788,D,ZR02990005,Shoulder/Lap Belt(s),F,9820ea94-7530-44e7-94f1-58a8b063f6f8,Same Direction Sideswipe,N,Intersection Related,Acceleration Lane,Dawn,No Defects,"Two-way, Divided, Positive Median Barrier",Dry,Clear,Nine o'clock,(Sport) Utility Vehicle,Functional,N,Accelerating,2015-02-11 06:46,31,38.30321515,-76.5190807