KEY_INDEX,CDL_FLAG,CONDITION_CODE,EQUIP_PROB_CODE,FAULT_FLAG,INJ_SEVER_CODE,PERSON_ID,PERSON_TYPE,REPORT_NO,SAF_EQUIP_CODE,SEX_CODE,VEHICLE_ID,COLLISION_TYPE_CODE,C_M_ZONE_FLAG,JUNCTION_CODE,LANE_CODE,LIGHT_CODE,RD_COND_CODE,RD_DIV_CODE,SURF_COND_CODE,WEATHER_CODE,AREA_DAMAGED_CODE_MAIN,BODY_TYPE_CODE,DAMAGE_CODE,HIT_AND_RUN_FLAG,MOVEMENT_CODE,TIME,AGE,LATITUDE,LONGITUDE
3927,N,Apparently Normal,No Misuse,Y,Non-incapacitating Injury,6cdede84-e54d-487f-9670-1e11fa0fca13,D,ADJ2690003,Shoulder/Lap Belt(s),M,229cfdc3-b9ce-4f68-a209-8301a459a0ad,Same Direction Left Turn,N,Intersection Related,Right Turn Lane,Daylight,No Defects,"Two-way, Divided, Positive Median Barrier",Wet,Raining,Twelve o'clock,Pickup Truck,Disabling,N,Passing,2015-01-12 11:00,60,39.34155395,-76.56367242
3928,N,Apparently Normal,No Misuse,Y,Non-incapacitating Injury,719213dd-3a53-4f58-a321-d15d14b5566a,D,ADJ2690003,Shoulder/Lap Belt(s),M,ce6328c1-d814-45a1-a5e7-bb4f656dff4e,Same Direction Left Turn,N,Intersection Related,Right Turn Lane,Daylight,No Defects,"Two-way, Divided, Positive Median Barrier",Wet,Raining,Twelve o'clock,Passenger Car,Destroyed,N,Moving Constant Speed,2015-01-12 11:00,25,39.34155395,-76.56367242
3929,N,Apparently Normal,No Misuse,N,No Injury,5c499ad1-f5ae-4820-8287-79c6b9b56e1d,D,ADJ3110002,Shoulder/Lap Belt(s),M,74580c04-2986-420b-aa90-88f6f4a0b63f,Same Movement Angle,N,Intersection Related,Right Turn Lane,Daylight,No Defects,One-way Trafficway,Dry,Clear,Twelve o'clock,Passenger Car,Disabling,N,Moving Constant Speed,2015-01-11 15:44,31,39.28947206,-76.6469872
3930,N,Apparently Normal,No Misuse,Y,Non-incapacitating Injury,63083fc2-87aa-470d-b1f3-a78b910e7b10,D,ADJ3640001,Shoulder/Lap Belt(s),F,8b192f09-6901-4f05-8b39-ce17f0b69d58,Same Direction Right Turn,N,Non Intersection,Right Turn Lane,Dawn,No Defects,"Two-way, Divided, Positive Median Barrier",Slush,Wintry Mix,One o'clock,Passenger Car,Functional,N,Moving Constant Speed,2015-02-22 07:31,45,39.34387305,-76.64723396
3931,N,Apparently Normal,No Misuse,N,No Injury,d41ca460-94a3-4fd3-82aa-475f653b4adb,D,ADJ3640001,Shoulder/Lap Belt(s),M,15a7b2aa-a4f7-4525-a69a-cc0c61a2af64,Same Direction Right Turn,N,Non Intersection,Right Turn Lane,Dawn,No Defects,"Two-way, Divided, Positive Median Barrier",Slush,Wintry Mix,Seven o'clock,Passenger Car,Disabling,N,Moving Constant Speed,2015-02-22 07:31,55,39.34387305,-76.64723396
3932,N,Apparently Normal,No Misuse,N,Non-incapacitating Injury,4ab7c890-7389-4fe5-b372-ed74e652e923,D,ADJ4840007,Shoulder/Lap Belt(s),F,378504ef-0cd9-4f3a-8cff-b0e7c8c880a7,Same Movement Angle,N,Intersection Related,Right Turn Lane,Daylight,No Defects,One-way Trafficway,Dry,Clear,Two o'clock,Passenger Car,Disabling,N,Moving Constant Speed,2015-03-24 10:45,73,39.2990559,-76.60378754
3933,N,Apparently Normal,No Misuse,Y,No Injury,6dfa9f37-4bd1-4641-94e6-618dc0ed0794,D,ADJ4840007,Shoulder/Lap Belt(s),M,e2a506e2-db2d-41d0-8b78-232c7d048a08,Same Movement Angle,N,Intersection Related,Right Turn Lane,Daylight,No Defects,One-way Trafficway,Dry,Clear,Twelve o'clock,Passenger Car,Disabling,N,Moving Constant Speed,2015-03-24 10:45,45,39.2990559,-76.60378754
3934,N,Apparently Normal,No Misuse,N,Non-incapacitating Injury,07eaf1fa-8441-4108-8850-7fab064eafb2,D,ADJ494000B,Shoulder/Lap Belt(s),F,bb7bce0a-0f5f-466d-b165-9bda5c9ef2cd,Same Direction Sideswipe,N,Non Intersection,Left Turn Lane,Daylight,No Defects,"Two-way, Divided, Positive Median Barrier",Snow,Snow,Twelve o'clock,Passenger Car,Disabling,N,Moving Constant Speed,2015-02-21 11:55,22,39.25870857,-76.63599014
3935,N,Apparently Normal,No Misuse,N,Non-incapacitating Injury,574c117d-b04d-43bb-8388-4fefca203191,D,ADJ494000B,Shoulder/Lap Belt(s),M,5f3d089d-5de2-475f-be14-bd3c43ba7f3a,Same Direction Sideswipe,N,Non Intersection,Left Turn Lane,Daylight,No Defects,"Two-way, Divided, Positive Median Barrier",Snow,Snow,Twelve o'clock,Passenger Car,Destroyed,N,Moving Constant Speed,2015-02-21 11:55,29,39.25870857,-76.63599014
3936,N,Apparently Normal,No Misuse,N,Non-incapacitating Injury,daff5b85-93e0-4640-820a-80c450c2b82a,D,ADJ5010003,Shoulder/Lap Belt(s),F,41881cd5-fe15-4758-a418-91c83dbbc0f7,Same Direction Rear End,N,Non Intersection,Left Turn Lane,Daylight,No Defects,"Two-way, Not Divided",Dry,Clear,Six o'clock,Passenger Car,Functional,N,Slowing or Stopping,2015-01-10 10:00,52,39.30039051,-76.53579354
3937,N,Apparently Normal,No Misuse,Y,No Injury,4a76b1d2-2aba-4ccc-a3d1-bdf4c2f09e27,D,ADJ5010003,Shoulder/Lap Belt(s),M,80cc657d-52b5-4a79-b7c1-76d0b8d9290d,Same Direction Rear End,N,Non Intersection,Left Turn Lane,Daylight,No Defects,"Two-way, Not Divided",Dry,Clear,Twelve o'clock,Pickup Truck,Functional,N,Moving Constant Speed,2015-01-10 10:00,37,39.30039051,-76.53579354
3938,N,Apparently Normal,No Misuse,N,Non-incapacitating Injury,669af156-4f59-4de0-a2d1-22e5248d0462,D,ADJ5060004,Shoulder/Lap Belt(s),F,e59af370-45c9-4a16-967d-3867493a908e,Same Movement Angle,N,Intersection,Acceleration Lane,Dark Lights On,No Defects,One-way Trafficway,Wet,Raining,Eleven o'clock,Passenger Car,Disabling,N,Moving Constant Speed,2015-03-20 19:25,35,39.2841814,-76.64681822
3939,N,Apparently Normal,No Misuse,Y,Non-incapacitating Injury,d083bf8b-82f3-4604-839a-9097c010d97a,D,ADJ5060004,Shoulder/Lap Belt(s),F,ca1f97db-a43a-46cf-8724-c6985a7c9aea,Same Movement Angle,N,Intersection,Acceleration Lane,Dark Lights On,No Defects,One-way Trafficway,Wet,Raining,Eleven o'clock,Passenger Car,Disabling,N,Moving Constant Speed,2015-03-20 19:25,82,39.2841814,-76.64681822
3940,N,Apparently Normal,No Misuse,Y,No Injury,a27ae30d-2735-41d1-8d15-d353b524e0a5,D,ADJ6960002,Shoulder/Lap Belt(s),M,14e92498-d2d7-4e70-a2fd-236f5f080061,Same Direction Rear End,N,Intersection Related,Left Turn Lane,Daylight,No Defects,"Two-way, Divided, Positive Median Barrier",Dry,Clear,Twelve o'clock,Passenger Car,Superficial,N,Starting From Lane,2015-02-12 09:30,47,39.35617672,-76.66783333
3941,N,Apparently Normal,No Misuse,N,Non-incapacitating Injury,43e17f06-e2e2-4eeb-aee4-353ba2664544,D,ADJ7080001,Shoulder/Lap Belt(s),F,91533325-1c56-47e1-b4a9-0a9d9450cbe6,Same Direction Rear End,N,Intersection Related,Right Turn Lane,Dark Lights On,No Defects,"Two-way, Not Divided",Snow,Snow,Six o'clock,Passenger Car,Superficial,N,Slowing or Stopping,2015-02-16 18:00,36,39.33013984,-76.60942554
3942,N,Apparently Normal,No Misuse,Y,No Injury,a158e053-2d2b-4e7e-82ba-19afd36dc41d,D,ADJ7080001,Shoulder/Lap Belt(s),M,271dfa5f-b742-45ae-85ce-5892df32fd1a,Same Direction Rear End,N,Intersection Related,Right Turn Lane,Dark Lights On,No Defects,"Two-way, Not Divided",Snow,Snow,Twelve o'clock,Passenger Car,Functional,N,Slowing or Stopping,2015-02-16 18:00,41,39.33013984,-76.60942554
3943,N,Apparently Normal,No Misuse,N,Non-incapacitating Injury,ab89fd58-212a-4f4c-8ee2-d9b94f174b27,D,ADJ7180005,Shoulder/Lap Belt(s),F,cb87cb91-f533-4d1b-9eb7-204a0604ca56,Same Movement Angle,N,Intersection,Left Turn Lane,Daylight,No Defects,"Two-way, Not Divided",Dry,Clear,One o'clock,Passenger Car,Disabling,N,Accelerating,2015-03-09 11:54,33,39.29523456,-76.64420843
3944,N,Apparently Normal,No Misuse,Y,Non-incapacitating Injury,271e5013-93dd-42fb-8305-b72a56614ab7,D,ADJ7180005,Shoulder/Lap Belt(s),M,db66bda5-c56d-4d61-b8b4-3c3e23a8812a,Same Movement Angle,N,Intersection,Left Turn Lane,Daylight,No Defects,"Two-way, Not Divided",Dry,Clear,Eleven o'clock,Passenger Car,Disabling,N,Accelerating,2015-03-09 11:54,28,39.29523456,-76.64420843
3945,N,Apparently Normal,No Misuse,N,Non-incapacitating Injury,f5fd5d54-f13b-4d72-9b12-804c8cabfe1c,D,AE26320019,Shoulder/Lap Belt(s),F,3a9151f7-265a-4a3b-8d65-220842e6160b,Same Direction Rear End Left Turn,N,Intersection Related,Right Turn Lane,Dark Lights On,No Defects,"Two-way, Not Divided",Dry,Clear,Six o'clock,Passenger Car,Disabling,N,Making Left Turn,2015-03-17 20:29,46,39.30152793,-76.44482374
3946,N,Apparently Normal,No Misuse,Y,No Injury,5d2ac7ab-b32b-4ead-a270-aa1f57aea884,D,AE26320019,Shoulder/Lap Belt(s),M,fd33b9d4-1dbe-4253-8cf8-20a32cf976c1,Same Direction Rear End Left Turn,N,Intersection Related,Right Turn Lane,Dark Lights On,No Defects,"Two-way, Not Divided",Dry,Clear,Twelve o'clock,Passenger Car,Disabling,N,Moving Constant Speed,2015-03-17 20:29,34,39.30152793,-76.44482374
3947,N,Apparently Normal,No Misuse,N,Non-incapacitating Injury,3dfa8802-cf99-4970-873f-c7eb40fa0bd9,D,AE38030009,Shoulder/Lap Belt(s),F,3121120b-6101-497c-9b8e-c6bc672e99a9,Same Movement Angle,N,Intersection Related,Left Turn Lane,Daylight,No Defects,"Two-way, Not Divided",Dry,Clear,Twelve o'clock,(Sport) Utility Vehicle,Disabling,N,Making Right Turn,2015-02-05 11:10,74,39.45524872,-76.64204121
3948,N,Apparently Normal,No Misuse,Y,No Injury,07d54112-ac6b-4af0-a606-1094e48f60a0,D,AE38030009,Shoulder/Lap Belt(s),M,1f6df94d-dff0-45ae-957e-141513b5ee80,Same Movement Angle,N,Intersection Related,Left Turn Lane,Daylight,No Defects,"Two-way, Not Divided",Dry,Clear,One o'clock,Passenger Car,Superficial,N,Making Left Turn,2015-02-05 11:10,26,39.45524872,-76.64204121
3949,N,Apparently Normal,No Misuse,N,Non-incapacitating Injury,4cf73d6a-0e8e-4963-afe4-b94c55090472,D,AE39080004,Shoulder/Lap Belt(s),F,75bfd622-4966-46ca-bd05-9b24ee1f9af0,Single Vehicle ,N,Non Intersection,Right Turn Lane,Daylight,No Defects,"Two-way, Not Divided",Wet,Raining,One o'clock,(Sport) Utility Vehicle,Destroyed,N,Moving Constant Speed,2015-01-18 07:42,39,39.422163,-76.63041115
3950,N,Apparently Normal,No Misuse,N,Non-incapacitating Injury,1194fbe1-cab5-4e62-948a-328e8537bbe2,D,AE4253000S,Shoulder/Lap Belt(s),F,64a83f87-83c4-476b-a5db-81cb4b9530dd,Same Movement Angle,N,Intersection,Left Turn Lane,Dark Lights On,No Defects,"Two-way, Divided, Positive Median Barrier",Dry,Clear,Twelve o'clock,Passenger Car,Functional,N,Moving Constant Speed,2015-01-29 05:54,68,39.40000593,-76.79911137
3951,N,Apparently Normal,No Misuse,Y,Non-incapacitating Injury,2a6dd560-31c2-40f2-848d-94046d197a6e,D,AE4253000S,Shoulder/Lap Belt(s),F,9146d201-1f38-4301-81cb-935af3bba53e,Same Movement Angle,N,Intersection,Left Turn Lane,Dark Lights On,No Defects,"Two-way, Divided, Positive Median Barrier",Dry,Clear,One o'clock,Passenger Car,Disabling,N,Accelerating,2015-01-29 05:54,37,39.40000593,-76.79911137
3952,N,Apparently Normal,No Misuse,N,Non-incapacitating Injury,e2273aeb-e876-4c5b-85f2-2005b2a54f20,D,AE4424000B,Shoulder/Lap Belt(s),F,ce971dd5-1d27-42a7-b2cd-92305bfdb45b,Same Movement Angle,N,Intersection,Left Turn Lane,Dark Lights On,No Defects,"Two-way, Not Divided",Ice,Clear,Twelve o'clock,(Sport) Utility Vehicle,Disabling,N,Moving Constant Speed,2015-02-17 21:11,48,39.36343511,-76.78449869
3953,N,Apparently Normal,No Misuse,Y,Non-incapacitating Injury,532ebf8a-96de-4f44-b3e5-16d1cb2eb367,D,AE4424000B,Shoulder/Lap Belt(s),M,a82bcf9e-563d-4e6c-a2f0-782fe94947a5,Same Movement Angle,N,Intersection,Left Turn Lane,Dark Lights On,No Defects,"Two-way, Not Divided",Ice,Clear,Nine o'clock,Station Wagon,Disabling,N,Making Right Turn,2015-02-17 21:11,42,39.36343511,-76.78449869
3954,N,Apparently Normal,No Misuse,Y,Non-incapacitating Injury,9273e809-7e1b-4114-94e1-8f018a309e42,D,AE4424000J,Shoulder/Lap Belt(s),F,733fd36b-4fec-401b-8156-16348f0e5f4f,Same Movement Angle,N,Intersection,Right Turn Lane,Daylight,No Defects,"Two-way, Not Divided",Dry,Clear,One o'clock,Passenger Car,Disabling,N,Making Left Turn,2015-02-25 07:30,41,39.32485329,-76.71313047
3955,N,Apparently Normal,No Misuse,N,No Injury,9b50222b-d605-44a1-b130-72e270a5acd9,D,AE4424000J,Shoulder/Lap Belt(s),M,f31de829-fcd1-4bb5-a985-9152d684c0cc,Same Movement Angle,N,Intersection,Right Turn Lane,Daylight,No Defects,"Two-way, Not Divided",Dry,Clear,Eleven o'clock,Passenger Car,Disabling,N,Moving Constant Speed,2015-02-25 07:30,49,39.32485329,-76.71313047
3956,N,Apparently Normal,No Misuse,N,Non-incapacitating Injury,1f4c3493-e4a5-4159-a4ea-d6001f289ddc,D,AE4652000J,Shoulder/Lap Belt(s),F,02baf197-96c9-445e-9057-b21e8e933c3c,Opposite Direction Sideswipe,N,Non Intersection,Right Turn Lane,Daylight,No Defects,"Two-way, Not Divided with a Continuous Left Turn Lane",Dry,Clear,Ten o'clock,(Sport) Utility Vehicle,Disabling,N,Moving Constant Speed,2015-03-22 17:53,52,39.39482001,-76.51596665
3957,N,Apparently Normal,No Misuse,Y,No Injury,b83a86c7-3bbf-4e23-a57c-ef605f1399d8,D,AE4852000K,Shoulder/Lap Belt(s),M,f14505d2-8f98-4c6c-b218-e07f262129c2,Single Vehicle ,N,Intersection,Right Turn Lane,Dark Lights On,No Defects,"Two-way, Not Divided",Wet,Cloudy,Twelve o'clock,Passenger Car,Superficial,N,Making Left Turn,2015-01-29 18:01,20,39.39334832,-76.61481142
3958,N,Apparently Normal,No Misuse,N,Non-incapacitating Injury,15c0f2ea-06d0-40d8-8364-37e5b5da800b,D,AE48800058,Shoulder/Lap Belt(s),F,0d53d09f-6e8a-4ddc-9373-686ba37b5fad,Same Direction Rear End,N,Non Intersection,Right Turn Lane,Daylight,No Defects,"Two-way, Not Divided",Dry,Clear,Six o'clock,Passenger Car,Superficial,N,Stopped in Traffic Lane,2015-02-25 08:10,45,39.338658,-76.508051
3959,N,Apparently Normal,No Misuse,Y,No Injury,bac5019f-42f7-4c7e-bf18-7fe14535d8b1,D,AE48800058,Shoulder/Lap Belt(s),M,6ee38f65-a272-4878-8f51-9de584e206cf,Same Direction Rear End,N,Non Intersection,Right Turn Lane,Daylight,No Defects,"Two-way, Not Divided",Dry,Clear,Twelve o'clock,Passenger Car,Functional,N,Slowing or Stopping,2015-02-25 08:10,35,39.338658,-76.508051
3960,N,Apparently Normal,No Misuse,N,Non-incapacitating Injury,7e7a4def-bebd-4f44-94cb-26f1452a7896,D,AE48800060,Shoulder/Lap Belt(s),F,a07403a0-fede-47c8-b2d4-087ff968b6de,Same Direction Rear End,N,Commercial Driveway,Right Turn Lane,Daylight,No Defects,"Two-way, Not Divided",Dry,Clear,Six o'clock,(Sport) Utility Vehicle,Functional,N,Stopped in Traffic Lane,2015-03-12 09:07,55,39.342382,-76.482045
3961,N,Apparently Normal,No Misuse,Y,Non-incapacitating Injury,a2a1aee6-144b-4916-bcf6-20a99448abd8,D,AE48800060,Shoulder/Lap Belt(s),F,06487a21-835b-4eee-9b20-990897bef6af,Same Direction Rear End,N,Commercial Driveway,Right Turn Lane,Daylight,No Defects,"Two-way, Not Divided",Dry,Clear,Twelve o'clock,Van,Disabling,N,Slowing or Stopping,2015-03-12 09:07,75,39.342382,-76.482045
3962,N,Apparently Normal,No Misuse,N,Non-incapacitating Injury,ce2f35d0-2067-4ded-9e13-9c363bd09528,D,AE51010007,Shoulder/Lap Belt(s),F,bc108811-65fe-42b8-ac01-bf5e8cb588c8,Head On,N,Crossover Related,Left Turn Lane,Daylight,No Defects,"Two-way, Divided, Positive Median Barrier",Ice,Raining,Twelve o'clock,(Sport) Utility Vehicle,Disabling,N,Moving Constant Speed,2015-01-18 07:30,64,39.4263234,-76.44632578
3963,N,Apparently Normal,No Misuse,Y,Non-incapacitating Injury,7791f85a-9e54-4004-aef8-cd0b4b004fa4,D,AE51010007,Shoulder/Lap Belt(s),M,22c854bc-a891-4580-b4a4-bf3abc7b9a61,Head On,N,Crossover Related,Left Turn Lane,Daylight,No Defects,"Two-way, Divided, Positive Median Barrier",Ice,Raining,Two o'clock,Passenger Car,Destroyed,N,Skidding,2015-01-18 07:30,26,39.4263234,-76.44632578
3964,N,Apparently Normal,No Misuse,N,Non-incapacitating Injury,a1c8a74e-33fc-4b07-b195-12325042af1a,D,AE53100009,Shoulder/Lap Belt(s),F,4a5a28bb-c502-45cd-abda-3be2969e582d,Head On Left Turn,N,Non Intersection,Right Turn Lane,Dawn,No Defects,"Two-way, Not Divided",Dry,Clear,Twelve o'clock,Passenger Car,Disabling,N,Making Left Turn,2015-01-29 06:54,31,39.33634709,-76.47970319
3965,N,Apparently Normal,No Misuse,Y,Non-incapacitating Injury,f75291c1-3862-4565-a4a6-77dfcc445b85,D,AE53100009,Shoulder/Lap Belt(s),M,73869e35-b146-4114-83f3-9ee5c14eff47,Head On Left Turn,N,Non Intersection,Right Turn Lane,Dawn,No Defects,"Two-way, Not Divided",Dry,Clear,Twelve o'clock,Pickup Truck,Disabling,N,Moving Constant Speed,2015-01-29 06:54,48,39.33634709,-76.47970319
3966,N,Apparently Normal,No Misuse,N,Non-incapacitating Injury,e28946a6-b9df-4d15-9fa6-d64f59fd6843,D,AE54210004,Shoulder/Lap Belt(s),M,fc3c6b63-9bea-48eb-8471-c661b18446d5,Same Direction Rear End,N,Non Intersection,Left Turn Lane,Daylight,No Defects,"Two-way, Divided, Unprotected (painted >4 feet) Median",Wet,Raining,Six o'clock,Passenger Car,Functional,N,Slowing or Stopping,2015-01-03 16:20,70,39.38393703,-76.49833918
3967,N,Apparently Normal,No Misuse,Y,Non-incapacitating Injury,2b5523d2-e187-4bcc-bde1-3f105a45be9a,D,AE5467000B,Shoulder/Lap Belt(s),F,28c1f867-bfbd-46d0-8493-110ab9e6003e,Head On Left Turn,N,Intersection,Right Turn Lane,Dark Lights On,No Defects,"Two-way, Not Divided with a Continuous Left Turn Lane",Dry,Clear,One o'clock,(Sport) Utility Vehicle,Disabling,N,Moving Constant Speed,2015-02-24 18:45,35,39.35089213,-76.75040245
3968,N,Apparently Normal,No Misuse,Y,Non-incapacitating Injury,c5b0d9a3-1981-4105-9522-7f92cad7ac6b,D,AE5467000B,Shoulder/Lap Belt(s),M,410d6fcf-a1d5-41dd-bfbc-21f12b8880ee,Head On Left Turn,N,Intersection,Right Turn Lane,Dark Lights On,No Defects,"Two-way, Not Divided with a Continuous Left Turn Lane",Dry,Clear,Twelve o'clock,Passenger Car,Destroyed,N,Moving Constant Speed,2015-02-24 18:45,22,39.35089213,-76.75040245
3969,N,Apparently Normal,No Misuse,N,Possible Incapacitating Injury,c60cb6e2-3e43-4c8d-984a-9a52b372a1d4,D,AE54880005,Shoulder/Lap Belt(s),F,33078bbe-da88-465c-b36c-1db4d067e71e,Same Direction Rear End,N,Intersection,Acceleration Lane,Dark Lights On,No Defects,"Two-way, Divided, Positive Median Barrier",Wet,Raining,Six o'clock,(Sport) Utility Vehicle,Superficial,N,Stopped in Traffic Lane,2015-03-15 00:00,47,39.29139433,-76.71624184
3970,N,Apparently Normal,No Misuse,Y,No Injury,cbd2f2c4-64f2-480a-b82e-0bb05ca940f3,D,AE54880005,Shoulder/Lap Belt(s),M,493f21b7-ad27-4bdc-a3bb-dc69a215ae47,Same Direction Rear End,N,Intersection,Acceleration Lane,Dark Lights On,No Defects,"Two-way, Divided, Positive Median Barrier",Wet,Raining,Twelve o'clock,Van,Functional,Y,Slowing or Stopping,2015-03-15 00:00,37,39.29139433,-76.71624184
3971,N,Apparently Normal,No Misuse,N,Non-incapacitating Injury,a5a05786-cd34-4ca3-b182-c60ddc5d475e,D,AE55160005,Shoulder/Lap Belt(s),F,7e268aa6-0272-4a4c-a3ff-3ca25df3ed61,Same Movement Angle,N,Intersection,Right Turn Lane,Dark Lights On,No Defects,"Two-way, Not Divided",Dry,Clear,Eight o'clock,(Sport) Utility Vehicle,Superficial,N,Moving Constant Speed,2015-02-08 19:55,65,39.28503777,-76.75312757
3972,N,Apparently Normal,No Misuse,Y,No Injury,b3ad4d16-9585-4dee-a9de-921916a91f5b,D,AE55160005,Shoulder/Lap Belt(s),M,ae816ab4-0172-49f3-b8da-e18452d497fe,Same Movement Angle,N,Intersection,Right Turn Lane,Dark Lights On,No Defects,"Two-way, Not Divided",Dry,Clear,Twelve o'clock,Pickup Truck,Superficial,N,Making Left Turn,2015-02-08 19:55,51,39.28503777,-76.75312757
3973,N,Apparently Normal,No Misuse,N,Non-incapacitating Injury,fb8b89d1-3026-40f4-8e93-d1a95db8d89e,D,AE5645001W,Shoulder/Lap Belt(s),F,eeee326e-dceb-4dd3-8761-6a0478ca4b85,Same Movement Angle,N,Intersection,Right Turn Lane,Daylight,No Defects,"Two-way, Not Divided",Wet,Raining,Twelve o'clock,Passenger Car,Disabling,N,Moving Constant Speed,2015-03-25 11:15,39,39.23594288,-76.66943192
3974,N,Apparently Normal,No Misuse,Y,No Injury,aebadc6e-b790-435f-802a-ee5295b66674,D,AE5645001W,Shoulder/Lap Belt(s),M,d85a29f6-9bd9-4463-a4f5-352953273859,Same Movement Angle,N,Intersection,Right Turn Lane,Daylight,No Defects,"Two-way, Not Divided",Wet,Raining,Eleven o'clock,Pickup Truck,Functional,N,Slowing or Stopping,2015-03-25 11:15,72,39.23594288,-76.66943192
3975,N,Apparently Normal,No Misuse,Y,Non-incapacitating Injury,84e3b48d-7bb7-4f3f-bd77-4722f9588e60,D,AE57950008,Shoulder/Lap Belt(s),F,37d206b5-e261-4672-a47f-66b530564804,Head On,N,Intersection,Right Turn Lane,Daylight,No Defects,"Two-way, Not Divided",Dry,Clear,Eleven o'clock,Passenger Car,Disabling,N,Moving Constant Speed,2015-01-10 16:01,38,39.34919136,-76.44688368
3976,N,Apparently Normal,No Misuse,N,Non-incapacitating Injury,aaa76a08-8777-4beb-9b4d-41fdafcc4376,D,AM03230007,Shoulder/Lap Belt(s),F,82b0b970-cb22-41fa-a6b3-c22e60e7fa21,Same Movement Angle,N,Crossover Related,Right Turn Lane,Daylight,No Defects,"Two-way, Not Divided",Dry,Clear,Twelve o'clock,(Sport) Utility Vehicle,Functional,N,Moving Constant Speed,2015-01-22 13:50,52,38.93900807,-76.93612933
3977,N,Apparently Normal,No Misuse,Y,No Injury,0b86a605-da8c-47d8-8bec-1b46ed7f611a,D,AM03230007,Shoulder/Lap Belt(s),M,de620555-7836-4b7a-a149-8a93b40777f0,Same Movement Angle,N,Crossover Related,Right Turn Lane,Daylight,No Defects,"Two-way, Not Divided",Dry,Clear,Three o'clock,Passenger Car,Functional,N,Accelerating,2015-01-22 13:50,68,38.93900807,-76.93612933
3978,N,Apparently Normal,No Misuse,Y,Non-incapacitating Injury,3bf95dc6-9cfb-44f2-a300-810768f11ac9,D,AM03230008,Shoulder/Lap Belt(s),F,3fac0674-8253-4a61-9c79-932b24c899ed,Same Movement Angle,N,Intersection,Right Turn Lane,Daylight,No Defects,One-way Trafficway,Dry,Cloudy,Ten o'clock,Passenger Car,Disabling,N,Accelerating,2015-01-30 11:29,53,38.94104423,-76.94083393
3979,N,Apparently Normal,No Misuse,N,No Injury,d245de5c-b6e2-4d26-95fc-ed49eff1c73e,D,AM03230008,Shoulder/Lap Belt(s),M,c622df59-f955-48d4-b732-773f0f165424,Same Movement Angle,N,Intersection,Right Turn Lane,Daylight,No Defects,One-way Trafficway,Dry,Cloudy,Twelve o'clock,Pickup Truck,Functional,N,Moving Constant Speed,2015-01-30 11:29,51,38.94104423,-76.94083393
3980,N,Apparently Normal,No Misuse,N,Non-incapacitating Injury,8c947877-3808-432f-977e-a9f43ce70083,D,AM03320002,Shoulder/Lap Belt(s),F,65b162d6-665f-461e-b5c7-81fc4417cac9,Head On Left Turn,N,Intersection Related,Right Turn Lane,Daylight,No Defects,"Two-way, Divided, Unprotected (painted >4 feet) Median",Wet,Wintry Mix,Eleven o'clock,Passenger Car,Disabling,N,Moving Constant Speed,2015-01-06 16:51,39,38.935592,-76.935864
3981,N,Apparently Normal,No Misuse,Y,No Injury,093a772a-66b9-416e-8df2-3a56f71d4227,D,AM03320002,Shoulder/Lap Belt(s),M,accc90c9-6cee-4bf1-b748-b56f18425148,Head On Left Turn,N,Intersection Related,Right Turn Lane,Daylight,No Defects,"Two-way, Divided, Unprotected (painted >4 feet) Median",Wet,Wintry Mix,Twelve o'clock,Passenger Car,Disabling,N,Moving Constant Speed,2015-01-06 16:51,35,38.935592,-76.935864
3982,N,Apparently Normal,No Misuse,N,Non-incapacitating Injury,e4ee057a-b00d-4e8a-acc5-b21536b0a9a5,D,AM03320004,Shoulder/Lap Belt(s),F,fc3f6093-3f2d-423f-8938-53c40195f474,Head On Left Turn,N,Non Intersection,Right Turn Lane,Daylight,No Defects,"Two-way, Not Divided",Dry,Clear,Eleven o'clock,Van,Disabling,N,Moving Constant Speed,2015-01-20 07:36,44,38.944926,-76.916986
3983,N,Apparently Normal,No Misuse,Y,Non-incapacitating Injury,68c3be13-c365-4654-9953-40e9a1ea6bfb,D,BSPDA3000002,Shoulder/Lap Belt(s),F,856a619c-e8e6-4976-a4b0-3cff5b5a6703,Same Direction Rear End,N,Non Intersection,Right Turn Lane,Daylight,No Defects,"Two-way, Not Divided",Ice,Clear,Twelve o'clock,Van,Disabling,N,Slowing or Stopping,2015-02-03 09:00,50,39.29182195,-76.53632998
3984,N,Apparently Normal,No Misuse,N,No Injury,90bcfa2c-6784-47e1-b731-bbbece10f311,D,BSPDA3000002,Shoulder/Lap Belt(s),M,b4288c96-b289-4955-b83c-d43ddb5d33b5,Same Direction Rear End,N,Non Intersection,Right Turn Lane,Daylight,No Defects,"Two-way, Not Divided",Ice,Clear,Six o'clock,Passenger Car,Functional,N,Slowing or Stopping,2015-02-03 09:00,30,39.29182195,-76.53632998
3985,N,Apparently Normal,No Misuse,Y,Non-incapacitating Injury,95065186-c701-427c-93ce-b295820a6407,D,BW0108000B,Shoulder/Lap Belt(s),F,cdd48a7a-0ed8-4f80-8181-da1d61b2b147,Head On Left Turn,N,Intersection,Acceleration Lane,Dark Lights On,No Defects,"Two-way, Divided, Positive Median Barrier",Wet,Raining,Two o'clock,(Sport) Utility Vehicle,Disabling,N,Making Left Turn,2015-01-23 23:09,43,38.99627372,-76.89815998
3986,N,Apparently Normal,No Misuse,N,No Injury,4b031b58-ea00-46d9-9338-cdc7bcbf9aa0,D,BW0108000B,Shoulder/Lap Belt(s),M,e9eb31ec-e7c5-4716-bdfc-f314702a3425,Head On Left Turn,N,Intersection,Acceleration Lane,Dark Lights On,No Defects,"Two-way, Divided, Positive Median Barrier",Wet,Raining,Twelve o'clock,Van,Functional,N,Moving Constant Speed,2015-01-23 23:09,51,38.99627372,-76.89815998