KEY_INDEX,CDL_FLAG,CONDITION_CODE,EQUIP_PROB_CODE,FAULT_FLAG,INJ_SEVER_CODE,PERSON_ID,PERSON_TYPE,REPORT_NO,SAF_EQUIP_CODE,SEX_CODE,VEHICLE_ID,COLLISION_TYPE_CODE,C_M_ZONE_FLAG,JUNCTION_CODE,LANE_CODE,LIGHT_CODE,RD_COND_CODE,RD_DIV_CODE,SURF_COND_CODE,WEATHER_CODE,AREA_DAMAGED_CODE_MAIN,BODY_TYPE_CODE,DAMAGE_CODE,HIT_AND_RUN_FLAG,MOVEMENT_CODE,TIME,AGE,LATITUDE,LONGITUDE
3987,N,Apparently Normal,No Misuse,N,Non-incapacitating Injury,c21fd9bc-d079-4ec9-9a4c-5324b0fdce4c,D,BX39910004,Shoulder/Lap Belt(s),M,9196ea82-5554-4bae-b503-41dc9d097e6c,Angle Meets Right Turn,N,Intersection Related,Right Turn Lane,Daylight,No Defects,"Two-way, Divided, Positive Median Barrier",Dry,Clear,Two o'clock,Passenger Car,Destroyed,N,Moving Constant Speed,2015-03-09 08:40,28,39.63885182,-77.69528031
3988,N,Apparently Normal,No Misuse,Y,No Injury,0e00456a-51a9-45d4-841b-064a967301c8,D,BX50670002,Shoulder/Lap Belt(s),M,7bf2ba16-61e6-48b8-9f12-310e3076a662,Same Movement Angle,N,Intersection,Right Turn Lane,Daylight,No Defects,"Two-way, Not Divided",Dry,Cloudy,One o'clock,"Other Light Trucks (10,000 lbs (4,536 kg))",Superficial,N,Making Left Turn,2015-02-19 16:15,38,39.65214834,-77.72917807
3989,N,Apparently Normal,No Misuse,N,Non-incapacitating Injury,211d5b8b-0005-401d-b3bf-8257aee6a616,D,CB58460007,Shoulder/Lap Belt(s),F,62649180-649b-4bbf-b376-611382ec14b3,Same Movement Angle,N,Intersection,Right Turn Lane,Dark Lights On,No Defects,"Two-way, Divided, Positive Median Barrier",Dry,Clear,Twelve o'clock,Passenger Car,Disabling,N,Moving Constant Speed,2015-03-25 02:35,58,39.13584416,-76.81446433
3990,N,Apparently Normal,No Misuse,Y,Non-incapacitating Injury,73103697-eaaa-486a-b206-0b4982a0bed5,D,CB58460007,Shoulder/Lap Belt(s),M,66afff0f-6862-400e-9f90-031f1870d496,Same Movement Angle,N,Intersection,Right Turn Lane,Dark Lights On,No Defects,"Two-way, Divided, Positive Median Barrier",Dry,Clear,Three o'clock,Passenger Car,Disabling,N,Accelerating,2015-03-25 02:35,29,39.13584416,-76.81446433
3991,N,Apparently Normal,No Misuse,N,Non-incapacitating Injury,d1db41f5-a68f-40b2-8554-538dd965ee01,D,CBPD0050000G,Shoulder/Lap Belt(s),F,79ec6cca-fd91-4f07-acd9-b794ff25f836,Same Movement Angle,N,Intersection,Right Turn Lane,Daylight,No Defects,"Two-way, Divided, Positive Median Barrier",Dry,Cloudy,Eleven o'clock,(Sport) Utility Vehicle,Destroyed,N,Moving Constant Speed,2015-03-10 09:38,29,38.97224697,-76.76784217
3992,N,Apparently Normal,No Misuse,Y,No Injury,20d8b78c-adc9-40e4-97ab-d27006eea32f,D,CBPD0050000G,Shoulder/Lap Belt(s),M,75e4b2e7-2112-45dc-8b98-119fb4430886,Same Movement Angle,N,Intersection,Right Turn Lane,Daylight,No Defects,"Two-way, Divided, Positive Median Barrier",Dry,Cloudy,Twelve o'clock,(Sport) Utility Vehicle,Destroyed,N,Making Left Turn,2015-03-10 09:38,18,38.97224697,-76.76784217
3993,N,Apparently Normal,No Misuse,N,Non-incapacitating Injury,a5cd8ca1-5d9d-43bc-b5bd-2bca88344ca8,D,CBPD0071000Y,Shoulder/Lap Belt(s),M,4373b646-cad2-4b40-ba33-1c00f4f82c79,Same Movement Angle,N,Crossover Related,Right Turn Lane,Dark No Lights,No Defects,"Two-way, Divided, Positive Median Barrier",Dry,Clear,Twelve o'clock,Police Vehicle/Emergency,Destroyed,N,Moving Constant Speed,2015-01-17 00:00,28,38.90066053,-76.73248529
3994,N,Apparently Normal,No Misuse,N,Non-incapacitating Injury,675c99e3-3945-40f2-a92f-e1e2cf05b44d,D,CBPD00750005,Shoulder/Lap Belt(s),F,f152f948-04e5-4829-af40-cc14de89cb58,Head On,N,Non Intersection,Right Turn Lane,Dark Lights On,No Defects,"Two-way, Not Divided",Dry,Clear,Twelve o'clock,Passenger Car,Disabling,N,Moving Constant Speed,2015-03-30 19:45,22,38.96361336,-76.73229218
3995,N,Apparently Asleep,No Misuse,Y,No Injury,7c533172-3908-4782-994f-ef6d599bf5f0,D,CBPD00750005,Shoulder/Lap Belt(s),M,64ea2201-6cb8-4bc7-b760-ae8d8adc0ae4,Head On,N,Non Intersection,Right Turn Lane,Dark Lights On,No Defects,"Two-way, Not Divided",Dry,Clear,Twelve o'clock,Passenger Car,Disabling,N,Moving Constant Speed,2015-03-30 19:45,22,38.96361336,-76.73229218
3996,N,Apparently Normal,No Misuse,Y,Non-incapacitating Injury,322e4c1c-fc38-4ff0-b918-946875ad2e51,D,CD0616000M,Shoulder/Lap Belt(s),F,daaacbe7-dc28-4871-b1bd-75ba0d7f85df,Head On Left Turn,N,Intersection,Left Turn Lane,Dark Lights On,No Defects,"Two-way, Not Divided",Dry,Cloudy,One o'clock,Passenger Car,Destroyed,N,Accelerating,2015-03-12 19:15,17,38.53624942,-76.98381901
3997,N,Apparently Normal,No Misuse,N,Possible Incapacitating Injury,883f3806-e686-485d-82bc-2e170d0660b3,D,CD0616000M,Shoulder/Lap Belt(s),M,42b3520a-2e14-4d1e-b1eb-a12d08505eff,Head On Left Turn,N,Intersection,Left Turn Lane,Dark Lights On,No Defects,"Two-way, Not Divided",Dry,Cloudy,Twelve o'clock,(Sport) Utility Vehicle,Destroyed,N,Moving Constant Speed,2015-03-12 19:15,36,38.53624942,-76.98381901
3998,N,Apparently Normal,No Misuse,Y,No Injury,18fdab50-8d41-4ecd-8244-f71be41ef4fb,D,CD0627000F,Shoulder/Lap Belt(s),M,06c7af8a-9817-41fb-b5be-c209d1a786ac,Same Movement Angle,N,Intersection Related,Right Turn Lane,Daylight,No Defects,"Two-way, Not Divided",Wet,Raining,Three o'clock,Passenger Car,Functional,N,Making Left Turn,2015-01-12 13:51,27,38.53230495,-76.97824001
3999,N,Apparently Normal,No Misuse,Y,Non-incapacitating Injury,a78c0bb5-2220-429f-b8cb-d245f4c872be,D,CE44500003,Shoulder/Lap Belt(s),F,8bef310c-74ea-40c1-9fc0-847f86aad245,Head On Left Turn,N,Intersection Related,Acceleration Lane,Dark Lights On,No Defects,"Two-way, Divided, Unprotected (painted >4 feet) Median",Dry,Clear,Three o'clock,Passenger Car,Destroyed,N,Making Left Turn,2015-03-23 19:58,65,39.09550497,-76.83876514
4000,N,Apparently Normal,No Misuse,N,Possible Incapacitating Injury,7e2608b3-fd1d-496c-b6f9-64d46582d42b,D,CE44500003,Shoulder/Lap Belt(s),F,8b6a9d5d-0ce2-4abd-ad32-970edb700b64,Head On Left Turn,N,Intersection Related,Acceleration Lane,Dark Lights On,No Defects,"Two-way, Divided, Unprotected (painted >4 feet) Median",Dry,Clear,Twelve o'clock,Pickup Truck,Destroyed,N,Moving Constant Speed,2015-03-23 19:58,47,39.09550497,-76.83876514
4001,N,Apparently Normal,No Misuse,N,Non-incapacitating Injury,009d9d75-b359-46f1-97bd-08c513866766,D,CE45780005,Shoulder/Lap Belt(s),F,8a808dea-82bd-4251-afbd-508f961329b4,Same Direction Left Turn,N,Non Intersection,Right Turn Lane,Dark Lights On,No Defects,One-way Trafficway,Wet,Raining,One o'clock,Passenger Car,Disabling,N,Accelerating,2015-01-12 19:23,31,39.09738988,-76.85061917
4002,N,Apparently Normal,No Misuse,Y,Non-incapacitating Injury,2489e4f6-a750-4bbe-98c0-cfe25b4deac8,D,CE45780005,Shoulder/Lap Belt(s),M,6fa37db6-20c0-4f7c-8e21-8b38adad3d1c,Same Direction Left Turn,N,Non Intersection,Right Turn Lane,Dark Lights On,No Defects,One-way Trafficway,Wet,Raining,Twelve o'clock,Passenger Car,Disabling,N,Moving Constant Speed,2015-01-12 19:23,34,39.09738988,-76.85061917
4003,N,Apparently Normal,No Misuse,N,Non-incapacitating Injury,913c0e74-54ad-4a35-8ef3-551e738b762c,D,CW00200002,Shoulder/Lap Belt(s),F,c75bdca0-16c6-45d0-ab27-4805fc228bf6,Same Movement Angle,N,Intersection,Right Turn Lane,Daylight,No Defects,"Two-way, Divided, Positive Median Barrier",Wet,Raining,Two o'clock,Passenger Car,Disabling,N,Accelerating,2015-03-26 12:56,59,39.57112341,-76.06668323
4004,N,Apparently Normal,No Misuse,Y,Non-incapacitating Injury,3e55067b-5e4d-4fa2-8cc8-717c3a9dd46e,D,CW00200002,Shoulder/Lap Belt(s),F,5643eae1-6b00-4d9a-bd36-93fc22b5415d,Same Movement Angle,N,Intersection,Right Turn Lane,Daylight,No Defects,"Two-way, Divided, Positive Median Barrier",Wet,Raining,Twelve o'clock,(Sport) Utility Vehicle,Disabling,N,Moving Constant Speed,2015-03-26 12:56,72,39.57112341,-76.06668323
4005,N,Apparently Normal,No Misuse,N,Non-incapacitating Injury,4cdc7ad3-73b6-4ac0-a981-7b111aad69df,D,DA26540006,Shoulder/Lap Belt(s),F,8eca4aed-4969-476e-abe7-5d16855ad276,Same Movement Angle,N,Intersection,Left Turn Lane,Dark Lights On,No Defects,"Two-way, Divided, Positive Median Barrier",Dry,Clear,Two o'clock,Passenger Car,Functional,N,Moving Constant Speed,2015-02-26 20:27,46,38.92677004,-76.88468322
4006,N,Apparently Normal,No Misuse,N,No Injury,599a4f0d-3d5a-4a7a-bb09-2d6e198270d1,D,DA26540006,Shoulder/Lap Belt(s),M,0d3bbf7e-cceb-4913-a9b8-eb8f8337a3c4,Same Movement Angle,N,Intersection,Left Turn Lane,Dark Lights On,No Defects,"Two-way, Divided, Positive Median Barrier",Dry,Clear,Five o'clock,Pickup Truck,Functional,N,Moving Constant Speed,2015-02-26 20:27,59,38.92677004,-76.88468322
4007,N,Apparently Normal,No Misuse,N,Non-incapacitating Injury,cfa45bb4-4211-40a3-a0d3-f37315e3a287,D,DA33580006,Shoulder/Lap Belt(s),F,836ac957-bb15-4111-a907-485af5ca6bad,Head On,N,Non Intersection,Left Turn Lane,Daylight,No Defects,"Two-way, Divided, Unprotected (painted >4 feet) Median",Dry,Clear,Twelve o'clock,Passenger Car,Disabling,N,Moving Constant Speed,2015-02-27 16:22,45,38.88416822,-76.86054468
4008,Y,Apparently Normal,No Misuse,Y,No Injury,3373bf1e-2323-4081-a01c-08db7bb3c828,D,DA33580006,Shoulder/Lap Belt(s),M,9e3d4c57-c21a-4fa0-8ef8-845063cf4864,Head On,N,Non Intersection,Left Turn Lane,Daylight,No Defects,"Two-way, Divided, Unprotected (painted >4 feet) Median",Dry,Clear,Twelve o'clock,"Medium/Heavy Truck 2 axles (10,000 lbs (4,536 kg) or less)",Disabling,N,Slowing or Stopping,2015-02-27 16:22,37,38.88416822,-76.86054468
4009,N,Apparently Normal,No Misuse,N,Non-incapacitating Injury,42058308-4de7-4225-b41f-6a723deb3839,D,DA33770008,Shoulder/Lap Belt(s),F,1504fbe1-4239-4906-b98e-183c5af2c36e,Same Movement Angle,N,Intersection,Right Turn Lane,Dark Lights On,No Defects,"Two-way, Divided, Unprotected (painted >4 feet) Median",Dry,Clear,Two o'clock,Passenger Car,Destroyed,N,Moving Constant Speed,2015-02-10 20:17,32,39.00641238,-76.96671724
4010,N,Apparently Normal,No Misuse,Y,No Injury,d1c126c1-0576-4f39-86b5-17ccfefc81b5,D,DA33770008,Shoulder/Lap Belt(s),M,74bbd665-6b21-4d0e-98ff-c5f968c7bcb2,Same Movement Angle,N,Intersection,Right Turn Lane,Dark Lights On,No Defects,"Two-way, Divided, Unprotected (painted >4 feet) Median",Dry,Clear,Twelve o'clock,Passenger Car,Destroyed,N,Accelerating,2015-02-10 20:17,34,39.00641238,-76.96671724
4011,N,Apparently Normal,No Misuse,Y,Non-incapacitating Injury,a0397db9-0bda-45c6-b977-d5ee1b68d44d,D,DA33890005,Shoulder/Lap Belt(s),F,efd2c865-627d-488e-bb2a-48653e11e70b,Single Vehicle ,N,Non Intersection,Right Turn Lane,Dark No Lights,No Defects,"Two-way, Divided, Positive Median Barrier",Wet,Clear,Four o'clock,Passenger Car,Functional,N,Accelerating,2015-01-24 18:45,27,38.74596704,-76.99201584
4012,N,Apparently Normal,No Misuse,N,Non-incapacitating Injury,d031dd16-5d7b-491f-b0c7-5d059e5a3e2b,D,DA3578000C,Shoulder/Lap Belt(s),F,f07e1a31-09bc-4f34-965a-6ee6505eb205,Head On Left Turn,N,Intersection,Right Turn Lane,Daylight,No Defects,"Two-way, Divided, Positive Median Barrier",Dry,Clear,Twelve o'clock,Passenger Car,Disabling,N,Moving Constant Speed,2015-03-26 17:18,22,38.85162331,-76.91996098
4013,N,Apparently Normal,No Misuse,Y,Non-incapacitating Injury,ffbdf5ef-bc53-4597-af0c-b06dde9d1af8,D,DA3578000C,Shoulder/Lap Belt(s),F,6cc6a27c-17d9-4971-9d68-4a6bb89476bb,Head On Left Turn,N,Intersection,Right Turn Lane,Daylight,No Defects,"Two-way, Divided, Positive Median Barrier",Dry,Clear,Twelve o'clock,(Sport) Utility Vehicle,Disabling,N,Making Left Turn,2015-03-26 17:18,54,38.85162331,-76.91996098
4014,N,Apparently Normal,No Misuse,N,Possible Incapacitating Injury,593e25eb-dc69-4778-aab0-04e8271598d7,D,DA3578000C,Shoulder/Lap Belt(s),F,dc3298d2-6eae-49ef-80a4-69c253fb1790,Head On Left Turn,N,Intersection,Right Turn Lane,Daylight,No Defects,"Two-way, Divided, Positive Median Barrier",Dry,Clear,Twelve o'clock,Passenger Car,Superficial,N,Stopped in Traffic Lane,2015-03-26 17:18,46,38.85162331,-76.91996098
4015,N,Apparently Normal,No Misuse,N,Non-incapacitating Injury,81d61502-038e-4e8b-9b90-e94dd8bc177d,D,DA36170006,Shoulder/Lap Belt(s),F,708dfb9f-2d9e-4bc5-aa46-36b933e0dd76,Same Direction Rear End,N,Non Intersection,Right Turn Lane,Dark Lights On,No Defects,"Two-way, Not Divided",Wet,Raining,Six o'clock,Passenger Car,Disabling,N,Slowing or Stopping,2015-01-03 17:45,37,38.82342685,-76.93796396
4016,N,Apparently Normal,No Misuse,Y,Non-incapacitating Injury,b8cf93ff-98a3-4bde-97bd-a0a2278d16ad,D,DA36170006,Shoulder/Lap Belt(s),F,21cbea13-6471-46e0-9f16-bed940587ce9,Same Direction Rear End,N,Non Intersection,Right Turn Lane,Dark Lights On,No Defects,"Two-way, Not Divided",Wet,Raining,Twelve o'clock,Passenger Car,Functional,N,Moving Constant Speed,2015-01-03 17:45,38,38.82342685,-76.93796396
4017,N,Apparently Normal,No Misuse,N,Non-incapacitating Injury,50e66eaa-f3fa-44ce-9d15-12aa45006731,D,DA36170009,Shoulder/Lap Belt(s),F,832ff3b6-b036-412e-b61e-319b0bb3c0fb,Same Movement Angle,N,Intersection,Right Turn Lane,Daylight,No Defects,"Two-way, Not Divided",Wet,Raining,One o'clock,School Bus,Superficial,N,Moving Constant Speed,2015-01-12 10:46,38,38.83294774,-76.96485043
4018,N,Apparently Normal,No Misuse,N,Non-incapacitating Injury,39cb7187-6c22-4fc9-ae0f-31bfc2fb3c1b,D,DA3636000G,Shoulder/Lap Belt(s),F,e51e165c-2ed5-4fb5-8cdb-dc2ab4978775,Same Movement Angle,N,Intersection Related,Right Turn Lane,Daylight,No Defects,"Two-way, Divided, Unprotected (painted >4 feet) Median",Snow,Snow,Twelve o'clock,Passenger Car,Disabling,N,Moving Constant Speed,2015-01-06 07:49,31,38.75276968,-76.76386714
4019,N,Apparently Normal,No Misuse,Y,No Injury,34683801-ada5-43c4-b60e-38f66e66bfa3,D,DA3636000G,Shoulder/Lap Belt(s),M,d5af1e24-0916-45cb-b7f9-da28ce6f1893,Same Movement Angle,N,Intersection Related,Right Turn Lane,Daylight,No Defects,"Two-way, Divided, Unprotected (painted >4 feet) Median",Snow,Snow,Twelve o'clock,Station Wagon,Disabling,N,Making Left Turn,2015-01-06 07:49,38,38.75276968,-76.76386714
4020,N,Apparently Normal,No Misuse,N,Non-incapacitating Injury,773c54aa-3046-4135-80c9-ef1d84b5b4f0,D,DA3730000N,Shoulder/Lap Belt(s),F,d2d912f2-0ac3-4f65-8ed4-0d0a8473a2d0,Same Movement Angle,N,Intersection,Right Turn Lane,Daylight,No Defects,"Two-way, Divided, Unprotected (painted >4 feet) Median",Wet,Raining,Nine o'clock,(Sport) Utility Vehicle,Functional,N,Moving Constant Speed,2015-03-04 14:43,32,38.82386985,-76.99111462
4021,Y,Apparently Normal,No Misuse,Y,No Injury,245f21c8-cf7a-47ef-bdde-18874c5c2e48,D,DA37320006,Shoulder/Lap Belt(s),M,17d3fa61-a644-4713-a95c-bf758898f742,Same Movement Angle,N,Intersection Related,Right Turn Lane,Daylight,No Defects,"Two-way, Not Divided",Dry,Clear,One o'clock,Pickup Truck,Superficial,N,Moving Constant Speed,2015-02-06 16:06,50,38.87451323,-76.92228913
4022,N,Apparently Normal,No Misuse,Y,Non-incapacitating Injury,b4e85bc3-0c15-4e9d-b64c-cd43ccca5e62,D,DA37490002,Shoulder/Lap Belt(s),F,58f474bd-f36f-4826-8c3c-de3ec1abbc1b,Single Vehicle ,N,Non Intersection,Right Turn Lane,Dark Lights On,No Defects,"Two-way, Divided, Unprotected (painted >4 feet) Median",Snow,Snow,One o'clock,Passenger Car,Disabling,N,Moving Constant Speed,2015-01-27 00:04,21,38.8668785,-76.8283689
4023,N,Apparently Normal,No Misuse,N,Non-incapacitating Injury,5be1c19c-e481-4b9e-a983-8120ce09b978,D,DA3810000F,Shoulder/Lap Belt(s),F,ddcdef50-6074-48aa-a487-94ca1bbd7ed1,Head On Left Turn,N,Non Intersection,Right Turn Lane,Daylight,No Defects,"Two-way, Not Divided",Snow,Wintry Mix,Twelve o'clock,Passenger Car,Disabling,N,Moving Constant Speed,2015-02-22 08:42,63,38.84458778,-76.84470892
4024,N,Apparently Normal,No Misuse,Y,No Injury,5492d1d5-a8c5-475c-92ca-363523563629,D,DA3810000F,Shoulder/Lap Belt(s),M,eac1bf52-f25b-4d12-aef4-6349ba8ee476,Head On Left Turn,N,Non Intersection,Right Turn Lane,Daylight,No Defects,"Two-way, Not Divided",Snow,Wintry Mix,Three o'clock,Passenger Car,Disabling,N,Skidding,2015-02-22 08:42,46,38.84458778,-76.84470892
4025,N,Apparently Normal,No Misuse,Y,Non-incapacitating Injury,e818af36-e817-42d8-8ebd-2ff7aedc684a,D,DA38460005,Shoulder/Lap Belt(s),F,b7812b59-3145-416f-92ad-6feb3a940958,Same Movement Angle,N,Commercial Driveway,Right Turn Lane,Daylight,No Defects,"Two-way, Not Divided",Dry,Clear,Ten o'clock,(Sport) Utility Vehicle,Disabling,N,Making Left Turn,2015-03-18 10:00,25,38.90928511,-76.89345002
4026,N,Apparently Normal,No Misuse,N,No Injury,9c97c3cf-9722-4352-b929-2303194d0f34,D,DA38460005,Shoulder/Lap Belt(s),M,a1a22641-a01e-4efb-8ea8-a1119b85dfed,Same Movement Angle,N,Commercial Driveway,Right Turn Lane,Daylight,No Defects,"Two-way, Not Divided",Dry,Clear,Twelve o'clock,Passenger Car,Disabling,N,Moving Constant Speed,2015-03-18 10:00,43,38.90928511,-76.89345002
4027,N,Apparently Normal,No Misuse,N,Non-incapacitating Injury,f782dd28-72f9-4fbf-9b4d-0dc1620b52f6,D,DA38550008,Shoulder/Lap Belt(s),F,04cba246-dc70-4ab1-af54-ecc4a951b327,Same Direction Rear End,N,Intersection,Right Turn Lane,Daylight,No Defects,"Two-way, Not Divided",Dry,Clear,Six o'clock,Passenger Car,Superficial,N,Stopped in Traffic Lane,2015-01-17 13:33,41,39.01592439,-76.91976786
4028,N,Apparently Normal,No Misuse,Y,Non-incapacitating Injury,13fc32b1-4cf2-4f11-894b-9176ae4c7f84,D,DA38700002,Shoulder/Lap Belt(s),F,da13f39a-0dd7-42bd-a280-8e250bb31df8,Same Direction Left Turn,N,Intersection,Right Turn Lane,Daylight,No Defects,"Two-way, Divided, Unprotected (painted >4 feet) Median",Slush,Cloudy,Nine o'clock,Passenger Car,Disabling,N,Making Left Turn,2015-01-07 09:37,26,38.91788359,-76.9007349
4029,N,Apparently Normal,No Misuse,N,Non-incapacitating Injury,005a7722-38af-4daa-853e-f8a187e2d598,D,DA38700002,Shoulder/Lap Belt(s),M,8c63ee58-8f5b-4e2d-b3d9-4f8e9e557e27,Same Direction Left Turn,N,Intersection,Right Turn Lane,Daylight,No Defects,"Two-way, Divided, Unprotected (painted >4 feet) Median",Slush,Cloudy,Twelve o'clock,Passenger Car,Superficial,N,Moving Constant Speed,2015-01-07 09:37,24,38.91788359,-76.9007349
4030,N,Apparently Normal,No Misuse,N,Non-incapacitating Injury,f13e6dc2-e38d-41b5-9e30-56dc41ba1d83,D,DA3888000C,Shoulder/Lap Belt(s),F,d1b75fa3-d5d4-4422-a52a-9d5e05a6ac81,Angle Meets Right Turn,N,Commercial Driveway,Left Turn Lane,Daylight,No Defects,"Two-way, Not Divided",Wet,Sleet,Six o'clock,Passenger Car,Disabling,N,Making Right Turn,2015-01-26 12:03,35,38.80426627,-76.98135138
4031,N,Apparently Normal,No Misuse,Y,No Injury,66eb9b0f-0ad4-4456-9815-b5b43f2751d6,D,DA3888000C,Shoulder/Lap Belt(s),M,6fc08bf1-2584-470b-88ea-f6e2faf1a8d6,Angle Meets Right Turn,N,Commercial Driveway,Left Turn Lane,Daylight,No Defects,"Two-way, Not Divided",Wet,Sleet,One o'clock,Van,Disabling,N,Moving Constant Speed,2015-01-26 12:03,37,38.80426627,-76.98135138
4032,N,Apparently Normal,No Misuse,N,Non-incapacitating Injury,c543083e-a127-40e1-be91-05abfd4dae81,D,DA3888000T,Shoulder/Lap Belt(s),F,90416e81-6193-419c-8f06-cfbe2f6cdf8a,Head On,N,Non Intersection,Right Turn Lane,Dark Lights On,No Defects,"Two-way, Not Divided",Dry,Clear,Twelve o'clock,Passenger Car,Disabling,N,Moving Constant Speed,2015-02-08 00:34,48,38.75781476,-76.99681163
4033,N,Apparently Normal,No Misuse,Y,Non-incapacitating Injury,35f42bcd-64ab-409f-bb00-6f96d4051960,D,DA3888000T,Shoulder/Lap Belt(s),F,4609b788-1c2c-49db-a6cd-95254668883d,Head On,N,Non Intersection,Right Turn Lane,Dark Lights On,No Defects,"Two-way, Not Divided",Dry,Clear,Twelve o'clock,Passenger Car,Disabling,N,Moving Constant Speed,2015-02-08 00:34,41,38.75781476,-76.99681163
4034,N,Apparently Normal,No Misuse,N,Non-incapacitating Injury,4dbb51a2-0f3f-44bb-ac4e-24a912061958,D,DA38990005,Shoulder/Lap Belt(s),F,50842f56-cf68-417d-84b6-50bfda6d8a64,Same Direction Left Turn,N,Intersection Related,Acceleration Lane,Daylight,No Defects,"Two-way, Divided, Unprotected (painted >4 feet) Median",Dry,Clear,Two o'clock,(Sport) Utility Vehicle,Functional,N,Moving Constant Speed,2015-01-10 15:00,28,39.08843533,-76.84664011
4035,N,Apparently Normal,No Misuse,N,No Injury,47c52ec3-d248-4fee-82ea-1c9c5d5c56b4,D,DA38990005,Shoulder/Lap Belt(s),M,142e86a6-ae51-456e-9fcc-dd8777611698,Same Direction Left Turn,N,Intersection Related,Acceleration Lane,Daylight,No Defects,"Two-way, Divided, Unprotected (painted >4 feet) Median",Dry,Clear,One o'clock,Passenger Car,Functional,N,Moving Constant Speed,2015-01-10 15:00,51,39.08843533,-76.84664011
4036,N,Apparently Normal,No Misuse,Y,No Injury,27d08adc-8241-4739-84dc-74983a079db3,D,DA38990005,Shoulder/Lap Belt(s),M,28f7a669-a9b7-4ddf-8533-05d9d4b7add2,Same Direction Left Turn,N,Intersection Related,Acceleration Lane,Daylight,No Defects,"Two-way, Divided, Unprotected (painted >4 feet) Median",Dry,Clear,Ten o'clock,Passenger Car,Functional,N,Moving Constant Speed,2015-01-10 15:00,20,39.08843533,-76.84664011
4037,N,Apparently Normal,No Misuse,Y,No Injury,31e55259-5726-4853-b85a-5fe9866994a7,D,DA39120002,Shoulder/Lap Belt(s),M,b54abdca-f54b-421a-8407-348ce43a997d,Single Vehicle ,N,Intersection,Right Turn Lane,Daylight,No Defects,"Two-way, Not Divided",Dry,Clear,One o'clock,(Sport) Utility Vehicle,No Damage,N,Slowing or Stopping,2015-03-03 07:12,25,38.79373077,-76.91715002
4038,N,Apparently Normal,No Misuse,Y,Non-incapacitating Injury,3a6e2db8-c746-469a-a5ce-c39e75902860,D,DA39120003,Shoulder/Lap Belt(s),F,534be4c8-2d1a-4a9c-a1e4-877059137350,Single Vehicle ,N,Non Intersection,Right Turn Lane,Daylight,No Defects,"Two-way, Not Divided",Ice,Clear,One o'clock,Passenger Car,Destroyed,N,Moving Constant Speed,2015-03-03 08:13,45,38.78396314,-76.8856287
4039,N,Apparently Normal,No Misuse,Y,Non-incapacitating Injury,3bc4f0c8-d1f3-4823-bcf2-17a6da33df61,D,DD5508000X,Shoulder/Lap Belt(s),F,0bc5be3e-bbdd-4bdf-9c50-73c2386be64b,Same Direction Sideswipe,N,Non Intersection,Right Turn Lane,Daylight,No Defects,"Two-way, Not Divided",Dry,Clear,Eleven o'clock,Van,Disabling,N,Starting From Parked,2015-03-28 12:55,33,39.06700333,-77.12242333
4040,N,Apparently Normal,No Misuse,N,No Injury,f27481f6-28cc-49ae-a654-016ecfaa9d1f,D,DD5508000X,Shoulder/Lap Belt(s),M,be142cd2-512e-4aba-b9b4-8131d579a792,Same Direction Sideswipe,N,Non Intersection,Right Turn Lane,Daylight,No Defects,"Two-way, Not Divided",Dry,Clear,One o'clock,Pickup Truck,Functional,N,Moving Constant Speed,2015-03-28 12:55,43,39.06700333,-77.12242333
4041,N,Apparently Normal,No Misuse,Y,No Injury,f4b3ade1-524f-4999-aa16-f30c0b7736c9,D,DD5594000W,Shoulder/Lap Belt(s),M,a554f215-b451-4ae4-b6ef-a7464ea72110,Single Vehicle ,N,Non Intersection,Left Turn Lane,Dark Lights On,No Defects,"Two-way, Not Divided",Wet,Raining,Twelve o'clock,Passenger Car,Functional,N,Moving Constant Speed,2015-03-10 19:37,71,39.11973,-77.18068667
4042,N,Apparently Normal,No Misuse,Y,Non-incapacitating Injury,394606c1-61fc-46ee-91ee-ca75c1b823f6,D,DE3111000M,Shoulder/Lap Belt(s),F,9ea38fc3-7354-4ab5-8468-3699c33e0338,Single Vehicle ,N,Non Intersection,Right Turn Lane,Daylight,No Defects,"Two-way, Not Divided",Wet,Raining,Roof Top,(Sport) Utility Vehicle,Disabling,N,Moving Constant Speed,2015-03-01 12:39,23,38.37247341,-75.52466512
4043,N,Apparently Normal,No Misuse,N,Non-incapacitating Injury,2d846be4-1b24-454c-981f-129371e63f73,D,DE4147000Q,Shoulder/Lap Belt(s),F,3d59eda5-e171-4789-ac2a-c3901afda6eb,Same Direction Rear End,N,Intersection Related,Left Turn Lane,Daylight,No Defects,"Two-way, Divided, Positive Median Barrier",Dry,Clear,Six o'clock,Passenger Car,Superficial,N,Stopped in Traffic Lane,2015-02-25 10:32,25,38.36723718,-75.59884161
4044,N,Apparently Normal,No Misuse,Y,No Injury,c26ebcc8-b15e-4d91-bfe7-b6d6bb5f2f60,D,DE4147000Q,Shoulder/Lap Belt(s),M,50f9db68-5791-49af-906a-98db108d2da5,Same Direction Rear End,N,Intersection Related,Left Turn Lane,Daylight,No Defects,"Two-way, Divided, Positive Median Barrier",Dry,Clear,Twelve o'clock,Pickup Truck,Superficial,N,Slowing or Stopping,2015-02-25 10:32,68,38.36723718,-75.59884161