KEY_INDEX,CDL_FLAG,CONDITION_CODE,EQUIP_PROB_CODE,FAULT_FLAG,INJ_SEVER_CODE,PERSON_ID,PERSON_TYPE,REPORT_NO,SAF_EQUIP_CODE,SEX_CODE,VEHICLE_ID,COLLISION_TYPE_CODE,C_M_ZONE_FLAG,JUNCTION_CODE,LANE_CODE,LIGHT_CODE,RD_COND_CODE,RD_DIV_CODE,SURF_COND_CODE,WEATHER_CODE,AREA_DAMAGED_CODE_MAIN,BODY_TYPE_CODE,DAMAGE_CODE,HIT_AND_RUN_FLAG,MOVEMENT_CODE,TIME,AGE,LATITUDE,LONGITUDE
4276,N,Apparently Normal,No Misuse,N,Possible Incapacitating Injury,8eb87498-12a3-4797-889e-2af59a35042b,D,AC17820018,Shoulder/Lap Belt(s),F,a5d6ead2-741c-4896-87d3-0427e517d2ac,Same Direction Rear End,N,Intersection,Right Turn Lane,Dark Lights On,No Defects,"Two-way, Not Divided",Snow,Snow,Six o'clock,Passenger Car,Disabling,N,Stopped in Traffic Lane,2015-03-05 22:45,32,39.15647835,-76.6000367
4277,N,Apparently Normal,No Misuse,N,Possible Incapacitating Injury,87fad5e3-4e03-4783-a869-b092c40a71f8,D,AC1856000V,Shoulder/Lap Belt(s),F,0d0c1bea-c75e-40fc-a0f0-8c26fe01aeb3,Single Vehicle ,N,Non Intersection,Right Turn Lane,Dark No Lights,No Defects,"Two-way, Not Divided",Dry,Clear,Twelve o'clock,Passenger Car,Disabling,N,Slowing or Stopping,2015-03-29 20:45,42,39.1771591,-76.62094082
4278,N,Apparently Normal,No Misuse,N,Possible Incapacitating Injury,033db60c-2f31-4c3f-9aef-666f8925fde8,D,AC18660011,Shoulder/Lap Belt(s),F,42ccf969-89d9-4bd1-8fa9-beffe35afbb7,Same Movement Angle,N,Intersection,Right Turn Lane,Dusk,No Defects,"Two-way, Not Divided",Dry,Clear,Ten o'clock,Passenger Car,Disabling,N,Moving Constant Speed,2015-01-16 07:18,39,39.12418833,-76.52531333
4279,N,Apparently Normal,No Misuse,Y,No Injury,f715f7bf-edda-44db-b59d-401a0b399033,D,AC18660011,Shoulder/Lap Belt(s),M,c2e1bd5b-c1a2-4fd7-8c45-36f7b85f19fb,Same Movement Angle,N,Intersection,Right Turn Lane,Dusk,No Defects,"Two-way, Not Divided",Dry,Clear,Twelve o'clock,Passenger Car,Disabling,N,Moving Constant Speed,2015-01-16 07:18,23,39.12418833,-76.52531333
4280,N,Apparently Normal,No Misuse,Y,Possible Incapacitating Injury,608af6b6-6cfc-45e9-8576-e1339ea6fae5,D,AC1922000F,Shoulder/Lap Belt(s),F,bcc176db-5528-451a-b2c9-5b0f45ac3213,Head On,N,Non Intersection,Right Turn Lane,Dark - Unknown Lighting,No Defects,"Two-way, Divided, Positive Median Barrier",Ice,Cloudy,Twelve o'clock,(Sport) Utility Vehicle,Disabling,N,Moving Constant Speed,2015-02-10 05:10,35,39.1254723,-76.7903915
4281,N,Apparently Normal,No Misuse,Y,No Injury,6d1bdd3d-5bef-4ba2-8101-34ca7bb59cc5,D,AC1922000F,Shoulder/Lap Belt(s),M,4bbe83cf-2d74-4954-92ad-ba1279eea7cd,Head On,N,Non Intersection,Right Turn Lane,Dark - Unknown Lighting,No Defects,"Two-way, Divided, Positive Median Barrier",Ice,Cloudy,Twelve o'clock,Passenger Car,Disabling,N,Moving Constant Speed,2015-02-10 05:10,41,39.1254723,-76.7903915
4282,N,Apparently Normal,No Misuse,Y,Possible Incapacitating Injury,18f8a80d-1011-4b41-80b2-218927f0b00c,D,AC19510011,Shoulder/Lap Belt(s),F,88bbbf7b-cfd8-47bc-8718-150f39dc54d7,Single Vehicle ,N,Non Intersection,Right Turn Lane,Daylight,No Defects,"Two-way, Not Divided",Ice,Raining,Ten o'clock,Passenger Car,Disabling,N,Moving Constant Speed,2015-03-01 10:23,24,39.133877,-76.734985
4283,N,Apparently Normal,No Misuse,N,Possible Incapacitating Injury,10eb4f59-f998-47a6-9cb3-14bb8e91ede3,D,AC19620016,Shoulder/Lap Belt(s),F,1b66bc9e-b25f-43d4-987c-3823989e8c25,Same Movement Angle,N,Intersection,Right Turn Lane,Daylight,No Defects,"Two-way, Not Divided",Wet,Clear,Twelve o'clock,Passenger Car,Functional,N,Moving Constant Speed,2015-03-06 11:58,29,39.15756913,-76.62051916
4284,N,Apparently Normal,No Misuse,Y,No Injury,9b906688-b96e-47ca-972a-0c80f222aa84,D,AC19620016,Shoulder/Lap Belt(s),M,34862c74-cadb-49fd-b400-4b65e03235c3,Same Movement Angle,N,Intersection,Right Turn Lane,Daylight,No Defects,"Two-way, Not Divided",Wet,Clear,Twelve o'clock,(Sport) Utility Vehicle,Functional,N,Moving Constant Speed,2015-03-06 11:58,66,39.15756913,-76.62051916
4285,N,Apparently Normal,No Misuse,Y,No Injury,f03a800e-0aad-4bae-b153-9812a243d488,D,AC1965000S,Shoulder/Lap Belt(s),M,b644dda7-28c1-4d40-ba13-0cb368c6276a,Single Vehicle ,N,Non Intersection,Right Turn Lane,Dusk,No Defects,"Two-way, Not Divided",Snow,Snow,Non-collision,Passenger Car,No Damage,N,Skidding,2015-02-21 17:18,23,39.09717167,-76.81233333
4286,N,Apparently Normal,No Misuse,Y,Possible Incapacitating Injury,100bab08-9db0-419f-afc4-6f35b7efb406,D,AC19900013,Shoulder/Lap Belt(s),F,7878a9f3-3ea9-4224-9dd3-80deab59a7e9,Single Vehicle ,N,Intersection,Right Turn Lane,Daylight,No Defects,"Two-way, Not Divided",Snow,Cloudy,Twelve o'clock,Passenger Car,Superficial,N,Slowing or Stopping,2015-01-27 09:32,48,39.13865688,-76.64630055
4287,N,Apparently Normal,No Misuse,N,Possible Incapacitating Injury,fba493e1-2639-4e39-8be6-88ee90146edb,D,ADD905000R,Shoulder/Lap Belt(s),F,172dfa7e-9a62-4b43-b83f-7ea741496980,Same Direction Rear End,N,Intersection Related,Left Turn Lane,Dark Lights On,No Defects,"Two-way, Divided, Unprotected (painted >4 feet) Median",Wet,Wintry Mix,Six o'clock,Passenger Car,No Damage,N,Stopped in Traffic Lane,2015-01-26 16:48,22,39.33706228,-76.57484785
4288,N,Apparently Normal,No Misuse,Y,No Injury,172e3d68-f5f0-461b-ae7c-5aeb0262dbb3,D,ADD905000R,Shoulder/Lap Belt(s),M,50148315-6305-4dd0-bfc3-3bbe655412f0,Same Direction Rear End,N,Intersection Related,Left Turn Lane,Dark Lights On,No Defects,"Two-way, Divided, Unprotected (painted >4 feet) Median",Wet,Wintry Mix,Twelve o'clock,Police Vehicle/Non Emergency,No Damage,N,Slowing or Stopping,2015-01-26 16:48,29,39.33706228,-76.57484785
4289,N,Apparently Normal,No Misuse,N,Possible Incapacitating Injury,55a935e7-70a0-406c-a39f-55e9355439ba,D,ADE3350001,Shoulder/Lap Belt(s),F,fa59ed7a-feb1-4c73-b354-4c01248f0e27,Same Direction Sideswipe,N,Non Intersection,Left Turn Lane,Dark Lights On,No Defects,"Two-way, Not Divided",Wet,Raining,Two o'clock,Passenger Car,Disabling,N,Moving Constant Speed,2015-01-04 00:30,27,39.35518952,-76.68766022
4290,N,Apparently Normal,No Misuse,Y,Possible Incapacitating Injury,eb3227ea-c9c0-4ad0-828c-9ed69b04a5e2,D,ADE3350001,Shoulder/Lap Belt(s),M,508010f0-79e3-413b-98cc-acc10f4b2f48,Same Direction Sideswipe,N,Non Intersection,Left Turn Lane,Dark Lights On,No Defects,"Two-way, Not Divided",Wet,Raining,Twelve o'clock,Passenger Car,Destroyed,N,Moving Constant Speed,2015-01-04 00:30,40,39.35518952,-76.68766022
4291,N,Apparently Normal,No Misuse,N,Possible Incapacitating Injury,878d1056-e20c-400a-b06b-657aaf47b6f4,D,ADE3350002,Shoulder/Lap Belt(s),F,a3083721-0ac5-44ab-a8fa-13340a3bc39b,Angle Meets Right Turn,N,Non Intersection,Right Turn Lane,Dark Lights On,No Defects,"Two-way, Not Divided",Dry,Clear,Twelve o'clock,Passenger Car,Disabling,N,Moving Constant Speed,2015-01-18 00:05,26,39.33144274,-76.69617891
4292,N,Apparently Normal,No Misuse,Y,Non-incapacitating Injury,6687b313-5261-4e7c-ac25-f9612e1d0a6d,D,ADE3350002,Shoulder/Lap Belt(s),M,ccdd48c2-7f69-42c2-89f2-622dca2df6a6,Angle Meets Right Turn,N,Non Intersection,Right Turn Lane,Dark Lights On,No Defects,"Two-way, Not Divided",Dry,Clear,Three o'clock,Passenger Car,Disabling,N,Making U Turn,2015-01-18 00:05,40,39.33144274,-76.69617891
4293,N,Apparently Normal,No Misuse,N,Possible Incapacitating Injury,871b17d6-f8ee-470f-b5b2-74242843f9ef,D,ADF521000D,Shoulder/Lap Belt(s),F,50064407-20f2-471b-83d6-853956d8673e,Same Movement Angle,N,Intersection,Right Turn Lane,Daylight,No Defects,"Two-way, Divided, Positive Median Barrier",Wet,Clear,Two o'clock,Passenger Car,Disabling,N,Moving Constant Speed,2015-03-08 17:45,28,39.32328467,-76.61456466
4294,N,Apparently Normal,No Misuse,Y,Possible Incapacitating Injury,5b60b1d7-5811-4eac-a0bc-b31a2b6c0780,D,ADF521000D,Shoulder/Lap Belt(s),F,f584c4df-5b32-42a3-a6fb-9322dd1c9eee,Same Movement Angle,N,Intersection,Right Turn Lane,Daylight,No Defects,"Two-way, Divided, Positive Median Barrier",Wet,Clear,Twelve o'clock,Passenger Car,Disabling,N,Moving Constant Speed,2015-03-08 17:45,72,39.32328467,-76.61456466
4295,N,Apparently Normal,No Misuse,Y,Possible Incapacitating Injury,fd374152-748c-4918-99a4-59c1046600e6,D,ADF9550017,Shoulder/Lap Belt(s),F,1a2773e8-5e39-4d82-920c-6ccec665e9ea,Same Movement Angle,N,Intersection,Left Turn Lane,Daylight,No Defects,"Two-way, Not Divided",Dry,Clear,Twelve o'clock,Passenger Car,Disabling,N,Making Left Turn,2015-03-22 17:00,27,39.32405653,-76.6714704
4296,Y,Apparently Normal,No Misuse,N,Possible Incapacitating Injury,ad5c6f46-2cab-45aa-aa64-7d28b43d1708,D,ADF9550017,Shoulder/Lap Belt(s),M,ec50ab3a-bea8-4a8b-9e56-303e9367bde2,Same Movement Angle,N,Intersection,Left Turn Lane,Daylight,No Defects,"Two-way, Not Divided",Dry,Clear,Eight o'clock,Pickup Truck,Disabling,N,Moving Constant Speed,2015-03-22 17:00,29,39.32405653,-76.6714704
4297,N,Apparently Normal,No Misuse,N,Possible Incapacitating Injury,ccf99537-c6dc-4b67-bafd-d5fe1cabdb0e,D,ADF9940001,Shoulder/Lap Belt(s),F,fa17ab1a-b586-474f-afd5-5b294d6af63c,Same Direction Rear End,N,Intersection Related,Acceleration Lane,Daylight,No Defects,"Two-way, Divided, Positive Median Barrier",Dry,Clear,Six o'clock,Passenger Car,Superficial,N,Stopped in Traffic Lane,2015-01-20 07:40,39,39.30250343,-76.54620588
4298,N,Apparently Normal,No Misuse,Y,No Injury,b0a5240a-54de-48cf-b41d-dee066b1ef2a,D,ADF9940001,Shoulder/Lap Belt(s),M,e2698283-d603-4987-83ae-1e3384df9fb8,Same Direction Rear End,N,Intersection Related,Acceleration Lane,Daylight,No Defects,"Two-way, Divided, Positive Median Barrier",Dry,Clear,Twelve o'clock,Passenger Car,Superficial,N,Moving Constant Speed,2015-01-20 07:40,23,39.30250343,-76.54620588
4299,N,Apparently Normal,Belt(s) Misused,Y,Possible Incapacitating Injury,51009aa9-c09a-449c-8aa1-7253caef6193,D,ADG1820001,Lap Belt Only,F,1872484a-ef27-4063-992d-c1426572db4f,Same Direction Rear End,N,Non Intersection,Right Turn Lane,Dark Lights On,No Defects,One-way Trafficway,Dry,Clear,Twelve o'clock,Passenger Car,Disabling,N,Moving Constant Speed,2015-01-15 02:35,29,39.30875049,-76.59682989
4300,N,Apparently Normal,No Misuse,N,Possible Incapacitating Injury,652cba96-754a-47d5-bd6c-87522e88da23,D,ADG3350003,Shoulder/Lap Belt(s),F,fbaf00f9-01c9-40e9-a1cf-472028270791,Same Direction Rear End,N,Non Intersection,Left Turn Lane,Daylight,No Defects,"Two-way, Not Divided",Wet,Clear,Six o'clock,Passenger Car,Functional,N,Stopped in Traffic Lane,2015-03-02 08:50,40,39.31819266,-76.60707861
4301,N,Apparently Normal,No Misuse,Y,No Injury,959dd438-5ade-470f-9780-c07b724f6b16,D,ADG3350003,Shoulder/Lap Belt(s),M,7c31f135-7acb-41e7-90a7-9d080aa614b8,Same Direction Rear End,N,Non Intersection,Left Turn Lane,Daylight,No Defects,"Two-way, Not Divided",Wet,Clear,Twelve o'clock,(Sport) Utility Vehicle,Superficial,N,Slowing or Stopping,2015-03-02 08:50,71,39.31819266,-76.60707861
4302,N,Apparently Normal,No Misuse,Y,Possible Incapacitating Injury,c483019e-b588-4641-a2f5-3159bff32b06,D,ADG5580006,Shoulder/Lap Belt(s),F,7988afd3-0101-4c48-bedc-938e3527e319,Single Vehicle ,N,Non Intersection,Right Turn Lane,Daylight,No Defects,"Two-way, Divided, Positive Median Barrier",Dry,Clear,Twelve o'clock,Passenger Car,Disabling,N,Moving Constant Speed,2015-03-29 14:05,22,39.32798782,-76.64085835
4303,N,Apparently Normal,No Misuse,N,Possible Incapacitating Injury,e2dbf6f8-cda2-4ada-860d-c174a1b4e36d,D,ADG9940004,Shoulder/Lap Belt(s),F,a6b1d2cd-7d30-4370-9dd3-2fe45768a054,Same Movement Angle,N,Non Intersection,Left Turn Lane,Daylight,No Defects,"Two-way, Divided, Positive Median Barrier",Dry,Clear,Three o'clock,Van,Functional,N,Moving Constant Speed,2015-02-25 15:50,32,39.25130216,-76.64604172
4304,Y,Apparently Normal,No Misuse,Y,No Injury,294153ba-81b2-498f-8486-88035e5fe012,D,ADG9940004,Shoulder/Lap Belt(s),M,63e56ad6-f393-4118-9ed1-952ac5932529,Same Movement Angle,N,Non Intersection,Left Turn Lane,Daylight,No Defects,"Two-way, Divided, Positive Median Barrier",Dry,Clear,Twelve o'clock,Pickup Truck,Functional,N,Accelerating,2015-02-25 15:50,62,39.25130216,-76.64604172
4305,N,Apparently Normal,No Misuse,N,Possible Incapacitating Injury,43a67d0a-3d3b-4fde-a6f2-f92f6a9a74ba,D,ADH4470005,Shoulder/Lap Belt(s),F,d9d300f1-d3d2-4b53-abbb-6e1556b6e8f1,Same Direction Rear End,N,Intersection Related,Left Turn Lane,Daylight,No Defects,"Two-way, Not Divided",Dry,Clear,Six o'clock,Passenger Car,Disabling,N,Stopped in Traffic Lane,2015-03-22 07:55,36,39.31227848,-76.59161568
4306,N,Apparently Normal,No Misuse,Y,Possible Incapacitating Injury,67cb9976-f367-4f22-aae0-7d0b2c885055,D,ADH4520001,Shoulder/Lap Belt(s),F,425a8e86-f415-48f4-8371-b1f7065bc92b,Same Movement Angle,N,Intersection Related,Right Turn Lane,Daylight,No Defects,One-way Trafficway,Wet,Wintry Mix,Twelve o'clock,Van,Disabling,N,Moving Constant Speed,2015-03-03 17:23,33,39.29877984,-76.58512473
4307,Y,Apparently Normal,No Misuse,N,Non-incapacitating Injury,fd3f3b3e-1efc-43b3-8267-4e1f165b2aa1,D,ADH4520001,Shoulder/Lap Belt(s),M,35015629-b1b8-41cf-b434-34fba2fb30b8,Same Movement Angle,N,Intersection Related,Right Turn Lane,Daylight,No Defects,One-way Trafficway,Wet,Wintry Mix,Ten o'clock,Passenger Car,Disabling,N,Moving Constant Speed,2015-03-03 17:23,51,39.29877984,-76.58512473
4308,N,Apparently Normal,No Misuse,Y,Possible Incapacitating Injury,dddd7d15-a9c6-41a8-89e6-2904d2b22644,D,ADH6490001,Shoulder/Lap Belt(s),F,fcc419e1-c6fd-4742-a0bb-10551480d8d8,Head On,N,Non Intersection,Left Turn Lane,Daylight,No Defects,"Two-way, Not Divided",Dry,Clear,Twelve o'clock,(Sport) Utility Vehicle,Disabling,N,Moving Constant Speed,2015-03-26 08:54,17,39.32028844,-76.69698358
4309,N,Apparently Normal,No Misuse,N,Possible Incapacitating Injury,badce0d2-d7bb-4026-b20c-45d7cb6b6db7,D,ADH6910005,Shoulder/Lap Belt(s),F,48b25cef-247e-4fdd-acac-2d23c65444f9,Same Direction Rear End,N,Intersection Related,Left Turn Lane,Dark Lights On,No Defects,"Two-way, Divided, Positive Median Barrier",Dry,Clear,Seven o'clock,Passenger Car,Disabling,N,Stopped in Traffic Lane,2015-02-15 22:10,39,39.28134439,-76.62314773
4310,N,Apparently Normal,No Misuse,Y,No Injury,f9319fe9-44ed-442d-89a2-59a47de42314,D,ADH6910005,Shoulder/Lap Belt(s),M,88489df7-17c4-4a7a-a773-0dda73ccd8e9,Same Direction Rear End,N,Intersection Related,Left Turn Lane,Dark Lights On,No Defects,"Two-way, Divided, Positive Median Barrier",Dry,Clear,One o'clock,Passenger Car,Functional,N,Changing Lanes,2015-02-15 22:10,62,39.28134439,-76.62314773
4311,N,Apparently Normal,No Misuse,N,Possible Incapacitating Injury,48ee7e09-f77c-44db-8a94-f01ee79631a5,D,ADH691000B,Shoulder/Lap Belt(s),F,dd61943e-74d2-4cd5-a5d8-32a362b085a8,Same Movement Angle,N,Intersection,Right Turn Lane,Daylight,No Defects,One-way Trafficway,Dry,Clear,Twelve o'clock,Passenger Car,Disabling,N,Moving Constant Speed,2015-03-13 10:00,22,39.29825262,-76.59760773
4312,N,Apparently Normal,No Misuse,Y,Possible Incapacitating Injury,62fc3c7a-b93c-4c1e-907c-1e47ea732b80,D,ADH691000B,Shoulder/Lap Belt(s),F,0f6f1949-8802-4f80-8dd2-b28ac52015f0,Same Movement Angle,N,Intersection,Right Turn Lane,Daylight,No Defects,One-way Trafficway,Dry,Clear,Two o'clock,Pickup Truck,Disabling,N,Moving Constant Speed,2015-03-13 10:00,35,39.29825262,-76.59760773
4313,N,Apparently Normal,No Misuse,N,Possible Incapacitating Injury,594dfa07-39d7-4484-b734-4c15aec53ac3,D,ADH707000G,Shoulder/Lap Belt(s),F,6cadccde-6cf0-42b5-b406-500bf26c1c34,Same Movement Angle,N,Intersection,Right Turn Lane,Daylight,No Defects,"Two-way, Not Divided",Dry,Clear,Twelve o'clock,Passenger Car,Disabling,N,Moving Constant Speed,2015-01-16 07:55,22,39.28048693,-76.63234234
4314,N,Apparently Normal,No Misuse,N,Possible Incapacitating Injury,7ebd8a0f-f5f8-4edc-ac5a-4ff0e54aac9e,D,ADH7880004,Shoulder/Lap Belt(s),F,eaff2b64-058d-4ef4-883e-ce07007a8592,Same Movement Angle,N,Intersection,Right Turn Lane,Daylight,No Defects,"Two-way, Not Divided",Wet,Wintry Mix,Nine o'clock,(Sport) Utility Vehicle,Disabling,N,Moving Constant Speed,2015-03-20 16:53,34,39.35988481,-76.60208702
4315,N,Apparently Normal,No Misuse,Y,No Injury,a0a01243-97bb-44fd-985c-f720c8e16bd0,D,ADH7880004,Shoulder/Lap Belt(s),M,039253ed-a548-4eb7-b0d3-7103f7f87685,Same Movement Angle,N,Intersection,Right Turn Lane,Daylight,No Defects,"Two-way, Not Divided",Wet,Wintry Mix,Twelve o'clock,Passenger Car,Disabling,N,Moving Constant Speed,2015-03-20 16:53,20,39.35988481,-76.60208702
4316,N,Apparently Normal,No Misuse,N,Possible Incapacitating Injury,3b6509b1-ed3f-4044-b807-bba345611d29,D,ADH8240008,Shoulder/Lap Belt(s),F,c58b6ea4-c6ad-43da-90fe-9c0f3104aa6f,Same Movement Angle,N,Intersection,Right Turn Lane,Dark Lights On,No Defects,"Two-way, Divided, Unprotected (painted >4 feet) Median",Wet,Clear,Twelve o'clock,Passenger Car,Destroyed,Y,Accelerating,2015-03-21 02:07,39,39.33763328,-76.69164062
4317,N,Apparently Normal,No Misuse,Y,Possible Incapacitating Injury,1663136a-91d5-4e73-b631-bb70ba33b583,D,ADH8240008,Shoulder/Lap Belt(s),F,454d0299-4f40-47f3-8a77-864706134b72,Same Movement Angle,N,Intersection,Right Turn Lane,Dark Lights On,No Defects,"Two-way, Divided, Unprotected (painted >4 feet) Median",Wet,Clear,Twelve o'clock,Passenger Car,Destroyed,N,Starting From Lane,2015-03-21 02:07,24,39.33763328,-76.69164062
4318,N,Apparently Normal,No Misuse,N,Possible Incapacitating Injury,4a684f67-49ec-47f2-a862-b2b948dbee61,D,ADH8240009,Shoulder/Lap Belt(s),F,007dd13e-8200-4c07-a7b0-f0eb66f206cb,Same Movement Angle,N,Intersection,Right Turn Lane,Dark Lights On,No Defects,"Two-way, Divided, Unprotected (painted >4 feet) Median",Wet,Clear,Twelve o'clock,Passenger Car,Disabling,N,Accelerating,2015-03-21 02:07,39,39.33764988,-76.69164062
4319,N,Apparently Normal,No Misuse,Y,Possible Incapacitating Injury,d116e57d-7496-4836-8208-fbd4b525430e,D,ADH8240009,Shoulder/Lap Belt(s),F,d1ee8bf6-6853-45ea-9fb2-013daa0a24a0,Same Movement Angle,N,Intersection,Right Turn Lane,Dark Lights On,No Defects,"Two-way, Divided, Unprotected (painted >4 feet) Median",Wet,Clear,Two o'clock,Passenger Car,Disabling,N,Starting From Lane,2015-03-21 02:07,24,39.33764988,-76.69164062
4320,N,Apparently Normal,No Misuse,Y,Possible Incapacitating Injury,e5f6032e-dbba-4c6e-b318-5487aee6df03,D,ADH9090004,Shoulder Belt Only,F,17c331a7-d102-4d76-b1b2-02f05cc145b7,Same Movement Angle,N,Intersection,Right Turn Lane,Daylight,No Defects,One-way Trafficway,Dry,Clear,Twelve o'clock,Passenger Car,Disabling,N,Accelerating,2015-02-03 08:41,32,39.31069298,-76.5915513
4321,N,Apparently Normal,No Misuse,N,Possible Incapacitating Injury,839ce184-27b6-4e5b-9a1b-39f26b4e4dd9,D,ADH9320001,Shoulder/Lap Belt(s),F,3f459cf6-4e2a-4d49-a376-f834e1fdaa18,Head On Left Turn,N,Intersection,Right Turn Lane,Dark Lights On,No Defects,"Two-way, Not Divided",Dry,Clear,Twelve o'clock,Passenger Car,Disabling,N,Moving Constant Speed,2015-01-13 20:13,39,39.35549802,-76.70135558
4322,N,Apparently Normal,No Misuse,Y,Possible Incapacitating Injury,0ccfb8b3-2fa5-491a-8cc6-4ad29284d8f8,D,ADH9320001,Shoulder/Lap Belt(s),M,f6592f34-a621-4da6-bf01-8052b5f58d42,Head On Left Turn,N,Intersection,Right Turn Lane,Dark Lights On,No Defects,"Two-way, Not Divided",Dry,Clear,Twelve o'clock,Pickup Truck,Functional,N,Moving Constant Speed,2015-01-13 20:13,24,39.35549802,-76.70135558
4323,N,Apparently Normal,No Misuse,Y,Possible Incapacitating Injury,3418ef1a-903c-4871-a426-3da3bd43c851,D,ADI1550001,Shoulder/Lap Belt(s),F,85b6b2b5-eb70-4208-8cdf-a6425cc1401d,Single Vehicle ,N,Non Intersection,Right Turn Lane,Dark Lights On,No Defects,"Two-way, Divided, Positive Median Barrier",Snow,Snow,Twelve o'clock,Passenger Car,Disabling,N,Moving Constant Speed,2015-01-06 06:08,32,39.28754559,-76.55404329
4324,N,Apparently Normal,No Misuse,Y,Possible Incapacitating Injury,f1daf3c6-313a-4101-b959-d20b6f96799b,D,ADI1550003,Shoulder/Lap Belt(s),F,f9915fdd-855e-4e66-8753-441c153b2633,Single Vehicle ,N,Non Intersection,Left Turn Lane,Dark Lights On,Foreign Material,"Two-way, Divided, Positive Median Barrier",Ice,Snow,One o'clock,Passenger Car,Disabling,N,Moving Constant Speed,2015-02-19 05:04,25,39.2993361,-76.53359413
4325,N,Apparently Normal,No Misuse,Y,Possible Incapacitating Injury,75c96015-6421-4574-b676-bd759ba056e6,D,ADI3610002,Shoulder/Lap Belt(s),F,6a7c5e42-ce0f-4db2-bcfd-51c5f27bf42b,Same Movement Angle,N,Intersection,Left Turn Lane,Daylight,No Defects,One-way Trafficway,Dry,Clear,Twelve o'clock,Passenger Car,Disabling,N,Moving Constant Speed,2015-03-26 16:05,28,39.28962153,-76.6396594
4326,N,Apparently Normal,No Misuse,N,No Injury,68bdda0c-2844-477a-a653-4f9a183bb883,D,ADI3610002,Shoulder/Lap Belt(s),M,de0056bc-fcb1-4711-ae30-cba32ba8670c,Same Movement Angle,N,Intersection,Left Turn Lane,Daylight,No Defects,One-way Trafficway,Dry,Clear,Five o'clock,Passenger Car,Functional,N,Moving Constant Speed,2015-03-26 16:05,39,39.28962153,-76.6396594
4327,N,Apparently Normal,No Misuse,Y,Possible Incapacitating Injury,3ecf5ae0-f38a-4bb8-bf1e-2897d45073b0,D,ADI4510001,Shoulder/Lap Belt(s),F,fd535337-b8ff-488f-82c0-1e2d361edfda,Head On Left Turn,N,Intersection,Right Turn Lane,Dark Lights On,No Defects,"Two-way, Not Divided",Wet,Raining,Twelve o'clock,Passenger Car,Destroyed,N,Moving Constant Speed,2015-01-04 20:30,30,39.31529166,-76.64232016
4328,N,Apparently Normal,No Misuse,N,Possible Incapacitating Injury,787e4dc1-eb22-45b0-8710-cedd43f2c891,D,ADI4510001,Shoulder/Lap Belt(s),M,ef82b9b6-1c6f-45ac-8bfd-79dcd3ad9269,Head On Left Turn,N,Intersection,Right Turn Lane,Dark Lights On,No Defects,"Two-way, Not Divided",Wet,Raining,Two o'clock,(Sport) Utility Vehicle,Disabling,N,Moving Constant Speed,2015-01-04 20:30,49,39.31529166,-76.64232016
4329,N,Apparently Normal,No Misuse,Y,Possible Incapacitating Injury,cd6d3309-80ab-44fe-9be2-b371357cd573,D,ADI4510003,Shoulder/Lap Belt(s),M,a4095923-6c02-48fd-9aea-3f62f4ac54eb,Single Vehicle ,N,Intersection Related,Right Turn Lane,Daylight,No Defects,"Two-way, Not Divided",Wet,Sleet,Twelve o'clock,Passenger Car,No Damage,N,Making Right Turn,2015-01-26 14:30,72,39.31189664,-76.64831758
4330,N,Apparently Normal,No Misuse,Y,Possible Incapacitating Injury,6e69e524-0636-4493-bd35-79cac30bdb77,D,ADI5100003,Shoulder/Lap Belt(s),F,70e7c41a-a743-4916-ab9d-474e68c33a6c,Angle Meets Right Turn,N,Intersection,Left Turn Lane,Daylight,No Defects,"Two-way, Divided, Unprotected (painted >4 feet) Median",Dry,Clear,Eleven o'clock,Passenger Car,Disabling,N,Making Right Turn,2015-03-09 18:30,26,39.35095021,-76.58157349
4331,N,Had Been Drinking,No Misuse,N,Possible Incapacitating Injury,93d3dc95-b456-4dc0-aff7-7373ab4819c9,D,ADI5100003,Shoulder/Lap Belt(s),M,e12c86bb-85b3-4b0c-80d0-4acd62ef9f60,Angle Meets Right Turn,N,Intersection,Left Turn Lane,Daylight,No Defects,"Two-way, Divided, Unprotected (painted >4 feet) Median",Dry,Clear,One o'clock,Passenger Car,Disabling,N,Moving Constant Speed,2015-03-09 18:30,54,39.35095021,-76.58157349
4332,N,Apparently Normal,No Misuse,Y,Possible Incapacitating Injury,eac4c441-5bd6-4e63-86cf-3dd088697a43,D,ADI546000F,Shoulder/Lap Belt(s),F,782fabde-0034-4d16-b6d8-3f4d193af5d1,Single Vehicle ,N,Non Intersection,Right Turn Lane,Daylight,No Defects,"Two-way, Divided, Positive Median Barrier",Wet,Raining,One o'clock,Passenger Car,Disabling,N,Moving Constant Speed,2015-03-14 15:00,21,39.3322683,-76.643426
4333,N,Apparently Normal,No Misuse,N,Possible Incapacitating Injury,d9d021b8-229f-4974-86f5-251b18bb6799,D,ADI5750001,Shoulder/Lap Belt(s),M,8d5366d4-ee1f-4cab-ac19-52950cdea774,Angle Meets Right Turn,N,Intersection,Left Turn Lane,Dawn,No Defects,One-way Trafficway,Dry,Clear,Twelve o'clock,(Sport) Utility Vehicle,Disabling,N,Moving Constant Speed,2015-02-03 06:57,53,39.29878918,-76.64751962