KEY_INDEX,CDL_FLAG,CONDITION_CODE,EQUIP_PROB_CODE,FAULT_FLAG,INJ_SEVER_CODE,PERSON_ID,PERSON_TYPE,REPORT_NO,SAF_EQUIP_CODE,SEX_CODE,VEHICLE_ID,COLLISION_TYPE_CODE,C_M_ZONE_FLAG,JUNCTION_CODE,LANE_CODE,LIGHT_CODE,RD_COND_CODE,RD_DIV_CODE,SURF_COND_CODE,WEATHER_CODE,AREA_DAMAGED_CODE_MAIN,BODY_TYPE_CODE,DAMAGE_CODE,HIT_AND_RUN_FLAG,MOVEMENT_CODE,TIME,AGE,LATITUDE,LONGITUDE
4334,N,Apparently Normal,No Misuse,Y,Possible Incapacitating Injury,517400dc-8623-4294-b85d-05305d2e693d,D,ADI605000C,Shoulder/Lap Belt(s),F,72c54004-02f8-4e33-b515-448ebace7e3e,Same Movement Angle,N,Intersection,Right Turn Lane,Dawn,No Defects,"Two-way, Divided, Unprotected (painted >4 feet) Median",Wet,Clear,Twelve o'clock,Passenger Car,Disabling,N,Making Left Turn,2015-02-22 18:24,21,39.35366306,-76.69876456
4335,N,Apparently Normal,No Misuse,N,No Injury,2a8ffc21-300f-480d-9529-2f4cef45209b,D,ADI605000C,Shoulder/Lap Belt(s),M,6a170bf0-8168-4a84-9c21-96157e6aeb6d,Same Movement Angle,N,Intersection,Right Turn Lane,Dawn,No Defects,"Two-way, Divided, Unprotected (painted >4 feet) Median",Wet,Clear,Twelve o'clock,Passenger Car,Disabling,N,Moving Constant Speed,2015-02-22 18:24,22,39.35366306,-76.69876456
4336,N,Apparently Normal,No Misuse,N,Possible Incapacitating Injury,f48bdaf1-44b6-4b81-9553-83a4a04929cd,D,ADI6680005,Shoulder/Lap Belt(s),F,21dcbe25-e127-455f-a35b-3fb50b3cc218,Same Movement Angle,N,Intersection,Right Turn Lane,Daylight,No Defects,One-way Trafficway,Dry,Clear,Eleven o'clock,Passenger Car,Disabling,N,Accelerating,2015-02-11 08:56,29,39.29876323,-76.61067009
4337,N,Apparently Normal,No Misuse,Y,Possible Incapacitating Injury,5679a4e0-f606-4c1f-962f-6630a587f259,D,ADI6680005,Shoulder/Lap Belt(s),F,0f81309e-121e-42ff-9f42-3df0ebfe3d2d,Same Movement Angle,N,Intersection,Right Turn Lane,Daylight,No Defects,One-way Trafficway,Dry,Clear,Twelve o'clock,Passenger Car,Disabling,N,Moving Constant Speed,2015-02-11 08:56,45,39.29876323,-76.61067009
4338,N,Apparently Normal,No Misuse,N,Possible Incapacitating Injury,c7fbd3ba-18d6-48df-b164-906fa28e3e57,D,ADI7030008,Shoulder/Lap Belt(s),F,4fe5c5f7-d490-43d2-8b4c-4caf37e559ba,Same Movement Angle,N,Intersection,Right Turn Lane,Dark Lights On,No Defects,One-way Trafficway,Snow,Snow,Nine o'clock,Passenger Car,Functional,N,Making Right Turn,2015-02-21 18:00,29,39.29540062,-76.58937335
4339,N,Apparently Normal,No Misuse,N,Possible Incapacitating Injury,e8156546-a20a-40b3-b471-0d002e0cdce0,D,ADI8790001,Shoulder/Lap Belt(s),F,74092b8d-6878-4ffb-8ad6-69f256cf7829,Same Movement Angle,N,Intersection,Left Turn Lane,Daylight,No Defects,"Two-way, Divided, Unprotected (painted >4 feet) Median",Wet,Raining,Twelve o'clock,Passenger Car,Disabling,N,Moving Constant Speed,2015-01-03 11:25,41,39.33694455,-76.553303
4340,N,Apparently Normal,No Misuse,N,No Injury,5d5acc6a-3fe8-46d9-8ce0-1833ad07d8db,D,ADI8790001,Shoulder/Lap Belt(s),M,55db9d8f-e3d9-4823-b3ac-b9ade9924643,Same Movement Angle,N,Intersection,Left Turn Lane,Daylight,No Defects,"Two-way, Divided, Unprotected (painted >4 feet) Median",Wet,Raining,Eight o'clock,(Sport) Utility Vehicle,Functional,N,Stopped in Traffic Lane,2015-01-03 11:25,75,39.33694455,-76.553303
4341,N,Apparently Normal,No Misuse,Y,No Injury,4d247d0b-e115-420b-8eb3-bf878b4c97ce,D,ADI8790001,Shoulder/Lap Belt(s),M,0fe1c9a9-f2b1-4949-8b8f-df151913c342,Same Movement Angle,N,Intersection,Left Turn Lane,Daylight,No Defects,"Two-way, Divided, Unprotected (painted >4 feet) Median",Wet,Raining,Three o'clock,Van,Functional,N,Making Left Turn,2015-01-03 11:25,73,39.33694455,-76.553303
4342,N,Apparently Normal,No Misuse,N,Possible Incapacitating Injury,33313589-3687-4079-918c-739208e34abc,D,ADI879000K,Shoulder/Lap Belt(s),F,30f1aae5-6253-49ac-8acc-71dfa149b84a,Opposite Direction Sideswipe,N,Non Intersection,Right Turn Lane,Daylight,No Defects,"Two-way, Divided, Unprotected (painted >4 feet) Median",Wet,Cloudy,Eleven o'clock,Passenger Car,Functional,N,Stopped in Traffic Lane,2015-01-14 08:27,25,39.32991577,-76.59789205
4343,N,Apparently Normal,No Misuse,Y,Possible Incapacitating Injury,e52af74e-9274-4cda-b4d1-9be00454e47b,D,ADI879000K,Shoulder/Lap Belt(s),M,beabb8e7-ebf1-4018-ac08-41eb267c41a6,Opposite Direction Sideswipe,N,Non Intersection,Right Turn Lane,Daylight,No Defects,"Two-way, Divided, Unprotected (painted >4 feet) Median",Wet,Cloudy,Eleven o'clock,(Sport) Utility Vehicle,Disabling,N,Accelerating,2015-01-14 08:27,23,39.32991577,-76.59789205
4344,N,Apparently Normal,No Misuse,N,Possible Incapacitating Injury,ccf302c8-5ca2-4b1e-aae3-60fb1b91c388,D,ADI879000T,Shoulder/Lap Belt(s),F,23ab777a-5653-4ac5-b2bf-0709f0b828f5,Head On Left Turn,N,Intersection,Left Turn Lane,Daylight,No Defects,"Two-way, Divided, Positive Median Barrier",Dry,Clear,Twelve o'clock,Passenger Car,Destroyed,N,Moving Constant Speed,2015-01-28 15:20,23,39.32831407,-76.59532785
4345,N,Apparently Normal,No Misuse,Y,No Injury,da0e7a8d-d940-491b-a738-5864b92975f9,D,ADI879000T,Shoulder/Lap Belt(s),M,05e9671f-e2f9-480f-b527-c731c7779196,Head On Left Turn,N,Intersection,Left Turn Lane,Daylight,No Defects,"Two-way, Divided, Positive Median Barrier",Dry,Clear,Three o'clock,Pickup Truck,Destroyed,N,Making Left Turn,2015-01-28 15:20,59,39.32831407,-76.59532785
4346,N,Apparently Normal,No Misuse,Y,Possible Incapacitating Injury,6ec2ec45-4ec6-49af-8cfa-1376d30cbba5,D,ADI879000V,Shoulder/Lap Belt(s),F,82aa76b5-0dba-45b9-85fd-ea55b80f387b,Same Movement Angle,N,Non Intersection,Right Turn Lane,Daylight,No Defects,"Two-way, Divided, Unprotected (painted >4 feet) Median",Dry,Cloudy,Four o'clock,Passenger Car,Disabling,N,Making Left Turn,2015-01-29 12:15,33,39.33243858,-76.55976176
4347,N,Apparently Normal,No Misuse,N,No Injury,b0e05914-75aa-41ad-b916-2d3f4a0b263c,D,ADI879000V,Shoulder/Lap Belt(s),M,92a5ac11-dc93-4a05-977c-6e28b29547e3,Same Movement Angle,N,Non Intersection,Right Turn Lane,Daylight,No Defects,"Two-way, Divided, Unprotected (painted >4 feet) Median",Dry,Cloudy,Twelve o'clock,Passenger Car,Disabling,N,Accelerating,2015-01-29 12:15,58,39.33243858,-76.55976176
4348,N,Apparently Normal,No Misuse,N,Possible Incapacitating Injury,3873f1b8-e3e8-4a94-af45-8e8fecd7732c,D,ADI8790011,Shoulder/Lap Belt(s),F,5eb3eda3-8611-44e9-ac18-69c08a8af761,Head On Left Turn,N,Intersection Related,Right Turn Lane,Dark Lights On,No Defects,"Two-way, Divided, Unprotected (painted >4 feet) Median",Dry,Clear,Twelve o'clock,Passenger Car,Destroyed,N,Moving Constant Speed,2015-02-25 20:45,24,39.36083047,-76.55408621
4349,N,Apparently Normal,No Misuse,Y,Possible Incapacitating Injury,417bc4e1-8917-49f0-aa1f-5de282eacba8,D,ADI8790011,Shoulder/Lap Belt(s),M,b936243a-95c0-42bf-894d-01a3739074fe,Head On Left Turn,N,Intersection Related,Right Turn Lane,Dark Lights On,No Defects,"Two-way, Divided, Unprotected (painted >4 feet) Median",Dry,Clear,Twelve o'clock,Passenger Car,Disabling,N,Making Left Turn,2015-02-25 20:45,58,39.36083047,-76.55408621
4350,N,Apparently Normal,No Misuse,N,Possible Incapacitating Injury,3421c443-af61-493e-b855-8a2b4b9d8cef,D,ADI9170004,Shoulder/Lap Belt(s),F,b5461803-6923-4b5d-942b-77e2a41013fb,Same Movement Angle,N,Intersection Related,Left Turn Lane,Dark Lights On,No Defects,One-way Trafficway,Dry,Clear,One o'clock,Passenger Car,Functional,N,Moving Constant Speed,2015-02-13 20:30,23,39.29272702,-76.6503346
4351,N,Apparently Normal,No Misuse,Y,No Injury,b384b704-4d60-472c-ab40-2fac1bc56a8c,D,ADI9170004,Shoulder/Lap Belt(s),M,e4ad8b3f-38aa-4507-9bdd-c03efbf902ca,Same Movement Angle,N,Intersection Related,Left Turn Lane,Dark Lights On,No Defects,One-way Trafficway,Dry,Clear,Twelve o'clock,Passenger Car,Superficial,Y,Slowing or Stopping,2015-02-13 20:30,40,39.29272702,-76.6503346
4352,N,Apparently Normal,No Misuse,N,Possible Incapacitating Injury,29f825d6-9701-4758-bf5a-646fda6b444b,D,ADJ0130006,Shoulder/Lap Belt(s),F,65c508d5-03e0-4deb-9e7b-bb37e6d9fc45,Same Movement Angle,N,Intersection,Right Turn Lane,Daylight,Shoulder Defect,"Two-way, Not Divided",Dry,Clear,Ten o'clock,(Sport) Utility Vehicle,Disabling,N,Moving Constant Speed,2015-03-11 12:09,56,39.2773892,-76.55612469
4353,N,Apparently Normal,No Misuse,Y,No Injury,d1bd9ad7-72a5-4a99-a981-68fc9576626e,D,ADJ0130006,Shoulder/Lap Belt(s),M,635c298b-a7d0-4b8b-90eb-3d5ea63df902,Same Movement Angle,N,Intersection,Right Turn Lane,Daylight,Shoulder Defect,"Two-way, Not Divided",Dry,Clear,Twelve o'clock,Passenger Car,Functional,N,Accelerating,2015-03-11 12:09,35,39.2773892,-76.55612469
4354,N,Apparently Normal,No Misuse,N,Possible Incapacitating Injury,44d577a2-f5a4-4f0b-bd9f-3efc340d6f37,D,ADJ063000B,Shoulder/Lap Belt(s),F,d7a4a0ab-7777-4561-b244-c444e814c071,Same Movement Angle,N,Intersection,Left Turn Lane,Dark Lights On,No Defects,One-way Trafficway,Dry,Clear,Twelve o'clock,(Sport) Utility Vehicle,Disabling,N,Moving Constant Speed,2015-03-29 23:36,56,39.28964069,-76.61229953
4355,Y,Apparently Normal,No Misuse,N,No Injury,4652697e-f742-492d-814e-513f68674c3a,D,ADJ063000B,Shoulder/Lap Belt(s),M,82580d41-6b40-41aa-b51f-e6e38c539ab6,Same Movement Angle,N,Intersection,Left Turn Lane,Dark Lights On,No Defects,One-way Trafficway,Dry,Clear,Twelve o'clock,"Other Light Trucks (10,000 lbs (4,536 kg))",Superficial,N,Moving Constant Speed,2015-03-29 23:36,36,39.28964069,-76.61229953
4356,N,Apparently Normal,No Misuse,Y,No Injury,586c8c31-aa86-45cb-995e-ad43a98591c2,D,ADJ063000B,Shoulder/Lap Belt(s),M,eaaad628-08fa-45d4-a6b1-d794c86c5b62,Same Movement Angle,N,Intersection,Left Turn Lane,Dark Lights On,No Defects,One-way Trafficway,Dry,Clear,One o'clock,Passenger Car,Disabling,N,Moving Constant Speed,2015-03-29 23:36,36,39.28964069,-76.61229953
4357,N,Apparently Normal,No Misuse,N,Possible Incapacitating Injury,670b66d1-0640-4975-970d-f6d1307c48aa,D,ADJ145000C,Shoulder/Lap Belt(s),F,8495ed1c-74c3-4027-9ef1-5e37c46e43a6,Same Movement Angle,N,Intersection,Right Turn Lane,Daylight,No Defects,"Two-way, Not Divided",Wet,Raining,Nine o'clock,Passenger Car,Functional,N,Moving Constant Speed,2015-03-14 13:40,44,39.29715459,-76.71089083
4358,N,Apparently Normal,No Misuse,N,Possible Incapacitating Injury,5fa609d2-06ee-4168-acaf-476f10d9ea0b,D,ADJ204000D,Shoulder/Lap Belt(s),F,a4694919-bba3-49ff-a042-1a6d082ffa75,Same Movement Angle,N,Intersection,Right Turn Lane,Daylight,No Defects,"Two-way, Divided, Positive Median Barrier",Dry,Clear,Ten o'clock,Passenger Car,Disabling,N,Moving Constant Speed,2015-02-05 17:07,35,39.24946333,-76.61494955
4359,N,Apparently Normal,No Misuse,Y,Possible Incapacitating Injury,f9e2f262-65d0-44e5-8fb7-12b7c732712b,D,ADJ204000D,Shoulder/Lap Belt(s),F,fd6d7c8a-df9c-4ddc-9794-ea3ff43fc149,Same Movement Angle,N,Intersection,Right Turn Lane,Daylight,No Defects,"Two-way, Divided, Positive Median Barrier",Dry,Clear,Twelve o'clock,Passenger Car,Disabling,N,Moving Constant Speed,2015-02-05 17:07,30,39.24946333,-76.61494955
4360,N,Apparently Normal,No Misuse,N,Possible Incapacitating Injury,70624180-f209-41f8-ad5d-2c71d0a0328f,D,ADJ247000D,Shoulder/Lap Belt(s),F,f9fd3722-812b-4b3d-a9b9-5da7a3b5cd12,Same Movement Angle,N,Intersection,Left Turn Lane,Daylight,No Defects,One-way Trafficway,Dry,Clear,Twelve o'clock,Passenger Car,Disabling,N,Moving Constant Speed,2015-02-18 09:10,40,39.25312104,-76.61740819
4361,Y,Apparently Normal,No Misuse,Y,No Injury,8133630c-749e-4b75-a168-97388ab9a6e1,D,ADJ247000D,Shoulder/Lap Belt(s),M,7dfac46c-e206-4657-8c54-a626f69eccb0,Same Movement Angle,N,Intersection,Left Turn Lane,Daylight,No Defects,One-way Trafficway,Dry,Clear,Four o'clock,Truck Tractor,No Damage,N,Moving Constant Speed,2015-02-18 09:10,47,39.25312104,-76.61740819
4362,N,Apparently Normal,No Misuse,Y,Possible Incapacitating Injury,70654d92-a1ca-4805-b0f9-c7786d688e58,D,ADJ247000P,Shoulder/Lap Belt(s),F,280e2a04-a52b-430a-8347-c759d6f6c9eb,Same Direction Rear End,N,Non Intersection,Left Turn Lane,Dusk,No Defects,"Two-way, Not Divided",Dry,Clear,Twelve o'clock,Passenger Car,Destroyed,Y,Accelerating,2015-03-30 22:50,49,39.28520385,-76.62135601
4363,N,Apparently Normal,No Misuse,N,Possible Incapacitating Injury,d2ef3e4b-485c-4cac-8a31-298280219765,D,ADJ2880001,Shoulder/Lap Belt(s),F,c929bc6d-3262-4e5e-9553-cc7ad20c7763,Head On Left Turn,N,Intersection,Right Turn Lane,Dark Lights On,No Defects,"Two-way, Divided, Positive Median Barrier",Wet,Raining,Twelve o'clock,Passenger Car,Destroyed,N,Moving Constant Speed,2015-01-03 21:19,47,39.27340265,-76.62866235
4364,N,Apparently Normal,No Misuse,Y,No Injury,06e21248-6504-48fa-a931-8c2eb1b30d4d,D,ADJ2880001,Shoulder/Lap Belt(s),M,5f7c1d96-ccde-4261-9778-2160edeac1a4,Head On Left Turn,N,Intersection,Right Turn Lane,Dark Lights On,No Defects,"Two-way, Divided, Positive Median Barrier",Wet,Raining,Twelve o'clock,Passenger Car,Destroyed,N,Making Left Turn,2015-01-03 21:19,36,39.27340265,-76.62866235
4365,N,Apparently Normal,No Misuse,Y,Possible Incapacitating Injury,fc864851-f1cb-40e2-adbe-744cb46eb9cc,D,ADJ298000C,Shoulder/Lap Belt(s),F,c07c14dd-bfa6-4f86-97cc-b6186db1adcb,Head On Left Turn,N,Intersection,Right Turn Lane,Dark Lights On,No Defects,"Two-way, Not Divided",Dry,Clear,Three o'clock,Passenger Car,Functional,N,Accelerating,2015-03-31 23:45,26,39.31669652,-76.6504848
4366,N,Apparently Normal,No Misuse,N,Possible Incapacitating Injury,f136dc61-c336-4905-9bc9-18d5ea2d3b60,D,ADJ298000C,Shoulder/Lap Belt(s),M,25a4060e-ee01-4150-af66-3746401e3b60,Head On Left Turn,N,Intersection,Right Turn Lane,Dark Lights On,No Defects,"Two-way, Not Divided",Dry,Clear,One o'clock,Passenger Car,Functional,N,Moving Constant Speed,2015-03-31 23:45,46,39.31669652,-76.6504848
4367,N,Apparently Normal,No Misuse,N,Possible Incapacitating Injury,d34b233c-5cc4-4bcb-9a59-493119632aab,D,ADJ3330002,Shoulder Belt Only,F,629591a4-8e21-43c0-a27b-5342e628e2ba,Same Direction Sideswipe,N,Intersection,Right Turn Lane,Daylight,No Defects,One-way Trafficway,Dry,Clear,One o'clock,Passenger Car,Disabling,N,Moving Constant Speed,2015-02-14 16:16,58,39.2906273,-76.64708108
4368,N,Apparently Normal,No Misuse,N,Possible Incapacitating Injury,69fc8937-1f93-4287-9d58-f6902ef91a8b,D,ADJ3930007,Shoulder/Lap Belt(s),F,73409ef7-ffb5-4445-9c93-31ba7ef9bfb2,Opposite Direction Sideswipe,N,Non Intersection,Right Turn Lane,Daylight,"Holes, Ruts, Etc.","Two-way, Not Divided",Dry,Clear,Two o'clock,(Sport) Utility Vehicle,Disabling,N,Moving Constant Speed,2015-03-26 14:00,56,39.3065838,-76.70977235
4369,N,Apparently Normal,No Misuse,Y,No Injury,10a12521-4e64-41f1-a816-fc763d4b9893,D,ADJ3930007,Shoulder/Lap Belt(s),M,158d35ff-8f34-41c0-afdf-59b6d32793e1,Opposite Direction Sideswipe,N,Non Intersection,Right Turn Lane,Daylight,"Holes, Ruts, Etc.","Two-way, Not Divided",Dry,Clear,Twelve o'clock,Pickup Truck,Disabling,N,Moving Constant Speed,2015-03-26 14:00,28,39.3065838,-76.70977235
4370,N,Apparently Normal,No Misuse,N,Possible Incapacitating Injury,972bf02d-0517-4584-9815-5eb0dc2ce1f9,D,ADJ4140003,Shoulder/Lap Belt(s),F,458d50a2-282a-4638-8093-dfbb3b492ea1,Same Movement Angle,N,Intersection,Right Turn Lane,Daylight,No Defects,"Two-way, Divided, Positive Median Barrier",Dry,Clear,Two o'clock,Passenger Car,Disabling,N,Moving Constant Speed,2015-02-08 16:00,35,39.32663194,-76.59416042
4371,N,Apparently Normal,No Misuse,Y,Possible Incapacitating Injury,1c668684-ef78-493f-895d-f32c6edf126e,D,ADJ4140003,Shoulder/Lap Belt(s),M,0dfe36e2-3fe2-4390-b9fb-5ef3cb29ab3f,Same Movement Angle,N,Intersection,Right Turn Lane,Daylight,No Defects,"Two-way, Divided, Positive Median Barrier",Dry,Clear,Twelve o'clock,Van,Disabling,N,Accelerating,2015-02-08 16:00,81,39.32663194,-76.59416042
4372,N,Apparently Normal,No Misuse,N,Possible Incapacitating Injury,685cc203-257c-49ca-9063-c70700ac813c,D,ADJ4430006,Shoulder/Lap Belt(s),F,d54e2b80-f06a-4717-9058-36aa59f3001b,Same Direction Sideswipe,N,Non Intersection,Left Turn Lane,Daylight,No Defects,"Two-way, Not Divided",Dry,Cloudy,Two o'clock,Passenger Car,Functional,N,Moving Constant Speed,2015-02-08 12:32,44,39.29455734,-76.57979988
4373,N,Apparently Normal,No Misuse,Y,Possible Incapacitating Injury,af6d9b4d-0222-470c-a93a-902bf2be2707,D,ADJ4430006,Shoulder/Lap Belt(s),F,e69d3beb-8d25-425d-ac89-fe4e583c13be,Same Direction Sideswipe,N,Non Intersection,Left Turn Lane,Daylight,No Defects,"Two-way, Not Divided",Dry,Cloudy,Twelve o'clock,Passenger Car,Functional,N,Making U Turn,2015-02-08 12:32,68,39.29455734,-76.57979988
4374,N,Apparently Normal,No Misuse,Y,Possible Incapacitating Injury,9bfb5544-59eb-40ff-8d27-adc7ebbc7ab6,D,ADJ4430008,Shoulder/Lap Belt(s),F,249d1f84-4ffe-408b-8c34-b0bfc1129f4a,Same Direction Rear End,N,Non Intersection,Right Turn Lane,Dark Lights On,No Defects,"Two-way, Not Divided",Dry,Cloudy,Twelve o'clock,Passenger Car,No Damage,N,Slowing or Stopping,2015-03-07 22:15,26,39.29023859,-76.56737857
4375,N,Apparently Normal,No Misuse,N,Possible Incapacitating Injury,92e743ff-1e5d-4973-abb9-5eb310ac5dc2,D,ADJ4930007,Shoulder/Lap Belt(s),F,48ff2d40-96c9-4e23-af60-ee7fe0b66935,Angle Meets Left Turn Head On,N,Non Intersection,Left Turn Lane,Dark No Lights,No Defects,"Two-way, Not Divided",Dry,Foggy,Twelve o'clock,(Sport) Utility Vehicle,Destroyed,N,Moving Constant Speed,2015-01-31 17:35,35,39.30396874,-76.69420481
4376,N,Apparently Normal,No Misuse,Y,Possible Incapacitating Injury,4992bbf9-5022-47cd-b8ea-0d2b29fe63ce,D,ADJ4930007,Shoulder/Lap Belt(s),M,78db3448-1669-4cf8-abcb-92a5047496e7,Angle Meets Left Turn Head On,N,Non Intersection,Left Turn Lane,Dark No Lights,No Defects,"Two-way, Not Divided",Dry,Foggy,Twelve o'clock,(Sport) Utility Vehicle,Destroyed,N,Moving Constant Speed,2015-01-31 17:35,50,39.30396874,-76.69420481
4377,Y,Apparently Normal,No Misuse,N,No Injury,f8ffa972-ef7c-4a02-9851-425cb51d3b61,D,ADJ5090005,Shoulder/Lap Belt(s),M,62ea0a94-4fcd-447c-8f39-56eeb9775e87,Same Direction Left Turn,Y,Non Intersection,Right Turn Lane,Daylight,No Defects,"Two-way, Not Divided",Dry,Clear,One o'clock,"Medium/Heavy Truck 2 axles (10,000 lbs (4,536 kg) or less)",Functional,N,Moving Constant Speed,2015-02-23 14:24,41,39.26150808,-76.54215574
4378,N,Apparently Normal,No Misuse,Y,Possible Incapacitating Injury,325668da-f44d-431e-8571-9acc09205c53,D,ADJ5200006,Shoulder/Lap Belt(s),F,4d8fa52b-cad5-4b54-ba79-69e695b6eec7,Same Movement Angle,N,Intersection,Right Turn Lane,Daylight,No Defects,"Two-way, Not Divided",Dry,Clear,Nine o'clock,Passenger Car,Disabling,N,Moving Constant Speed,2015-03-11 18:45,26,39.36581362,-76.54978797
4379,N,Apparently Normal,No Misuse,N,Possible Incapacitating Injury,e6489145-2047-4753-bf81-1c33fbe6dc5d,D,ADJ5200006,Shoulder/Lap Belt(s),M,c337ab71-dc08-443f-a490-e766aacefe8a,Same Movement Angle,N,Intersection,Right Turn Lane,Daylight,No Defects,"Two-way, Not Divided",Dry,Clear,Twelve o'clock,Passenger Car,Destroyed,N,Moving Constant Speed,2015-03-11 18:45,18,39.36581362,-76.54978797
4380,N,Apparently Normal,No Misuse,N,Possible Incapacitating Injury,182d005f-b6c1-4d27-b998-f00336ba0af8,D,ADJ5360009,Shoulder/Lap Belt(s),F,e7562344-fa55-41a3-898e-9e53468b1d77,Same Movement Angle,N,Intersection,Right Turn Lane,Daylight,No Defects,"Two-way, Not Divided",Dry,Clear,Eleven o'clock,Passenger Car,Functional,N,Accelerating,2015-03-13 17:40,28,39.29820696,-76.65800571
4381,N,Apparently Normal,No Misuse,N,Possible Incapacitating Injury,5182a5ad-01d8-482f-b62e-ae12ac6096a1,D,ADJ6680005,Shoulder/Lap Belt(s),F,66e420fb-92ba-4ff7-8c14-8f3a9e31c8e1,Same Direction Rear End,N,Intersection Related,Left Turn Lane,Dark Lights On,No Defects,"Two-way, Divided, Unprotected (painted >4 feet) Median",Dry,Clear,Six o'clock,"Other Light Trucks (10,000 lbs (4,536 kg))",Functional,N,Slowing or Stopping,2015-02-06 23:04,31,39.33119793,-76.56147033
4382,N,Apparently Normal,No Misuse,N,No Injury,72066257-9557-4148-8215-8650dd050639,D,ADJ6680005,Shoulder/Lap Belt(s),M,7fce2556-4f05-4129-9750-713d7b259be6,Same Direction Rear End,N,Intersection Related,Left Turn Lane,Dark Lights On,No Defects,"Two-way, Divided, Unprotected (painted >4 feet) Median",Dry,Clear,Six o'clock,Passenger Car,Functional,N,Slowing or Stopping,2015-02-06 23:04,25,39.33119793,-76.56147033
4383,N,Apparently Normal,No Misuse,N,Possible Incapacitating Injury,ee41d5d1-712f-4f56-b0d0-1f165b4387a0,D,ADJ6700005,Shoulder/Lap Belt(s),F,40f32b71-81b8-4c93-891c-54331a501112,Same Direction Rear End,N,Non Intersection,Left Turn Lane,Dark Lights On,No Defects,"Two-way, Divided, Unprotected (painted >4 feet) Median",Dry,Clear,Six o'clock,Passenger Car,Functional,N,Stopped in Traffic Lane,2015-03-12 22:20,48,39.29572858,-76.5793848
4384,N,Apparently Normal,No Misuse,Y,No Injury,035da80f-eff8-4c22-9d97-eca121dc84a3,D,ADJ6700005,Shoulder/Lap Belt(s),M,046f8bd0-2aaa-4f0b-968c-46b79fc4fa9d,Same Direction Rear End,N,Non Intersection,Left Turn Lane,Dark Lights On,No Defects,"Two-way, Divided, Unprotected (painted >4 feet) Median",Dry,Clear,Twelve o'clock,Passenger Car,Functional,N,Moving Constant Speed,2015-03-12 22:20,27,39.29572858,-76.5793848
4385,N,Apparently Normal,No Misuse,Y,Possible Incapacitating Injury,ea2dab34-0e79-446d-9b71-16ee154ecc02,D,ADJ6990004,Shoulder/Lap Belt(s),F,57d17a88-f07c-4329-b831-546fec57ce18,Single Vehicle ,N,Non Intersection,Right Turn Lane,Dark Lights On,No Defects,"Two-way, Not Divided",Snow,Snow,Twelve o'clock,Passenger Car,Disabling,N,Moving Constant Speed,2015-03-05 20:30,28,39.21243827,-76.58738852
4386,N,Apparently Normal,No Misuse,Y,Possible Incapacitating Injury,47861de6-1b74-40d6-bc7c-864147a62a28,D,ADJ7140001,Shoulder/Lap Belt(s),F,333210a8-0247-448b-bbc9-7480a89dc1dd,Same Direction Left Turn,N,Non Intersection,Left Turn Lane,Daylight,No Defects,"Two-way, Not Divided",Dry,Clear,Twelve o'clock,Passenger Car,Functional,N,Starting From Parked,2015-03-09 13:05,46,39.31308886,-76.64612755
4387,N,Apparently Normal,No Misuse,Y,Possible Incapacitating Injury,b051e7fb-c651-4850-916e-b27522c62586,D,ADJ7140001,Shoulder/Lap Belt(s),M,ffe17548-fd91-48a0-911e-3c2e2cd03575,Same Direction Left Turn,N,Non Intersection,Left Turn Lane,Daylight,No Defects,"Two-way, Not Divided",Dry,Clear,Three o'clock,Van,Superficial,N,Moving Constant Speed,2015-03-09 13:05,41,39.31308886,-76.64612755
4388,N,Apparently Normal,No Misuse,Y,Possible Incapacitating Injury,d5417c58-ea05-4b3f-b4ad-196e6581ed5c,D,AE2938000D,Shoulder/Lap Belt(s),F,ed7564ea-861c-494e-9b32-4120dae4621b,Single Vehicle ,N,Crossover Related,Right Turn Lane,Dusk,No Defects,"Two-way, Divided, Positive Median Barrier",Dry,Clear,Underside,Passenger Car,Disabling,N,Moving Constant Speed,2015-01-30 17:04,33,39.29515827,-76.51103139
4389,Y,Apparently Normal,No Misuse,N,Possible Incapacitating Injury,e31291a0-7e7a-4b6a-9d72-4586fc6cb593,D,AE29450008,Shoulder/Lap Belt(s),M,e7499a6e-de81-460e-816a-aeefa7a686ce,Same Direction Rear End,N,Non Intersection,Right Turn Lane,Daylight,No Defects,"Two-way, Not Divided",Dry,Clear,Six o'clock,Pickup Truck,Superficial,N,Stopped in Traffic Lane,2015-01-09 16:10,51,39.53423284,-76.5477562
4390,N,Apparently Normal,No Misuse,Y,Possible Incapacitating Injury,b3ca7e14-2f47-4837-84b1-56112f609d51,D,AE29450008,Shoulder/Lap Belt(s),M,35c1b5cf-93d9-4282-8954-c7f367e64037,Same Direction Rear End,N,Non Intersection,Right Turn Lane,Daylight,No Defects,"Two-way, Not Divided",Dry,Clear,Twelve o'clock,Passenger Car,Destroyed,N,Moving Constant Speed,2015-01-09 16:10,30,39.53423284,-76.5477562
4391,N,Apparently Normal,No Misuse,Y,Possible Incapacitating Injury,9e002cc1-7d14-4fc4-a2e8-1afb59e4926b,D,AE33980006,Shoulder/Lap Belt(s),F,73b81009-1fbc-4e5d-aba6-c481689b885f,Same Movement Angle,N,Intersection,Left Turn Lane,Daylight,No Defects,"Two-way, Divided, Positive Median Barrier",Dry,Clear,Three o'clock,Passenger Car,Functional,N,Making Left Turn,2015-02-08 15:30,70,39.33710221,-76.49018526