KEY_INDEX,CDL_FLAG,CONDITION_CODE,EQUIP_PROB_CODE,FAULT_FLAG,INJ_SEVER_CODE,PERSON_ID,PERSON_TYPE,REPORT_NO,SAF_EQUIP_CODE,SEX_CODE,VEHICLE_ID,COLLISION_TYPE_CODE,C_M_ZONE_FLAG,JUNCTION_CODE,LANE_CODE,LIGHT_CODE,RD_COND_CODE,RD_DIV_CODE,SURF_COND_CODE,WEATHER_CODE,AREA_DAMAGED_CODE_MAIN,BODY_TYPE_CODE,DAMAGE_CODE,HIT_AND_RUN_FLAG,MOVEMENT_CODE,TIME,AGE,LATITUDE,LONGITUDE
4451,N,Apparently Normal,No Misuse,Y,Non-incapacitating Injury,df09e152-3db8-49c4-8bce-9a254b588d00,D,AE4880005Y,Shoulder/Lap Belt(s),M,41617930-2644-49be-a224-2fd401d45b7d,Head On Left Turn,N,Intersection,Right Turn Lane,Daylight,No Defects,"Two-way, Not Divided",Dry,Cloudy,Twelve o'clock,Passenger Car,Disabling,N,Moving Constant Speed,2015-03-10 07:38,66,39.340843,-76.512198
4452,N,Apparently Normal,No Misuse,Y,Possible Incapacitating Injury,48e06069-4271-48d2-8c24-1096c66fb0c8,D,AE4880006G,Shoulder/Lap Belt(s),F,4120477e-4b4b-41a1-b1ec-d6f488067e21,Same Direction Rear End,N,Intersection Related,Acceleration Lane,Daylight,No Defects,"Two-way, Divided, Positive Median Barrier",Dry,Clear,Twelve o'clock,Pickup Truck,Disabling,N,Slowing or Stopping,2015-03-26 17:10,43,39.34993,-76.48529
4453,N,Apparently Normal,No Misuse,N,No Injury,e5cd3dc0-0378-477b-a0a9-0596eddfecb7,D,AE4880006G,Shoulder/Lap Belt(s),M,9b2fe014-6410-4c5a-92eb-bf68b33bd5b0,Same Direction Rear End,N,Intersection Related,Acceleration Lane,Daylight,No Defects,"Two-way, Divided, Positive Median Barrier",Dry,Clear,Six o'clock,Passenger Car,Superficial,N,Stopped in Traffic Lane,2015-03-26 17:10,76,39.34993,-76.48529
4454,N,Apparently Normal,No Misuse,N,No Injury,0eaa1b1f-ffae-4146-a679-7a87004453e7,D,AE4880006G,Shoulder/Lap Belt(s),M,21db9be1-2f9b-47ae-b879-55b26926ec8f,Same Direction Rear End,N,Intersection Related,Acceleration Lane,Daylight,No Defects,"Two-way, Divided, Positive Median Barrier",Dry,Clear,Six o'clock,(Sport) Utility Vehicle,Functional,N,Stopped in Traffic Lane,2015-03-26 17:10,20,39.34993,-76.48529
4455,N,Apparently Normal,No Misuse,N,Possible Incapacitating Injury,82b02d53-7a30-4275-9149-0d04483032a9,D,AE49330006,Shoulder/Lap Belt(s),F,81e3db77-8ade-47db-a4ca-f63fce1aa829,Same Movement Angle,N,Commercial Driveway,Right Turn Lane,Dark Lights On,No Defects,"Two-way, Not Divided",Wet,Raining,One o'clock,(Sport) Utility Vehicle,Disabling,N,Moving Constant Speed,2015-01-03 23:45,55,39.39735291,-76.47552967
4456,N,Apparently Normal,No Misuse,Y,No Injury,082f9bed-07ac-4c63-9b67-14f73caf9498,D,AE49330006,Shoulder/Lap Belt(s),M,f3b8d544-1e08-4414-998d-4dbbe998d2a0,Same Movement Angle,N,Commercial Driveway,Right Turn Lane,Dark Lights On,No Defects,"Two-way, Not Divided",Wet,Raining,Eleven o'clock,Passenger Car,Functional,N,Making Right Turn,2015-01-03 23:45,30,39.39735291,-76.47552967
4457,N,Apparently Normal,No Misuse,Y,Possible Incapacitating Injury,ccd29d2a-23b4-4de9-9318-45526575c870,D,AE5148000B,Shoulder/Lap Belt(s),F,9fe4fecd-c45d-400f-a2f8-52c53fa2e7f0,Single Vehicle ,N,Non Intersection,Right Turn Lane,Daylight,No Defects,"Two-way, Divided, Positive Median Barrier",Ice,Raining,Twelve o'clock,Van,Disabling,N,Slowing or Stopping,2015-01-18 08:44,33,39.40333657,-76.75762296
4458,N,Apparently Normal,No Misuse,Y,Possible Incapacitating Injury,e57ca69b-b242-454a-9c63-73ec39077b78,D,AE51910006,Shoulder/Lap Belt(s),F,5c4d3d9c-3e17-4737-8879-b984e436ac06,Head On,N,Non Intersection,Right Turn Lane,Dark Lights On,No Defects,"Two-way, Not Divided",Dry,Clear,Twelve o'clock,Passenger Car,Disabling,N,Moving Constant Speed,2015-03-26 04:47,36,39.47060135,-76.61643684
4459,N,Apparently Normal,No Misuse,Y,Possible Incapacitating Injury,fdd34315-d09b-48c9-a3ed-2e99b2a5c52b,D,AE5297000H,Shoulder/Lap Belt(s),F,c51716d8-03bf-43c1-9507-f9c84e79c759,Single Vehicle ,N,Non Intersection,Left Turn Lane,Daylight,No Defects,"Two-way, Not Divided",Snow,Snow,One o'clock,Passenger Car,Disabling,N,Moving Constant Speed,2015-02-21 11:47,69,39.46144484,-76.41368866
4460,N,Apparently Normal,No Misuse,Y,Possible Incapacitating Injury,45bb3bbb-32d6-40ed-9baf-d5ad2cfd6d71,D,AE5340000T,Shoulder/Lap Belt(s),F,06f82f3c-579f-4e7a-97bb-53d91aee075d,Head On Left Turn,N,Intersection,Left Turn Lane,Dawn,No Defects,"Two-way, Divided, Positive Median Barrier",Wet,Raining,Twelve o'clock,Passenger Car,Disabling,N,Moving Constant Speed,2015-01-12 07:24,43,39.31441179,-76.45437241
4461,N,Apparently Normal,No Misuse,N,No Injury,755a8096-a9f6-4ba5-9a3d-c1ee9ecdfa02,D,AE5340000T,Shoulder/Lap Belt(s),M,26f5e6b2-0343-494d-aba8-91d0cefd646a,Head On Left Turn,N,Intersection,Left Turn Lane,Dawn,No Defects,"Two-way, Divided, Positive Median Barrier",Wet,Raining,Twelve o'clock,Passenger Car,Disabling,N,Making Left Turn,2015-01-12 07:24,53,39.31441179,-76.45437241
4462,N,Apparently Normal,No Misuse,N,No Injury,e112c6b7-2865-4cae-a7fc-ae510863cf7b,D,AE5340000T,Shoulder/Lap Belt(s),M,bf8ebb94-ab38-4d10-b1b3-98b90ce1ea73,Head On Left Turn,N,Intersection,Left Turn Lane,Dawn,No Defects,"Two-way, Divided, Positive Median Barrier",Wet,Raining,Twelve o'clock,Pickup Truck,Functional,N,Making Left Turn,2015-01-12 07:24,30,39.31441179,-76.45437241
4463,N,Apparently Normal,No Misuse,N,Possible Incapacitating Injury,99a194ff-85cb-4bea-8e04-b65ab721d816,D,AE53530007,Shoulder/Lap Belt(s),F,9d893e8e-b557-4f1f-aa14-4325a22c693b,Same Movement Angle,N,Intersection,Right Turn Lane,Daylight,No Defects,"Two-way, Not Divided",Dry,Cloudy,Twelve o'clock,(Sport) Utility Vehicle,Disabling,N,Moving Constant Speed,2015-01-09 13:56,51,39.37866284,-76.52754307
4464,N,Apparently Normal,No Misuse,N,No Injury,3d538353-26ed-4ea6-bc54-7423ceda8446,D,AE53530007,Shoulder/Lap Belt(s),M,dce34379-0665-430e-8427-f5421560d18b,Same Movement Angle,N,Intersection,Right Turn Lane,Daylight,No Defects,"Two-way, Not Divided",Dry,Cloudy,Twelve o'clock,(Sport) Utility Vehicle,Superficial,N,Parked  ,2015-01-09 13:56,36,39.37866284,-76.52754307
4465,N,Apparently Normal,No Misuse,Y,Possible Incapacitating Injury,960cfe2d-a540-4560-9cb5-e5963cb8b658,D,AE53530007,Lap Belt Only,M,def17ed5-b592-4d80-b2b2-75a56daa7fc1,Same Movement Angle,N,Intersection,Right Turn Lane,Daylight,No Defects,"Two-way, Not Divided",Dry,Cloudy,Twelve o'clock,(Sport) Utility Vehicle,Disabling,N,Entering Traffic Lane,2015-01-09 13:56,23,39.37866284,-76.52754307
4466,N,Apparently Normal,No Misuse,Y,Possible Incapacitating Injury,3cbfd59d-c78a-43db-b0d6-51bf77e6b8c0,D,AE5367000D,Shoulder/Lap Belt(s),F,4fccce2a-a5f4-4e07-92ae-33e48962344e,Single Vehicle ,N,Non Intersection,Right Turn Lane,Daylight,No Defects,"Two-way, Not Divided",Wet,Cloudy,Twelve o'clock,Passenger Car,Destroyed,N,Moving Constant Speed,2015-03-21 10:40,30,39.42419351,-76.70306683
4467,N,Apparently Normal,No Misuse,N,Possible Incapacitating Injury,a5a78661-2e10-4ba9-a0ae-17a1f8108893,D,AE5419002F,Shoulder/Lap Belt(s),F,b60a859b-eedf-4a90-9b42-f6bebb31b081,Same Movement Angle,N,Intersection Related,Left Turn Lane,Dark Lights On,No Defects,"Two-way, Not Divided",Dry,Clear,Nine o'clock,(Sport) Utility Vehicle,Functional,N,Moving Constant Speed,2015-02-20 19:11,30,39.37187049,-76.56710029
4468,N,Apparently Normal,No Misuse,Y,No Injury,fb8a6705-8d65-452c-a878-cf9c3d4a216f,D,AE5419002F,Shoulder/Lap Belt(s),M,bbb427f1-f7a7-4753-9be5-a791d0da6464,Same Movement Angle,N,Intersection Related,Left Turn Lane,Dark Lights On,No Defects,"Two-way, Not Divided",Dry,Clear,Twelve o'clock,Passenger Car,Disabling,N,Making Left Turn,2015-02-20 19:11,21,39.37187049,-76.56710029
4469,N,Apparently Normal,No Misuse,N,Possible Incapacitating Injury,f40c6afe-7fb0-43ba-9829-07ac49ad1b2a,D,AE5419002Q,Shoulder/Lap Belt(s),F,ee4cb887-d781-47da-b9ab-c88f5ac7e733,Same Movement Angle,N,Intersection Related,Right Turn Lane,Daylight,No Defects,"Two-way, Divided, Positive Median Barrier",Wet,Clear,Twelve o'clock,Passenger Car,Disabling,N,Moving Constant Speed,2015-03-11 10:24,31,39.37760132,-76.55661821
4470,N,Apparently Normal,No Misuse,Y,No Injury,92dec3ce-acc9-493b-9fef-12dd87fd1b6d,D,AE5419002Q,Shoulder/Lap Belt(s),M,ae132943-e2a8-45ca-bbd5-3c9a13fda98b,Same Movement Angle,N,Intersection Related,Right Turn Lane,Daylight,No Defects,"Two-way, Divided, Positive Median Barrier",Wet,Clear,Nine o'clock,Passenger Car,Disabling,N,Making Left Turn,2015-03-11 10:24,79,39.37760132,-76.55661821
4471,N,Apparently Normal,No Misuse,Y,Possible Incapacitating Injury,a7afe6f8-775d-469c-a0cf-fbd6b56ffbf0,D,AE54320008,Shoulder/Lap Belt(s),F,caf4ab98-6e74-4df4-8f6a-0d05ae477e24,Same Direction Rear End,N,Non Intersection,Right Turn Lane,Daylight,No Defects,"Two-way, Not Divided",Dry,Clear,One o'clock,Passenger Car,Destroyed,N,Moving Constant Speed,2015-01-01 14:13,24,39.28176585,-76.77294374
4472,N,Apparently Normal,No Misuse,N,Possible Incapacitating Injury,b96ad33b-5a3c-49bd-9189-bbdc501ca8b1,D,AE54660013,Shoulder/Lap Belt(s),F,1d56d744-b81b-439d-891f-f30f21c7089c,Same Direction Rear End,N,Intersection,Right Turn Lane,Daylight,No Defects,"Two-way, Not Divided",Dry,Clear,Six o'clock,Passenger Car,Disabling,N,Stopped in Traffic Lane,2015-02-06 15:46,46,39.29259416,-76.74780607
4473,N,Apparently Normal,No Misuse,Y,No Injury,8804ead5-e7b2-4aeb-bb5e-136a8a16f392,D,AE54660013,Shoulder/Lap Belt(s),M,67e9b42e-f7b3-4cd2-bb40-9a09b1611f4d,Same Direction Rear End,N,Intersection,Right Turn Lane,Daylight,No Defects,"Two-way, Not Divided",Dry,Clear,Twelve o'clock,(Sport) Utility Vehicle,Functional,N,Slowing or Stopping,2015-02-06 15:46,53,39.29259416,-76.74780607
4474,N,Apparently Normal,No Misuse,N,Possible Incapacitating Injury,551e8e46-e37d-437a-8045-4a1d2123b53c,D,AE5466001D,Shoulder/Lap Belt(s),F,88ffde65-741e-4fc3-a154-6c1563a602d3,Head On Left Turn,N,Non Intersection,Right Turn Lane,Daylight,No Defects,"Two-way, Not Divided",Ice,Clear,Twelve o'clock,Passenger Car,Disabling,N,Moving Constant Speed,2015-02-27 08:00,44,39.31977383,-76.73634768
4475,N,Apparently Normal,No Misuse,Y,Possible Incapacitating Injury,b52cb5fd-dab6-457b-beee-1e58a041d28d,D,AE5466001D,Shoulder/Lap Belt(s),F,2a140ab2-79c0-4486-957c-56d094f1d4ea,Head On Left Turn,N,Non Intersection,Right Turn Lane,Daylight,No Defects,"Two-way, Not Divided",Ice,Clear,Two o'clock,(Sport) Utility Vehicle,Disabling,N,Moving Constant Speed,2015-02-27 08:00,29,39.31977383,-76.73634768
4476,N,Apparently Normal,No Misuse,N,Possible Incapacitating Injury,81545cc4-7107-4345-ba06-d304dade25ce,D,AE5493000C,Shoulder/Lap Belt(s),F,f13fb34e-d451-4d0a-ac4d-b24fcaf8c1db,Head On Left Turn,N,Intersection,Acceleration Lane,Daylight,No Defects,"Two-way, Divided, Unprotected (painted >4 feet) Median",Dry,Clear,One o'clock,Passenger Car,Disabling,N,Making Left Turn,2015-03-22 14:15,38,39.24559843,-76.67294025
4477,N,Apparently Normal,No Misuse,N,No Injury,01b0d284-e731-42df-a720-fc1a39591c30,D,AE5493000C,Shoulder/Lap Belt(s),M,ea1c5f31-d849-4413-a187-ecaac552885f,Head On Left Turn,N,Intersection,Acceleration Lane,Daylight,No Defects,"Two-way, Divided, Unprotected (painted >4 feet) Median",Dry,Clear,Eleven o'clock,Passenger Car,Disabling,N,Stopped in Traffic Lane,2015-03-22 14:15,31,39.24559843,-76.67294025
4478,N,Apparently Normal,No Misuse,N,Possible Incapacitating Injury,71813df3-c728-4b69-990a-a89a57a03ce4,D,AE55250008,Shoulder/Lap Belt(s),F,4022a164-a902-47dd-8423-a1704d669969,Same Movement Angle,N,Intersection,Right Turn Lane,Daylight,No Defects,"Two-way, Divided, Positive Median Barrier",Dry,Cloudy,Nine o'clock,Passenger Car,Disabling,N,Moving Constant Speed,2015-03-13 12:48,40,39.33407337,-76.4444375
4479,N,Apparently Normal,No Misuse,N,Possible Incapacitating Injury,5bf17f7b-8d7f-4209-a464-aebd8e7ba9ee,D,AE5584000C,Shoulder/Lap Belt(s),F,2f2e9020-552d-447b-b1ae-8f3c167ad56c,Head On Left Turn,N,Intersection,Right Turn Lane,Dark No Lights,No Defects,"Two-way, Not Divided",Dry,Clear,Twelve o'clock,Passenger Car,Disabling,N,Moving Constant Speed,2015-01-31 22:23,18,39.23062428,-76.40681148
4480,N,Had Been Drinking,No Misuse,Y,No Injury,08034dad-d9ce-4deb-a919-ba4ae8695d90,D,AE5584000C,Shoulder/Lap Belt(s),F,9ca72819-157f-44dc-807c-db7fb08c1620,Head On Left Turn,N,Intersection,Right Turn Lane,Dark No Lights,No Defects,"Two-way, Not Divided",Dry,Clear,One o'clock,Passenger Car,Superficial,N,Accelerating,2015-01-31 22:23,51,39.23062428,-76.40681148
4481,N,Apparently Normal,No Misuse,Y,No Injury,bae234f6-193e-4dfa-a7f4-59b403a6635d,D,AE55870007,Shoulder/Lap Belt(s),M,9da6e6e7-9730-4a3a-b96e-b0d1428f6668,Same Direction Rear End,N,Non Intersection,Right Turn Lane,Daylight,No Defects,One-way Trafficway,Ice,Raining,Twelve o'clock,Pickup Truck,Disabling,N,Moving Constant Speed,2015-01-18 08:27,57,39.38456726,-76.75604582
4482,N,Apparently Normal,No Misuse,Y,Possible Incapacitating Injury,f44f854c-0caf-44a1-a90b-e5364ef15a4f,D,AE56120007,Shoulder/Lap Belt(s),F,fd575407-36c0-4ca5-8f36-bf42d25d58aa,Same Direction Rear End,N,Intersection,Right Turn Lane,Daylight,No Defects,"Two-way, Divided, Positive Median Barrier",Dry,Clear,One o'clock,Passenger Car,Disabling,N,Moving Constant Speed,2015-01-25 11:26,75,39.3354011,-76.4287962
4483,N,Apparently Normal,No Misuse,N,Possible Incapacitating Injury,e9ca1675-05ca-4ea8-a96a-1a90b00720ef,D,AE5612000B,Shoulder/Lap Belt(s),F,cf03aa42-0e6d-4a19-8d35-c5a03cabc545,Same Movement Angle,N,Non Intersection,Right Turn Lane,Daylight,No Defects,"Two-way, Divided, Unprotected (painted >4 feet) Median",Dry,Clear,Twelve o'clock,Passenger Car,Disabling,N,Moving Constant Speed,2015-03-06 17:28,22,39.33727854,-76.40586466
4484,N,Apparently Normal,No Misuse,Y,No Injury,8b39c890-0f48-4645-a66e-d121dee94fd1,D,AE5612000B,Shoulder/Lap Belt(s),M,d23baec6-a212-462e-a2d4-d182048b2928,Same Movement Angle,N,Non Intersection,Right Turn Lane,Daylight,No Defects,"Two-way, Divided, Unprotected (painted >4 feet) Median",Dry,Clear,Eleven o'clock,Passenger Car,Disabling,N,Moving Constant Speed,2015-03-06 17:28,55,39.33727854,-76.40586466
4485,N,Apparently Normal,No Misuse,N,Possible Incapacitating Injury,5c9709b1-3eab-412d-9455-f86ff1cb2ff2,D,AE56880009,Shoulder/Lap Belt(s),F,3a781311-383b-46a1-ac78-e409d22a224f,Same Direction Rear End,N,Non Intersection,Right Turn Lane,Daylight,No Defects,"Two-way, Not Divided",Snow,Clear,Six o'clock,Passenger Car,Functional,N,Stopped in Traffic Lane,2015-02-22 09:44,66,39.33268753,-76.76187158
4486,N,Apparently Normal,No Misuse,Y,No Injury,a6e0acf7-36a9-4e85-b133-0d0db87e7472,D,AE56880009,Shoulder/Lap Belt(s),M,dfbaa392-0a50-4eb2-97c9-2651dc861ad5,Same Direction Rear End,N,Non Intersection,Right Turn Lane,Daylight,No Defects,"Two-way, Not Divided",Snow,Clear,Twelve o'clock,Passenger Car,Functional,N,Moving Constant Speed,2015-02-22 09:44,25,39.33268753,-76.76187158
4487,N,Apparently Normal,No Misuse,Y,Possible Incapacitating Injury,73a84dfc-2bac-4b48-9af5-70ee98bbfdc5,D,AE57090007,Shoulder/Lap Belt(s),F,547e2187-c53f-4ccb-8d48-83b7cf876752,Head On Left Turn,N,Intersection,Right Turn Lane,Daylight,No Defects,"Two-way, Divided, Positive Median Barrier",Dry,Clear,Two o'clock,(Sport) Utility Vehicle,Destroyed,N,Making Left Turn,2015-03-08 10:40,67,39.22070484,-76.70212805
4488,N,Apparently Normal,No Misuse,N,No Injury,13974157-c3a7-4627-861a-2f0866b77276,D,AE57090007,Shoulder/Lap Belt(s),M,29ed7c7f-736e-4930-9cbd-f1fc1ece68f9,Head On Left Turn,N,Intersection,Right Turn Lane,Daylight,No Defects,"Two-way, Divided, Positive Median Barrier",Dry,Clear,Twelve o'clock,(Sport) Utility Vehicle,Destroyed,N,Moving Constant Speed,2015-03-08 10:40,72,39.22070484,-76.70212805
4489,N,Apparently Normal,No Misuse,N,Possible Incapacitating Injury,9f154cd4-bf40-4f39-8bdf-6d74d1295f3d,D,AE5795000B,Shoulder/Lap Belt(s),F,cdd0735b-dbff-47f8-92eb-958312a9fe57,Angle Meets Left Turn,N,Intersection,Right Turn Lane,Dark Lights On,No Defects,"Two-way, Not Divided",Dry,Clear,Eleven o'clock,Passenger Car,Disabling,N,Moving Constant Speed,2015-02-07 18:22,31,39.29638036,-76.45711899
4490,N,Apparently Normal,No Misuse,Y,No Injury,44cd9ea0-c1f8-4540-9222-7e7ac2bf2bc3,D,AE5795000B,Shoulder/Lap Belt(s),M,8f186637-4196-4641-8cfc-8a82bd039a93,Angle Meets Left Turn,N,Intersection,Right Turn Lane,Dark Lights On,No Defects,"Two-way, Not Divided",Dry,Clear,One o'clock,Passenger Car,Disabling,N,Accelerating,2015-02-07 18:22,53,39.29638036,-76.45711899
4491,N,Apparently Normal,No Misuse,N,Possible Incapacitating Injury,442faad7-6e20-412e-81ba-badcca7aaf7c,D,AK0034000H,Shoulder/Lap Belt(s),M,e6d449ae-ab14-4968-a1ad-38bb13aa0c01,Same Movement Angle,N,Crossover Related,Left Turn Lane,Daylight,No Defects,"Two-way, Divided, Positive Median Barrier",Wet,Raining,Eleven o'clock,Pickup Truck,Disabling,N,Moving Constant Speed,2015-03-30 08:15,24,38.34334757,-75.21970332
4492,N,Apparently Normal,No Misuse,N,Possible Incapacitating Injury,6275ec01-4641-44d6-8709-15be86f4fa5a,D,BK0271000Q,Shoulder/Lap Belt(s),F,77e957b4-4d24-421f-84f4-495400bb6084,Same Direction Sideswipe,N,Intersection Related,Right Turn Lane,Daylight,No Defects,"Two-way, Not Divided with a Continuous Left Turn Lane",Dry,Clear,One o'clock,Van,Superficial,N,Stopped in Traffic Lane,2015-02-10 16:18,41,39.60140624,-75.82825899
4493,N,Apparently Normal,No Misuse,N,Possible Incapacitating Injury,e0f24011-c41e-4283-a08e-d7bcb216416e,D,BS0324000J,Shoulder/Lap Belt(s),F,56c79a27-6225-4845-bfb6-e1aae6df394f,Same Movement Angle,N,Intersection,Right Turn Lane,Daylight,No Defects,"Two-way, Not Divided",Dry,Clear,Twelve o'clock,Passenger Car,Disabling,N,Moving Constant Speed,2015-02-28 13:56,22,39.42020703,-77.4082303
4494,N,Apparently Normal,No Misuse,Y,Possible Incapacitating Injury,ef362446-0566-45f9-a78b-31286259cc54,D,BS0324000J,Shoulder/Lap Belt(s),M,513df4db-b7a2-4ec1-ac0e-7b6e886bf9ab,Same Movement Angle,N,Intersection,Right Turn Lane,Daylight,No Defects,"Two-way, Not Divided",Dry,Clear,Eleven o'clock,Passenger Car,Disabling,N,Accelerating,2015-02-28 13:56,84,39.42020703,-77.4082303
4495,N,Apparently Normal,No Misuse,Y,Possible Incapacitating Injury,f81452dc-103c-4750-ada9-44854a98b8d2,D,BS0382000C,Shoulder/Lap Belt(s),F,3d2853dc-2b49-4989-b3bc-4e485a0120e7,Same Movement Angle,N,Intersection,Right Turn Lane,Dark Lights On,No Defects,"Two-way, Divided, Unprotected (painted >4 feet) Median",Snow,Snow,One o'clock,Passenger Car,Disabling,N,Accelerating,2015-02-18 20:33,66,39.44618547,-77.3835218
4496,N,Apparently Normal,No Misuse,N,No Injury,ba04cc89-5e77-4bdf-8c6b-57e220c7af7b,D,BS0382000C,Shoulder/Lap Belt(s),M,c6af762d-2495-4740-b3ea-041c2c161020,Same Movement Angle,N,Intersection,Right Turn Lane,Dark Lights On,No Defects,"Two-way, Divided, Unprotected (painted >4 feet) Median",Snow,Snow,One o'clock,Passenger Car,Disabling,N,Moving Constant Speed,2015-02-18 20:33,19,39.44618547,-77.3835218
4497,N,Apparently Normal,No Misuse,N,No Injury,807e9397-a9c6-41fa-9e3b-699b8c6dfb95,D,BS0427000C,Shoulder/Lap Belt(s),M,64eb784a-c7b6-476f-a1e0-014403eccaf8,Same Direction Rear End,N,Non Intersection,Right Turn Lane,Dusk,No Defects,"Two-way, Not Divided",Dry,Clear,Six o'clock,(Sport) Utility Vehicle,Superficial,N,Slowing or Stopping,2015-02-25 18:05,46,39.42001381,-77.41989389
4498,N,Apparently Normal,No Misuse,Y,Possible Incapacitating Injury,18d56907-3899-4697-bc73-d7b58bdfecb4,D,BS04490007,Shoulder/Lap Belt(s),F,b5aa82c7-a1e6-499e-b0bd-44465b1a0ed2,Same Direction Left Turn,N,Non Intersection,Right Turn Lane,Dark Lights On,No Defects,"Two-way, Not Divided",Dry,Clear,Seven o'clock,(Sport) Utility Vehicle,Disabling,N,Making U Turn,2015-03-02 19:20,31,39.41481125,-77.43258476
4499,N,Apparently Normal,No Misuse,N,Possible Incapacitating Injury,a9283fe3-141c-441c-9519-d0de1c287aef,D,BS04490007,Shoulder/Lap Belt(s),M,f4b5fe37-a657-4bb2-ab7e-1d09d95d95d4,Same Direction Left Turn,N,Non Intersection,Right Turn Lane,Dark Lights On,No Defects,"Two-way, Not Divided",Dry,Clear,Twelve o'clock,Passenger Car,Functional,N,Moving Constant Speed,2015-03-02 19:20,23,39.41481125,-77.43258476
4500,N,Apparently Normal,No Misuse,N,Possible Incapacitating Injury,445e0858-52c9-42a1-b5ab-dfe1ed0378cd,D,BS04530007,Shoulder/Lap Belt(s),F,ea2de6af-bb41-47ac-8821-e364788811a7,Same Movement Angle,N,Intersection,Left Turn Lane,Dark Lights On,No Defects,"Two-way, Divided, Positive Median Barrier",Wet,Raining,Twelve o'clock,Passenger Car,Disabling,N,Moving Constant Speed,2015-01-27 18:00,52,39.4357124,-77.39222288
4501,N,Apparently Normal,No Misuse,Y,Possible Incapacitating Injury,da0d98a5-6cf8-44a2-8452-b158e4863884,D,BS04710006,Shoulder/Lap Belt(s),F,abb85871-ae66-410a-9653-09b6ee001ba6,Head On Left Turn,N,Intersection Related,Right Turn Lane,Daylight,No Defects,"Two-way, Not Divided",Dry,Clear,Twelve o'clock,Passenger Car,Disabling,N,Accelerating,2015-01-02 14:18,74,39.417536,-77.43799
4502,N,Apparently Normal,No Misuse,N,No Injury,ce55c540-7727-4940-8a2e-e68a8b4a345a,D,BS04710006,Shoulder/Lap Belt(s),M,0190eb82-2660-49ee-b7d1-24d2bcfca127,Head On Left Turn,N,Intersection Related,Right Turn Lane,Daylight,No Defects,"Two-way, Not Divided",Dry,Clear,Twelve o'clock,Passenger Car,Disabling,N,Moving Constant Speed,2015-01-02 14:18,60,39.417536,-77.43799
4503,N,Apparently Normal,No Misuse,Y,Possible Incapacitating Injury,56fec839-35e4-4225-a2e4-a4fad30a06ec,D,BS04930007,Shoulder/Lap Belt(s),F,b6ec420d-90b9-4288-a2ce-b9915d2cdcd7,Same Movement Angle,N,Intersection Related,Left Turn Lane,Daylight,No Defects,"Two-way, Not Divided",Dry,Clear,Three o'clock,Passenger Car,Destroyed,N,Stopped in Traffic Lane,2015-03-16 15:51,68,39.421409,-77.467089
4504,N,Apparently Normal,No Misuse,N,Possible Incapacitating Injury,e9532b22-27b5-4422-ae83-809c6c697a60,D,BW0116001F,Shoulder/Lap Belt(s),F,4926ca1d-5913-497e-8a62-bae87744fd23,Same Direction Rear End,N,Non Intersection,Acceleration Lane,Daylight,No Defects,"Two-way, Divided, Positive Median Barrier",Dry,Clear,Six o'clock,(Sport) Utility Vehicle,Superficial,N,Slowing or Stopping,2015-03-17 15:40,56,38.993127,-76.870329
4505,N,Apparently Normal,No Misuse,Y,Possible Incapacitating Injury,858314a9-8c31-49e5-ba2f-af30dcd67482,D,BW0116001F,Shoulder/Lap Belt(s),M,56bb29bf-7824-4297-a322-7bc4bb01f417,Same Direction Rear End,N,Non Intersection,Acceleration Lane,Daylight,No Defects,"Two-way, Divided, Positive Median Barrier",Dry,Clear,Twelve o'clock,Passenger Car,Disabling,N,Slowing or Stopping,2015-03-17 15:40,21,38.993127,-76.870329
4506,N,Apparently Normal,No Misuse,N,Possible Incapacitating Injury,a8018e4f-9d37-47d9-a301-3a428f986737,D,BW0118000F,Shoulder/Lap Belt(s),F,47182834-4bcc-4839-af15-c2635da9a3fa,Head On,N,Non Intersection,Left Turn Lane,Daylight,No Defects,"Two-way, Divided, Positive Median Barrier",Snow,Wintry Mix,Ten o'clock,(Sport) Utility Vehicle,Superficial,N,Moving Constant Speed,2015-03-01 11:11,74,39.01074755,-76.89180851
4507,N,Apparently Normal,No Misuse,Y,Possible Incapacitating Injury,948e7b91-b730-47be-8cd2-7ea5db53b644,D,BW01480007,Shoulder/Lap Belt(s),F,f92c864d-051b-40db-810c-d0f2a6f132c2,Same Direction Sideswipe,N,Intersection Related,Right Turn Lane,Daylight,No Defects,"Two-way, Not Divided",Wet,Wintry Mix,Eleven o'clock,Passenger Car,Functional,N,Right Turn on Red,2015-01-26 08:52,19,39.00120566,-76.89791858
4508,N,Apparently Normal,No Misuse,N,Possible Incapacitating Injury,39d0ab22-e6f5-4017-96ec-1ac28774b6d2,D,BX50840004,Shoulder/Lap Belt(s),F,db419075-16ac-49b2-8e43-5bbd11c26fac,Same Direction Rear End,N,Intersection Related,Right Turn Lane,Daylight,No Defects,"Two-way, Not Divided",Dry,Cloudy,Six o'clock,Passenger Car,Disabling,N,Stopped in Traffic Lane,2015-01-22 14:11,28,39.63311254,-77.71154322