KEY_INDEX,CDL_FLAG,CONDITION_CODE,EQUIP_PROB_CODE,FAULT_FLAG,INJ_SEVER_CODE,PERSON_ID,PERSON_TYPE,REPORT_NO,SAF_EQUIP_CODE,SEX_CODE,VEHICLE_ID,COLLISION_TYPE_CODE,C_M_ZONE_FLAG,JUNCTION_CODE,LANE_CODE,LIGHT_CODE,RD_COND_CODE,RD_DIV_CODE,SURF_COND_CODE,WEATHER_CODE,AREA_DAMAGED_CODE_MAIN,BODY_TYPE_CODE,DAMAGE_CODE,HIT_AND_RUN_FLAG,MOVEMENT_CODE,TIME,AGE,LATITUDE,LONGITUDE
4741,N,Apparently Normal,No Misuse,Y,No Injury,aeea91ec-7f6c-4f2d-97ec-91120ee05b53,D,MSP5953002Z,Shoulder/Lap Belt(s),M,96f1db2e-2320-48f5-af3f-9e0448c6f3ac,Same Direction Rear End,N,Non Intersection,Right Turn Lane,Dark Lights On,No Defects,"Two-way, Not Divided",Dry,Clear,Twelve o'clock,Pickup Truck,Disabling,N,Moving Constant Speed,2015-02-02 18:20,38,39.642715,-77.588167
4742,N,Apparently Normal,No Misuse,Y,Possible Incapacitating Injury,9a4974ff-9f49-40a0-a84d-e314274d2580,D,MSP59530033,Shoulder/Lap Belt(s),F,653f0588-cff4-4e5b-a18f-12301abb64a0,Single Vehicle ,N,Non Intersection,Right Turn Lane,Dark Lights On,No Defects,"Two-way, Not Divided",Snow,Clear,Twelve o'clock,Passenger Car,Disabling,N,Moving Constant Speed,2015-03-05 23:54,30,39.642991,-77.623561
4743,N,Apparently Normal,No Misuse,Y,Possible Incapacitating Injury,05478818-fedb-48f3-9485-83c866dfd817,D,MSP59570040,Shoulder/Lap Belt(s),F,03e43179-db3d-4034-9b19-f5597d2c026e,Single Vehicle ,N,Non Intersection,Shoulder Area,Dawn,No Defects,"Two-way, Divided, Positive Median Barrier",Wet,Cloudy,Twelve o'clock,Passenger Car,Disabling,N,Moving Constant Speed,2015-01-19 07:28,44,38.995205,-76.889041
4744,N,Apparently Normal,No Misuse,N,Possible Incapacitating Injury,676266cd-26d1-492b-af00-99d1ef131289,D,MSP60330094,Shoulder/Lap Belt(s),F,f39525e7-003f-4b22-acd5-6dcb2f4c7fdd,Same Direction Rear End,N,Non Intersection,Right Turn Lane,Daylight,No Defects,"Two-way, Not Divided",Wet,Raining,Six o'clock,(Sport) Utility Vehicle,Disabling,N,Stopped in Traffic Lane,2015-03-10 16:22,34,39.66774083,-76.41715867
4745,N,Apparently Normal,No Misuse,N,No Injury,4457b402-b8ab-4283-bb7d-f1d369df5766,D,MSP60330094,Shoulder/Lap Belt(s),M,8e533245-52bf-49d7-980c-ea9b4d0b4787,Same Direction Rear End,N,Non Intersection,Right Turn Lane,Daylight,No Defects,"Two-way, Not Divided",Wet,Raining,Six o'clock,Pickup Truck,Functional,N,Stopped in Traffic Lane,2015-03-10 16:22,23,39.66774083,-76.41715867
4746,N,Apparently Normal,No Misuse,Y,No Injury,b72c8a11-4db5-4b88-a746-af11ce3b889a,D,MSP60330094,Shoulder/Lap Belt(s),M,367b2762-e93f-4bac-9e15-ff9a3657f2f2,Same Direction Rear End,N,Non Intersection,Right Turn Lane,Daylight,No Defects,"Two-way, Not Divided",Wet,Raining,Twelve o'clock,Pickup Truck,Disabling,N,Slowing or Stopping,2015-03-10 16:22,59,39.66774083,-76.41715867
4747,N,Apparently Normal,No Misuse,Y,No Injury,d605e818-941e-407a-b4d0-9805a03847fb,D,MSP6061002P,Shoulder/Lap Belt(s),M,63fdb12c-4a62-45da-b20e-ee05c1bfda54,Head On Left Turn,N,Non Intersection,Right Turn Lane,Dark No Lights,No Defects,"Two-way, Divided, Unprotected (painted >4 feet) Median",Dry,Clear,Twelve o'clock,Passenger Car,Disabling,N,Moving Constant Speed,2015-01-07 18:12,32,38.58117717,-77.1160355
4748,N,Apparently Normal,No Misuse,Y,Possible Incapacitating Injury,4db9c714-4f89-44cf-83b6-c16eb86b9bc7,D,MSP60610031,Shoulder/Lap Belt(s),F,0cf8645a-f513-4a5c-b97c-9ad044a7e7f2,Single Vehicle ,N,Non Intersection,Right Turn Lane,Dark No Lights,No Defects,"Two-way, Divided, Unprotected (painted >4 feet) Median",Wet,Clear,One o'clock,Passenger Car,Disabling,N,Moving Constant Speed,2015-03-07 00:00,20,38.28220383,-76.86352017
4749,N,Apparently Normal,No Misuse,N,Possible Incapacitating Injury,45d57794-ae8f-4b98-bae2-3abbb642edc1,D,MSP6067000Z,Shoulder/Lap Belt(s),F,1fb84833-231a-443c-806d-572259e80d7f,Head On,N,Non Intersection,Right Turn Lane,Daylight,No Defects,"Two-way, Not Divided",Snow,Snow,Twelve o'clock,Passenger Car,Disabling,N,Moving Constant Speed,2015-01-21 15:30,53,38.993761,-76.3118055
4750,N,Apparently Normal,No Misuse,Y,No Injury,03192465-c442-4209-a581-6169a09043a2,D,MSP6067000Z,Shoulder Belt Only,M,376f02fc-1c27-4838-8d2c-765ecf0d849a,Head On,N,Non Intersection,Right Turn Lane,Daylight,No Defects,"Two-way, Not Divided",Snow,Snow,Twelve o'clock,Passenger Car,Functional,N,Moving Constant Speed,2015-01-21 15:30,45,38.993761,-76.3118055
4751,N,Apparently Normal,No Misuse,N,Possible Incapacitating Injury,097bd288-e814-48da-a134-7fefc0b28391,D,MSP6092007M,Shoulder/Lap Belt(s),F,35e58fe2-627e-4e30-a99d-cc821ef812be,Same Direction Rear End,Y,Non Intersection,Deceleration Lane,Daylight,No Defects,"Two-way, Divided, Positive Median Barrier",Dry,Clear,Six o'clock,(Sport) Utility Vehicle,Functional,N,Stopped in Traffic Lane,2015-02-18 09:00,35,39.3605025,-76.74671933
4752,N,Apparently Normal,No Misuse,Y,No Injury,8bc2361c-52c1-4a65-a886-658009247283,D,MSP6092007M,Shoulder/Lap Belt(s),M,7a0893b8-d9d3-4522-9f0d-135dce0d1e4a,Same Direction Rear End,Y,Non Intersection,Deceleration Lane,Daylight,No Defects,"Two-way, Divided, Positive Median Barrier",Dry,Clear,Twelve o'clock,Van,Disabling,N,Moving Constant Speed,2015-02-18 09:00,41,39.3605025,-76.74671933
4753,N,Apparently Normal,No Misuse,N,Possible Incapacitating Injury,c2f81ab6-bc18-4b13-a513-ea6bc2d3eb47,D,MSP6092007N,Shoulder/Lap Belt(s),F,c77b9010-d288-4945-b02b-b71ed7470b93,Same Direction Rear End,N,Non Intersection,Right Turn Lane,Dark Lights On,No Defects,"Two-way, Divided, Positive Median Barrier",Dry,Clear,Six o'clock,(Sport) Utility Vehicle,Disabling,N,Slowing or Stopping,2015-02-25 16:18,19,39.28885417,-76.73043983
4754,N,Apparently Normal,No Misuse,Y,No Injury,1f1bdc66-846c-43ee-a68b-214a7a051912,D,MSP6092007N,Shoulder/Lap Belt(s),M,1623aad2-9c85-4311-bb29-07dc5b317f34,Same Direction Rear End,N,Non Intersection,Right Turn Lane,Dark Lights On,No Defects,"Two-way, Divided, Positive Median Barrier",Dry,Clear,Twelve o'clock,(Sport) Utility Vehicle,Disabling,N,Skidding,2015-02-25 16:18,22,39.28885417,-76.73043983
4755,N,Apparently Normal,No Misuse,Y,Possible Incapacitating Injury,31360820-e4f0-41e7-8c23-d3989f1087c3,D,MSP60920080,Shoulder/Lap Belt(s),F,643fa2db-a790-4832-a5e8-671836306e19,Same Direction Left Turn,N,Non Intersection,Left Turn Lane,Daylight,No Defects,One-way Trafficway,Dry,Clear,Eight o'clock,Passenger Car,Disabling,N,Moving Constant Speed,2015-03-23 18:22,71,39.25159033,-76.6803925
4756,N,Apparently Normal,No Misuse,N,No Injury,4e6c48f6-62e6-4606-80d8-a1b5b41dd198,D,MSP60920080,Shoulder/Lap Belt(s),M,509b2e21-9d1d-4906-b8af-2eb0710643af,Same Direction Left Turn,N,Non Intersection,Left Turn Lane,Daylight,No Defects,One-way Trafficway,Dry,Clear,One o'clock,Passenger Car,Disabling,N,Moving Constant Speed,2015-03-23 18:22,47,39.25159033,-76.6803925
4757,N,Apparently Normal,Belt(s) Misused,Y,Possible Incapacitating Injury,87406e70-6acd-473f-8ba7-92c7c8f9b6ee,D,MSP6094003D,None  ,F,b44b2849-3d5b-4c2e-9da8-e5770169446b,Single Vehicle ,N,Non Intersection,Right Turn Lane,Daylight,No Defects,"Two-way, Divided, Positive Median Barrier",Slush,Cloudy,Roof Top,(Sport) Utility Vehicle,Disabling,N,Skidding,2015-02-22 08:15,56,39.0788475,-76.90153783
4758,N,Apparently Normal,No Misuse,Y,Possible Incapacitating Injury,52d00977-4418-4f5f-8bd1-ddb6059e7854,D,MSP6100003F,Shoulder/Lap Belt(s),F,d817f70d-5c16-4260-b0f0-7243a88f81c1,Same Direction Rear End,N,Non Intersection,Acceleration Lane,Daylight,No Defects,"Two-way, Divided, Positive Median Barrier",Dry,Cloudy,Twelve o'clock,Passenger Car,Disabling,N,Slowing or Stopping,2015-03-13 16:20,21,39.226549,-77.281682
4759,N,Apparently Normal,No Misuse,N,No Injury,13ae40f5-8420-4616-9340-1d6e05957c92,D,MSP6100003F,Shoulder/Lap Belt(s),M,74c488ad-78a8-4622-b213-fbe991ac33fd,Same Direction Rear End,N,Non Intersection,Acceleration Lane,Daylight,No Defects,"Two-way, Divided, Positive Median Barrier",Dry,Cloudy,Six o'clock,Passenger Car,No Damage,N,Moving Constant Speed,2015-03-13 16:20,53,39.226549,-77.281682
4760,N,Apparently Normal,No Misuse,Y,Possible Incapacitating Injury,526c0fc0-2b10-49a5-ba14-86d47a6b9996,D,MSP6100003G,Shoulder/Lap Belt(s),F,79a4c9a3-8cae-4605-b216-9a6ac860106e,Single Vehicle ,N,Non Intersection,Right Turn Lane,Daylight,No Defects,"Two-way, Divided, Positive Median Barrier",Snow,Snow,Eight o'clock,Passenger Car,Functional,N,Moving Constant Speed,2015-03-05 11:30,24,39.23218004,-77.2846
4761,N,Apparently Normal,No Misuse,Y,Possible Incapacitating Injury,5529146e-9734-48a1-8d29-06e83ce94b8f,D,MSP61210017,Shoulder/Lap Belt(s),F,1ef31269-f3ee-4319-ab89-f3225bcc31de,Single Vehicle ,N,Non Intersection,Right Turn Lane,Daylight,No Defects,"Two-way, Divided, Positive Median Barrier",Ice,Clear,Twelve o'clock,Passenger Car,Superficial,N,Moving Constant Speed,2015-03-06 08:59,29,38.38057667,-75.4694435
4762,N,Apparently Normal,No Misuse,Y,Possible Incapacitating Injury,17f19413-e078-4870-a184-15a149efe443,D,MSP6167002P,Shoulder/Lap Belt(s),F,38f0c889-21e7-4d49-8b96-75d705cdcdcc,Single Vehicle ,N,Non Intersection,Right Turn Lane,Dark No Lights,No Defects,"Two-way, Divided, Positive Median Barrier",Wet,Raining,Twelve o'clock,Passenger Car,Destroyed,N,Skidding,2015-01-12 19:10,26,39.1752195,-76.64616783
4763,N,Apparently Normal,No Misuse,N,Possible Incapacitating Injury,5071b73f-179b-46a2-b892-be9b8240996b,D,MSP6183002B,Shoulder/Lap Belt(s),F,ed6f2088-8280-458a-8723-eac5e871a31d,Same Direction Sideswipe,N,Non Intersection,Right Turn Lane,Daylight,No Defects,"Two-way, Divided, Positive Median Barrier",Dry,Clear,Twelve o'clock,Passenger Car,Disabling,N,Moving Constant Speed,2015-03-28 18:47,67,39.302568,-76.80011083
4764,N,Apparently Normal,No Misuse,Y,Possible Incapacitating Injury,45d4b7d4-5b4d-402c-95c1-e89b3c46a77c,D,MSP6192001S,Shoulder/Lap Belt(s),F,a3da960b-78ef-48be-8d58-8e671ad0cf29,Single Vehicle ,N,Non Intersection,Right Turn Lane,Daylight,No Defects,"Two-way, Not Divided",Snow,Snow,One o'clock,Passenger Car,No Damage,N,Moving Constant Speed,2015-02-26 07:50,27,38.93259133,-76.34294017
4765,N,Apparently Normal,No Misuse,Y,Possible Incapacitating Injury,1682abc8-a89e-4412-8a87-28465e2659b5,D,MSP6201001V,Shoulder/Lap Belt(s),F,b98b750f-44bf-4322-a54f-80aa596050a0,Single Vehicle ,N,Non Intersection,Right Turn Lane,Daylight,No Defects,"Two-way, Divided, Positive Median Barrier",Wet,Snow,Six o'clock,Passenger Car,Destroyed,N,Moving Constant Speed,2015-03-05 09:35,45,39.4358284,-76.37806892
4766,N,Apparently Normal,No Misuse,N,No Injury,49dfe7fa-58a1-4ae3-9905-7286681682e7,D,MSP62710033,Shoulder/Lap Belt(s),M,7d2eb446-84b9-4673-bedc-ad01d14a2a0e,Same Direction Rear End,N,Non Intersection,Right Turn Lane,Dark Lights On,No Defects,"Two-way, Divided, Positive Median Barrier",Dry,Clear,Six o'clock,Passenger Car,Disabling,N,Moving Constant Speed,2015-03-15 03:06,61,39.03363033,-77.14359033
4767,N,Apparently Normal,No Misuse,N,Possible Incapacitating Injury,b1b66524-5e12-4398-81ce-1b1450e1f80d,D,MSP62720049,Shoulder/Lap Belt(s),F,801d5ecf-07f8-4f40-80ea-4ac2568ba935,Same Direction Rear End,N,Non Intersection,Acceleration Lane,Dark Lights On,No Defects,"Two-way, Divided, Positive Median Barrier",Dry,Clear,Six o'clock,Passenger Car,Disabling,N,Slowing or Stopping,2015-03-02 18:13,34,39.4401205,-76.63458617
4768,N,Apparently Normal,No Misuse,Y,No Injury,495e96bc-c4ee-4916-b644-4933a59b59ba,D,MSP62720049,Shoulder/Lap Belt(s),M,9d5d4723-8b3b-4e83-815c-5c5b08d6fa58,Same Direction Rear End,N,Non Intersection,Acceleration Lane,Dark Lights On,No Defects,"Two-way, Divided, Positive Median Barrier",Dry,Clear,Twelve o'clock,Van,Functional,N,Slowing or Stopping,2015-03-02 18:13,40,39.4401205,-76.63458617
4769,N,Apparently Normal,No Misuse,Y,Possible Incapacitating Injury,7e9352c8-7640-409f-8203-a138ef4bd9ac,D,MSP62770042,Shoulder/Lap Belt(s),F,d42c6ec3-a3a0-48d1-a355-8d29f7e02a17,Same Direction Sideswipe,N,Non Intersection,Left Turn Lane,Dark - Unknown Lighting,No Defects,"Two-way, Divided, Positive Median Barrier",Wet,Raining,Twelve o'clock,(Sport) Utility Vehicle,Disabling,N,Moving Constant Speed,2015-03-01 20:54,28,39.2609795,-76.70425017
4770,N,Apparently Normal,No Misuse,N,No Injury,a013258e-cb40-4091-8ab7-abf822ad7392,D,MSP62770042,Shoulder/Lap Belt(s),M,38e221c2-ebaa-463c-84b5-7f174fe2621e,Same Direction Sideswipe,N,Non Intersection,Left Turn Lane,Dark - Unknown Lighting,No Defects,"Two-way, Divided, Positive Median Barrier",Wet,Raining,Eleven o'clock,Passenger Car,Functional,N,Moving Constant Speed,2015-03-01 20:54,24,39.2609795,-76.70425017
4771,N,Apparently Normal,No Misuse,N,Possible Incapacitating Injury,cb4a3bc1-57d8-4597-b61a-0964bcbabfef,D,MSP6278003B,Shoulder/Lap Belt(s),F,66049fc3-bc5a-4b05-b06f-67889e3fd30e,Same Direction Rear End,N,Non Intersection,Deceleration Lane,Dark Lights On,No Defects,"Two-way, Divided, Positive Median Barrier",Dry,Clear,Six o'clock,Passenger Car,Disabling,N,Moving Constant Speed,2015-02-08 18:25,39,38.958797,-76.86556
4772,N,Apparently Normal,No Misuse,Y,Possible Incapacitating Injury,1a3a32d6-ddd1-42b5-aca4-7c1af892f0c7,D,MSP6278003P,Shoulder/Lap Belt(s),F,24615d7e-a60a-4563-9e0a-c696a93e3b20,Single Vehicle ,N,Non Intersection,Left Turn Lane,Daylight,No Defects,"Two-way, Divided, Positive Median Barrier",Snow,Snow,Twelve o'clock,(Sport) Utility Vehicle,Disabling,N,Moving Constant Speed,2015-03-05 17:13,21,38.993873,-76.5162705
4773,N,Apparently Normal,No Misuse,Y,Possible Incapacitating Injury,06e11a00-fa8f-402e-914f-5a4befc14986,D,MSP6279003K,Shoulder/Lap Belt(s),F,2745beba-3a9c-461a-8018-05ad914e50a3,Same Direction Right Turn,N,Non Intersection,Right Turn Lane,Dark Lights On,No Defects,"Two-way, Divided, Positive Median Barrier",Wet,Raining,Twelve o'clock,Passenger Car,Disabling,N,Moving Constant Speed,2015-02-02 05:38,20,39.476004,-76.6638395
4774,N,Apparently Normal,No Misuse,N,Possible Incapacitating Injury,dce12e23-8ae4-49bc-b864-776242eb29bb,D,MSP6328001X,Shoulder/Lap Belt(s),F,4d3b80f8-0d08-438b-b4cd-e61485457431,Head On Left Turn,N,Non Intersection,Right Turn Lane,Daylight,No Defects,"Two-way, Not Divided",Dry,Clear,Eleven o'clock,Passenger Car,Disabling,N,Slowing or Stopping,2015-01-17 11:52,46,38.62049217,-76.90003367
4775,N,Apparently Normal,No Misuse,N,Possible Incapacitating Injury,c3d5d181-7cfc-4397-ba24-50621f3916a0,D,MSP6328001X,Shoulder/Lap Belt(s),F,a47e2727-ca72-45d7-bae1-d6fc0495bd6e,Head On Left Turn,N,Non Intersection,Right Turn Lane,Daylight,No Defects,"Two-way, Not Divided",Dry,Clear,Twelve o'clock,Passenger Car,Disabling,N,Slowing or Stopping,2015-01-17 11:52,51,38.62049217,-76.90003367
4776,N,Apparently Normal,No Misuse,N,No Injury,dc292b95-f019-4ab5-a8cf-bed657211b9f,D,MSP6328001X,Shoulder/Lap Belt(s),M,02383935-136c-4dc6-9dba-5fa7146b2c76,Head On Left Turn,N,Non Intersection,Right Turn Lane,Daylight,No Defects,"Two-way, Not Divided",Dry,Clear,Eleven o'clock,(Sport) Utility Vehicle,Functional,N,Slowing or Stopping,2015-01-17 11:52,62,38.62049217,-76.90003367
4777,N,Apparently Normal,No Misuse,N,Possible Incapacitating Injury,986c4091-4540-47bd-8bb3-39cbe8d1ac91,D,MSP6357002X,Shoulder/Lap Belt(s),F,b0f8cc63-adf9-4daf-a558-45ece3aec378,Same Direction Rear End,N,Non Intersection,Right Turn Lane,Daylight,No Defects,"Two-way, Divided, Positive Median Barrier",Dry,Clear,Six o'clock,Passenger Car,Functional,N,Slowing or Stopping,2015-02-18 15:47,40,39.16315,-77.23692467
4778,N,Apparently Normal,No Misuse,Y,No Injury,116c2eba-fbd6-4fe5-9343-7ac9fc088149,D,MSP6357002X,Shoulder/Lap Belt(s),M,d5280e6b-7322-4212-9e51-a2cea5d55c89,Same Direction Rear End,N,Non Intersection,Right Turn Lane,Daylight,No Defects,"Two-way, Divided, Positive Median Barrier",Dry,Clear,Twelve o'clock,Passenger Car,Functional,N,Slowing or Stopping,2015-02-18 15:47,44,39.16315,-77.23692467
4779,N,Apparently Normal,No Misuse,N,Possible Incapacitating Injury,1cd05e98-d95c-4e9a-a5bf-6e1213a624d4,D,MSP63570030,Shoulder/Lap Belt(s),F,a106b019-07f4-49e2-b709-df705c8fbb74,Same Direction Rear End,N,Non Intersection,Acceleration Lane,Daylight,No Defects,"Two-way, Divided, Positive Median Barrier",Dry,Clear,Six o'clock,Passenger Car,Disabling,N,Slowing or Stopping,2015-03-18 17:58,43,39.03663733,-77.14516983
4780,N,Apparently Normal,No Misuse,Y,Possible Incapacitating Injury,701cf0cd-2748-4856-bc3b-754468212cb2,D,MSP63570030,Shoulder/Lap Belt(s),F,48fe51b0-39f3-4660-bf57-fc5b837f5043,Same Direction Rear End,N,Non Intersection,Acceleration Lane,Daylight,No Defects,"Two-way, Divided, Positive Median Barrier",Dry,Clear,Twelve o'clock,Passenger Car,Disabling,N,Slowing or Stopping,2015-03-18 17:58,31,39.03663733,-77.14516983
4781,N,Apparently Normal,No Misuse,N,Possible Incapacitating Injury,40baec7c-fa73-481b-a884-4ec31865820a,D,MSP63670041,Shoulder/Lap Belt(s),F,73f2507b-2516-4997-8e85-3bef0618d109,Same Direction Rear End,N,Non Intersection,Deceleration Lane,Dark Lights On,No Defects,"Two-way, Divided, Positive Median Barrier",Dry,Clear,Six o'clock,Passenger Car,Functional,N,Slowing or Stopping,2015-02-05 19:08,55,38.93425733,-76.85482167
4782,N,Apparently Normal,No Misuse,Y,Possible Incapacitating Injury,f678e43e-7f4c-4e7c-9afe-263c23425e44,D,MSP63670041,Shoulder/Lap Belt(s),M,9fdc8c82-f158-47b4-98b1-65cad03c5ac0,Same Direction Rear End,N,Non Intersection,Deceleration Lane,Dark Lights On,No Defects,"Two-way, Divided, Positive Median Barrier",Dry,Clear,Twelve o'clock,Passenger Car,Disabling,N,Moving Constant Speed,2015-02-05 19:08,35,38.93425733,-76.85482167
4783,N,Apparently Normal,No Misuse,Y,Possible Incapacitating Injury,902570a4-52a8-40f2-abeb-126180ce914c,D,MSP6368001R,Shoulder/Lap Belt(s),F,bcfde6f0-0d24-4d70-8bc0-2ee49f0f4de5,Same Movement Angle,N,Intersection,Right Turn Lane,Daylight,No Defects,"Two-way, Divided, Unprotected (painted >4 feet) Median",Dry,Clear,Twelve o'clock,Passenger Car,Disabling,N,Moving Constant Speed,2015-01-09 13:48,24,38.55683056,-76.97876036
4784,N,Apparently Normal,No Misuse,N,Incapacitating/Disabled Injury,f27b48ab-58ff-425c-88fb-d008856a704d,D,MSP6368001R,Shoulder/Lap Belt(s),F,abd155df-608c-4408-8a7a-0f0f6b9ffaab,Same Movement Angle,N,Intersection,Right Turn Lane,Daylight,No Defects,"Two-way, Divided, Unprotected (painted >4 feet) Median",Dry,Clear,Three o'clock,(Sport) Utility Vehicle,Disabling,N,Moving Constant Speed,2015-01-09 13:48,54,38.55683056,-76.97876036
4785,N,Apparently Normal,No Misuse,N,Possible Incapacitating Injury,cc96e415-06b8-425a-a0d9-887cc3948614,D,MSP63760019,Shoulder/Lap Belt(s),F,b6901121-54b6-4586-aa5a-6cc7eafa26e6,Same Direction Rear End,N,Non Intersection,Right Turn Lane,Dark Lights On,No Defects,"Two-way, Divided, Positive Median Barrier",Wet,Raining,Six o'clock,Van,Functional,N,Slowing or Stopping,2015-01-12 22:20,47,38.86800267,-76.84490383
4786,N,Apparently Normal,No Misuse,Y,No Injury,387269a5-e9a0-4ad4-878f-82d0a39d1180,D,MSP63760019,Shoulder/Lap Belt(s),M,9989a5c1-723a-4137-b619-a7252d4826d2,Same Direction Rear End,N,Non Intersection,Right Turn Lane,Dark Lights On,No Defects,"Two-way, Divided, Positive Median Barrier",Wet,Raining,Twelve o'clock,Passenger Car,Functional,Y,Moving Constant Speed,2015-01-12 22:20,44,38.86800267,-76.84490383
4787,N,Apparently Normal,No Misuse,N,Possible Incapacitating Injury,c4466339-d105-43b4-b9a8-caf79d3faaa3,D,MSP6376001J,Shoulder/Lap Belt(s),F,75349498-0b2d-4fc8-88da-ce2add89dad5,Same Direction Rear End,N,Non Intersection,Left Turn Lane,Dark Lights On,No Defects,"Two-way, Divided, Positive Median Barrier",Dry,Clear,Six o'clock,Passenger Car,Disabling,N,Moving Constant Speed,2015-02-08 21:01,70,38.79700117,-76.90060867
4788,N,Apparently Normal,No Misuse,Y,No Injury,45d07289-6538-42a8-abb3-36cd935b981e,D,MSP6376001J,Shoulder/Lap Belt(s),M,f9fbed6e-8f6a-483b-a2eb-018a912da65a,Same Direction Rear End,N,Non Intersection,Left Turn Lane,Dark Lights On,No Defects,"Two-way, Divided, Positive Median Barrier",Dry,Clear,Twelve o'clock,Passenger Car,Disabling,N,Changing Lanes,2015-02-08 21:01,26,38.79700117,-76.90060867
4789,N,Apparently Normal,No Misuse,N,Possible Incapacitating Injury,bb8d7026-0d36-4a63-a677-3dc4315f96c1,D,MSP6376001S,Shoulder/Lap Belt(s),F,e6c6227e-f601-4c99-a7df-b3534b8b88c5,Same Direction Rear End,N,Non Intersection,Right Turn Lane,Daylight,No Defects,"Two-way, Divided, Positive Median Barrier",Wet,Raining,Six o'clock,Passenger Car,Superficial,N,Slowing or Stopping,2015-03-20 08:57,43,38.9083115,-76.84953817
4790,N,Apparently Normal,No Misuse,N,Possible Incapacitating Injury,9b19c063-c93f-4927-936a-5353cb3610f5,D,MSP6376001S,Shoulder/Lap Belt(s),F,da16a135-bb71-49c8-842c-c0401f9f1399,Same Direction Rear End,N,Non Intersection,Right Turn Lane,Daylight,No Defects,"Two-way, Divided, Positive Median Barrier",Wet,Raining,Six o'clock,Passenger Car,Disabling,N,Slowing or Stopping,2015-03-20 08:57,34,38.9083115,-76.84953817
4791,N,Apparently Normal,No Misuse,Y,No Injury,ae568d4c-754d-4535-942f-4ae949e91248,D,MSP6376001S,Shoulder/Lap Belt(s),M,791cb558-de9c-474b-9680-60593b6cb318,Same Direction Rear End,N,Non Intersection,Right Turn Lane,Daylight,No Defects,"Two-way, Divided, Positive Median Barrier",Wet,Raining,Twelve o'clock,(Sport) Utility Vehicle,Disabling,N,Moving Constant Speed,2015-03-20 08:57,58,38.9083115,-76.84953817
4792,N,Apparently Normal,No Misuse,N,Possible Incapacitating Injury,6bbb4b44-0d81-4919-9abd-94897bc9977e,D,MSP6376001T,Shoulder/Lap Belt(s),F,0685d661-59cf-4aac-9835-d0ec18e19185,Same Direction Rear End,N,Non Intersection,Deceleration Lane,Daylight,No Defects,"Two-way, Divided, Positive Median Barrier",Dry,Clear,Twelve o'clock,Passenger Car,Disabling,N,Moving Constant Speed,2015-03-22 14:27,29,38.93477917,-76.854815
4793,N,Apparently Normal,No Misuse,N,No Injury,fe77d360-0251-40a5-a17b-f8a4548aeb95,D,MSP6376001T,Shoulder/Lap Belt(s),M,dd39ecc3-42fe-4772-937b-b74c6ecb18da,Same Direction Rear End,N,Non Intersection,Deceleration Lane,Daylight,No Defects,"Two-way, Divided, Positive Median Barrier",Dry,Clear,Six o'clock,Passenger Car,Disabling,Y,Slowing or Stopping,2015-03-22 14:27,41,38.93477917,-76.854815
4794,N,Apparently Normal,No Misuse,Y,No Injury,87901915-37e9-4c97-81c2-20b56424f6b4,D,MSP6376001T,Shoulder/Lap Belt(s),M,9ab678ff-1314-4f30-aaa7-1d96a0744b29,Same Direction Rear End,N,Non Intersection,Deceleration Lane,Daylight,No Defects,"Two-way, Divided, Positive Median Barrier",Dry,Clear,Twelve o'clock,Passenger Car,Disabling,N,Moving Constant Speed,2015-03-22 14:27,19,38.93477917,-76.854815
4795,N,Apparently Normal,No Misuse,Y,Possible Incapacitating Injury,062928df-1051-4b9c-ace2-158c93294fd6,D,MSP63770031,Shoulder/Lap Belt(s),F,e3e8b22d-f444-4835-820c-8f536cb83a8f,Same Movement Angle,N,Intersection,Right Turn Lane,Dark Lights On,No Defects,"Two-way, Divided, Positive Median Barrier",Dry,Clear,Two o'clock,(Sport) Utility Vehicle,Disabling,N,Making Left Turn,2015-01-22 18:31,51,38.79742833,-76.7614455
4796,N,Apparently Normal,No Misuse,Y,Possible Incapacitating Injury,bf56ef1a-ae4b-4e24-871e-e072426dbc58,D,MSP6379000V,Shoulder/Lap Belt(s),F,8dfa788b-e5c3-4cbe-9ea3-b073e2409e98,Single Vehicle ,N,Non Intersection,Right Turn Lane,Daylight,No Defects,"Two-way, Not Divided",Wet,Cloudy,Twelve o'clock,Passenger Car,Destroyed,N,Moving Constant Speed,2015-03-04 16:29,54,38.95941467,-76.19885283
4797,N,Apparently Normal,No Misuse,Y,Possible Incapacitating Injury,2590c543-71b4-4172-9a15-6b98fedfb9c3,D,MSP6477000G,Shoulder/Lap Belt(s),F,8d0f6284-dabd-4508-80da-82df12ba817f,Same Direction Right Turn,N,Interchange Related,Acceleration Lane,Dark Lights On,No Defects,"Two-way, Divided, Positive Median Barrier",Dry,Clear,Twelve o'clock,Passenger Car,Disabling,N,Moving Constant Speed,2015-02-10 20:18,34,39.00911356,-77.15209007