KEY_INDEX,CDL_FLAG,CONDITION_CODE,EQUIP_PROB_CODE,FAULT_FLAG,INJ_SEVER_CODE,PERSON_ID,PERSON_TYPE,REPORT_NO,SAF_EQUIP_CODE,SEX_CODE,VEHICLE_ID,COLLISION_TYPE_CODE,C_M_ZONE_FLAG,JUNCTION_CODE,LANE_CODE,LIGHT_CODE,RD_COND_CODE,RD_DIV_CODE,SURF_COND_CODE,WEATHER_CODE,AREA_DAMAGED_CODE_MAIN,BODY_TYPE_CODE,DAMAGE_CODE,HIT_AND_RUN_FLAG,MOVEMENT_CODE,TIME,AGE,LATITUDE,LONGITUDE
4914,N,Apparently Normal,No Misuse,Y,No Injury,7c70c562-0eb8-4c7d-8f5b-d7accfd6a711,D,MSP5660002Z,Shoulder/Lap Belt(s),M,302e4bdf-a895-44bf-be27-fb750702f7dc,Same Direction Rear End,N,Non Intersection,Left Turn Lane,Dark No Lights,No Defects,One-way Trafficway,Ice,Severe Winds,One o'clock,(Sport) Utility Vehicle,Superficial,N,Slowing or Stopping,2015-02-15 02:38,49,39.01904367,-76.9314875
4915,N,Apparently Normal,No Misuse,N,Incapacitating/Disabled Injury,983ec17c-6e04-4d81-b3bc-a5862be2cf38,D,MSP5660003F,Shoulder/Lap Belt(s),M,30dc3a5a-7b6d-47a2-8cf0-32742c659eb6,Same Direction Rear End,N,Non Intersection,Right Turn Lane,Daylight,No Defects,"Two-way, Divided, Positive Median Barrier",Dry,Clear,Six o'clock,Passenger Car,Disabling,N,Slowing or Stopping,2015-03-30 17:46,25,39.018221,-76.926656
4916,N,Apparently Normal,No Misuse,N,Incapacitating/Disabled Injury,cf919efb-c8f2-4d18-9490-853178e90bb2,D,MSP5688000Z,Shoulder/Lap Belt(s),F,c98822c5-a849-4730-a953-eb9204d397b6,Head On,N,Non Intersection,Right Turn Lane,Daylight,No Defects,"Two-way, Not Divided",Dry,Clear,Twelve o'clock,(Sport) Utility Vehicle,Disabling,N,Moving Constant Speed,2015-03-19 17:33,51,38.39252167,-76.77521917
4917,N,Apparently Normal,No Misuse,Y,Incapacitating/Disabled Injury,6b71ca2e-d7ec-4b1f-8962-1ac553f3b921,D,MSP5688000Z,Shoulder/Lap Belt(s),M,c1dcd8f2-1186-4450-98a0-20fede26309c,Head On,N,Non Intersection,Right Turn Lane,Daylight,No Defects,"Two-way, Not Divided",Dry,Clear,Eleven o'clock,Pickup Truck,Destroyed,N,Moving Constant Speed,2015-03-19 17:33,23,38.39252167,-76.77521917
4918,N,Apparently Normal,No Misuse,Y,Incapacitating/Disabled Injury,2862f6d1-de4a-444c-9113-0c64c4228e3c,D,MSP5842001K,Shoulder/Lap Belt(s),F,ad44086d-7aab-457f-a757-0a6f6930a127,Same Movement Angle,N,Non Intersection,Right Turn Lane,Daylight,No Defects,"Two-way, Divided, Positive Median Barrier",Dry,Clear,Twelve o'clock,Pickup Truck,Destroyed,N,Negotiating a Curve,2015-03-21 15:48,64,39.62926717,-75.95382367
4919,N,Apparently Normal,No Misuse,N,Incapacitating/Disabled Injury,bde584d7-ee56-43e8-b225-5eb98dfe527f,D,MSP5842001K,Shoulder/Lap Belt(s),M,0e71232c-f18f-44af-bbee-32362c728a0f,Same Movement Angle,N,Non Intersection,Right Turn Lane,Daylight,No Defects,"Two-way, Divided, Positive Median Barrier",Dry,Clear,Twelve o'clock,Passenger Car,Destroyed,N,Moving Constant Speed,2015-03-21 15:48,62,39.62926717,-75.95382367
4920,N,Apparently Normal,No Misuse,N,Incapacitating/Disabled Injury,55870dcb-6e8e-4dcd-808e-5fb0b4f176dd,D,MSP5968001Q,Shoulder/Lap Belt(s),F,0ecfcedd-38ec-4b5c-a4c3-773d8904a9ba,Same Direction Rear End,N,Intersection Related,Left Turn Lane,Dark Lights On,No Defects,"Two-way, Divided, Positive Median Barrier",Wet,Raining,Six o'clock,(Sport) Utility Vehicle,Functional,N,Stopped in Traffic Lane,2015-01-12 07:08,45,38.63400583,-76.90367783
4921,N,Apparently Normal,No Misuse,Y,No Injury,686d947f-b924-4ab2-89cc-4fc2963d8c96,D,MSP5968001Q,Shoulder/Lap Belt(s),M,cf902592-193b-480a-a7b8-678345534ea0,Same Direction Rear End,N,Intersection Related,Left Turn Lane,Dark Lights On,No Defects,"Two-way, Divided, Positive Median Barrier",Wet,Raining,Twelve o'clock,Pickup Truck,Functional,N,Moving Constant Speed,2015-01-12 07:08,53,38.63400583,-76.90367783
4922,N,Apparently Normal,No Misuse,Y,Incapacitating/Disabled Injury,ab6d5a56-5b31-4534-a189-5f2b6f4fe789,D,MSP6056002W,Shoulder/Lap Belt(s),F,c8cc0134-72db-4a05-9af0-04423219e568,Same Direction Rear End,N,Non Intersection,Right Turn Lane,Daylight,No Defects,"Two-way, Divided, Positive Median Barrier",Dry,Clear,Twelve o'clock,Passenger Car,Destroyed,N,Moving Constant Speed,2015-02-27 16:53,39,39.16631072,-76.64512713
4923,N,Apparently Normal,No Misuse,N,No Injury,48d381bf-bcf7-4c40-a01a-889cd71de36e,D,MSP6056002W,Shoulder/Lap Belt(s),M,3cab1316-877b-4f1d-bf0c-d4d764b990de,Same Direction Rear End,N,Non Intersection,Right Turn Lane,Daylight,No Defects,"Two-way, Divided, Positive Median Barrier",Dry,Clear,Six o'clock,Pickup Truck,Functional,N,Slowing or Stopping,2015-02-27 16:53,40,39.16631072,-76.64512713
4924,N,Apparently Normal,No Misuse,N,Incapacitating/Disabled Injury,e9351efb-4609-4a99-b700-ef5fde63c36e,D,MSP60700041,Shoulder/Lap Belt(s),F,599f6e67-938b-4716-bc7c-de426872f77d,Same Movement Angle,N,Intersection,Acceleration Lane,Daylight,No Defects,"Two-way, Divided, Positive Median Barrier",Wet,Snow,Twelve o'clock,Passenger Car,Disabling,N,Moving Constant Speed,2015-01-14 08:29,35,38.82069133,-76.84880033
4925,N,Apparently Normal,No Misuse,Y,Incapacitating/Disabled Injury,31f8a1c8-91c2-4fb3-9b61-d331e30051a0,D,MSP60700041,Shoulder/Lap Belt(s),F,5d556972-3017-418c-83bd-6d328a6592a4,Same Movement Angle,N,Intersection,Acceleration Lane,Daylight,No Defects,"Two-way, Divided, Positive Median Barrier",Wet,Snow,One o'clock,Passenger Car,Disabling,N,Making Left Turn,2015-01-14 08:29,25,38.82069133,-76.84880033
4926,N,Apparently Normal,No Misuse,N,Incapacitating/Disabled Injury,bc9d7246-1dfb-4c57-a540-ce42d06eab08,D,MSP60700046,Shoulder/Lap Belt(s),F,a8566136-38a3-4878-b16b-f06a8b417cf5,Same Direction Rear End,N,Non Intersection,Deceleration Lane,Daylight,No Defects,"Two-way, Divided, Positive Median Barrier",Dry,Clear,Six o'clock,Passenger Car,Functional,N,Slowing or Stopping,2015-02-11 11:00,43,38.85672967,-76.85358367
4927,N,Apparently Normal,No Misuse,N,No Injury,05b8cb5d-e8b8-44a3-808b-70db6fda00c2,D,MSP60700046,Shoulder/Lap Belt(s),M,e40f7b59-1bf2-4b0c-baac-9ff7b556bd0b,Same Direction Rear End,N,Non Intersection,Deceleration Lane,Daylight,No Defects,"Two-way, Divided, Positive Median Barrier",Dry,Clear,Twelve o'clock,Passenger Car,Functional,N,Slowing or Stopping,2015-02-11 11:00,57,38.85672967,-76.85358367
4928,N,Apparently Normal,No Misuse,Y,No Injury,cf94c732-e8b6-42de-95cf-998461888cc1,D,MSP60700046,Shoulder/Lap Belt(s),M,ec8f7fb6-6f8f-470a-85dd-f860bb3af0cc,Same Direction Rear End,N,Non Intersection,Deceleration Lane,Daylight,No Defects,"Two-way, Divided, Positive Median Barrier",Dry,Clear,Twelve o'clock,Passenger Car,Functional,N,Slowing or Stopping,2015-02-11 11:00,29,38.85672967,-76.85358367
4929,N,Apparently Normal,No Misuse,Y,Incapacitating/Disabled Injury,30aae078-d00a-4548-aa01-c1f867eb6f6f,D,MSP6150001G,Shoulder/Lap Belt(s),F,235d2986-aaef-4f3b-93c3-4281c30b8720,Single Vehicle ,N,Non Intersection,Right Turn Lane,Daylight,No Defects,"Two-way, Divided, Unprotected (painted >4 feet) Median",Dry,Clear,Twelve o'clock,(Sport) Utility Vehicle,Destroyed,N,Moving Constant Speed,2015-03-08 09:06,17,38.450195,-76.071632
4930,N,Apparently Normal,No Misuse,N,Incapacitating/Disabled Injury,04ce77ab-fd29-4551-b51f-90a8dd53f7d8,D,MSP63000029,Shoulder/Lap Belt(s),F,4a2d1d9a-0730-4cf0-82e9-ec7a303d8c71,Same Movement Angle,N,Non Intersection,Right Turn Lane,Daylight,No Defects,"Two-way, Not Divided",Wet,Raining,Twelve o'clock,Passenger Car,Disabling,N,Moving Constant Speed,2015-03-10 17:20,22,38.586068,-77.021903
4931,N,Apparently Normal,No Misuse,Y,Incapacitating/Disabled Injury,6055abe0-894f-413a-b5ef-e33490a4d996,D,MSP63000029,Shoulder/Lap Belt(s),M,7bc0670c-33c8-4cbf-b72f-7e70999cde9c,Same Movement Angle,N,Non Intersection,Right Turn Lane,Daylight,No Defects,"Two-way, Not Divided",Wet,Raining,Two o'clock,Passenger Car,Disabling,N,Making U Turn,2015-03-10 17:20,50,38.586068,-77.021903
4932,N,Apparently Normal,No Misuse,Y,Incapacitating/Disabled Injury,a502807d-0b82-4953-8e65-979bff5e557a,D,MSP63070036,Shoulder/Lap Belt(s),F,0dfa5bb5-afe8-4156-97a9-1accba92e45b,Same Direction Rear End,N,Non Intersection,Right Turn Lane,Daylight,No Defects,"Two-way, Divided, Positive Median Barrier",Dry,Clear,Twelve o'clock,Recreational Vehicle,Disabling,N,Moving Constant Speed,2015-02-12 07:08,33,38.8065705,-76.98814017
4933,N,Apparently Normal,No Misuse,Y,Incapacitating/Disabled Injury,ee48b586-706c-4045-932f-c7ae6bf0e22e,D,ZG08750004,Shoulder/Lap Belt(s),F,1c0a0a79-98fd-4b6a-9d95-58e75b92a669,Head On,N,Non Intersection,Right Turn Lane,Daylight,No Defects,"Two-way, Not Divided",Dry,Clear,One o'clock,Passenger Car,Destroyed,N,Moving Constant Speed,2015-01-29 16:21,21,39.66899354,-75.8006537
4934,N,Apparently Normal,No Misuse,N,Possible Incapacitating Injury,c8178d17-3af2-40c8-b07b-f96fe8547b4a,D,ZG08750004,Shoulder/Lap Belt(s),M,2f2cc35d-05d1-4042-89f5-e2768fb6e5ab,Head On,N,Non Intersection,Right Turn Lane,Daylight,No Defects,"Two-way, Not Divided",Dry,Clear,One o'clock,Pickup Truck,Destroyed,N,Moving Constant Speed,2015-01-29 16:21,58,39.66899354,-75.8006537
4935,N,Apparently Normal,No Misuse,Y,Incapacitating/Disabled Injury,d393ba06-b673-430a-be14-b0737dfe4f0a,D,ZVW3020009,Shoulder/Lap Belt(s),F,ddfdcc89-9d33-4da4-9654-68735a842ba2,Single Vehicle ,N,Non Intersection,Right Turn Lane,Dark No Lights,"Holes, Ruts, Etc.","Two-way, Not Divided",Snow,Snow,Twelve o'clock,Passenger Car,Disabling,N,Skidding,2015-02-16 18:52,28,38.42547054,-75.38928866
4936,N,Apparently Normal,No Misuse,N,Fatal Injury,e4a3ba4c-d66d-4c0d-a58e-c487a4be1cc2,D,MSP5971002D,Shoulder/Lap Belt(s),F,22282e25-d326-4d73-bed0-ad981e0091bd,Same Direction Rear End,N,Non Intersection,Deceleration Lane,Daylight,No Defects,"Two-way, Divided, Positive Median Barrier",Dry,Clear,Six o'clock,Passenger Car,Destroyed,N,Slowing or Stopping,2015-03-21 14:45,19,38.98282267,-76.56077117
4937,N,Apparently Normal,No Misuse,N,No Injury,34b11553-8f19-4ebe-9a5a-fd9a03f73581,D,MSP5971002D,Shoulder/Lap Belt(s),M,a96611f0-78ac-466b-a141-c30b50f006f0,Same Direction Rear End,N,Non Intersection,Deceleration Lane,Daylight,No Defects,"Two-way, Divided, Positive Median Barrier",Dry,Clear,Six o'clock,Recreational Vehicle,Functional,N,Slowing or Stopping,2015-03-21 14:45,29,38.98282267,-76.56077117
4938,N,Apparently Normal,No Misuse,Y,Possible Incapacitating Injury,c327d580-0a72-41f8-9591-f95729f6605a,D,MSP5971002D,Shoulder/Lap Belt(s),M,1cd8ee98-be6d-4d05-987a-c887fe958662,Same Direction Rear End,N,Non Intersection,Deceleration Lane,Daylight,No Defects,"Two-way, Divided, Positive Median Barrier",Dry,Clear,Twelve o'clock,Recreational Vehicle,Disabling,N,Moving Constant Speed,2015-03-21 14:45,29,38.98282267,-76.56077117
4939,N,Had Been Drinking,No Misuse,Y,No Injury,54643264-e17d-4e4c-8e42-b4e0a5f8d8c2,D,AB37310007,Shoulder/Lap Belt(s),F,c6ef7dd5-5cd7-41ce-91d1-8617a2f59518,Single Vehicle ,N,Non Intersection,Left Turn Lane,Daylight,No Defects,"Two-way, Divided, Positive Median Barrier",Dry,Cloudy,Roof Top,Passenger Car,Disabling,N,Moving Constant Speed,2015-01-19 13:19,28,38.95195007,-76.49962664
4940,N,Had Been Drinking,No Misuse,Y,No Injury,e9a00d51-006a-4b4a-97ba-faa4c91b9880,D,AB4888000G,Shoulder/Lap Belt(s),F,43e934a6-43e7-48ab-aa48-7f15acf45122,Same Direction Rear End,N,Intersection Related,Right Turn Lane,Daylight,No Defects,One-way Trafficway,Dry,Clear,Twelve o'clock,Passenger Car,Functional,N,Slowing or Stopping,2015-02-05 15:06,57,38.98032908,-76.49499178
4941,N,Apparently Normal,No Misuse,N,No Injury,3f0c14d8-26f7-41ba-82d1-d01a05d24796,D,AB4888000G,Shoulder/Lap Belt(s),M,0dd57307-ec43-4e9f-9b62-2c53850b6be7,Same Direction Rear End,N,Intersection Related,Right Turn Lane,Daylight,No Defects,One-way Trafficway,Dry,Clear,Six o'clock,(Sport) Utility Vehicle,No Damage,N,Slowing or Stopping,2015-02-05 15:06,65,38.98032908,-76.49499178
4942,N,Had Been Drinking,No Misuse,Y,No Injury,eee7e9aa-73de-4527-862d-20a1e050dcad,D,AC1484000R,Shoulder/Lap Belt(s),F,1cef65ca-21d1-4921-9abe-7a3f03903127,Same Direction Sideswipe,N,Intersection Related,Left Turn Lane,Dark Lights On,No Defects,"Two-way, Divided, Positive Median Barrier",Wet,Raining,Seven o'clock,Passenger Car,Superficial,Y,Making Left Turn,2015-03-14 02:06,28,39.02953845,-76.68542087
4943,N,Apparently Normal,No Misuse,N,No Injury,0c70d3c8-c831-40aa-9b31-07c98396447a,D,AC1484000R,Shoulder/Lap Belt(s),M,504ba5dd-6141-4e92-a9d8-cee5e23913eb,Same Direction Sideswipe,N,Intersection Related,Left Turn Lane,Dark Lights On,No Defects,"Two-way, Divided, Positive Median Barrier",Wet,Raining,One o'clock,Passenger Car,Superficial,N,Making Left Turn,2015-03-14 02:06,34,39.02953845,-76.68542087
4944,N,Had Been Drinking,No Misuse,Y,No Injury,d3e5c3c3-9f38-4362-93c9-dfdf686b3479,D,AC1916001B,Shoulder/Lap Belt(s),F,cd6e3de7-992e-47f4-bc02-520f056ec23d,Same Direction Rear End,N,Intersection,Right Turn Lane,Daylight,No Defects,"Two-way, Not Divided",Dry,Cloudy,Twelve o'clock,Passenger Car,Disabling,N,Accelerating,2015-02-12 14:21,50,39.15831786,-76.60984397
4945,N,Apparently Normal,No Misuse,N,No Injury,c9c76169-6d70-47c4-82a7-fcc072d648c4,D,AC1916001B,Shoulder/Lap Belt(s),M,9e9c20fe-7d0d-4628-b511-3c266c49052f,Same Direction Rear End,N,Intersection,Right Turn Lane,Daylight,No Defects,"Two-way, Not Divided",Dry,Cloudy,Six o'clock,Passenger Car,Functional,N,Making Right Turn,2015-02-12 14:21,56,39.15831786,-76.60984397
4946,N,Had Been Drinking,No Misuse,Y,No Injury,8d9ab775-845f-4a00-a093-2db83dd9cb41,D,AC1925000G,Shoulder/Lap Belt(s),F,762d1810-b5f1-4821-856d-97ef9f8fbb05,Single Vehicle ,N,Non Intersection,Right Turn Lane,Dark No Lights,No Defects,"Two-way, Not Divided",Dry,Clear,Twelve o'clock,Pickup Truck,Destroyed,N,Moving Constant Speed,2015-02-07 23:49,47,39.10700155,-76.49344038
4947,N,Had Been Drinking,No Misuse,Y,No Injury,8909739f-6dbc-43da-ae1a-135e6e44dd73,D,ADE8360003,Shoulder/Lap Belt(s),F,82ca1a59-ab91-4b23-8b31-ab3fbe5f807f,Single Vehicle ,N,Intersection,Left Turn Lane,Dark Lights On,No Defects,"Two-way, Divided, Positive Median Barrier",Dry,Clear,Twelve o'clock,Passenger Car,Superficial,N,Moving Constant Speed,2015-01-31 23:35,32,39.3358409,-76.70991182
4948,N,Had Been Drinking,No Misuse,Y,No Injury,c1e80482-6523-4768-9689-091c5ee3f985,D,ADH6080007,Shoulder/Lap Belt(s),F,a37b94c3-ab0c-4784-b440-3eca161cac45,Same Movement Angle,N,Intersection,Right Turn Lane,Dark Lights On,No Defects,"Two-way, Not Divided",Dry,Clear,Twelve o'clock,Passenger Car,Superficial,Y,Accelerating,2015-02-20 23:30,62,39.28424056,-76.59908295
4949,N,Apparently Normal,No Misuse,N,No Injury,c1de2de1-5d5b-4298-8cf3-207759a8129c,D,ADH6080007,Shoulder/Lap Belt(s),M,83df991d-cf3d-403e-a5e2-e9a653349cc1,Same Movement Angle,N,Intersection,Right Turn Lane,Dark Lights On,No Defects,"Two-way, Not Divided",Dry,Clear,Eleven o'clock,Passenger Car,Superficial,N,Accelerating,2015-02-20 23:30,47,39.28424056,-76.59908295
4950,N,Apparently Normal,No Misuse,N,No Injury,98e7dcc4-6ea2-4a44-9136-30473e743970,D,ADH6080008,Shoulder/Lap Belt(s),M,564b9313-9c40-4068-a3a4-8a419c58327d,Head On Left Turn,N,Intersection,Right Turn Lane,Dark Lights On,No Defects,"Two-way, Not Divided",Dry,Clear,Eleven o'clock,Passenger Car,Disabling,N,Accelerating,2015-02-20 23:30,32,39.28527028,-76.59919024
4951,N,Had Been Drinking,No Misuse,Y,No Injury,3820ad11-b7b4-4ed0-bdcd-0afcf7155ae4,D,ADI536000T,Shoulder/Lap Belt(s),F,4c898588-ae72-4591-89dc-68cf2a6b5063,Opposite Direction Sideswipe,N,Non Intersection,Right Turn Lane,Dark Lights On,No Defects,"Two-way, Not Divided",Dry,Clear,Five o'clock,Van,Superficial,N,Moving Constant Speed,2015-02-28 01:15,50,39.32285309,-76.56196117
4952,N,Apparently Normal,No Misuse,N,No Injury,acebc38b-c028-40ca-b035-761da60ffda1,D,ADJ5240002,Shoulder/Lap Belt(s),M,13a6092e-f7b4-4962-9f55-be7abc7cbfbe,Same Direction Rear End,N,Non Intersection,Right Turn Lane,Daylight,No Defects,"Two-way, Divided, Positive Median Barrier",Dry,Cloudy,Six o'clock,Passenger Car,Superficial,N,Moving Constant Speed,2015-01-30 12:06,26,39.29963499,-76.59442663
4953,N,Had Been Drinking,No Misuse,Y,No Injury,842a5629-e701-4ff2-b3db-a7ba69229179,D,AE37140007,Shoulder/Lap Belt(s),F,b6132de4-c4bb-4498-8476-b5d3f78cc7b5,Single Vehicle ,N,Intersection Related,Right Turn Lane,Dark Lights On,No Defects,"Two-way, Not Divided",Dry,Clear,Twelve o'clock,(Sport) Utility Vehicle,Superficial,N,Moving Constant Speed,2015-03-08 01:23,47,39.33320204,-76.44109011
4954,N,Had Been Drinking,No Misuse,Y,No Injury,cb8c9521-b460-4e27-9ecf-ba47602a5cb5,D,AE37390005,Shoulder/Lap Belt(s),F,1972b909-db20-4fe7-a001-d739d0881b8d,Same Direction Rear End,N,Intersection Related,Deceleration Lane,Dark Lights On,No Defects,"Two-way, Divided, Positive Median Barrier",Dry,Clear,Twelve o'clock,(Sport) Utility Vehicle,Superficial,N,Slowing or Stopping,2015-03-20 23:30,55,39.4058588,-76.60121799
4955,N,Had Been Drinking,No Misuse,Y,No Injury,a3007744-26ff-47d6-88a1-a297d41e0477,D,AE47470002,Shoulder/Lap Belt(s),F,83b5f75c-8ded-479b-9cc9-34d340518808,Single Vehicle ,N,Non Intersection,Left Turn Lane,Dark Lights On,No Defects,"Two-way, Divided, Positive Median Barrier",Dry,Clear,Twelve o'clock,(Sport) Utility Vehicle,Disabling,N,Moving Constant Speed,2015-02-04 01:58,46,39.37673882,-76.43898726
4956,N,Had Been Drinking,No Misuse,Y,No Injury,a1c7ac83-e541-4ba0-9007-6c1800af27c6,D,AE4792000B,Shoulder/Lap Belt(s),F,f9ea779f-253f-4b81-95d8-13f0957a33a2,Same Direction Rear End,N,Intersection,Right Turn Lane,Dark Lights On,No Defects,"Two-way, Not Divided",Dry,Clear,Six o'clock,Passenger Car,Superficial,N,Starting From Lane,2015-02-20 19:16,48,39.38361363,-76.53431296
4957,N,Apparently Normal,No Misuse,N,No Injury,a3337797-aafc-4f9a-9d44-c8f51b12bf91,D,AE4792000B,Shoulder/Lap Belt(s),M,cc8c330f-c785-46c7-ab7a-ac32e57b0995,Same Direction Rear End,N,Intersection,Right Turn Lane,Dark Lights On,No Defects,"Two-way, Not Divided",Dry,Clear,Twelve o'clock,Passenger Car,Superficial,N,Starting From Lane,2015-02-20 19:16,28,39.38361363,-76.53431296
4958,N,Had Been Drinking,No Misuse,Y,No Injury,dc3a1dce-0016-4ef3-b50d-6301344acd25,D,AE48850005,Shoulder/Lap Belt(s),F,35d30787-bff8-40d8-b943-6c5f12a41715,Single Vehicle ,N,Non Intersection,Right Turn Lane,Dark No Lights,No Defects,"Two-way, Not Divided",Dry,Clear,Twelve o'clock,(Sport) Utility Vehicle,Disabling,N,Moving Constant Speed,2015-02-13 02:10,45,39.65883488,-76.75168991
4959,N,Apparently Normal,No Misuse,N,No Injury,bb399601-fe5b-4119-851e-a36bbc8d5a82,D,BK0271000V,Shoulder/Lap Belt(s),M,b1542437-b8bf-4070-8973-8b9a968b129e,Same Direction Rear End,N,Non Intersection,Right Turn Lane,Dark Lights On,No Defects,"Two-way, Divided, Positive Median Barrier",Dry,Clear,Six o'clock,Passenger Car,Superficial,N,Moving Constant Speed,2015-03-28 01:33,37,39.60577084,-75.78806877
4960,N,Had Been Drinking,No Misuse,Y,No Injury,4b641735-71c2-4d14-be00-40b8d240947a,D,BW0101000F,Shoulder/Lap Belt(s),F,25d980e6-a3e6-449d-8ff9-b72a14c4afa1,Head On,N,Non Intersection,Right Turn Lane,Dark Lights On,No Defects,"Two-way, Divided, Positive Median Barrier",Dry,Clear,Twelve o'clock,Passenger Car,Superficial,N,Moving Constant Speed,2015-01-16 20:28,49,38.991343,-76.8765017
4961,N,Apparently Normal,No Misuse,N,No Injury,3afb315d-e120-4772-a678-9168aeed5332,D,BW0101000F,Shoulder/Lap Belt(s),M,38b2ff52-cdc8-4086-b0ce-95f18d19439c,Head On,N,Non Intersection,Right Turn Lane,Dark Lights On,No Defects,"Two-way, Divided, Positive Median Barrier",Dry,Clear,Twelve o'clock,Passenger Car,Superficial,N,Moving Constant Speed,2015-01-16 20:28,58,38.991343,-76.8765017
4962,N,Had Been Drinking,No Misuse,Y,No Injury,37175207-43c2-4cb5-849e-ea3568c8b0da,D,CB46080001,Shoulder/Lap Belt(s),F,5ab90f15-945c-4fc3-afb3-d87bd57ebe3e,Same Direction Rear End,N,Non Intersection,Right Turn Lane,Dark Lights On,No Defects,"Two-way, Not Divided",Dry,Clear,One o'clock,Passenger Car,Disabling,N,Moving Constant Speed,2015-02-28 00:13,26,39.2620148,-76.80997968
4963,N,Had Been Drinking,No Misuse,Y,No Injury,ab8e70a9-1b5c-4c06-b5aa-78858b6cf2aa,D,DA35220002,Shoulder/Lap Belt(s),F,09106efe-e950-4068-ac20-5f80f64fdf10,Single Vehicle ,N,Intersection,Left Turn Lane,Dark Lights On,No Defects,"Two-way, Divided, Unprotected (painted >4 feet) Median",Snow,Snow,Roof Top,Passenger Car,Disabling,N,Moving Constant Speed,2015-01-27 03:55,20,38.99850731,-76.93146765
4964,N,Apparently Normal,No Misuse,N,No Injury,ee4339e8-83f4-4b4c-85f2-e7caf30462ff,D,DA3566000F,Shoulder/Lap Belt(s),M,088c661c-fe37-4903-9c40-da951b6ca1fe,Same Direction Sideswipe,N,Non Intersection,Left Turn Lane,Dark Lights On,No Defects,"Two-way, Divided, Positive Median Barrier",Dry,Clear,Seven o'clock,Passenger Car,Superficial,N,Moving Constant Speed,2015-03-02 18:34,49,38.94772812,-76.88902974
4965,Y,Had Been Drinking,No Misuse,Y,No Injury,fbc985bc-ad17-43ce-a1ac-6192b349f031,D,DA3566000G,Shoulder/Lap Belt(s),F,7dcdf0c5-9294-45f2-88ca-77d9e1015522,Head On Left Turn,N,Intersection,Right Turn Lane,Dark Lights On,No Defects,"Two-way, Divided, Positive Median Barrier",Dry,Clear,Twelve o'clock,Passenger Car,Superficial,N,Accelerating,2015-03-02 18:42,44,38.94818704,-76.88824654
4966,N,Had Been Drinking,No Misuse,Y,No Injury,5463f916-d90d-4c01-abf1-1a1d2339c4da,D,DA3625000F,Shoulder/Lap Belt(s),F,e96e38bc-47c2-4b4c-b3dc-ea495eff17c5,Same Movement Angle,N,Intersection,Left Turn Lane,Dark Lights On,No Defects,"Two-way, Not Divided",Wet,Clear,Twelve o'clock,Passenger Car,Functional,N,Accelerating,2015-03-06 21:14,37,38.96122747,-76.90431833
4967,N,Apparently Normal,No Misuse,N,No Injury,e94afb5c-f4d5-488a-a6a8-111cb3908f67,D,DA3625000F,Shoulder/Lap Belt(s),M,1c9a7c49-42f4-4c6e-84f9-633cae667c21,Same Movement Angle,N,Intersection,Left Turn Lane,Dark Lights On,No Defects,"Two-way, Not Divided",Wet,Clear,Ten o'clock,Passenger Car,Functional,N,Making Left Turn,2015-03-06 21:14,32,38.96122747,-76.90431833
4968,N,Apparently Normal,No Misuse,N,No Injury,f521bfb4-10d8-409a-8036-8e81473e5dbf,D,DA3730000M,Shoulder/Lap Belt(s),M,84bc9765-af0b-4be3-a3d9-8ea0817de9dd,Head On Left Turn,N,Intersection,Left Turn Lane,Dark Lights On,No Defects,"Two-way, Not Divided with a Continuous Left Turn Lane",Wet,Raining,Twelve o'clock,Passenger Car,Functional,N,Moving Constant Speed,2015-02-01 23:33,19,38.80335492,-76.98976278
4969,N,Had Been Drinking,No Misuse,Y,No Injury,b928ffaa-3e32-4c14-9016-0289ff001994,D,DA3888000L,Shoulder/Lap Belt(s),F,b9080aa9-c433-47b2-b373-ea0c7a440c78,Head On,N,Non Intersection,Right Turn Lane,Dark Lights On,No Defects,"Two-way, Not Divided",Dry,Clear,Twelve o'clock,Passenger Car,Disabling,N,Moving Constant Speed,2015-02-07 01:46,42,38.75799045,-76.99647903
4970,N,Apparently Normal,No Misuse,N,No Injury,4b09c2df-a5c4-42fe-9909-b54f4b8cb782,D,DA3888000L,Shoulder/Lap Belt(s),M,295e446d-5713-4702-980f-43b2b1916f7a,Head On,N,Non Intersection,Right Turn Lane,Dark Lights On,No Defects,"Two-way, Not Divided",Dry,Clear,Twelve o'clock,(Sport) Utility Vehicle,Functional,N,Moving Constant Speed,2015-02-07 01:46,46,38.75799045,-76.99647903
4971,N,Had Been Drinking,No Misuse,Y,No Injury,bcee2a52-3541-497e-aa5d-634bfe7549c4,D,DA39420009,Shoulder/Lap Belt(s),F,2f199bf6-10e8-46a0-a324-06c0740b36a8,Same Direction Rear End,N,Non Intersection,Acceleration Lane,Dark Lights On,No Defects,"Two-way, Divided, Positive Median Barrier",Wet,Raining,Twelve o'clock,Passenger Car,Disabling,N,Moving Constant Speed,2015-03-14 00:48,27,38.7806512,-76.99732661
4972,N,Had Been Drinking,No Misuse,Y,No Injury,fa2ece92-267e-45a1-a382-decc6b42b800,D,DE1193000R,Shoulder/Lap Belt(s),F,cca2d135-2100-410c-a677-37216886364b,Single Vehicle ,N,Non Intersection,Right Turn Lane,Dark Lights On,No Defects,"Two-way, Not Divided",Dry,Clear,Twelve o'clock,Pickup Truck,Functional,Y,Moving Constant Speed,2015-03-23 20:00,29,38.35838308,-75.60100079