KEY_INDEX,CDL_FLAG,CONDITION_CODE,EQUIP_PROB_CODE,FAULT_FLAG,INJ_SEVER_CODE,PERSON_ID,PERSON_TYPE,REPORT_NO,SAF_EQUIP_CODE,SEX_CODE,VEHICLE_ID,COLLISION_TYPE_CODE,C_M_ZONE_FLAG,JUNCTION_CODE,LANE_CODE,LIGHT_CODE,RD_COND_CODE,RD_DIV_CODE,SURF_COND_CODE,WEATHER_CODE,AREA_DAMAGED_CODE_MAIN,BODY_TYPE_CODE,DAMAGE_CODE,HIT_AND_RUN_FLAG,MOVEMENT_CODE,TIME,AGE,LATITUDE,LONGITUDE
4973,N,Apparently Normal,No Misuse,N,No Injury,1a815eb9-4750-4ff6-ac0f-d6b9f0150861,D,MCP11600004,Shoulder/Lap Belt(s),M,de0d5c58-6f57-4bf7-8729-82374a10fa7e,Same Direction Rear End,N,Non Intersection,Left Turn Lane,Dark Lights On,No Defects,"Two-way, Divided, Positive Median Barrier",Dry,Clear,Six o'clock,(Sport) Utility Vehicle,Disabling,N,Accelerating,2015-01-29 22:20,66,38.98961667,-77.07713333
4974,N,Had Been Drinking,No Misuse,Y,No Injury,0756d0f9-2417-4c15-969b-86d4bc02cf79,D,MCP24610003,Shoulder/Lap Belt(s),F,aa9354d5-e57b-4840-9bc7-196706e0bac1,Same Direction Sideswipe,N,Intersection,Right Turn Lane,Dark Lights On,No Defects,"Two-way, Divided, Positive Median Barrier",Dry,Clear,One o'clock,Passenger Car,Disabling,Y,Moving Constant Speed,2015-01-02 21:59,71,39.06151175,-77.11641669
4975,N,Apparently Normal,No Misuse,N,Possible Incapacitating Injury,ad916782-524f-4f52-ac80-cfc5dcd5ce6a,D,MCP24610003,Shoulder/Lap Belt(s),M,d6bc32e0-7f89-4b7e-bea8-59221aafc058,Same Direction Sideswipe,N,Intersection,Right Turn Lane,Dark Lights On,No Defects,"Two-way, Divided, Positive Median Barrier",Dry,Clear,Eleven o'clock,Passenger Car,Disabling,N,Moving Constant Speed,2015-01-02 21:59,51,39.06151175,-77.11641669
4976,N,Had Been Drinking,No Misuse,Y,No Injury,8664865d-2bda-4053-ad2e-dcd4d3d23bc4,D,MCP2736001Z,Shoulder/Lap Belt(s),F,1229caf5-3dfd-4f6d-afc9-300b339f81e3,Same Direction Sideswipe,N,Non Intersection,Right Turn Lane,Dark Lights On,No Defects,"Two-way, Not Divided",Dry,Clear,Eleven o'clock,Passenger Car,Functional,Y,Moving Constant Speed,2015-03-01 00:15,24,38.99374717,-77.10831642
4977,N,Apparently Normal,No Misuse,N,No Injury,e9183e6c-bdb3-44a2-baef-42d1f2644106,D,MCP2736001Z,Shoulder/Lap Belt(s),M,b7bbd93b-0dd8-4ba1-b52d-3275cd97fabe,Same Direction Sideswipe,N,Non Intersection,Right Turn Lane,Dark Lights On,No Defects,"Two-way, Not Divided",Dry,Clear,One o'clock,Passenger Car,Functional,N,Moving Constant Speed,2015-03-01 00:15,48,38.99374717,-77.10831642
4978,N,Had Been Drinking,No Misuse,Y,No Injury,a0517b2b-4d3d-4814-8ad6-3d85e8c18568,D,MCP28180010,Shoulder/Lap Belt(s),F,b7db774b-5dd2-4c55-a9b1-b4fce28213a4,Same Direction Rear End Left Turn,N,Non Intersection,Right Turn Lane,Daylight,No Defects,One-way Trafficway,Dry,Clear,Eleven o'clock,Passenger Car,Functional,N,Slowing or Stopping,2015-03-23 15:15,49,39.021,-77.01420667
4979,N,Apparently Normal,No Misuse,N,No Injury,183ce04a-c13a-45f5-b2b5-d67abbba6f6f,D,MCP28180010,Shoulder/Lap Belt(s),M,8750fef0-7c7e-4fb4-9e56-3509416df9bd,Same Direction Rear End Left Turn,N,Non Intersection,Right Turn Lane,Daylight,No Defects,One-way Trafficway,Dry,Clear,Five o'clock,Passenger Car,Functional,N,Slowing or Stopping,2015-03-23 15:15,58,39.021,-77.01420667
4980,N,Had Been Drinking,No Misuse,Y,No Injury,1a7e67c6-7f09-4f9f-9bd5-c37f803241d8,D,MDTA14730005,Shoulder/Lap Belt(s),F,55ffbfbe-14fe-4527-9189-fca47b942284,Single Vehicle ,N,Non Intersection,Deceleration Lane,Dark Lights On,No Defects,"Two-way, Divided, Positive Median Barrier",Dry,Clear,Twelve o'clock,(Sport) Utility Vehicle,Disabling,N,Changing Lanes,2015-01-01 05:50,29,39.306409,-76.530676
4981,N,Had Been Drinking,No Misuse,Y,No Injury,afd66f03-bb00-4533-9d3a-304e1916387b,D,MDTA15750001,Shoulder/Lap Belt(s),F,ae957c68-5229-4640-9de9-a5f1c5295c0c,Single Vehicle ,N,Non Intersection,Left Turn Lane,Dark Lights On,No Defects,"Two-way, Not Divided",Dry,Clear,Two o'clock,(Sport) Utility Vehicle,Disabling,N,Accelerating,2015-01-09 22:41,40,39.17827483,-76.69285297
4982,N,Had Been Drinking,No Misuse,Y,No Injury,ff399b0d-c413-4264-8e11-438c5f68c8d6,D,MSP2705000S,Shoulder/Lap Belt(s),F,a7e83570-7f72-40d2-a923-dde6b294bd1e,Single Vehicle ,N,Intersection,Left Turn Lane,Dark No Lights,No Defects,"Two-way, Divided, Positive Median Barrier",Dry,Clear,One o'clock,Passenger Car,Superficial,Y,Moving Constant Speed,2015-03-01 01:05,36,38.68768718,-76.05892897
4983,N,Had Been Drinking,No Misuse,Y,No Injury,7be16980-ad4c-46d6-b716-057648f6b36e,D,MSP5334002M,Shoulder/Lap Belt(s),F,dcae4ded-160c-48fa-93ca-e5d03dffd2b0,Single Vehicle ,N,Non Intersection,Right Turn Lane,Dark No Lights,No Defects,"Two-way, Not Divided",Ice,Wintry Mix,Twelve o'clock,(Sport) Utility Vehicle,Disabling,N,Moving Constant Speed,2015-01-23 22:26,26,39.512642,-77.0401
4984,N,Had Been Drinking,No Misuse,Y,No Injury,6c096b2b-fc29-4a0f-a684-5ac5cc2bec0a,D,MSP5638001F,Shoulder/Lap Belt(s),F,4679eb63-1f2a-41fc-b6e5-a36810acc885,Same Movement Angle,N,Intersection,Left Turn Lane,Dark Lights On,No Defects,"Two-way, Not Divided with a Continuous Left Turn Lane",Wet,Sleet,One o'clock,Passenger Car,Disabling,N,Making Left Turn,2015-01-23 18:09,29,38.58770904,-76.94498062
4985,N,Apparently Normal,No Misuse,N,Non-incapacitating Injury,c0f76cb7-383e-4057-a078-5035d2ef8435,D,MSP5638001F,Shoulder/Lap Belt(s),M,40f0525b-5f2a-4b3d-bf03-edc1e0ecfd36,Same Movement Angle,N,Intersection,Left Turn Lane,Dark Lights On,No Defects,"Two-way, Not Divided with a Continuous Left Turn Lane",Wet,Sleet,Twelve o'clock,Passenger Car,Disabling,N,Moving Constant Speed,2015-01-23 18:09,38,38.58770904,-76.94498062
4986,N,Had Been Drinking,No Misuse,Y,No Injury,175959e2-c112-4f94-b1af-80154ebd403e,D,MSP5796002G,Shoulder/Lap Belt(s),F,bdaa2254-bfea-4e75-830b-697d37ae2793,Same Direction Sideswipe,N,Non Intersection,Left Turn Lane,Dark No Lights,No Defects,"Two-way, Divided, Positive Median Barrier",Dry,Clear,Two o'clock,Passenger Car,Disabling,N,Changing Lanes,2015-02-20 03:05,24,39.1842525,-76.74916717
4987,N,Apparently Normal,No Misuse,N,No Injury,3f7b932c-5430-4621-b86c-7564ca76e311,D,MSP5796002G,Shoulder/Lap Belt(s),M,4d37222d-c136-4baa-bfb0-1d6147c6cfca,Same Direction Sideswipe,N,Non Intersection,Left Turn Lane,Dark No Lights,No Defects,"Two-way, Divided, Positive Median Barrier",Dry,Clear,Seven o'clock,Passenger Car,Functional,N,Moving Constant Speed,2015-02-20 03:05,48,39.1842525,-76.74916717
4988,N,Had Been Drinking,No Misuse,Y,No Injury,f36471ba-ff92-4eb7-b63e-4b5dfdeef8fd,D,MSP5853000X,Shoulder/Lap Belt(s),F,18f47394-c9b6-4a8b-b536-9d2d5701e3fd,Same Direction Sideswipe,N,Intersection,Left Turn Lane,Daylight,No Defects,"Two-way, Not Divided",Ice,Sleet,One o'clock,Pickup Truck,Functional,N,Moving Constant Speed,2015-03-05 14:30,37,38.2486105,-75.67622117
4989,N,Apparently Normal,No Misuse,N,No Injury,29296966-c811-4929-9054-d9ae2834a9d7,D,MSP5853000X,Shoulder/Lap Belt(s),M,8ddfaa47-6015-4790-b8c6-8fbbf931993b,Same Direction Sideswipe,N,Intersection,Left Turn Lane,Daylight,No Defects,"Two-way, Not Divided",Ice,Sleet,Eleven o'clock,Pickup Truck,Superficial,N,Moving Constant Speed,2015-03-05 14:30,27,38.2486105,-75.67622117
4990,N,Had Been Drinking,No Misuse,Y,No Injury,29d9ad03-7a1f-4bcd-bd3a-72ef1362cc68,D,MSP61500014,Shoulder/Lap Belt(s),F,b653f1f7-6da6-40de-af44-fc9ed498ecfd,Single Vehicle ,N,Non Intersection,Right Turn Lane,Dark No Lights,No Defects,"Two-way, Divided, Unprotected (painted >4 feet) Median",Dry,Clear,Underside,Passenger Car,Disabling,N,Moving Constant Speed,2015-01-17 19:24,35,38.981484,-75.78603
4991,N,Had Been Drinking,No Misuse,Y,No Injury,b17b619b-e2af-465b-9587-d2befc21fe2c,D,MSP61970018,Shoulder/Lap Belt(s),F,7ffac478-e7bf-4566-aa7a-a3aed5d3ec3c,Single Vehicle ,N,Non Intersection,Right Turn Lane,Dusk,No Defects,"Two-way, Not Divided",Dry,Clear,Twelve o'clock,Passenger Car,Functional,N,Moving Constant Speed,2015-01-06 17:01,42,39.309827,-75.777057
4992,N,Had Been Drinking,No Misuse,Y,No Injury,f051f1ac-eeb5-4072-9745-a02ca0d15acc,D,MSP64150006,Shoulder/Lap Belt(s),F,175cf104-964f-498d-ae16-c6b8c3c42d02,Single Vehicle ,N,Non Intersection,Left Turn Lane,Dark Lights On,No Defects,"Two-way, Divided, Positive Median Barrier",Dry,Cloudy,One o'clock,Passenger Car,Functional,N,Moving Constant Speed,2015-02-18 20:40,49,38.64526588,-76.0586071
4993,N,Had Been Drinking,No Misuse,Y,No Injury,7aeafbc1-fa4a-4ccb-8847-51bd0f6e60cd,D,MSP6461000X,Shoulder/Lap Belt(s),F,91bb7f17-8cde-4138-9112-5921806762e1,Single Vehicle ,N,Non Intersection,Right Turn Lane,Dark Lights On,No Defects,"Two-way, Divided, Positive Median Barrier",Dry,Clear,Twelve o'clock,Passenger Car,Disabling,N,Moving Constant Speed,2015-03-12 22:40,28,39.558548,-76.364341
4994,N,Had Been Drinking,No Misuse,Y,No Injury,ffb55e2b-6c8c-4419-8290-012797a9afb4,D,MSP64630004,Shoulder/Lap Belt(s),F,6c27bfbe-3a88-4a41-98ab-fd51ebb3a53c,Single Vehicle ,N,Interchange Related,Right Turn Lane,Dark Lights On,No Defects,One-way Trafficway,Dry,Clear,Twelve o'clock,(Sport) Utility Vehicle,Destroyed,N,Moving Constant Speed,2015-02-06 01:29,23,38.947233,-76.858704
4995,N,Had Been Drinking,No Misuse,Y,No Injury,544cc751-fc51-46e1-95db-abdbf44dcbc1,D,ZD3725000B,Shoulder/Lap Belt(s),F,3144d0ea-9422-43df-90c2-528497803819,Same Direction Rear End,N,Non Intersection,Right Turn Lane,Dark No Lights,No Defects,"Two-way, Not Divided",Dry,Clear,Eleven o'clock,(Sport) Utility Vehicle,Disabling,Y,Moving Constant Speed,2015-02-17 19:48,49,38.359046,-76.451189
4996,N,Apparently Normal,No Misuse,N,No Injury,1fc1e75a-fc2b-49bc-aa92-a8700697ecab,D,ZD3725000B,Shoulder/Lap Belt(s),M,2a7c1a1e-0402-41ae-9c5f-7e7687428ed6,Same Direction Rear End,N,Non Intersection,Right Turn Lane,Dark No Lights,No Defects,"Two-way, Not Divided",Dry,Clear,Seven o'clock,Police Vehicle/Emergency,Disabling,N,Making U Turn,2015-02-17 19:48,29,38.359046,-76.451189
4997,N,Apparently Normal,No Misuse,N,No Injury,8ea06ba9-ccdd-4f92-88fb-4a3cd209d56e,D,ZD3725000B,Shoulder/Lap Belt(s),M,6b6a529c-05ea-41ae-b868-b8611d50103b,Same Direction Rear End,N,Non Intersection,Right Turn Lane,Dark No Lights,No Defects,"Two-way, Not Divided",Dry,Clear,Six o'clock,(Sport) Utility Vehicle,Superficial,N,Slowing or Stopping,2015-02-17 19:48,26,38.359046,-76.451189
4998,N,Had Been Drinking,No Misuse,Y,No Injury,27b0c2d2-a672-4454-9e0f-61bfa1c151ef,D,ZH0488000F,Shoulder/Lap Belt(s),F,27dc8837-809d-4df1-9ba8-f9479d3e3000,Single Vehicle ,N,Non Intersection,Right Turn Lane,Dark No Lights,No Defects,"Two-way, Not Divided",Dry,Clear,Twelve o'clock,Passenger Car,Destroyed,N,Moving Constant Speed,2015-02-08 04:58,37,38.60079877,-76.87830091
4999,N,Had Been Drinking,No Misuse,Y,No Injury,4f9bf9a6-cccc-4dc0-820e-2bbef77c11a0,D,ZH05830007,Shoulder/Lap Belt(s),F,cbe74fe5-02ee-4148-a166-bcb73a64f27d,Single Vehicle ,N,Non Intersection,Right Turn Lane,Dark - Unknown Lighting,No Defects,"Two-way, Divided, Positive Median Barrier",Dry,Clear,Roof Top,Passenger Car,Destroyed,N,Moving Constant Speed,2015-03-13 01:50,33,38.57452466,-76.88406229
5000,N,Had Been Drinking,No Misuse,Y,No Injury,bc90c586-3dbb-47c0-837e-5b092fd4290f,D,ZH05970009,Shoulder/Lap Belt(s),F,fa504596-a02a-488d-9ccc-f72bb8e3d002,Single Vehicle ,N,Non Intersection,Right Turn Lane,Dark Lights On,No Defects,"Two-way, Not Divided",Dry,Clear,Two o'clock,Passenger Car,Functional,N,Moving Constant Speed,2015-01-20 00:28,56,38.58995652,-76.81728601
5001,N,Had Been Drinking,No Misuse,Y,No Injury,15d1ede1-bcda-40af-9134-e11fddc5ed4f,D,ZL08750001,Shoulder Belt Only,F,b86eb100-0ea0-49e0-ba27-72748de661a9,Single Vehicle ,N,Non Intersection,Deceleration Lane,Dark Lights On,No Defects,"Two-way, Divided, Positive Median Barrier",Dry,Clear,Eleven o'clock,Passenger Car,Functional,N,Moving Constant Speed,2015-02-08 02:15,34,39.45439427,-76.31465145
5002,N,Had Been Drinking,No Misuse,Y,No Injury,69726692-68c6-4e25-be57-79b55f817d63,D,ZL0953000G,Shoulder/Lap Belt(s),F,42446efe-291d-4274-a83d-fa646307e83a,Single Vehicle ,N,Non Intersection,Right Turn Lane,Dark No Lights,No Defects,"Two-way, Not Divided",Dry,Clear,Two o'clock,Passenger Car,Superficial,N,Moving Constant Speed,2015-03-27 23:50,50,39.50501752,-76.26966476
5003,N,Had Been Drinking,No Misuse,Y,No Injury,a600b702-5427-4a00-b3c4-0a29f41763ae,D,ZR02170006,Shoulder/Lap Belt(s),F,3261d24c-2828-4932-b23a-6d505c38eab3,Single Vehicle ,N,Non Intersection,Acceleration Lane,Daylight,No Defects,"Two-way, Divided, Positive Median Barrier",Dry,Clear,Twelve o'clock,(Sport) Utility Vehicle,Disabling,N,Moving Constant Speed,2015-03-17 18:34,47,38.27433941,-76.46317542
5004,N,Had Been Drinking,No Misuse,Y,No Injury,448ca83a-9a60-4767-96ad-9882f0d0bb93,D,ZR0297000F,Shoulder/Lap Belt(s),F,9debedca-de04-4435-aa29-abcff0ea7e0a,Single Vehicle ,N,Non Intersection,Acceleration Lane,Dark Lights On,No Defects,"Two-way, Divided, Unprotected (painted >4 feet) Median",Wet,Foggy,Twelve o'clock,Passenger Car,Disabling,Y,Moving Constant Speed,2015-01-03 22:43,39,38.30522735,-76.52329445
5005,N,Had Been Drinking,No Misuse,Y,No Injury,4e4b1c5c-8be7-46b7-b799-a3e652fa61f4,D,ZU76010002,Shoulder/Lap Belt(s),F,27cf9e01-02c5-4001-9a2e-155a34568e2e,Single Vehicle ,N,Non Intersection,Right Turn Lane,Daylight,No Defects,"Two-way, Not Divided",Dry,Clear,Nine o'clock,(Sport) Utility Vehicle,Disabling,N,Moving Constant Speed,2015-01-17 16:53,59,39.60671729,-77.68006682
5006,N,Had Been Drinking,No Misuse,Y,Non-incapacitating Injury,65609404-678a-42b7-90e4-40cffd5c710f,D,ADE8360004,Shoulder/Lap Belt(s),F,293f97be-dba3-4e8f-b546-d728835069bb,Same Direction Sideswipe,N,Non Intersection,Right Turn Lane,Dark Lights On,No Defects,"Two-way, Divided, Unprotected (painted >4 feet) Median",Dry,Clear,Twelve o'clock,Passenger Car,Destroyed,N,Moving Constant Speed,2015-02-07 02:45,33,39.3303971,-76.70096397
5007,N,Had Been Drinking,No Misuse,Y,Non-incapacitating Injury,3e1e4f7d-8386-4a38-8618-55c457aee653,D,MCP2899000F,Shoulder/Lap Belt(s),F,a7527204-ef97-47ec-8e67-eeaa749876e6,Opposite Direction Sideswipe,N,Intersection,Acceleration Lane,Dark Lights On,No Defects,"Two-way, Divided, Unprotected (painted >4 feet) Median",Wet,Cloudy,Four o'clock,(Sport) Utility Vehicle,Destroyed,N,Starting From Lane,2015-01-22 00:09,26,38.995805,-77.02794333
5008,N,Apparently Normal,No Misuse,N,Non-incapacitating Injury,91ad419d-0547-413a-89be-d6fe54ebb963,D,MCP2899000F,Shoulder/Lap Belt(s),M,881be727-0543-44d2-aca9-2d6c6c4c1bf7,Opposite Direction Sideswipe,N,Intersection,Acceleration Lane,Dark Lights On,No Defects,"Two-way, Divided, Unprotected (painted >4 feet) Median",Wet,Cloudy,Twelve o'clock,(Sport) Utility Vehicle,Disabling,N,Accelerating,2015-01-22 00:09,59,38.995805,-77.02794333
5009,N,Had Been Drinking,No Misuse,Y,Non-incapacitating Injury,e741bb7c-f5a8-485d-82a8-a7aa9ef81d4d,D,MSP64610014,Shoulder/Lap Belt(s),F,8330c5ac-a4ed-4a46-9dcf-ab7b5370db1c,Single Vehicle ,N,Non Intersection,Right Turn Lane,Dark Lights On,No Defects,"Two-way, Not Divided",Dry,Clear,Twelve o'clock,Passenger Car,Disabling,N,Moving Constant Speed,2015-03-28 22:12,24,39.51943683,-76.28220017
5010,N,Had Been Drinking,No Misuse,Y,Non-incapacitating Injury,ab6b9aee-a412-48a4-9f68-bce5e7dab29b,D,ZU69310003,Shoulder/Lap Belt(s),F,eb6d7d6d-6414-4f29-8d1c-94e911263fe4,Single Vehicle ,N,Interchange Related,Right Turn Lane,Daylight,No Defects,One-way Trafficway,Dry,Clear,Roof Top,Passenger Car,Destroyed,N,Moving Constant Speed,2015-01-01 09:31,25,39.60271751,-77.68389836
5011,N,Apparently Normal,No Misuse,Y,No Injury,8bf65462-496e-4aa7-9135-143d4e634692,D,ADH5320003,Shoulder/Lap Belt(s),M,4c0a0df0-cf43-4fec-91e6-2d307a4c9aac,Single Vehicle ,N,Intersection Related,Left Turn Lane,Daylight,No Defects,"Two-way, Divided, Positive Median Barrier",Wet,Clear,One o'clock,Passenger Car,No Damage,N,Making Right Turn,2015-02-22 13:20,72,39.32623565,-76.67884648
5012,N,Had Been Drinking,No Misuse,Y,Possible Incapacitating Injury,d1785f45-c008-4916-acd3-5617214a48bb,D,ADJ6090002,Shoulder/Lap Belt(s),F,b685a7d0-8148-43df-81f8-c9f7825b005d,Head On,N,Non Intersection,Right Turn Lane,Dark Lights On,No Defects,"Two-way, Not Divided",Dry,Clear,Twelve o'clock,Passenger Car,Disabling,N,Moving Constant Speed,2015-02-24 01:21,47,39.27131792,-76.62954211
5013,N,Apparently Normal,No Misuse,N,No Injury,bc274090-a08f-478a-b661-d09c7133981c,D,ADJ6090002,Shoulder/Lap Belt(s),M,1f2a041b-78e4-452e-974a-dd6353d6055a,Head On,N,Non Intersection,Right Turn Lane,Dark Lights On,No Defects,"Two-way, Not Divided",Dry,Clear,Twelve o'clock,Truck Tractor,Superficial,N,Parked  ,2015-02-24 01:21,61,39.27131792,-76.62954211
5014,N,Had Been Drinking,No Misuse,Y,Possible Incapacitating Injury,5c42cf1c-533a-434a-afbd-0512bcafca2c,D,CB54250002,Shoulder/Lap Belt(s),F,e97b796a-f671-4fe2-8762-1de337fae4d9,Single Vehicle ,N,Intersection,Right Turn Lane,Dark - Unknown Lighting,No Defects,"Two-way, Divided, Unprotected (painted >4 feet) Median",Dry,Clear,Twelve o'clock,Passenger Car,Destroyed,Y,Moving Constant Speed,2015-02-07 22:51,31,39.11552762,-76.85882807
5015,N,Had Been Drinking,No Misuse,Y,Possible Incapacitating Injury,effc3154-12e3-488f-bb1c-1c797ab271e3,D,CE42340006,Shoulder/Lap Belt(s),F,32c4f95e-4ccd-405c-bea5-abf65b0a6162,Same Movement Angle,N,Intersection,Acceleration Lane,Dark Lights On,No Defects,"Two-way, Divided, Positive Median Barrier",Dry,Clear,Twelve o'clock,Passenger Car,Disabling,N,Making Left Turn,2015-01-17 19:13,60,39.0889433,-76.84644699
5016,N,Apparently Normal,No Misuse,N,Possible Incapacitating Injury,7ef12c11-a435-495e-b306-4aecfc2fa463,D,CE42340006,Shoulder/Lap Belt(s),M,63b36aad-5403-4d6f-8ea9-08f72e344259,Same Movement Angle,N,Intersection,Acceleration Lane,Dark Lights On,No Defects,"Two-way, Divided, Positive Median Barrier",Dry,Clear,Twelve o'clock,Passenger Car,Disabling,N,Moving Constant Speed,2015-01-17 19:13,26,39.0889433,-76.84644699
5017,N,Apparently Normal,No Misuse,N,No Injury,1bd8aacd-db60-4327-a629-f30d634a3dee,D,DA37560006,Shoulder/Lap Belt(s),M,9c2fc933-ee55-4f81-86fc-4bdfded9225d,Head On Left Turn,N,Intersection,Right Turn Lane,Dark Lights On,No Defects,"Two-way, Not Divided",Wet,Snow,Twelve o'clock,(Sport) Utility Vehicle,Disabling,N,Moving Constant Speed,2015-01-26 18:20,32,39.00870505,-76.76300883
5018,N,Had Been Drinking,No Misuse,Y,Possible Incapacitating Injury,0a8d6537-e752-44b9-b649-8f9d3ba8d3b6,D,MSP5146000C,Shoulder/Lap Belt(s),F,2d7798a4-ff61-4ff8-bffd-f44c355ca5b9,Single Vehicle ,N,Non Intersection,Right Turn Lane,Dark Lights On,No Defects,"Two-way, Not Divided",Dry,Cloudy,One o'clock,Passenger Car,Superficial,N,Moving Constant Speed,2015-02-24 21:41,35,39.54811616,-79.35220957
5019,N,Had Been Drinking,No Misuse,Y,Possible Incapacitating Injury,a73735c2-eca6-4ea5-881c-d0640c2c6c49,D,MSP64900005,Shoulder/Lap Belt(s),F,943ae1cc-98e6-4257-8930-fedf546e81e0,Single Vehicle ,N,Non Intersection,Right Turn Lane,Dark Lights On,No Defects,"Two-way, Not Divided",Dry,Clear,Twelve o'clock,Pickup Truck,Disabling,N,Moving Constant Speed,2015-01-19 23:00,35,39.02493086,-76.91749871
5020,N,Apparently Normal,No Misuse,N,No Injury,29b89bc2-0e2a-4a7a-b749-ed7104e690ef,D,MTA0291000K,Shoulder/Lap Belt(s),M,d1e31a41-c289-4a3f-94c3-d4158a73bd0c,Same Direction Sideswipe,N,Non Intersection,Right Turn Lane,Daylight,No Defects,One-way Trafficway,Dry,Clear,Five o'clock,Transit Bus,No Damage,N,Moving Constant Speed,2015-03-31 16:34,33,39.298647,-76.58706665
5021,N,Apparently Normal,No Misuse,Y,No Injury,ea21a31e-2a10-43ab-b6b6-bd7e345b9c80,D,MSP1205000X,Shoulder/Lap Belt(s),M,7e6d784c-d66b-4a0f-9eb4-c1d91cdd0baa,Single Vehicle ,N,Non Intersection,Right Turn Lane,Dark No Lights,No Defects,"Two-way, Divided, Unprotected (painted >4 feet) Median",Dry,Clear,Non-collision,Pickup Truck,No Damage,N,Starting From Parked,2015-01-18 03:07,29,38.48258267,-77.10011683
5022,N,Using Drugs,No Misuse,Y,No Injury,64a54d22-0a3d-4012-b120-5b5de90aaef0,D,AE5580000C,Shoulder/Lap Belt(s),F,d6ff42dd-f90f-4180-8b7f-5c18bd4425c4,Single Vehicle ,N,Non Intersection,Right Turn Lane,Dark Lights On,No Defects,"Two-way, Not Divided",Wet,Raining,Twelve o'clock,Passenger Car,Disabling,N,Moving Constant Speed,2015-01-04 18:56,60,39.30454987,-76.640625
5023,N,Using Drugs,No Misuse,Y,No Injury,14b96ed4-0829-4017-ad5e-16152ff531de,D,DA37550004,Lap Belt Only,F,8a6fa1ca-f88a-4d1b-880f-42bfe5794dca,Same Direction Rear End,N,Intersection Related,Left Turn Lane,Daylight,No Defects,"Two-way, Divided, Positive Median Barrier",Wet,Sleet,Twelve o'clock,Passenger Car,Superficial,N,Accelerating,2015-03-07 08:45,41,38.80544514,-76.97437763
5024,N,Apparently Normal,No Misuse,N,No Injury,5a229b89-14ae-4aea-b240-2175b34c375c,D,DA37550004,Lap Belt Only,M,a3d57801-c86a-44de-b750-845123e6d656,Same Direction Rear End,N,Intersection Related,Left Turn Lane,Daylight,No Defects,"Two-way, Divided, Positive Median Barrier",Wet,Sleet,Six o'clock,Passenger Car,Superficial,N,Slowing or Stopping,2015-03-07 08:45,24,38.80544514,-76.97437763
5025,N,Using Drugs,No Misuse,Y,Non-incapacitating Injury,a463217c-b3e3-4b49-b5cb-f053fce70949,D,MSP62070005,Shoulder/Lap Belt(s),F,526f6e67-8727-487b-a65e-e0fa6c67affb,Single Vehicle ,N,Non Intersection,Right Turn Lane,Daylight,No Defects,"Two-way, Not Divided",Wet,Foggy,One o'clock,Passenger Car,Disabling,Y,Moving Constant Speed,2015-02-09 09:09,34,39.67247853,-77.03121901
5026,N,Using Drugs,No Misuse,Y,Possible Incapacitating Injury,f2057b10-5e2b-4838-8274-d0074d2cfc3f,D,AE4546000X,Shoulder/Lap Belt(s),F,82b418bb-d1f3-4b36-859d-724bfba1a6fe,Head On,N,Non Intersection,Right Turn Lane,Daylight,No Defects,"Two-way, Not Divided",Dry,Clear,Twelve o'clock,(Sport) Utility Vehicle,Disabling,N,Moving Constant Speed,2015-03-16 12:28,56,39.43629243,-76.70961142
5027,N,Apparently Normal,No Misuse,N,No Injury,71bba547-fc67-482f-a071-c1013a9b5dbf,D,AE4546000X,Shoulder/Lap Belt(s),M,543be174-e1dd-4a3f-965b-66c501f005f5,Head On,N,Non Intersection,Right Turn Lane,Daylight,No Defects,"Two-way, Not Divided",Dry,Clear,Twelve o'clock,(Sport) Utility Vehicle,Disabling,N,Moving Constant Speed,2015-03-16 12:28,20,39.43629243,-76.70961142
5028,N,Physical Defects,No Misuse,Y,No Injury,a9cfedf3-3c4f-4c23-a2c6-38842518e685,D,MSP61910023,Shoulder/Lap Belt(s),F,ba22ad77-5e67-471f-ac52-651d7dc7be54,Single Vehicle ,N,Non Intersection,Right Turn Lane,Dusk,No Defects,"Two-way, Divided, Positive Median Barrier",Dry,Clear,Ten o'clock,Passenger Car,Functional,N,Skidding,2015-01-20 17:22,40,39.0643605,-76.6409475
5029,N,Physical Defects,No Misuse,Y,Possible Incapacitating Injury,86c42810-7855-4cae-8378-1a2381d57c31,D,MSP61110007,Shoulder/Lap Belt(s),F,a402d6c9-7cb6-44e3-91dc-69bef00be7be,Single Vehicle ,N,Non Intersection,Right Turn Lane,Daylight,No Defects,"Two-way, Not Divided",Ice,Cloudy,Twelve o'clock,(Sport) Utility Vehicle,Disabling,N,Moving Constant Speed,2015-03-02 06:46,37,39.68968633,-77.04922767
5030,N,Physical Defects,No Misuse,Y,Incapacitating/Disabled Injury,d2e2bf66-7dbf-43fc-bd1f-15659899aa5b,D,ZD4688000K,Shoulder/Lap Belt(s),F,1e11e05c-1b24-4533-931f-d9d642a11011,Single Vehicle ,N,Intersection,Right Turn Lane,Daylight,No Defects,"Two-way, Not Divided",Dry,Clear,Twelve o'clock,Passenger Car,Destroyed,N,Moving Constant Speed,2015-02-03 14:15,84,38.62467865,-76.54525906
5031,N,Other Handicaps,No Misuse,Y,No Injury,6693f358-1f4c-4942-86f1-af642944772c,D,AC1717000J,Shoulder/Lap Belt(s),F,df0af419-8e1f-4aee-92b2-a81d63fc38c5,Single Vehicle ,N,Non Intersection,Right Turn Lane,Dark Lights On,No Defects,"Two-way, Not Divided",Dry,Clear,One o'clock,Pickup Truck,Functional,N,Moving Constant Speed,2015-01-18 05:54,65,39.1239346,-76.79262042