KEY_INDEX,CDL_FLAG,CONDITION_CODE,EQUIP_PROB_CODE,FAULT_FLAG,INJ_SEVER_CODE,PERSON_ID,PERSON_TYPE,REPORT_NO,SAF_EQUIP_CODE,SEX_CODE,VEHICLE_ID,COLLISION_TYPE_CODE,C_M_ZONE_FLAG,JUNCTION_CODE,LANE_CODE,LIGHT_CODE,RD_COND_CODE,RD_DIV_CODE,SURF_COND_CODE,WEATHER_CODE,AREA_DAMAGED_CODE_MAIN,BODY_TYPE_CODE,DAMAGE_CODE,HIT_AND_RUN_FLAG,MOVEMENT_CODE,TIME,AGE,LATITUDE,LONGITUDE
5092,N,Apparently Normal,No Misuse,N,No Injury,997a80eb-fa6d-4bf7-a3a3-8e25baf0222e,D,AC13640019,Shoulder/Lap Belt(s),M,b3ec1b8d-c602-4431-8972-29ed946bd485,Single Vehicle ,N,Non Intersection,Right Turn Lane,Dark No Lights,No Defects,"Two-way, Divided, Positive Median Barrier",Dry,Clear,Twelve o'clock,(Sport) Utility Vehicle,Disabling,N,Moving Constant Speed,2015-02-28 18:32,70,39.12119578,-76.57413658
5093,N,Apparently Normal,No Misuse,N,No Injury,b594d4dc-399a-4eed-a18a-a4d02193a973,D,AC1403000X,Shoulder/Lap Belt(s),M,1c094822-4d4f-4ca1-9285-11db841a94e9,Same Direction Sideswipe,N,Intersection Related,Left Turn Lane,Dark Lights On,No Defects,"Two-way, Not Divided",Dry,Cloudy,Five o'clock,(Sport) Utility Vehicle,Functional,N,Stopped in Traffic Lane,2015-01-09 19:09,35,39.19387837,-76.6083717
5094,N,Apparently Normal,No Misuse,N,No Injury,7672eb05-4e26-4e0b-8ce6-0e50dc945341,D,AC1414000L,Shoulder/Lap Belt(s),M,6c706d41-333c-41c1-8081-a96862d8dfcf,Angle Meets Left Turn,N,Intersection,Right Turn Lane,Daylight,No Defects,"Two-way, Not Divided",Dry,Clear,Ten o'clock,Passenger Car,Disabling,N,Moving Constant Speed,2015-02-25 08:04,55,39.12739698,-76.53121233
5095,N,Apparently Normal,No Misuse,Y,Non-incapacitating Injury,0ad04f56-4d85-4224-807c-eae7d70537b2,D,AC1414000L,Shoulder/Lap Belt(s),M,c3ab45ca-8436-456b-8ee2-bb98c849b4ea,Angle Meets Left Turn,N,Intersection,Right Turn Lane,Daylight,No Defects,"Two-way, Not Divided",Dry,Clear,One o'clock,Passenger Car,Disabling,N,Making Left Turn,2015-02-25 08:04,23,39.12739698,-76.53121233
5096,N,Apparently Normal,No Misuse,N,No Injury,1a57112d-f561-4703-8151-15a527cfc13c,D,AC1490000K,Shoulder/Lap Belt(s),M,6fc2e069-94c6-47dc-b32c-4f8cd3aeb6a1,Head On Left Turn,N,Intersection,Acceleration Lane,Dark No Lights,No Defects,"Two-way, Divided, Positive Median Barrier",Dry,Clear,One o'clock,Passenger Car,Disabling,N,Starting From Lane,2015-02-07 18:38,30,39.010173,-76.69768722
5097,N,Apparently Normal,No Misuse,Y,Possible Incapacitating Injury,1e1dc1fb-d603-4b1b-8116-4e3db1308079,D,AC1490000K,Shoulder/Lap Belt(s),M,1d5ba5da-0f72-46ce-96b9-7894470b2850,Head On Left Turn,N,Intersection,Acceleration Lane,Dark No Lights,No Defects,"Two-way, Divided, Positive Median Barrier",Dry,Clear,Three o'clock,Passenger Car,Disabling,N,Making Left Turn,2015-02-07 18:38,27,39.010173,-76.69768722
5098,N,Apparently Normal,No Misuse,Y,No Injury,59947b01-1930-44a5-be28-fc3f4584e8d1,D,AC15370007,Shoulder/Lap Belt(s),M,ece0627f-5a2c-426b-a59a-54f7335d6913,Same Direction Rear End Right Turn,N,Non Intersection,Right Turn Lane,Dark Lights On,No Defects,"Two-way, Not Divided",Dry,Clear,One o'clock,(Sport) Utility Vehicle,Disabling,N,Moving Constant Speed,2015-01-25 00:57,31,39.14815928,-76.60665607
5099,N,Apparently Normal,No Misuse,Y,No Injury,d5fa1cdf-a2c7-4653-a409-2b592ab9187a,D,AC15370008,Shoulder/Lap Belt(s),M,47e7a23a-6707-494e-96fd-c7a0927d37fa,Same Direction Sideswipe,N,Intersection Related,Left Turn Lane,Dark Lights On,No Defects,"Two-way, Divided, Positive Median Barrier",Snow,Snow,One o'clock,(Sport) Utility Vehicle,Superficial,N,Changing Lanes,2015-02-01 23:20,68,39.13576308,-76.59533352
5100,Y,Apparently Normal,No Misuse,N,No Injury,e93ec1e8-7886-452c-a5ce-087df4ab7d44,D,AC1538000G,Shoulder/Lap Belt(s),M,0b000e4e-56f8-4e1b-b0ec-75a0cbf27161,Head On Left Turn,N,Intersection,Right Turn Lane,Daylight,No Defects,"Two-way, Not Divided",Dry,Clear,Twelve o'clock,Pickup Truck,Disabling,N,Moving Constant Speed,2015-01-07 14:58,47,38.8224238,-76.61043406
5101,N,Apparently Normal,No Misuse,Y,No Injury,66787ee8-9ee4-4b26-8c82-4d684b890566,D,AC1538000G,Shoulder/Lap Belt(s),M,a5804780-cc7c-4aaf-a7d5-32ab850da4e8,Head On Left Turn,N,Intersection,Right Turn Lane,Daylight,No Defects,"Two-way, Not Divided",Dry,Clear,Eleven o'clock,Passenger Car,Disabling,N,Making Left Turn,2015-01-07 14:58,17,38.8224238,-76.61043406
5102,N,Apparently Normal,No Misuse,N,No Injury,ea8538ee-116d-4066-b17b-4c93d12b7e10,D,AC1550000B,Shoulder/Lap Belt(s),M,1d21472e-eefa-4e50-b5ae-e417d4fa00a1,Same Direction Rear End,N,Non Intersection,Left Turn Lane,Dark Lights On,No Defects,"Two-way, Divided, Positive Median Barrier",Dry,Clear,Six o'clock,(Sport) Utility Vehicle,Functional,N,Moving Constant Speed,2015-01-05 23:04,50,39.10018437,-76.81644917
5103,N,Had Been Drinking,No Misuse,Y,No Injury,2d804416-7ca1-483e-b582-f29c29192ad7,D,AC1550000B,Shoulder/Lap Belt(s),M,d768b28e-d8ad-472a-a039-72e51e7066bc,Same Direction Rear End,N,Non Intersection,Left Turn Lane,Dark Lights On,No Defects,"Two-way, Divided, Positive Median Barrier",Dry,Clear,Twelve o'clock,Passenger Car,Disabling,N,Moving Constant Speed,2015-01-05 23:04,34,39.10018437,-76.81644917
5104,N,Apparently Normal,No Misuse,N,No Injury,09479b8e-3bcd-4066-8a80-13cd29a1325f,D,AC1641000Y,Shoulder/Lap Belt(s),M,14685083-e080-458d-a5ca-b5b545a641da,Same Direction Sideswipe,N,Non Intersection,Right Turn Lane,Dark Lights On,No Defects,One-way Trafficway,Dry,Clear,Five o'clock,Passenger Car,Superficial,N,Moving Constant Speed,2015-02-01 18:04,45,39.05651736,-76.65555954
5105,N,Apparently Normal,No Misuse,N,No Injury,c90b577d-c06f-4b8c-bd39-c1be3bd8677c,D,AC1736000P,Shoulder/Lap Belt(s),M,36e77306-28b8-432f-a1f2-47c80b1992a9,Same Direction Right Turn,N,Intersection Related,Right Turn Lane,Dark Lights On,No Defects,"Two-way, Not Divided",Dry,Clear,Ten o'clock,Passenger Car,Functional,N,Moving Constant Speed,2015-01-19 20:09,27,39.07038663,-76.67324443
5106,N,Apparently Normal,No Misuse,N,No Injury,e22ccc66-f6cc-415b-b9e0-ef11f4c288ec,D,AC1736000Q,Shoulder/Lap Belt(s),M,86f3e39e-d0d9-46c3-9c7c-466e1a5ef133,Same Movement Angle,N,Intersection,Left Turn Lane,Daylight,No Defects,"Two-way, Divided, Positive Median Barrier",Dry,Clear,Twelve o'clock,Passenger Car,Functional,N,Moving Constant Speed,2015-02-11 14:29,44,39.07539336,-76.70883894
5107,N,Apparently Normal,No Misuse,Y,No Injury,0c4d8f9c-e97d-4e83-8227-ee0fd7714c29,D,AC1736000Q,Shoulder/Lap Belt(s),M,857d6124-a755-4443-829d-ae5b9ffd45d0,Same Movement Angle,N,Intersection,Left Turn Lane,Daylight,No Defects,"Two-way, Divided, Positive Median Barrier",Dry,Clear,Three o'clock,Passenger Car,Functional,N,Making U Turn,2015-02-11 14:29,22,39.07539336,-76.70883894
5108,N,Apparently Normal,No Misuse,N,No Injury,06825298-5621-4838-abb7-814927651d5d,D,AC1886001N,Shoulder/Lap Belt(s),M,ab535101-6b5e-41d2-b41a-c65e9d2802ac,Same Direction Rear End,N,Intersection Related,Left Turn Lane,Daylight,No Defects,"Two-way, Divided, Unprotected (painted >4 feet) Median",Dry,Clear,Six o'clock,(Sport) Utility Vehicle,Superficial,N,Stopped in Traffic Lane,2015-03-31 14:21,22,39.12595296,-76.58975422
5109,N,Apparently Normal,No Misuse,N,No Injury,17a3b575-4815-4cc7-b33f-3d6ac9a8f5a5,D,AC1910000K,Shoulder Belt Only,M,d7e2d5a9-2254-4d6a-80ba-e91b2815b7fc,Same Direction Rear End,N,Intersection Related,Acceleration Lane,Dark Lights On,No Defects,"Two-way, Divided, Positive Median Barrier",Dry,Clear,Six o'clock,Pickup Truck,Functional,N,Slowing or Stopping,2015-03-15 02:14,20,39.07608167,-76.544775
5110,N,Apparently Normal,No Misuse,Y,No Injury,a8c9526b-9923-4c93-a30f-f4c63d8ae9c0,D,AC1929000J,Shoulder/Lap Belt(s),M,2bda3ef7-a3ba-4b2f-9675-01531542fbe7,Single Vehicle ,N,Intersection,Acceleration Lane,Dusk,No Defects,"Two-way, Divided, Positive Median Barrier",Wet,Raining,Twelve o'clock,Passenger Car,Disabling,N,Moving Constant Speed,2015-03-27 06:03,57,39.20389221,-76.68137312
5111,N,Apparently Normal,No Misuse,N,No Injury,49f6a0e5-867d-48ac-9028-1277daba4371,D,AC1930001Q,Shoulder/Lap Belt(s),M,76d6ae5e-11e8-4f81-bdb1-ef57138161cc,Same Movement Angle,N,Intersection,Right Turn Lane,Dark Lights On,No Defects,"Two-way, Not Divided",Dry,Clear,Five o'clock,Passenger Car,Superficial,N,Accelerating,2015-03-07 19:36,47,39.07632619,-76.68979526
5112,N,Apparently Normal,No Misuse,Y,No Injury,b6785520-c632-4643-bc0e-7c4b96224e0f,D,AC19900018,Shoulder/Lap Belt(s),M,fe828607-0637-4d18-b3d1-e92ef299b9b0,Same Movement Angle,N,Non Intersection,Right Turn Lane,Daylight,No Defects,"Two-way, Divided, Unprotected (painted >4 feet) Median",Dry,Clear,One o'clock,Passenger Car,Disabling,N,Moving Constant Speed,2015-02-25 16:10,74,39.13596612,-76.7047925
5113,N,Apparently Normal,No Misuse,N,No Injury,3971cdc4-701b-4357-b707-7687c5336f4d,D,AC19910012,Shoulder/Lap Belt(s),M,9207509c-9a32-4a60-bd3d-479f252c509e,Same Direction Rear End,N,Intersection Related,Right Turn Lane,Daylight,No Defects,"Two-way, Not Divided",Snow,Snow,Six o'clock,Van,Superficial,N,Slowing or Stopping,2015-01-06 08:43,40,39.16391645,-76.74062848
5114,N,Apparently Normal,No Misuse,Y,No Injury,29dd5314-c308-4e8c-aebb-02ff5f2a68b6,D,AC19910012,Shoulder/Lap Belt(s),M,d1014172-253e-4a6d-9c53-a01befb2b6f5,Same Direction Rear End,N,Intersection Related,Right Turn Lane,Daylight,No Defects,"Two-way, Not Divided",Snow,Snow,Twelve o'clock,Passenger Car,Superficial,N,Slowing or Stopping,2015-01-06 08:43,39,39.16391645,-76.74062848
5115,N,Apparently Normal,No Misuse,Y,No Injury,62ad67ba-bc31-4b6d-b5ce-3c8e42fabf2c,D,AC2015000F,Shoulder/Lap Belt(s),M,7f4e6b5c-c879-4ebf-8b22-51d3fd387abb,Single Vehicle ,N,Non Intersection,Right Turn Lane,Daylight,No Defects,"Two-way, Divided, Positive Median Barrier",Wet,Raining,Twelve o'clock,Passenger Car,Disabling,N,Moving Constant Speed,2015-01-03 11:49,24,39.15261899,-76.64543152
5116,N,Apparently Normal,Air Bag Failed,Y,Possible Incapacitating Injury,78f5418f-3345-405b-b554-c54c97c2382b,D,AC2028000F,Shoulder/Lap Belt(s),M,52ad2437-9aaf-43d6-86f9-5c0136e098e7,Single Vehicle ,N,Non Intersection,Right Turn Lane,Dark No Lights,No Defects,"Two-way, Divided, Positive Median Barrier",Dry,Clear,Six o'clock,Passenger Car,Disabling,N,Moving Constant Speed,2015-01-17 21:30,31,38.92616387,-76.56416059
5117,N,Apparently Normal,No Misuse,N,No Injury,8b772137-e832-4ce0-9fee-e995fb9db567,D,AC2033000D,Shoulder/Lap Belt(s),M,acaf9417-57e3-4637-b04c-45a804618c56,Same Direction Rear End,N,Intersection,Left Turn Lane,Daylight,No Defects,"Two-way, Divided, Positive Median Barrier",Dry,Clear,Six o'clock,Passenger Car,Superficial,N,Stopped in Traffic Lane,2015-02-27 15:59,59,39.1257324,-76.58912659
5118,N,Had Been Drinking,No Misuse,Y,No Injury,fb5ff9a8-b9aa-47c4-b2eb-29a7a01c8c43,D,AC2033000D,Shoulder/Lap Belt(s),M,aaa63000-3f8e-4a4f-a27e-93757eb52115,Same Direction Rear End,N,Intersection,Left Turn Lane,Daylight,No Defects,"Two-way, Divided, Positive Median Barrier",Dry,Clear,Twelve o'clock,"Other Light Trucks (10,000 lbs (4,536 kg))",Superficial,N,Slowing or Stopping,2015-02-27 15:59,28,39.1257324,-76.58912659
5119,N,Apparently Normal,No Misuse,N,No Injury,57f8e757-850c-4713-ab80-e7bea4823dae,D,ADE3350006,Shoulder/Lap Belt(s),M,031899f0-6164-421e-8423-33de7f27e55e,Same Direction Right Turn,N,Non Intersection,Right Turn Lane,Dark Lights On,No Defects,"Two-way, Divided, Unprotected (painted >4 feet) Median",Dry,Clear,Eight o'clock,Passenger Car,Superficial,N,Stopped in Traffic Lane,2015-03-22 06:20,38,39.33975752,-76.66605234
5120,N,Apparently Normal,No Misuse,N,No Injury,f6eb6d6e-f44d-4ed9-91f8-8622e34c2c2b,D,ADE5430003,Shoulder/Lap Belt(s),M,4185486d-f598-4b40-93d3-31baedf6430c,Same Movement Angle,N,Intersection,Right Turn Lane,Dark Lights On,No Defects,"Two-way, Not Divided",Dry,Clear,Two o'clock,Passenger Car,Disabling,N,Moving Constant Speed,2015-03-18 01:15,35,39.3431263,-76.6729939
5121,N,Apparently Normal,No Misuse,N,No Injury,29b7beb6-3cfd-4c89-8fc0-50f46735d75a,D,ADF819000H,Shoulder/Lap Belt(s),M,cbc263ff-3035-490f-8a62-ec4c68c6f7ba,Same Direction Rear End,N,Intersection,Right Turn Lane,Daylight,No Defects,"Two-way, Not Divided",Dry,Clear,Six o'clock,Police Vehicle/Non Emergency,Superficial,N,Stopped in Traffic Lane,2015-02-23 17:00,30,39.27250564,-76.63853288
5122,N,Apparently Normal,No Misuse,Y,No Injury,3687800d-d7ef-418f-888f-92af96b4089a,D,ADF819000H,Shoulder/Lap Belt(s),M,2f6c4111-0e42-41d3-a77c-5085a76e2e3d,Same Direction Rear End,N,Intersection,Right Turn Lane,Daylight,No Defects,"Two-way, Not Divided",Dry,Clear,Twelve o'clock,Passenger Car,No Damage,N,Slowing or Stopping,2015-02-23 17:00,22,39.27250564,-76.63853288
5123,N,Apparently Normal,No Misuse,Y,No Injury,945fb9b8-343f-4751-b3c1-9557e3aea1be,D,ADF9550012,Shoulder/Lap Belt(s),M,8261028b-de92-40e4-862c-eb6be74842ae,Same Direction Rear End,N,Non Intersection,Right Turn Lane,Daylight,No Defects,"Two-way, Not Divided",Dry,Clear,Twelve o'clock,Police Vehicle/Non Emergency,Superficial,N,Slowing or Stopping,2015-03-12 16:35,29,39.34900053,-76.58422351
5124,N,Apparently Normal,No Misuse,Y,No Injury,ad0e551a-942f-408b-89d9-befafee5eb20,D,ADG2930004,Shoulder/Lap Belt(s),M,6b053e11-c37c-4906-8e59-394b885eb2e6,Same Direction Sideswipe,N,Non Intersection,Right Turn Lane,Daylight,No Defects,"Two-way, Not Divided",Dry,Clear,Two o'clock,Passenger Car,Superficial,N,Passing,2015-03-30 14:30,36,39.32186542,-76.57425642
5125,N,Apparently Normal,No Misuse,N,No Injury,00c07bc2-b7fe-4084-a37c-b672a9e36ec6,D,ADG3680002,Shoulder/Lap Belt(s),M,87067f2c-c6ef-453b-88bc-d80409e4660a,Same Direction Rear End,N,Intersection,Right Turn Lane,Dark Lights On,No Defects,"Two-way, Divided, Positive Median Barrier",Dry,Clear,Six o'clock,Van,Superficial,N,Stopped in Traffic Lane,2015-01-20 06:07,32,39.34269484,-76.68952703
5126,N,Apparently Normal,No Misuse,N,No Injury,5778e40e-759c-4cfd-9978-e02f46b38b0d,D,ADG4110005,Shoulder/Lap Belt(s),M,567c86a9-4e49-4a9b-890f-62e3d63874e7,Same Direction Both Left Turn,N,Non Intersection,Right Turn Lane,Daylight,No Defects,"Two-way, Divided, Positive Median Barrier",Wet,Raining,One o'clock,Passenger Car,Disabling,N,Moving Constant Speed,2015-03-01 15:52,43,39.28721343,-76.56043768
5127,N,Apparently Normal,No Misuse,Y,No Injury,3f502001-bce3-42a5-bab7-ab7d328958f6,D,ADG4110005,Shoulder/Lap Belt(s),M,4fed58e4-d248-472a-847b-ebde249201da,Same Direction Both Left Turn,N,Non Intersection,Right Turn Lane,Daylight,No Defects,"Two-way, Divided, Positive Median Barrier",Wet,Raining,Twelve o'clock,Passenger Car,Functional,N,Moving Constant Speed,2015-03-01 15:52,19,39.28721343,-76.56043768
5128,N,Apparently Normal,No Misuse,Y,No Injury,8f3be009-d10f-4355-89cb-26ae38b3cc36,D,ADG4380007,Shoulder/Lap Belt(s),M,afc6cc27-ef20-4cc2-927c-179a7b86b249,Same Direction Rear End,N,Non Intersection,Right Turn Lane,Daylight,No Defects,"Two-way, Divided, Unprotected (painted >4 feet) Median",Dry,Clear,Twelve o'clock,(Sport) Utility Vehicle,No Damage,N,Changing Lanes,2015-03-31 15:14,32,39.32848317,-76.68617427
5129,N,Apparently Normal,No Misuse,N,Possible Incapacitating Injury,30bcf9d6-7028-4f44-a1a7-60fbde9de959,D,ADG4380007,Shoulder/Lap Belt(s),M,748e9f48-ba45-467b-93da-be3100a4bd86,Same Direction Rear End,N,Non Intersection,Right Turn Lane,Daylight,No Defects,"Two-way, Divided, Unprotected (painted >4 feet) Median",Dry,Clear,Six o'clock,Passenger Car,Functional,N,Slowing or Stopping,2015-03-31 15:14,57,39.32848317,-76.68617427
5130,N,Apparently Normal,No Misuse,Y,No Injury,644a5b3e-70c4-4807-863c-d293a2d3fa18,D,ADG5840003,Shoulder/Lap Belt(s),M,baa24f1b-2629-46ad-b72f-379f13990d3e,Single Vehicle ,N,Non Intersection,Acceleration Lane,Dusk,No Defects,One-way Trafficway,Wet,Raining,One o'clock,Passenger Car,Disabling,N,Moving Constant Speed,2015-03-10 18:30,21,39.2937234,-76.62236989
5131,N,Apparently Normal,No Misuse,N,No Injury,623fea6d-5ba1-4486-82ec-069691ff4583,D,ADG6470002,Shoulder/Lap Belt(s),M,acd88c73-4338-49f5-9ced-fedd21bcb2a3,Same Direction Rear End,N,Non Intersection,Right Turn Lane,Daylight,No Defects,"Two-way, Not Divided",Dry,Clear,Ten o'clock,Passenger Car,Superficial,N,Moving Constant Speed,2015-02-21 09:05,41,39.34864378,-76.67519331
5132,N,Apparently Normal,No Misuse,N,No Injury,432d2916-ce5e-4cd3-85f3-5afebd6503e7,D,ADG9310002,Shoulder/Lap Belt(s),M,18d63972-7b49-4273-aa9e-3291e8326136,Same Direction Rear End,N,Intersection Related,Left Turn Lane,Daylight,No Defects,One-way Trafficway,Dry,Clear,Six o'clock,Van,Functional,N,Stopped in Traffic Lane,2015-03-12 10:05,68,39.31932563,-76.62543297
5133,N,Apparently Normal,No Misuse,N,No Injury,5acbd03e-745f-40ba-83a8-3311a4a12fd5,D,ADG9470002,Shoulder/Lap Belt(s),M,92683f42-c9e4-442d-a7e7-6e57df210dce,Same Movement Angle,N,Intersection Related,Right Turn Lane,Dark Lights On,No Defects,"Two-way, Not Divided",Dry,Cloudy,Twelve o'clock,Passenger Car,Destroyed,N,Moving Constant Speed,2015-01-10 18:50,36,39.2960389,-76.56964704
5134,N,Apparently Normal,No Misuse,Y,No Injury,560f388b-e2ef-4c15-ae98-cccfa44c9015,D,ADH0020007,Shoulder/Lap Belt(s),M,3a0a2f7e-9f27-4d51-9211-23d0f1bdd86e,Single Vehicle ,N,Intersection,Right Turn Lane,Daylight,No Defects,"Two-way, Not Divided",Wet,Clear,Twelve o'clock,Passenger Car,Disabling,N,Slowing or Stopping,2015-03-06 09:45,24,39.32018054,-76.57513618
5135,N,Apparently Normal,No Misuse,N,No Injury,fc0606cc-529e-473e-ab6b-4022d9206196,D,ADH5040004,Shoulder/Lap Belt(s),M,59b7abfa-9527-4436-bc94-92b4061aa989,Same Movement Angle,N,Intersection,Right Turn Lane,Dark Lights On,No Defects,One-way Trafficway,Dry,Clear,Two o'clock,Passenger Car,Disabling,N,Moving Constant Speed,2015-03-03 00:42,21,39.30430081,-76.5937829
5136,N,Apparently Normal,No Misuse,Y,No Injury,3b822ea3-f773-456d-8441-d994f3fcdb58,D,ADH5040004,Shoulder/Lap Belt(s),M,53f0a79b-bd31-4bb9-8d75-10a786044980,Same Movement Angle,N,Intersection,Right Turn Lane,Dark Lights On,No Defects,One-way Trafficway,Dry,Clear,Eleven o'clock,Passenger Car,Disabling,N,Moving Constant Speed,2015-03-03 00:42,27,39.30430081,-76.5937829
5137,N,Apparently Normal,No Misuse,Y,No Injury,24ae1f3e-9bb1-481a-95f0-3e5ad7d3249c,D,ADH5650003,Shoulder/Lap Belt(s),M,d0e7ea1a-668d-48ba-980f-6bc0566e2c11,Same Movement Angle,N,Intersection Related,Right Turn Lane,Dawn,No Defects,"Two-way, Not Divided",Dry,Clear,Twelve o'clock,Passenger Car,Disabling,N,Starting From Lane,2015-02-06 07:00,30,39.28327726,-76.59816027
5138,N,Apparently Normal,No Misuse,Y,No Injury,911e6594-d5c4-4a8a-9606-9fbf931dc90c,D,ADH6910007,Shoulder/Lap Belt(s),M,e1283e6e-c2e1-47f5-8bc4-18ae54d71f94,Single Vehicle ,N,Non Intersection,Right Turn Lane,Dark Lights On,No Defects,One-way Trafficway,Snow,Snow,Eight o'clock,(Sport) Utility Vehicle,Disabling,N,Moving Constant Speed,2015-02-16 20:00,39,39.26827793,-76.63531423
5139,N,Apparently Normal,No Misuse,N,No Injury,0a2c5f37-c180-4ded-af4f-57744764dabd,D,ADH7610002,Shoulder/Lap Belt(s),M,6be938e7-f489-45fb-ac29-37f5fcb1ff38,Same Direction Both Left Turn,N,Intersection Related,Right Turn Lane,Dark Lights On,No Defects,One-way Trafficway,Wet,Raining,One o'clock,Passenger Car,Superficial,Y,Making Left Turn,2015-02-10 02:55,29,39.21897181,-76.58633709
5140,N,Apparently Normal,No Misuse,Y,No Injury,d7af2989-cd74-407a-94a1-c499448f41f8,D,ADH9910019,Shoulder/Lap Belt(s),M,4eb63746-a354-4d6d-9476-0f14b451124e,Same Direction Sideswipe,N,Non Intersection,Right Turn Lane,Dark Lights On,No Defects,"Two-way, Not Divided",Snow,Clear,One o'clock,(Sport) Utility Vehicle,Superficial,N,Moving Constant Speed,2015-03-07 02:30,34,39.35345981,-76.57290995
5141,N,Apparently Normal,No Misuse,N,No Injury,73684acb-f657-42b0-966b-62428151ae8f,D,ADI1100001,Shoulder/Lap Belt(s),M,8e1866ff-8552-4016-9ef9-76061be38872,Same Direction Rear End,N,Non Intersection,Right Turn Lane,Daylight,No Defects,"Two-way, Divided, Positive Median Barrier",Wet,Raining,Six o'clock,Passenger Car,Superficial,N,Stopped in Traffic Lane,2015-01-18 14:26,41,39.29288478,-76.69815302
5142,N,Had Been Drinking,No Misuse,Y,No Injury,69ec2aac-e93d-4642-83a4-4d906467d3a3,D,ADI1100001,Shoulder/Lap Belt(s),M,a444ef62-2d3b-45c5-a597-eb20589237eb,Same Direction Rear End,N,Non Intersection,Right Turn Lane,Daylight,No Defects,"Two-way, Divided, Positive Median Barrier",Wet,Raining,Twelve o'clock,Pickup Truck,Superficial,N,Slowing or Stopping,2015-01-18 14:26,50,39.29288478,-76.69815302
5143,N,Apparently Normal,No Misuse,N,No Injury,bfe0c8ec-3bb2-49bd-9216-f39803b7ffe7,D,ADI1850001,Shoulder/Lap Belt(s),M,698f8d58-7f8e-4f8a-8f63-696655ee440d,Opposite Direction Sideswipe,N,Intersection,Right Turn Lane,Dark Lights On,No Defects,"Two-way, Divided, Unprotected (painted >4 feet) Median",Dry,Clear,Twelve o'clock,Passenger Car,Functional,N,Moving Constant Speed,2015-02-04 23:23,54,39.31316668,-76.67262107
5144,N,Apparently Normal,No Misuse,Y,No Injury,931c0831-aa95-4ad3-af65-b2fdc2db087c,D,ADI1850001,Shoulder/Lap Belt(s),M,a38a8cce-8b29-4803-8efe-58f8a6deacef,Opposite Direction Sideswipe,N,Intersection,Right Turn Lane,Dark Lights On,No Defects,"Two-way, Divided, Unprotected (painted >4 feet) Median",Dry,Clear,Ten o'clock,Passenger Car,Functional,N,Accelerating,2015-02-04 23:23,47,39.31316668,-76.67262107
5145,N,Apparently Normal,No Misuse,N,No Injury,a0f8080e-6d01-4d40-b55c-de0c8b2da02d,D,ADI2210002,Shoulder/Lap Belt(s),M,244aad41-af25-4fb7-9009-a52d8346649e,Same Direction Right Turn,N,Non Intersection,Right Turn Lane,Daylight,No Defects,"Two-way, Divided, Positive Median Barrier",Wet,Cloudy,One o'clock,Passenger Car,Superficial,N,Moving Constant Speed,2015-02-02 13:20,43,39.31643713,-76.65026486
5146,N,Apparently Normal,No Misuse,Y,No Injury,8f02b2d7-46a7-46bb-9ba6-858591ab4d72,D,ADI3060004,Shoulder Belt Only,M,90533060-062b-48b7-ad01-7e0683df3c05,Single Vehicle ,N,Intersection,Right Turn Lane,Daylight,No Defects,"Two-way, Not Divided",Dry,Clear,Twelve o'clock,Passenger Car,Superficial,N,Moving Constant Speed,2015-03-29 10:40,22,39.28301152,-76.62816882
5147,Y,Apparently Normal,No Misuse,Y,No Injury,0f29d19a-932c-441b-af70-d7445a6e0faf,D,ADI5190002,Lap Belt Only,M,a67aee35-5db1-49a2-aeb6-443da8df632c,Same Direction Sideswipe,N,Intersection,Right Turn Lane,Daylight,No Defects,One-way Trafficway,Dry,Clear,Five o'clock,School Bus,Superficial,N,Making Left Turn,2015-02-05 15:30,59,39.31528543,-76.61606401
5148,N,Apparently Normal,No Misuse,N,No Injury,5e3bd68a-3321-4d0e-8bac-59a4c5ecbeac,D,ADI5260002,Shoulder/Lap Belt(s),M,815d1664-5b15-4805-ad2a-d0df56c23e53,Same Direction Rear End,N,Non Intersection,Right Turn Lane,Dark Lights On,No Defects,"Two-way, Divided, Unprotected (painted >4 feet) Median",Dry,Clear,Six o'clock,Van,Superficial,N,Slowing or Stopping,2015-01-18 02:00,20,39.31169741,-76.58504426
5149,N,Apparently Normal,No Misuse,N,No Injury,c5a43845-1182-42c8-8645-c079d1ecf293,D,ADI668000C,Shoulder/Lap Belt(s),M,e988b12d-0d12-4565-bb57-107e6633b2df,Same Direction Rear End,N,Non Intersection,Right Turn Lane,Daylight,No Defects,"Two-way, Divided, Unprotected (painted >4 feet) Median",Dry,Clear,Five o'clock,Passenger Car,Superficial,N,Moving Constant Speed,2015-02-18 14:30,77,39.315258,-76.596896
5150,N,Apparently Normal,No Misuse,N,No Injury,d43c857c-a102-4c02-a2d8-fd9097665783,D,ADI703000F,Shoulder/Lap Belt(s),M,20d20394-f10a-418c-8929-d06df2af1425,Same Direction Left Turn,N,Non Intersection,Right Turn Lane,Daylight,No Defects,One-way Trafficway,Dry,Clear,Eleven o'clock,Passenger Car,Superficial,N,Changing Lanes,2015-03-31 11:50,72,39.29877984,-76.58526421
5151,N,Apparently Normal,No Misuse,Y,No Injury,ea207755-ada0-451d-a76c-47171983e404,D,ADI703000F,Shoulder/Lap Belt(s),M,5026bbb7-3508-4252-abe6-44e8b97e66bf,Same Direction Left Turn,N,Non Intersection,Right Turn Lane,Daylight,No Defects,One-way Trafficway,Dry,Clear,One o'clock,Passenger Car,Superficial,Y,Starting From Lane,2015-03-31 11:50,28,39.29877984,-76.58526421