KEY_INDEX,CDL_FLAG,CONDITION_CODE,EQUIP_PROB_CODE,FAULT_FLAG,INJ_SEVER_CODE,PERSON_ID,PERSON_TYPE,REPORT_NO,SAF_EQUIP_CODE,SEX_CODE,VEHICLE_ID,COLLISION_TYPE_CODE,C_M_ZONE_FLAG,JUNCTION_CODE,LANE_CODE,LIGHT_CODE,RD_COND_CODE,RD_DIV_CODE,SURF_COND_CODE,WEATHER_CODE,AREA_DAMAGED_CODE_MAIN,BODY_TYPE_CODE,DAMAGE_CODE,HIT_AND_RUN_FLAG,MOVEMENT_CODE,TIME,AGE,LATITUDE,LONGITUDE
5212,N,Apparently Normal,No Misuse,N,No Injury,6fdefe57-27aa-4b15-a257-03f44661cd56,D,AE40670005,Shoulder/Lap Belt(s),M,4a8cd9cc-a727-4437-9ec7-ffee5efecdd7,Same Movement Angle,N,Intersection Related,Right Turn Lane,Dark Lights On,No Defects,"Two-way, Not Divided",Dry,Clear,One o'clock,Passenger Car,Functional,N,Moving Constant Speed,2015-01-20 23:45,25,39.37232665,-76.59846067
5213,N,Apparently Normal,No Misuse,N,No Injury,ce8d2fac-3397-4607-a844-24695cea50d4,D,AE41940008,Shoulder/Lap Belt(s),M,6465c326-66fb-4827-ba3d-ef7e37ae4e55,Opposite Direction Sideswipe,N,Non Intersection,Right Turn Lane,Daylight,No Defects,"Two-way, Not Divided",Ice,Raining,Eleven o'clock,Passenger Car,Disabling,N,Moving Constant Speed,2015-01-03 15:35,61,39.54012821,-76.64061427
5214,N,Apparently Normal,No Misuse,Y,No Injury,32b9f3e1-adb5-42ba-8772-01978b3ca841,D,AE41940008,Shoulder/Lap Belt(s),M,b6324e43-82f2-4887-a737-4adc3320115f,Opposite Direction Sideswipe,N,Non Intersection,Right Turn Lane,Daylight,No Defects,"Two-way, Not Divided",Ice,Raining,Eleven o'clock,Van,Disabling,N,Skidding,2015-01-03 15:35,45,39.54012821,-76.64061427
5215,N,Apparently Normal,No Misuse,N,No Injury,61ace9ad-71c5-45a7-a90c-e0fc6fa66ee5,D,AE42480006,Shoulder/Lap Belt(s),M,e880c22d-6ac0-4ecc-88c1-0b64ca6382fa,Same Direction Rear End,N,Non Intersection,Right Turn Lane,Daylight,No Defects,"Two-way, Not Divided",Snow,Snow,Six o'clock,(Sport) Utility Vehicle,Functional,N,Stopped in Traffic Lane,2015-03-01 10:31,54,39.34179043,-76.72883749
5216,N,Apparently Normal,No Misuse,Y,No Injury,120292cb-dd4d-4165-9bd2-7733255ff956,D,AE4279000Y,Shoulder/Lap Belt(s),M,3fe043dd-218b-46ca-ac62-3eaef0442ff4,Single Vehicle ,N,Commercial Driveway,Right Turn Lane,Daylight,No Defects,One-way Trafficway,Wet,Raining,Five o'clock,School Bus,Superficial,N,Starting From Lane,2015-01-12 14:59,54,39.43195,-76.614339
5217,N,Apparently Normal,No Misuse,N,No Injury,44ab80a5-4b1f-45c9-bf8a-6ed411474ca6,D,AE42790018,Shoulder/Lap Belt(s),M,f1258c96-3c0c-4701-a652-dd6a27da0258,Head On Left Turn,N,Intersection,Acceleration Lane,Daylight,No Defects,"Two-way, Divided, Positive Median Barrier",Wet,Clear,Twelve o'clock,Passenger Car,Disabling,N,Moving Constant Speed,2015-02-23 15:25,43,39.455744,-76.63534
5218,N,Apparently Normal,No Misuse,Y,No Injury,e33340d7-a6ed-4d0f-862a-69df5204fd3a,D,AE43260007,Shoulder/Lap Belt(s),M,982c77a9-a7a8-4a83-99f2-8f4812835fdd,Single Vehicle ,N,Non Intersection,Right Turn Lane,Dark No Lights,No Defects,"Two-way, Not Divided",Ice,Clear,Twelve o'clock,Pickup Truck,Destroyed,N,Moving Constant Speed,2015-03-07 23:16,23,39.51262876,-76.65988863
5219,N,Apparently Normal,No Misuse,N,No Injury,7f534e93-4f78-4406-994f-939f1543add7,D,AE4424000V,Shoulder/Lap Belt(s),M,8e29f4a8-c6ca-4700-bad3-6ef3f1b1756c,Same Direction Rear End,N,Non Intersection,Right Turn Lane,Daylight,No Defects,"Two-way, Not Divided",Dry,Clear,Seven o'clock,School Bus,Superficial,N,Stopped in Traffic Lane,2015-03-19 09:04,31,39.34246252,-76.74628258
5220,N,Apparently Normal,No Misuse,N,No Injury,cc42346c-66be-4dca-bc41-e3eacf4f8c41,D,AE4424000X,Shoulder/Lap Belt(s),M,48d5b7ef-a690-4dd0-8fe3-9e0d8ff0d57f,Same Direction Rear End,N,Non Intersection,Right Turn Lane,Daylight,No Defects,"Two-way, Not Divided",Dry,Cloudy,Five o'clock,School Bus,Superficial,N,Slowing or Stopping,2015-03-25 09:12,43,39.33708561,-76.76016569
5221,N,Apparently Normal,No Misuse,Y,No Injury,fd7c18b7-a48b-4ea4-9d29-94b5ce619c3d,D,AE4424000X,Shoulder/Lap Belt(s),M,ef869d0c-c1d9-4ebd-9fd5-4e8879a020d4,Same Direction Rear End,N,Non Intersection,Right Turn Lane,Daylight,No Defects,"Two-way, Not Divided",Dry,Cloudy,Ten o'clock,"Other Light Trucks (10,000 lbs (4,536 kg))",Superficial,N,Moving Constant Speed,2015-03-25 09:12,30,39.33708561,-76.76016569
5222,N,Apparently Normal,No Misuse,Y,No Injury,ca6cf384-1eb5-4344-9578-fab6ca27d140,D,AE4455000G,Shoulder/Lap Belt(s),M,00be1827-a427-4a39-bec6-1bd5d877f1a1,Single Vehicle ,N,Non Intersection,Right Turn Lane,Dark No Lights,No Defects,"Two-way, Not Divided",Dry,Clear,Twelve o'clock,Passenger Car,Functional,N,Moving Constant Speed,2015-01-17 21:15,19,39.50639166,-76.57273293
5223,Y,Apparently Normal,No Misuse,Y,No Injury,e9458333-b497-41c9-adb0-3d0d7cdc0727,D,AE4827000B,Shoulder/Lap Belt(s),M,74e5ab0a-770e-41b3-b182-1dbdc851b5d3,Same Direction Sideswipe,N,Non Intersection,Left Turn Lane,Daylight,No Defects,"Two-way, Divided, Positive Median Barrier",Ice,Raining,Four o'clock,Transit Bus,Superficial,N,Slowing or Stopping,2015-01-18 08:30,67,39.38887915,-76.62592649
5224,N,Apparently Normal,No Misuse,N,No Injury,61c5cc7c-26af-40e4-acd1-26e51b472ea8,D,AE4879000B,Shoulder/Lap Belt(s),M,ff1904a5-f585-4432-840a-46ba14f6c402,Head On Left Turn,N,Commercial Driveway,Right Turn Lane,Dusk,No Defects,"Two-way, Not Divided",Dry,Clear,Twelve o'clock,Passenger Car,Functional,N,Moving Constant Speed,2015-02-04 17:27,41,39.33223941,-76.43978119
5225,N,Apparently Normal,No Misuse,Y,No Injury,58de0ca4-486e-468e-8531-ad88a46faf2e,D,AE4879000B,Shoulder/Lap Belt(s),M,9bd17287-51c7-4c39-9dd8-3e8bcb77bb96,Head On Left Turn,N,Commercial Driveway,Right Turn Lane,Dusk,No Defects,"Two-way, Not Divided",Dry,Clear,Five o'clock,Passenger Car,Superficial,N,Making Left Turn,2015-02-04 17:27,25,39.33223941,-76.43978119
5226,N,Apparently Normal,No Misuse,N,No Injury,cda7cbf0-9f03-468a-b5aa-1c32c214ce9d,D,AE4880004F,Shoulder/Lap Belt(s),M,2cc2a401-1c62-409b-babf-4fc4e315089a,Head On Left Turn,N,Intersection,Right Turn Lane,Dusk,No Defects,"Two-way, Not Divided",Wet,Clear,Eleven o'clock,(Sport) Utility Vehicle,Disabling,N,Moving Constant Speed,2015-01-20 16:58,39,39.392846,-76.459485
5227,N,Apparently Normal,No Misuse,Y,No Injury,853f84f4-592c-45a8-97e4-93c1bd82b985,D,AE4880004F,Shoulder/Lap Belt(s),M,60190066-9ad9-403a-894a-97bb59556585,Head On Left Turn,N,Intersection,Right Turn Lane,Dusk,No Defects,"Two-way, Not Divided",Wet,Clear,Twelve o'clock,Passenger Car,Disabling,N,Making Left Turn,2015-01-20 16:58,82,39.392846,-76.459485
5228,N,Apparently Normal,No Misuse,N,No Injury,785c5c64-3bb2-413f-9e63-77ecaa47a8ff,D,AE48800052,Shoulder/Lap Belt(s),M,7aeeac1a-d50a-48ec-93eb-66a008a98245,Same Direction Rear End,N,Intersection Related,Left Turn Lane,Daylight,No Defects,"Two-way, Not Divided",Dry,Clear,Six o'clock,Pickup Truck,Superficial,N,Stopped in Traffic Lane,2015-02-13 15:46,42,39.366454,-76.517459
5229,N,Had Been Drinking,No Misuse,Y,No Injury,af7b16ae-cb33-4744-b103-5f054b512789,D,AE48800052,Shoulder/Lap Belt(s),M,d06eb6af-7bc3-4a4e-894a-545b23c41654,Same Direction Rear End,N,Intersection Related,Left Turn Lane,Daylight,No Defects,"Two-way, Not Divided",Dry,Clear,Twelve o'clock,Passenger Car,Superficial,N,Slowing or Stopping,2015-02-13 15:46,55,39.366454,-76.517459
5230,N,Apparently Normal,No Misuse,N,No Injury,d315b9da-9be4-484e-80c5-17c103fabc36,D,AE48800067,Shoulder/Lap Belt(s),M,30511416-1b91-4264-96f0-7890fe80af97,Same Direction Rear End,N,Intersection Related,Left Turn Lane,Daylight,No Defects,"Two-way, Divided, Positive Median Barrier",Dry,Clear,Six o'clock,(Sport) Utility Vehicle,Functional,N,Stopped in Traffic Lane,2015-03-19 08:41,45,39.379333,-76.462907
5231,N,Apparently Normal,No Misuse,Y,No Injury,78c7cfc4-f9d6-42a9-9742-395714e0295c,D,AE48800067,Shoulder/Lap Belt(s),M,262445ff-7d74-49b9-8b79-73045b0d5e80,Same Direction Rear End,N,Intersection Related,Left Turn Lane,Daylight,No Defects,"Two-way, Divided, Positive Median Barrier",Dry,Clear,Twelve o'clock,Passenger Car,Functional,N,Moving Constant Speed,2015-03-19 08:41,52,39.379333,-76.462907
5232,N,Apparently Normal,No Misuse,N,No Injury,82801325-c70c-4caa-be4c-6103e971d12f,D,AE4897000B,Shoulder/Lap Belt(s),M,ed1fc6d7-0b09-4200-98dd-31bad89f5e71,Same Movement Angle,N,Intersection,Right Turn Lane,Daylight,No Defects,"Two-way, Divided, Positive Median Barrier",Dry,Clear,Twelve o'clock,Station Wagon,Functional,N,Starting From Lane,2015-02-28 08:31,62,39.40212828,-76.60830975
5233,N,Apparently Normal,No Misuse,N,No Injury,66df2cf9-2285-4113-9892-876a3cb01138,D,AE5025000K,Shoulder/Lap Belt(s),M,6f1f1ed5-7992-4d2d-8fb6-7fdbc4c2efec,Same Direction Rear End,N,Intersection Related,Right Turn Lane,Dark Lights On,No Defects,"Two-way, Not Divided",Dry,Clear,Six o'clock,Passenger Car,Functional,N,Stopped in Traffic Lane,2015-01-30 20:50,22,39.33112739,-76.52923822
5234,N,Apparently Normal,No Misuse,N,No Injury,2a92f9e6-4145-4560-8436-13dae9f1d78c,D,AE50700009,Shoulder/Lap Belt(s),M,ec252f86-0b6b-4d76-9fd3-97083e458cd9,Head On Left Turn,N,Non Intersection,Right Turn Lane,Daylight,No Defects,"Two-way, Not Divided",Dry,Clear,Eleven o'clock,Passenger Car,Functional,N,Moving Constant Speed,2015-01-10 17:00,22,39.34613815,-76.48625851
5235,N,Apparently Normal,No Misuse,N,No Injury,1290038d-daaa-4c77-9fae-24eeb32632e2,D,AE5070000B,Shoulder/Lap Belt(s),M,cd88e113-1498-44f8-b948-b0f6b04be693,Same Direction Left Turn,N,Non Intersection,Left Turn Lane,Dark Lights On,No Defects,"Two-way, Not Divided",Dry,Clear,Twelve o'clock,Passenger Car,Disabling,N,Accelerating,2015-01-15 19:54,26,39.29935271,-76.55544877
5236,N,Apparently Normal,No Misuse,Y,No Injury,3d22753d-9943-4edd-958d-379ea0e92f6d,D,AE5138000S,Shoulder/Lap Belt(s),M,fe1681b7-010c-409f-b6a9-b366147faafd,Same Movement Angle,N,Intersection,Left Turn Lane,Dawn,No Defects,"Two-way, Not Divided",Wet,Clear,Twelve o'clock,(Sport) Utility Vehicle,Disabling,N,Moving Constant Speed,2015-03-07 07:42,60,39.38744465,-76.46924257
5237,N,Apparently Normal,No Misuse,N,Possible Incapacitating Injury,de164bcb-c683-4eb3-80ef-a5d7ac591c23,D,AE5138000S,Shoulder/Lap Belt(s),M,8fbffb6f-4abf-41b4-9fbf-f355f6479b83,Same Movement Angle,N,Intersection,Left Turn Lane,Dawn,No Defects,"Two-way, Not Divided",Wet,Clear,Nine o'clock,(Sport) Utility Vehicle,Disabling,N,Making Left Turn,2015-03-07 07:42,63,39.38744465,-76.46924257
5238,N,Apparently Normal,No Misuse,N,No Injury,03206531-fe28-4bbe-a3cf-9af564068b6d,D,AE5148000D,Shoulder/Lap Belt(s),M,7285274b-0a79-48a8-a457-823ab6ab6aac,Same Direction Rear End,N,Non Intersection,Right Turn Lane,Daylight,No Defects,"Two-way, Not Divided",Snow,Snow,Six o'clock,Passenger Car,Superficial,N,Slowing or Stopping,2015-03-05 13:33,26,39.40239771,-76.8035692
5239,N,Apparently Normal,No Misuse,Y,No Injury,18cd3a1e-3622-41d1-a2cd-2c673d813b15,D,AE51640005,Shoulder/Lap Belt(s),M,d8c48379-7579-4786-bbd4-f4522f71e4cb,Same Direction Right Turn,N,Non Intersection,Left Turn Lane,Dark Lights On,No Defects,"Two-way, Not Divided",Dry,Clear,Four o'clock,Passenger Car,Functional,N,Moving Constant Speed,2015-02-07 18:46,23,39.47474643,-76.82898045
5240,N,Apparently Normal,No Misuse,N,No Injury,f7225570-546b-4af7-b069-c53993e26d7c,D,AE5254000H,Shoulder/Lap Belt(s),M,668890d3-89bf-4e83-bd14-4c62359ff660,Head On Left Turn,N,Intersection,Right Turn Lane,Dark Lights On,No Defects,"Two-way, Divided, Positive Median Barrier",Dry,Clear,Twelve o'clock,Pickup Truck,Disabling,N,Moving Constant Speed,2015-02-08 18:31,18,39.49557992,-76.6614604
5241,N,Apparently Normal,No Misuse,Y,Possible Incapacitating Injury,c97c5196-4156-4ca3-98ca-1605ab16c71a,D,AE5254000H,Shoulder/Lap Belt(s),M,9bdf7b4a-ca2c-43e7-bbfe-46750acb52f0,Head On Left Turn,N,Intersection,Right Turn Lane,Dark Lights On,No Defects,"Two-way, Divided, Positive Median Barrier",Dry,Clear,Twelve o'clock,Passenger Car,Disabling,N,Making Left Turn,2015-02-08 18:31,52,39.49557992,-76.6614604
5242,N,Apparently Normal,No Misuse,Y,No Injury,044ba9aa-666a-4197-a811-56fdd1b704c2,D,AE5340000Y,Shoulder/Lap Belt(s),M,55ad7b91-d50f-4e2a-9411-82f6f43dfe8a,Single Vehicle ,N,Non Intersection,Left Turn Lane,Dark No Lights,No Defects,"Two-way, Divided, Positive Median Barrier",Dry,Clear,Twelve o'clock,Passenger Car,Destroyed,N,Moving Constant Speed,2015-02-03 21:12,23,39.34562374,-76.46387815
5243,N,Apparently Normal,No Misuse,N,No Injury,ed0b2984-fb34-4cf5-aa72-fa70ed230acd,D,AE5405000B,Shoulder/Lap Belt(s),M,a35c2ff0-f628-4161-b5bf-56f514457ecc,Single Vehicle ,N,Non Intersection,Acceleration Lane,Daylight,No Defects,"Two-way, Divided, Positive Median Barrier",Dry,Clear,One o'clock,Passenger Car,Disabling,N,Moving Constant Speed,2015-02-02 14:50,23,39.29655472,-76.5062356
5244,N,Apparently Normal,No Misuse,N,No Injury,28883724-4365-4735-9f56-662be5201658,D,AE54660015,Shoulder/Lap Belt(s),M,7efcf523-6f0e-4bc5-ad01-8ff9fbd3323a,Same Movement Angle,N,Intersection,Right Turn Lane,Dark Lights On,No Defects,"Two-way, Not Divided",Wet,Raining,Twelve o'clock,Passenger Car,Disabling,N,Moving Constant Speed,2015-02-09 21:40,81,39.29095009,-76.7355752
5245,N,Apparently Normal,No Misuse,Y,No Injury,7e4f96e3-ee7f-4900-aa92-be003f224987,D,AE54660015,Shoulder/Lap Belt(s),M,6a5badc7-10df-4ad3-a0ff-41b7c33cc243,Same Movement Angle,N,Intersection,Right Turn Lane,Dark Lights On,No Defects,"Two-way, Not Divided",Wet,Raining,Twelve o'clock,Passenger Car,Functional,N,Accelerating,2015-02-09 21:40,38,39.29095009,-76.7355752
5246,N,Apparently Normal,No Misuse,Y,No Injury,3a5d58c6-3567-46d0-9c45-a7f26eb21118,D,AE54660018,Shoulder/Lap Belt(s),M,a11f0504-f60e-4b5c-9352-1210114534c2,Single Vehicle ,N,Non Intersection,Right Turn Lane,Daylight,No Defects,"Two-way, Not Divided",Dry,Clear,Twelve o'clock,Passenger Car,Disabling,N,Moving Constant Speed,2015-02-19 07:03,27,39.39036752,-76.81396008
5247,N,Apparently Normal,No Misuse,N,No Injury,a22f2fe0-193e-482d-9f64-dddc831a11d2,D,AE5466001M,Shoulder/Lap Belt(s),M,65a44474-640c-4aa5-b160-b356df96ca70,Same Direction Rear End,N,Non Intersection,Right Turn Lane,Daylight,No Defects,"Two-way, Not Divided",Ice,Clear,Six o'clock,School Bus,No Damage,N,Slowing or Stopping,2015-03-10 07:56,65,39.36366737,-76.80943251
5248,N,Apparently Normal,No Misuse,Y,No Injury,9a6bfc79-e557-4856-92ae-a632ad15b502,D,AE5466001M,Shoulder/Lap Belt(s),M,c806f40f-e62b-4761-a6f0-8a299be34e93,Same Direction Rear End,N,Non Intersection,Right Turn Lane,Daylight,No Defects,"Two-way, Not Divided",Ice,Clear,Twelve o'clock,Van,Disabling,N,Slowing or Stopping,2015-03-10 07:56,45,39.36366737,-76.80943251
5249,N,Apparently Normal,No Misuse,N,No Injury,d8a8a3cb-d6c6-4d03-b68a-372e7e51224b,D,AE5562000B,Shoulder/Lap Belt(s),M,6e6a4728-0ac8-44f7-9d6d-7ce4dcdea117,Same Direction Sideswipe,N,Intersection,Right Turn Lane,Dark Lights On,No Defects,"Two-way, Not Divided",Dry,Clear,Four o'clock,Passenger Car,Superficial,N,Moving Constant Speed,2015-03-31 00:55,73,39.33149254,-76.76604509
5250,N,Apparently Normal,No Misuse,N,No Injury,b44139aa-32b8-479c-9f7b-dfa811f1ad67,D,AE55900006,Shoulder/Lap Belt(s),M,ba1e7236-2c99-49d7-a6b5-9de89efa1a25,Same Movement Angle,N,Intersection,Right Turn Lane,Daylight,No Defects,"Two-way, Not Divided",Wet,Snow,Twelve o'clock,Passenger Car,Disabling,N,Moving Constant Speed,2015-01-24 13:01,39,39.46146141,-76.78151608
5251,N,Apparently Normal,No Misuse,Y,No Injury,b81f2b96-4f5f-4100-98d7-6cb48e45ee1a,D,AE55900006,Shoulder/Lap Belt(s),M,6a386547-0c35-447a-b937-becab83b70c4,Same Movement Angle,N,Intersection,Right Turn Lane,Daylight,No Defects,"Two-way, Not Divided",Wet,Snow,One o'clock,Passenger Car,Functional,N,Starting From Lane,2015-01-24 13:01,53,39.46146141,-76.78151608
5252,N,Apparently Normal,No Misuse,N,No Injury,f086761e-455a-455b-8892-4ae88bc4dd54,D,AE56580005,Shoulder/Lap Belt(s),M,4155cdef-e488-4901-a57b-aa94fa33d322,Head On Left Turn,N,Non Intersection,Right Turn Lane,Dark Lights On,No Defects,"Two-way, Not Divided",Wet,Snow,Twelve o'clock,Passenger Car,Disabling,N,Moving Constant Speed,2015-02-21 20:20,46,39.53074917,-76.64568901
5253,N,Apparently Normal,No Misuse,Y,No Injury,aabac0db-5fcf-49a5-8bbf-2a34be9e0a3b,D,AE56580005,Shoulder/Lap Belt(s),M,ed75ef3e-7624-437d-b646-423805b31aa1,Head On Left Turn,N,Non Intersection,Right Turn Lane,Dark Lights On,No Defects,"Two-way, Not Divided",Wet,Snow,One o'clock,Pickup Truck,Disabling,N,Making Right Turn,2015-02-21 20:20,34,39.53074917,-76.64568901
5254,N,Apparently Normal,No Misuse,N,No Injury,e1bc11b8-0027-451f-874a-0f3b46c2f58b,D,AE5723000H,Shoulder/Lap Belt(s),M,32f94bca-97a3-48c6-af04-c6ade80c1c7a,Same Direction Rear End,N,Intersection Related,Right Turn Lane,Daylight,No Defects,"Two-way, Not Divided",Dry,Clear,Six o'clock,Pickup Truck,Functional,N,Slowing or Stopping,2015-03-30 12:50,35,39.38025509,-76.72888041
5255,N,Apparently Normal,No Misuse,Y,No Injury,5f50f36a-6d16-44e5-8170-2b524904c2af,D,AE5723000H,Shoulder/Lap Belt(s),M,8f464e65-a027-4279-80de-0bfc51493379,Same Direction Rear End,N,Intersection Related,Right Turn Lane,Daylight,No Defects,"Two-way, Not Divided",Dry,Clear,Twelve o'clock,Passenger Car,Disabling,N,Moving Constant Speed,2015-03-30 12:50,47,39.38025509,-76.72888041
5256,N,Apparently Normal,No Misuse,Y,No Injury,776df768-ddc1-4128-b128-34ec0a6a56ba,D,AK00600002,Shoulder/Lap Belt(s),M,b06889b1-f186-4a46-8278-4909d9d455ff,Single Vehicle ,N,Non Intersection,Left Turn Lane,Daylight,No Defects,"Two-way, Divided, Positive Median Barrier",Slush,Sleet,Two o'clock,Passenger Car,Disabling,N,Moving Constant Speed,2015-03-05 15:00,35,38.31637342,-75.21642298
5257,N,Apparently Normal,No Misuse,N,No Injury,a92c27b2-40dc-41d8-a36a-bbd8727946ef,D,AM03210003,Shoulder/Lap Belt(s),M,065d81df-f53a-42df-9fd5-ebab32088114,Same Direction Right Turn,N,Intersection Related,Right Turn Lane,Dark Lights On,No Defects,"Two-way, Divided, Unprotected (painted >4 feet) Median",Slush,Wintry Mix,Eleven o'clock,Passenger Car,Superficial,N,Moving Constant Speed,2015-01-06 18:44,23,38.9393231,-76.93613201
5258,N,Apparently Normal,No Misuse,Y,No Injury,cfe5de80-14b0-4b34-9e45-a88edb74d6d0,D,AM03210003,Shoulder/Lap Belt(s),M,d371427c-2b6f-4ebb-9a58-2b0286fbd207,Same Direction Right Turn,N,Intersection Related,Right Turn Lane,Dark Lights On,No Defects,"Two-way, Divided, Unprotected (painted >4 feet) Median",Slush,Wintry Mix,One o'clock,(Sport) Utility Vehicle,Superficial,N,Accelerating,2015-01-06 18:44,51,38.9393231,-76.93613201
5259,N,Apparently Normal,No Misuse,N,No Injury,b19e68da-841e-464d-9939-09ecf06d2cab,D,AZ1687000M,Shoulder/Lap Belt(s),M,3328658a-7577-4928-9c08-4f3ade93b390,Head On Left Turn,N,Intersection,Right Turn Lane,Daylight,No Defects,"Two-way, Not Divided",Wet,Clear,Twelve o'clock,Passenger Car,Functional,N,Moving Constant Speed,2015-02-22 13:42,18,38.91801715,-76.91562653
5260,N,Apparently Normal,No Misuse,Y,No Injury,27b43608-54b7-4905-b63b-7c7f101e06a1,D,AZ1687000M,Shoulder/Lap Belt(s),M,e31f801b-24cc-4803-a34e-bce325a9a48d,Head On Left Turn,N,Intersection,Right Turn Lane,Daylight,No Defects,"Two-way, Not Divided",Wet,Clear,Twelve o'clock,Passenger Car,Functional,N,Making Left Turn,2015-02-22 13:42,21,38.91801715,-76.91562653
5261,N,Apparently Normal,No Misuse,N,No Injury,06b98f7b-979c-46ce-bd65-6feb7526fc6a,D,BJ0165000K,Shoulder/Lap Belt(s),M,668fb477-1ad3-4042-bc4d-0cd5460b55f5,Same Direction Rear End,N,Non Intersection,Right Turn Lane,Daylight,No Defects,"Two-way, Not Divided",Dry,Clear,Six o'clock,"Other Light Trucks (10,000 lbs (4,536 kg))",Superficial,N,Parked  ,2015-01-27 13:05,42,38.79567075,-76.05862856
5262,N,Apparently Normal,No Misuse,N,No Injury,ff0e6ca4-1133-4064-bbef-56c32ed8a4bb,D,BS02940003,Shoulder/Lap Belt(s),M,30255d51-fafa-4cb7-9501-74fc16b4286d,Head On Left Turn,N,Intersection,Acceleration Lane,Daylight,No Defects,"Two-way, Divided, Positive Median Barrier",Dry,Clear,Three o'clock,Passenger Car,Disabling,N,Making Left Turn,2015-02-23 15:47,25,39.41875659,-77.45345235
5263,N,Apparently Normal,No Misuse,Y,No Injury,85a78d8c-8c8d-4043-8235-5602539d18d3,D,BS02940003,Shoulder/Lap Belt(s),M,256f831b-ef48-47ef-ac9d-e6c73c733a44,Head On Left Turn,N,Intersection,Acceleration Lane,Daylight,No Defects,"Two-way, Divided, Positive Median Barrier",Dry,Clear,Twelve o'clock,Passenger Car,Disabling,N,Moving Constant Speed,2015-02-23 15:47,36,39.41875659,-77.45345235
5264,N,Apparently Normal,No Misuse,Y,No Injury,4984df0c-9219-4b0b-9451-1b7e6abeaa23,D,BSPDA1800002,Lap Belt Only,M,d605aa5e-39ac-4a4c-a468-a18e80430925,Same Direction Rear End,N,Non Intersection,Right Turn Lane,Daylight,No Defects,"Two-way, Divided, Positive Median Barrier",Snow,Snow,One o'clock,"Other Light Trucks (10,000 lbs (4,536 kg))",Superficial,N,Passing,2015-01-26 10:00,26,39.2948028,-76.68390512
5265,Y,Apparently Normal,No Misuse,N,No Injury,d02d552a-ce74-4382-9336-6dbdbd167dd6,D,BW0116001C,Shoulder/Lap Belt(s),M,d6eb787c-0b1b-40f3-b13a-992df2192a3d,Head On Left Turn,N,Non Intersection,Right Turn Lane,Daylight,No Defects,"Two-way, Not Divided",Snow,Clear,Eleven o'clock,"Medium/Heavy Truck 2 axles (10,000 lbs (4,536 kg) or less)",Functional,N,Moving Constant Speed,2015-03-06 07:47,35,39.005709,-76.880425
5266,N,Apparently Normal,No Misuse,Y,No Injury,fd6b3cf6-6dc0-441b-a73e-4ed3568af637,D,BW0116001C,Shoulder/Lap Belt(s),M,ce2dc4ec-0e37-480e-a755-331faf1efd37,Head On Left Turn,N,Non Intersection,Right Turn Lane,Daylight,No Defects,"Two-way, Not Divided",Snow,Clear,Twelve o'clock,Passenger Car,Destroyed,N,Making Left Turn,2015-03-06 07:47,66,39.005709,-76.880425
5267,N,Apparently Normal,No Misuse,N,No Injury,64005703-bd02-4b4e-95f0-e0b4990c4acc,D,CB46070008,Shoulder/Lap Belt(s),M,ce6beb94-e25b-4166-b02f-948b69af9af7,Same Movement Angle,N,Commercial Driveway,Left Turn Lane,Daylight,No Defects,"Two-way, Divided, Unprotected (painted >4 feet) Median",Wet,Cloudy,Twelve o'clock,Passenger Car,Disabling,N,Moving Constant Speed,2015-01-04 13:52,65,39.15084684,-76.80290937
5268,N,Apparently Normal,No Misuse,N,Possible Incapacitating Injury,7500c8a5-c336-4b34-895f-0c065d02ee77,D,CB47180005,Shoulder/Lap Belt(s),M,f6b2556d-cec0-4aca-8988-4f8d0cfe80a3,Same Movement Angle,N,Commercial Driveway,Right Turn Lane,Dark Lights On,No Defects,"Two-way, Not Divided with a Continuous Left Turn Lane",Dry,Clear,Eleven o'clock,Police Vehicle/Non Emergency,Disabling,N,Moving Constant Speed,2015-03-06 22:37,32,39.11319679,-76.83475256
5269,N,Had Been Drinking,No Misuse,Y,No Injury,cfdca7e9-d09f-418b-8651-4e121de269cb,D,CB47180005,Shoulder Belt Only,M,fcd0148e-d3c9-4228-a645-f86e7869419c,Same Movement Angle,N,Commercial Driveway,Right Turn Lane,Dark Lights On,No Defects,"Two-way, Not Divided with a Continuous Left Turn Lane",Dry,Clear,Eleven o'clock,Passenger Car,Functional,Y,Making Left Turn,2015-03-06 22:37,32,39.11319679,-76.83475256
5270,N,Apparently Normal,No Misuse,Y,Possible Incapacitating Injury,dc36ca33-95d0-4bcf-9ba6-b9f7faf10ed1,D,CB5096000K,Shoulder/Lap Belt(s),M,f44f8195-5cb7-41c1-9f5e-bf9d857e3a92,Single Vehicle ,N,Non Intersection,Right Turn Lane,Daylight,No Defects,"Two-way, Not Divided",Slush,Wintry Mix,Twelve o'clock,Passenger Car,Disabling,N,Moving Constant Speed,2015-03-01 14:59,22,39.13561531,-76.80463135
5271,N,Apparently Normal,No Misuse,N,No Injury,59ec7ce4-ce5e-4097-acdf-f25a5280c4eb,D,CB55110008,Shoulder/Lap Belt(s),M,3bd1b578-9f30-4872-9f94-731421fb5216,Same Direction Rear End,N,Intersection,Right Turn Lane,Dark No Lights,No Defects,"Two-way, Not Divided",Dry,Clear,Six o'clock,Passenger Car,Disabling,N,Stopped in Traffic Lane,2015-02-20 21:51,53,39.15039755,-76.86106771