KEY_INDEX,CDL_FLAG,CONDITION_CODE,EQUIP_PROB_CODE,FAULT_FLAG,INJ_SEVER_CODE,PERSON_ID,PERSON_TYPE,REPORT_NO,SAF_EQUIP_CODE,SEX_CODE,VEHICLE_ID,COLLISION_TYPE_CODE,C_M_ZONE_FLAG,JUNCTION_CODE,LANE_CODE,LIGHT_CODE,RD_COND_CODE,RD_DIV_CODE,SURF_COND_CODE,WEATHER_CODE,AREA_DAMAGED_CODE_MAIN,BODY_TYPE_CODE,DAMAGE_CODE,HIT_AND_RUN_FLAG,MOVEMENT_CODE,TIME,AGE,LATITUDE,LONGITUDE
5272,N,Apparently Normal,Facing Wrong Way,Y,No Injury,c2878f90-47d5-4765-9ff8-3635486915f1,D,CB55110008,Shoulder/Lap Belt(s),M,aceb4ddd-af59-4765-866c-c163f09ae0bc,Same Direction Rear End,N,Intersection,Right Turn Lane,Dark No Lights,No Defects,"Two-way, Not Divided",Dry,Clear,Twelve o'clock,(Sport) Utility Vehicle,Functional,N,Moving Constant Speed,2015-02-20 21:51,59,39.15039755,-76.86106771
5273,N,Apparently Normal,No Misuse,Y,No Injury,b78c1e28-e3ce-46e0-b103-837c270c3961,D,CB55120007,Shoulder/Lap Belt(s),M,96f33112-c54a-44fd-a536-53e80ca0f023,Single Vehicle ,N,Non Intersection,Left Turn Lane,Dark Lights On,No Defects,"Two-way, Not Divided with a Continuous Left Turn Lane",Snow,Snow,Ten o'clock,Passenger Car,Disabling,N,Moving Constant Speed,2015-02-15 04:18,53,39.18613171,-76.76095963
5274,N,Apparently Normal,No Misuse,N,No Injury,dfb5ce2f-adfe-48b6-8cac-dbf8668af4c1,D,CBPD00540007,Shoulder/Lap Belt(s),M,5c0193ab-665c-4773-bbf1-342d8daf1ccc,Same Movement Angle,N,Intersection,Right Turn Lane,Dark Lights On,No Defects,"Two-way, Not Divided",Wet,Clear,Twelve o'clock,Passenger Car,Superficial,N,Moving Constant Speed,2015-02-09 21:45,39,38.97395689,-76.75595999
5275,N,Apparently Normal,No Misuse,N,Possible Incapacitating Injury,5e93d324-5111-4d2b-9bfa-a00347706a57,D,CBPD00540007,Shoulder/Lap Belt(s),M,59843fca-3cec-46e3-9cff-10cbcdd4e802,Same Movement Angle,N,Intersection,Right Turn Lane,Dark Lights On,No Defects,"Two-way, Not Divided",Wet,Clear,Six o'clock,(Sport) Utility Vehicle,Disabling,N,Moving Constant Speed,2015-02-09 21:45,25,38.97395689,-76.75595999
5276,N,Apparently Normal,No Misuse,Y,Possible Incapacitating Injury,d89e167d-c2a0-4451-809b-16120fa85f53,D,CBPD00540007,Shoulder/Lap Belt(s),M,b6b63c10-3574-4874-8517-db1a503dfee7,Same Movement Angle,N,Intersection,Right Turn Lane,Dark Lights On,No Defects,"Two-way, Not Divided",Wet,Clear,Twelve o'clock,(Sport) Utility Vehicle,Disabling,N,Moving Constant Speed,2015-02-09 21:45,25,38.97395689,-76.75595999
5277,N,Apparently Normal,No Misuse,N,No Injury,2af16f11-7342-4302-ab85-063aeef76613,D,CC02430006,Shoulder/Lap Belt(s),M,d73f5258-ca8d-4fae-b373-a57ca520a431,Same Direction Rear End,N,Intersection Related,Right Turn Lane,Dawn,No Defects,"Two-way, Not Divided",Snow,Wintry Mix,Six o'clock,Passenger Car,No Damage,N,Slowing or Stopping,2015-02-16 16:59,25,38.95505379,-76.96064472
5278,N,Apparently Normal,No Misuse,N,No Injury,62d080b7-b65d-403b-9787-d3128de17530,D,CD0616000S,Shoulder/Lap Belt(s),M,3084377c-d161-41b8-a5a3-2a30fd11748c,Same Direction Rear End,N,Intersection Related,Left Turn Lane,Daylight,No Defects,"Two-way, Divided, Positive Median Barrier",Wet,Raining,Six o'clock,Passenger Car,Functional,N,Slowing or Stopping,2015-03-20 08:19,80,38.5431643,-76.98441982
5279,N,Apparently Normal,No Misuse,N,No Injury,0c36cdd7-8a94-47e2-88f7-0c2564dc0bb0,D,CD0630000B,Shoulder/Lap Belt(s),M,0b9f91c2-7cd9-4480-ae55-e35c011a1794,Same Direction Rear End,N,Intersection,Right Turn Lane,Daylight,No Defects,"Two-way, Not Divided",Dry,Cloudy,Six o'clock,Passenger Car,Superficial,N,Stopped in Traffic Lane,2015-03-03 10:59,65,38.52967799,-76.97865844
5280,N,Apparently Normal,No Misuse,N,No Injury,5e83f93f-90dc-424a-85a9-6b0235626bbf,D,CE42610005,Shoulder/Lap Belt(s),M,e4e29eb0-9c34-4090-bb4d-4074c7830d72,Same Direction Rear End,N,Intersection,Left Turn Lane,Daylight,No Defects,"Two-way, Not Divided",Dry,Clear,Six o'clock,Passenger Car,Functional,N,Stopped in Traffic Lane,2015-03-19 12:10,33,39.08233938,-76.86354876
5281,N,Apparently Normal,No Misuse,Y,No Injury,571b7801-0d4a-4ee1-8ef5-85832ec0bff7,D,CE42610005,Shoulder/Lap Belt(s),M,541caae9-c0a9-4807-b0c8-19a9749e8767,Same Direction Rear End,N,Intersection,Left Turn Lane,Daylight,No Defects,"Two-way, Not Divided",Dry,Clear,Twelve o'clock,Passenger Car,Functional,N,Slowing or Stopping,2015-03-19 12:10,37,39.08233938,-76.86354876
5282,N,Apparently Normal,No Misuse,N,No Injury,acb71c33-0fe3-4e30-a2de-89569a90b7ba,D,DA26600004,Shoulder/Lap Belt(s),M,3141870c-0cf5-4429-800e-99feaf207a6f,Same Direction Sideswipe,N,Non Intersection,Left Turn Lane,Daylight,No Defects,"Two-way, Divided, Unprotected (painted >4 feet) Median",Dry,Cloudy,Ten o'clock,(Sport) Utility Vehicle,Superficial,N,Moving Constant Speed,2015-03-03 16:00,47,39.00403626,-76.93044841
5283,N,Apparently Normal,No Misuse,Y,No Injury,785f6667-213d-448d-98fd-6594aabcefb0,D,DA26600004,Shoulder/Lap Belt(s),M,fc0d7ec8-df7e-4a67-ab48-cc08386b8171,Same Direction Sideswipe,N,Non Intersection,Left Turn Lane,Daylight,No Defects,"Two-way, Divided, Unprotected (painted >4 feet) Median",Dry,Cloudy,Two o'clock,Passenger Car,Superficial,N,Moving Constant Speed,2015-03-03 16:00,25,39.00403626,-76.93044841
5284,N,Apparently Normal,No Misuse,N,No Injury,d36ec6e7-acc8-4eba-b851-3851d6cbf655,D,DA28310005,Shoulder/Lap Belt(s),M,ddeb96e9-7619-4164-955d-59e86776a785,Same Direction Sideswipe,N,Non Intersection,Right Turn Lane,Daylight,No Defects,"Two-way, Divided, Positive Median Barrier",Dry,Clear,One o'clock,Police Vehicle/Emergency,Superficial,N,Moving Constant Speed,2015-03-13 10:30,31,39.00213531,-76.86490059
5285,N,Apparently Normal,No Misuse,Y,No Injury,541da402-c849-46c8-8623-77d16fe7b266,D,DA28310005,Shoulder/Lap Belt(s),M,00ac0dd6-752c-4db2-abff-a23ba35e103b,Same Direction Sideswipe,N,Non Intersection,Right Turn Lane,Daylight,No Defects,"Two-way, Divided, Positive Median Barrier",Dry,Clear,Seven o'clock,Passenger Car,Superficial,N,Moving Constant Speed,2015-03-13 10:30,67,39.00213531,-76.86490059
5286,N,Apparently Normal,No Misuse,Y,No Injury,553b6680-640a-4821-a556-dab58dc7dcb3,D,DA28540002,Shoulder/Lap Belt(s),M,bee2e793-485c-49b3-b5c4-88a4ef5f0d57,Same Direction Rear End,N,Intersection,Acceleration Lane,Daylight,No Defects,"Two-way, Divided, Positive Median Barrier",Ice,Snow,Twelve o'clock,(Sport) Utility Vehicle,Superficial,N,Slowing or Stopping,2015-01-09 07:54,40,38.9321648,-76.90212965
5287,Y,Apparently Normal,No Misuse,N,No Injury,f14c1bb0-608a-4b96-966d-e44b9d86fcab,D,DA30350002,Shoulder/Lap Belt(s),M,e7635795-fe5b-40f5-baed-1abc19d9889f,Head On,N,Intersection Related,Right Turn Lane,Daylight,No Defects,"Two-way, Divided, Unprotected (painted >4 feet) Median",Dry,Clear,Eleven o'clock,Transit Bus,Superficial,N,Stopped in Traffic Lane,2015-01-02 11:00,57,38.98015393,-76.91285849
5288,N,Apparently Normal,No Misuse,Y,No Injury,02f5fc93-c810-4073-97d4-8a1f60381a4c,D,DA30350002,Shoulder/Lap Belt(s),M,5ad35891-1081-4d29-a2ee-06a045b2ff9f,Head On,N,Intersection Related,Right Turn Lane,Daylight,No Defects,"Two-way, Divided, Unprotected (painted >4 feet) Median",Dry,Clear,Eleven o'clock,(Sport) Utility Vehicle,Disabling,N,Accelerating,2015-01-02 11:00,38,38.98015393,-76.91285849
5289,N,Apparently Normal,No Misuse,N,No Injury,ff638963-dc07-4e21-94c1-d56475e0b062,D,DA33770004,Shoulder/Lap Belt(s),M,83461259-8a3a-4a8d-8422-6680363db31e,Same Direction Rear End,N,Intersection,Acceleration Lane,Dark Lights On,No Defects,"Two-way, Divided, Positive Median Barrier",Dry,Clear,Six o'clock,Passenger Car,Superficial,N,Stopped in Traffic Lane,2015-01-24 20:32,31,38.98455743,-76.96622372
5290,N,Apparently Normal,No Misuse,N,No Injury,05778f3d-e842-4721-a80d-dead16030de9,D,DA33770004,Shoulder/Lap Belt(s),M,a360da3b-7ce2-49ea-8884-232a90fd6c82,Same Direction Rear End,N,Intersection,Acceleration Lane,Dark Lights On,No Defects,"Two-way, Divided, Positive Median Barrier",Dry,Clear,Six o'clock,Passenger Car,Functional,N,Stopped in Traffic Lane,2015-01-24 20:32,24,38.98455743,-76.96622372
5291,N,Apparently Normal,No Misuse,N,No Injury,9b0993be-83c2-4b2c-b775-bc037fc5b7e8,D,DA33820007,Shoulder/Lap Belt(s),M,d7a141b8-e0dc-49e5-9805-15a16b237afc,Same Direction Rear End,N,Non Intersection,Left Turn Lane,Daylight,No Defects,"Two-way, Divided, Unprotected (painted >4 feet) Median",Wet,Clear,Six o'clock,(Sport) Utility Vehicle,Superficial,N,Stopped in Traffic Lane,2015-02-18 16:05,67,38.80257735,-76.99589968
5292,Y,Apparently Normal,No Misuse,Y,No Injury,ff578ad3-bd4e-4591-b0b2-35643f2eacb6,D,DA33820007,Shoulder/Lap Belt(s),M,4e278d4e-bda1-4264-944f-7dd069d08220,Same Direction Rear End,N,Non Intersection,Left Turn Lane,Daylight,No Defects,"Two-way, Divided, Unprotected (painted >4 feet) Median",Wet,Clear,Twelve o'clock,School Bus,Superficial,N,Accelerating,2015-02-18 16:05,63,38.80257735,-76.99589968
5293,N,Apparently Normal,No Misuse,N,No Injury,0d85b312-bce2-4e84-9668-2296e6737aaf,D,DA34090009,Shoulder/Lap Belt(s),M,dfa565fa-312e-4232-a7c7-73cc5f0c60d5,Same Direction Rear End,N,Non Intersection,Left Turn Lane,Daylight,No Defects,"Two-way, Divided, Positive Median Barrier",Wet,Raining,Six o'clock,Passenger Car,Superficial,N,Slowing or Stopping,2015-03-27 10:14,53,38.82944481,-76.9302392
5294,N,Apparently Normal,No Misuse,N,No Injury,ba2263db-6932-468e-a057-61c0f293452c,D,DA3432000G,Shoulder/Lap Belt(s),M,f8c724f2-9080-4c5e-ae5b-90adb39d9b57,Same Direction Rear End,N,Non Intersection,Right Turn Lane,Daylight,No Defects,"Two-way, Not Divided",Dry,Clear,Six o'clock,Passenger Car,Functional,N,Slowing or Stopping,2015-02-13 14:45,33,38.76654032,-76.89195871
5295,N,Apparently Normal,Air Bag Failed,N,No Injury,a7c979ba-36a5-4e11-9997-014ae9ac9b71,D,DA3432000J,Shoulder/Lap Belt(s),M,94915766-d9b4-4470-a514-4b0fcd598b6e,Opposite Direction Sideswipe,N,Non Intersection,Right Turn Lane,Daylight,No Defects,"Two-way, Not Divided",Dry,Clear,Twelve o'clock,Passenger Car,Disabling,N,Moving Constant Speed,2015-03-02 15:45,36,38.73385792,-76.84470892
5296,N,Apparently Normal,No Misuse,Y,No Injury,05989084-5998-4e3f-96cf-85457cc14143,D,DA3432000J,Shoulder/Lap Belt(s),M,7116d11d-0f0e-4719-b879-1255e83205f0,Opposite Direction Sideswipe,N,Non Intersection,Right Turn Lane,Daylight,No Defects,"Two-way, Not Divided",Dry,Clear,Nine o'clock,(Sport) Utility Vehicle,Functional,N,Moving Constant Speed,2015-03-02 15:45,33,38.73385792,-76.84470892
5297,N,Apparently Normal,No Misuse,Y,No Injury,ab3a09a7-8642-4506-b3db-993feec52d21,D,DA3566000J,Shoulder/Lap Belt(s),M,5fe3b11c-7d27-4744-9e6a-a2a9052a8338,Same Direction Rear End,N,Intersection Related,Left Turn Lane,Daylight,No Defects,"Two-way, Divided, Unprotected (painted >4 feet) Median",Dry,Clear,Twelve o'clock,(Sport) Utility Vehicle,Disabling,N,Slowing or Stopping,2015-03-15 18:28,74,38.96286257,-76.90087438
5298,N,Apparently Normal,No Misuse,N,No Injury,535614f7-d2d3-41df-b7d6-da6f88e48fd0,D,DA36010004,Shoulder/Lap Belt(s),M,78471a9e-b507-4eab-947c-9718d6152448,Head On Left Turn,N,Intersection Related,Left Turn Lane,Dark Lights On,No Defects,"Two-way, Divided, Positive Median Barrier",Dry,Clear,Eleven o'clock,Passenger Car,Disabling,N,Moving Constant Speed,2015-01-16 20:30,44,38.85581756,-76.90545559
5299,Y,Apparently Normal,No Misuse,Y,No Injury,8c80d9a3-be6b-4ab5-bcd9-aef29d478fd9,D,DA36010004,Shoulder/Lap Belt(s),M,0e2cd3fc-e1e1-4d00-90f9-ceff7ed24d2c,Head On Left Turn,N,Intersection Related,Left Turn Lane,Dark Lights On,No Defects,"Two-way, Divided, Positive Median Barrier",Dry,Clear,Eleven o'clock,Passenger Car,Disabling,N,Making Left Turn,2015-01-16 20:30,32,38.85581756,-76.90545559
5300,N,Apparently Normal,No Misuse,N,No Injury,35fd2b40-ba9c-4c47-b96b-8ba0b8f19624,D,DA36050008,Shoulder/Lap Belt(s),M,9a2c77b5-7deb-456c-ab7a-13519e191c08,Same Direction Rear End,N,Non Intersection,Left Turn Lane,Daylight,No Defects,"Two-way, Not Divided",Dry,Clear,Six o'clock,Other Bus,Functional,N,Stopped in Traffic Lane,2015-01-13 09:17,47,38.8534531,-76.89714074
5301,N,Apparently Normal,No Misuse,Y,No Injury,d73d50fd-c610-48ee-8282-d3a616ff1a6f,D,DA36050008,Shoulder/Lap Belt(s),M,7247b545-dd8e-48f9-92eb-c15600dbcb3b,Same Direction Rear End,N,Non Intersection,Left Turn Lane,Daylight,No Defects,"Two-way, Not Divided",Dry,Clear,One o'clock,"Other Light Trucks (10,000 lbs (4,536 kg))",Functional,N,Moving Constant Speed,2015-01-13 09:17,26,38.8534531,-76.89714074
5302,N,Apparently Normal,No Misuse,Y,No Injury,3a77fccf-c5f3-4d50-b3df-428e97624c97,D,DA36220005,Shoulder/Lap Belt(s),M,6e67ef37-9677-43d2-83a7-b2ddeb216430,Same Direction Rear End,N,Non Intersection,Right Turn Lane,Daylight,No Defects,"Two-way, Divided, Unprotected (painted >4 feet) Median",Dry,Clear,Twelve o'clock,Passenger Car,Disabling,N,Moving Constant Speed,2015-02-19 15:18,56,38.75407491,-76.98531032
5303,N,Apparently Normal,No Misuse,N,No Injury,c4db5458-2943-4bb6-bf88-80455a61dfd4,D,DA36710006,Shoulder/Lap Belt(s),M,24e91fb7-f8c5-48d7-be32-8a788ee4ec6e,Same Movement Angle,N,Intersection,Right Turn Lane,Dark Lights On,No Defects,"Two-way, Divided, Unprotected (painted >4 feet) Median",Dry,Clear,Twelve o'clock,Passenger Car,Functional,N,Moving Constant Speed,2015-01-29 19:05,47,38.98149669,-76.97108388
5304,N,Apparently Normal,No Misuse,Y,No Injury,28efdf29-2891-4897-8034-b317b107df20,D,DA36710006,Shoulder/Lap Belt(s),M,0dfe8f5d-b63f-4532-ae16-0d95e1b9033a,Same Movement Angle,N,Intersection,Right Turn Lane,Dark Lights On,No Defects,"Two-way, Divided, Unprotected (painted >4 feet) Median",Dry,Clear,Twelve o'clock,Passenger Car,Functional,N,Moving Constant Speed,2015-01-29 19:05,21,38.98149669,-76.97108388
5305,N,Apparently Normal,No Misuse,Y,No Injury,72b4b8e7-dff7-4b59-8186-243fcf37b6ab,D,DA3689000F,Shoulder/Lap Belt(s),M,2d1e052a-5caa-40cd-b157-5f0dd1602bea,Same Direction Rear End,N,Intersection,Right Turn Lane,Daylight,No Defects,"Two-way, Divided, Unprotected (painted >4 feet) Median",Dry,Clear,Twelve o'clock,Passenger Car,Functional,N,Moving Constant Speed,2015-02-08 14:58,22,39.01238984,-76.96530104
5306,N,Apparently Normal,No Misuse,N,Possible Incapacitating Injury,2e10b93b-27e8-4247-80ca-f67460bcc987,D,DA3689000F,Shoulder/Lap Belt(s),M,801d4229-e2e4-497c-aa2e-ef68cefda465,Same Direction Rear End,N,Intersection,Right Turn Lane,Daylight,No Defects,"Two-way, Divided, Unprotected (painted >4 feet) Median",Dry,Clear,Six o'clock,(Sport) Utility Vehicle,Disabling,N,Slowing or Stopping,2015-02-08 14:58,25,39.01238984,-76.96530104
5307,Y,Apparently Normal,No Misuse,Y,No Injury,55343979-a495-49fa-ba62-d098a8ef352f,D,DA37370002,Shoulder/Lap Belt(s),M,dcefa36c-affc-462b-95cd-f6728fe117c0,Single Vehicle ,N,Non Intersection,Right Turn Lane,Dawn,No Defects,"Two-way, Not Divided",Wet,Raining,Twelve o'clock,School Bus,No Damage,N,Moving Constant Speed,2015-01-22 06:30,51,38.86961006,-76.92769647
5308,Y,Apparently Normal,No Misuse,N,No Injury,a9a51d5d-5d11-4ecf-967b-beec9cb4b255,D,DA3741000Y,Shoulder/Lap Belt(s),M,e3941952-894e-4fbd-b98d-f7ad816c51ce,Same Direction Rear End,N,Non Intersection,Acceleration Lane,Daylight,No Defects,"Two-way, Divided, Positive Median Barrier",Wet,Raining,Six o'clock,Transit Bus,No Damage,N,Moving Constant Speed,2015-03-10 18:03,44,38.91045389,-76.8908751
5309,N,Apparently Normal,No Misuse,N,No Injury,71896276-c979-42e6-8d02-834512431dea,D,DA3751000D,Shoulder/Lap Belt(s),M,a9849912-e207-499f-bad3-0f47c80e5ed7,Same Direction Rear End,N,Non Intersection,Right Turn Lane,Dark Lights On,No Defects,One-way Trafficway,Dry,Clear,Six o'clock,Passenger Car,Disabling,N,Slowing or Stopping,2015-01-11 18:35,33,39.0576504,-76.83979511
5310,N,Apparently Normal,No Misuse,Y,No Injury,05761f14-6890-433a-ad76-b1a23b43fb1a,D,DA3751000D,Shoulder/Lap Belt(s),M,94bf4e40-17d1-43c1-a9dc-36e16aa19151,Same Direction Rear End,N,Non Intersection,Right Turn Lane,Dark Lights On,No Defects,One-way Trafficway,Dry,Clear,Twelve o'clock,Passenger Car,Disabling,N,Moving Constant Speed,2015-01-11 18:35,39,39.0576504,-76.83979511
5311,N,Apparently Normal,No Misuse,N,No Injury,58c18f06-1602-48c6-b8c1-9cba9d96f011,D,DA3751000H,Shoulder/Lap Belt(s),M,ab644d33-ea9d-41e0-8a0a-8609192e8907,Same Direction Rear End,N,Intersection Related,Deceleration Lane,Daylight,No Defects,"Two-way, Not Divided",Wet,Clear,Six o'clock,Passenger Car,Disabling,N,Stopped in Traffic Lane,2015-02-19 13:03,46,39.03905299,-76.94785595
5312,N,Apparently Normal,No Misuse,N,No Injury,dbee0c9f-c1f3-4ee8-83ce-fff03bf120df,D,DA3751000H,Shoulder/Lap Belt(s),M,d022509f-64de-488f-8a3d-a6a3e62156ac,Same Direction Rear End,N,Intersection Related,Deceleration Lane,Daylight,No Defects,"Two-way, Not Divided",Wet,Clear,Six o'clock,(Sport) Utility Vehicle,Functional,N,Stopped in Traffic Lane,2015-02-19 13:03,31,39.03905299,-76.94785595
5313,N,Apparently Normal,No Misuse,Y,No Injury,9f4bd94d-e2ea-4990-8402-38def8548361,D,DA3751000H,Shoulder/Lap Belt(s),M,84d2b178-f677-48f6-a837-6e0acf1abaaa,Same Direction Rear End,N,Intersection Related,Deceleration Lane,Daylight,No Defects,"Two-way, Not Divided",Wet,Clear,Twelve o'clock,Van,Functional,N,Slowing or Stopping,2015-02-19 13:03,45,39.03905299,-76.94785595
5314,N,Apparently Normal,No Misuse,N,No Injury,dd15560d-99e0-4c1c-8cb8-eff04b2c1ab5,D,DA37770002,Shoulder/Lap Belt(s),M,7e5de621-1251-4e74-8388-d40ff72a3ffd,Head On Left Turn,N,Non Intersection,Right Turn Lane,Dark No Lights,No Defects,"Two-way, Not Divided",Dry,Clear,Twelve o'clock,Van,Destroyed,N,Moving Constant Speed,2015-01-01 22:16,44,39.03805299,-76.79432631
5315,N,Apparently Normal,No Misuse,Y,Incapacitating/Disabled Injury,a3f829a6-e66b-4c57-ba2e-702402bca066,D,DA37770002,Shoulder/Lap Belt(s),M,3618d434-cfb1-4e23-9e01-4680b63c4abb,Head On Left Turn,N,Non Intersection,Right Turn Lane,Dark No Lights,No Defects,"Two-way, Not Divided",Dry,Clear,Two o'clock,Passenger Car,Destroyed,N,Moving Constant Speed,2015-01-01 22:16,23,39.03805299,-76.79432631
5316,N,Apparently Normal,No Misuse,N,No Injury,d2b708df-2752-44f3-a881-c677e917948a,D,DA37820009,Shoulder/Lap Belt(s),M,0466d727-990a-489e-a16f-a224596cb263,Same Direction Rear End,N,Intersection,Right Turn Lane,Dark Lights On,No Defects,"Two-way, Not Divided",Dry,Clear,Seven o'clock,Passenger Car,Superficial,N,Stopped in Traffic Lane,2015-01-25 22:00,53,39.04253621,-76.94522738
5317,N,Apparently Normal,No Misuse,N,No Injury,66f0c17e-b629-4316-81fd-e544b2ba239d,D,DA3791000F,Shoulder/Lap Belt(s),M,cf06b7cc-d7b4-436d-8686-42a5cfa45daf,Same Direction Rear End,N,Non Intersection,Left Turn Lane,Daylight,No Defects,"Two-way, Divided, Unprotected (painted >4 feet) Median",Wet,Cloudy,Six o'clock,Passenger Car,Superficial,N,Slowing or Stopping,2015-01-18 14:41,36,39.00066788,-76.98260665
5318,N,Apparently Normal,No Misuse,N,No Injury,3f1a5a9c-5cd1-47a3-a3c5-79b9daa66648,D,DA3791000F,Shoulder/Lap Belt(s),M,e99d8e5a-d79d-4674-bdfc-adf2e9e08693,Same Direction Rear End,N,Non Intersection,Left Turn Lane,Daylight,No Defects,"Two-way, Divided, Unprotected (painted >4 feet) Median",Wet,Cloudy,Six o'clock,(Sport) Utility Vehicle,Superficial,N,Slowing or Stopping,2015-01-18 14:41,34,39.00066788,-76.98260665
5319,N,Apparently Normal,No Misuse,Y,No Injury,4bbc63cd-07dc-40cf-adfa-e9ab9378bc38,D,DA3791000F,Shoulder/Lap Belt(s),M,f7f20cd6-ad67-4451-932a-877304296b4b,Same Direction Rear End,N,Non Intersection,Left Turn Lane,Daylight,No Defects,"Two-way, Divided, Unprotected (painted >4 feet) Median",Wet,Cloudy,Twelve o'clock,(Sport) Utility Vehicle,Functional,N,Accelerating,2015-01-18 14:41,24,39.00066788,-76.98260665
5320,Y,Apparently Normal,No Misuse,N,No Injury,1b4b75df-24e8-4b70-85ea-bd0357e9bd60,D,DA38230006,Shoulder/Lap Belt(s),M,a0b9ec49-3d56-4393-8b80-05685a93c3ef,Same Direction Rear End,N,Non Intersection,Right Turn Lane,Daylight,No Defects,"Two-way, Divided, Unprotected (painted >4 feet) Median",Dry,Clear,Six o'clock,School Bus,No Damage,N,Slowing or Stopping,2015-01-05 15:06,59,38.86057966,-76.91811562
5321,N,Apparently Normal,No Misuse,Y,No Injury,65bf6787-2ec4-4501-b36f-c6cd5ef7be0b,D,DA38230006,Shoulder/Lap Belt(s),M,adbd1a9a-132c-4f92-b116-1ddab3f470d6,Same Direction Rear End,N,Non Intersection,Right Turn Lane,Daylight,No Defects,"Two-way, Divided, Unprotected (painted >4 feet) Median",Dry,Clear,Twelve o'clock,Passenger Car,Superficial,N,Slowing or Stopping,2015-01-05 15:06,23,38.86057966,-76.91811562
5322,N,Apparently Normal,No Misuse,N,No Injury,08d63502-cc37-4e5a-82fc-7fcf01c4cae4,D,DA38440004,Shoulder/Lap Belt(s),M,babf296f-d4c8-483c-b2ff-e96a4db05dea,Same Direction Rear End,N,Intersection Related,Right Turn Lane,Dark Lights On,No Defects,"Two-way, Divided, Unprotected (painted >4 feet) Median",Dry,Clear,Six o'clock,(Sport) Utility Vehicle,Superficial,N,Moving Constant Speed,2015-02-28 20:06,27,38.97669266,-76.9737339
5323,N,Had Been Drinking,No Misuse,Y,No Injury,cd7b8d05-424d-4860-8352-d6a0ff4eb2d7,D,DA3851000D,Shoulder/Lap Belt(s),M,5068fbbe-e1a0-4cb7-90f6-3593a453066a,Same Direction Right Turn,N,Intersection Related,Left Turn Lane,Dark Lights On,No Defects,"Two-way, Not Divided",Dry,Clear,Ten o'clock,Passenger Car,Superficial,N,Accelerating,2015-03-21 00:58,30,39.00685425,-76.97110534
5324,N,Apparently Normal,No Misuse,N,No Injury,a127ec9e-6dc6-4cfa-b651-42239bfbeeaa,D,DA3855000J,Shoulder/Lap Belt(s),M,7eb6a2ac-8611-4ea7-835d-8c5f2dbeee21,Angle Meets Left Turn Head On,N,Intersection,Left Turn Lane,Daylight,No Defects,"Two-way, Divided, Positive Median Barrier",Wet,Raining,Eleven o'clock,Pickup Truck,Disabling,N,Making Left Turn,2015-03-20 11:25,52,39.01599942,-76.92719221
5325,N,Apparently Normal,No Misuse,Y,No Injury,d947fec6-5cfa-45d1-a1a6-5f4b8e38b737,D,DA3855000J,Shoulder/Lap Belt(s),M,30785401-7ecf-4137-96fa-2d3877764175,Angle Meets Left Turn Head On,N,Intersection,Left Turn Lane,Daylight,No Defects,"Two-way, Divided, Positive Median Barrier",Wet,Raining,One o'clock,Passenger Car,Disabling,N,Moving Constant Speed,2015-03-20 11:25,35,39.01599942,-76.92719221
5326,Y,Apparently Normal,No Misuse,N,No Injury,d3f076cf-e969-415b-b948-59b9e75c507d,D,DA38560006,Shoulder/Lap Belt(s),M,b28159a1-df91-4fc7-a6e9-f83ba4877b18,Opposite Direction Sideswipe,N,Non Intersection,Right Turn Lane,Daylight,No Defects,"Two-way, Not Divided",Dry,Clear,Ten o'clock,School Bus,Superficial,N,Moving Constant Speed,2015-01-15 14:51,69,38.67357467,-76.97163105
5327,N,Apparently Normal,No Misuse,N,No Injury,d77dffd4-fbe1-4877-84f1-815a165cd08b,D,DA38730005,Shoulder/Lap Belt(s),M,fa92ce25-2fe7-44fe-b1ab-0f4ccde88eb2,Head On,N,Non Intersection,Right Turn Lane,Daylight,No Defects,"Two-way, Divided, Unprotected (painted >4 feet) Median",Snow,Snow,Eleven o'clock,Pickup Truck,Disabling,N,Moving Constant Speed,2015-01-27 10:17,47,38.99050755,-76.97341204
5328,N,Apparently Normal,No Misuse,N,No Injury,0bb8f28e-f86b-4acf-8a0b-6704107b7ed8,D,DA38730008,Shoulder/Lap Belt(s),M,97ddba7a-b8c2-4812-bcb5-32d988c49dbd,Same Direction Rear End,N,Non Intersection,Left Turn Lane,Dark No Lights,No Defects,"Two-way, Divided, Positive Median Barrier",Dry,Clear,Six o'clock,(Sport) Utility Vehicle,Superficial,N,Slowing or Stopping,2015-02-06 18:22,48,38.98401117,-76.9732672
5329,N,Apparently Normal,No Misuse,N,No Injury,4b7998fa-85d8-4fb6-addb-991cabfbe9e2,D,DA38730008,Shoulder/Lap Belt(s),M,aa651bdd-193d-4ed6-ad22-ad5e0b04330e,Same Direction Rear End,N,Non Intersection,Left Turn Lane,Dark No Lights,No Defects,"Two-way, Divided, Positive Median Barrier",Dry,Clear,Six o'clock,Passenger Car,Disabling,N,Slowing or Stopping,2015-02-06 18:22,24,38.98401117,-76.9732672
5330,N,Apparently Normal,No Misuse,N,No Injury,fe0aecab-b624-495c-b816-75e08ac39472,D,DA38780009,Shoulder/Lap Belt(s),M,17c41453-6ebb-4f99-b9de-a4f49b2c42f2,Head On Left Turn,N,Intersection,Left Turn Lane,Daylight,No Defects,"Two-way, Not Divided",Dry,Clear,Twelve o'clock,Passenger Car,Functional,N,Moving Constant Speed,2015-02-06 10:30,38,38.9779354,-76.85507298