KEY_INDEX,CDL_FLAG,CONDITION_CODE,EQUIP_PROB_CODE,FAULT_FLAG,INJ_SEVER_CODE,PERSON_ID,PERSON_TYPE,REPORT_NO,SAF_EQUIP_CODE,SEX_CODE,VEHICLE_ID,COLLISION_TYPE_CODE,C_M_ZONE_FLAG,JUNCTION_CODE,LANE_CODE,LIGHT_CODE,RD_COND_CODE,RD_DIV_CODE,SURF_COND_CODE,WEATHER_CODE,AREA_DAMAGED_CODE_MAIN,BODY_TYPE_CODE,DAMAGE_CODE,HIT_AND_RUN_FLAG,MOVEMENT_CODE,TIME,AGE,LATITUDE,LONGITUDE
5390,N,Apparently Normal,No Misuse,N,No Injury,8745be11-b34a-47a0-a5b2-99e1425d7f3e,D,MCP29100017,Shoulder/Lap Belt(s),M,fddce5fc-57bd-455a-9507-9135d4cf7070,Same Direction Rear End,N,Non Intersection,Deceleration Lane,Daylight,No Defects,"Two-way, Divided, Positive Median Barrier",Dry,Clear,Twelve o'clock,Pickup Truck,Disabling,N,Moving Constant Speed,2015-03-29 10:36,33,39.014055,-77.04238
5391,N,Apparently Normal,No Misuse,Y,No Injury,3b14e0ca-35c5-4159-b4da-40d9acb7c811,D,MCP29100017,Shoulder/Lap Belt(s),M,7ce4574d-3c2c-4e46-ae41-44a4572bb3b4,Same Direction Rear End,N,Non Intersection,Deceleration Lane,Daylight,No Defects,"Two-way, Divided, Positive Median Barrier",Dry,Clear,Six o'clock,Passenger Car,Superficial,N,Slowing or Stopping,2015-03-29 10:36,25,39.014055,-77.04238
5392,N,Apparently Normal,No Misuse,N,No Injury,6ec51a07-f47f-41af-8364-550628655975,D,MCP9113000L,Shoulder/Lap Belt(s),M,1c7ac8a4-b742-4cff-a1ce-bf3758b68574,Same Direction Rear End,N,Intersection Related,Left Turn Lane,Daylight,No Defects,"Two-way, Divided, Positive Median Barrier",Wet,Clear,Six o'clock,Passenger Car,Functional,N,Moving Constant Speed,2015-02-15 16:00,64,39.152135,-77.06439167
5393,N,Apparently Normal,No Misuse,Y,No Injury,47108522-e819-4e36-8948-00c5f7fb3b11,D,MSP04860023,Shoulder/Lap Belt(s),M,faf2ffa1-214d-4e02-a4e1-7321f9a05dcd,Same Direction Rear End,N,Non Intersection,Right Turn Lane,Daylight,No Defects,"Two-way, Not Divided",Dry,Clear,Twelve o'clock,Van,Disabling,N,Slowing or Stopping,2015-02-07 12:35,45,39.61077317,-77.7301385
5394,N,Apparently Normal,No Misuse,N,No Injury,1966d82d-480f-4001-92ab-16d5b92c6da3,D,MSP1866000V,Shoulder/Lap Belt(s),M,c1242543-8447-4291-be9d-b1f39d890d0e,Single Vehicle ,N,Non Intersection,Right Turn Lane,Dark No Lights,No Defects,"Two-way, Not Divided",Dry,Cloudy,Twelve o'clock,(Sport) Utility Vehicle,Disabling,N,Moving Constant Speed,2015-02-14 18:59,55,38.56121033,-75.83203317
5395,N,Apparently Normal,No Misuse,N,No Injury,df7356e6-b7ea-4a68-8a1f-4e2eea775f95,D,MSP4622001D,Shoulder/Lap Belt(s),M,e540e7f8-af0a-4f41-bcdd-d4de3094d027,Same Direction Rear End,N,Non Intersection,Right Turn Lane,Daylight,No Defects,"Two-way, Divided, Positive Median Barrier",Wet,Snow,Six o'clock,Passenger Car,Disabling,N,Slowing or Stopping,2015-03-20 09:01,39,39.205666,-76.689458
5396,N,Apparently Normal,No Misuse,N,No Injury,4f747262-3545-4f69-a49f-3f94b18c9ee9,D,MSP4622001D,Shoulder/Lap Belt(s),M,ef9cd980-e392-4914-b2fc-b8d505f4043e,Same Direction Rear End,N,Non Intersection,Right Turn Lane,Daylight,No Defects,"Two-way, Divided, Positive Median Barrier",Wet,Snow,Six o'clock,Passenger Car,No Damage,N,Moving Constant Speed,2015-03-20 09:01,26,39.205666,-76.689458
5397,N,Apparently Normal,No Misuse,Y,No Injury,0bfcce3b-c088-4f0a-8af6-8109810c2dc8,D,MSP4622001D,Shoulder/Lap Belt(s),M,e3c77bf6-7f86-41eb-96bc-7afea653589d,Same Direction Rear End,N,Non Intersection,Right Turn Lane,Daylight,No Defects,"Two-way, Divided, Positive Median Barrier",Wet,Snow,Six o'clock,Passenger Car,Disabling,N,Slowing or Stopping,2015-03-20 09:01,70,39.205666,-76.689458
5398,N,Apparently Normal,No Misuse,Y,No Injury,ec56e169-0774-4cfb-9680-dd87db95badd,D,MSP4622001D,Shoulder/Lap Belt(s),M,9269d20f-f491-42d9-92bc-64b70e398765,Same Direction Rear End,N,Non Intersection,Right Turn Lane,Daylight,No Defects,"Two-way, Divided, Positive Median Barrier",Wet,Snow,Twelve o'clock,Recreational Vehicle,No Damage,N,Slowing or Stopping,2015-03-20 09:01,29,39.205666,-76.689458
5399,N,Apparently Normal,No Misuse,N,No Injury,6d047349-a607-46c6-b28a-ca50732896f8,D,MSP4739000Y,Shoulder/Lap Belt(s),M,20a9ec71-f998-4222-97b3-1b813d0a538a,Single Vehicle ,N,Non Intersection,Right Turn Lane,Daylight,No Defects,"Two-way, Divided, Positive Median Barrier",Ice,Wintry Mix,Eleven o'clock,Passenger Car,Disabling,N,Moving Constant Speed,2015-03-01 12:15,20,39.29147867,-75.85388867
5400,N,Apparently Normal,No Misuse,N,No Injury,d9cd1da9-d595-451e-a030-5a70b80595ed,D,MSP4849001B,Shoulder/Lap Belt(s),M,3785c429-74e1-4778-bb38-3d2bbeb21f7c,Same Direction Rear End,N,Non Intersection,Right Turn Lane,Daylight,No Defects,"Two-way, Not Divided",Snow,Wintry Mix,Six o'clock,Pickup Truck,Superficial,N,Stopped in Traffic Lane,2015-03-01 11:00,45,39.43295433,-76.3057355
5401,N,Apparently Normal,No Misuse,N,No Injury,27463141-7263-447c-9eba-131e2786592b,D,MSP50900039,Shoulder/Lap Belt(s),M,473bad27-738f-4f32-819a-dfce6275c22b,Same Direction Rear End,N,Non Intersection,Left Turn Lane,Dark No Lights,No Defects,"Two-way, Divided, Positive Median Barrier",Wet,Sleet,Six o'clock,(Sport) Utility Vehicle,Functional,N,Slowing or Stopping,2015-01-11 23:19,39,39.36286767,-77.51233283
5402,N,Apparently Normal,No Misuse,N,Possible Incapacitating Injury,4b54e419-68e8-4215-9b50-c47b6c17f44b,D,MSP50900039,Shoulder/Lap Belt(s),M,d136e2fa-f241-4470-a845-322bca97b134,Same Direction Rear End,N,Non Intersection,Left Turn Lane,Dark No Lights,No Defects,"Two-way, Divided, Positive Median Barrier",Wet,Sleet,Six o'clock,(Sport) Utility Vehicle,Disabling,N,Slowing or Stopping,2015-01-11 23:19,54,39.36286767,-77.51233283
5403,N,Apparently Normal,No Misuse,Y,No Injury,bdaed47e-dd4f-4efd-90d1-3dc5d5011957,D,MSP5149000K,Shoulder/Lap Belt(s),M,31addf20-e39d-4b58-a8ae-a2c9dc68f56e,Single Vehicle ,N,Non Intersection,Right Turn Lane,Daylight,No Defects,"Two-way, Not Divided",Dry,Clear,Twelve o'clock,Passenger Car,Disabling,N,Moving Constant Speed,2015-03-21 14:05,62,38.20799353,-75.6555866
5404,N,Apparently Normal,No Misuse,Y,No Injury,d3a7c586-6758-4bc1-8958-fafa7badd20d,D,MSP53330064,Shoulder/Lap Belt(s),M,af0eaa51-6949-4ca7-bf7f-64c1ec3fac65,Same Direction Sideswipe,N,Non Intersection,Acceleration Lane,Dark Lights On,No Defects,"Two-way, Divided, Positive Median Barrier",Dry,Clear,Eleven o'clock,Passenger Car,Disabling,N,Moving Constant Speed,2015-01-01 22:47,41,39.2854555,-76.737783
5405,N,Apparently Normal,No Misuse,Y,No Injury,52bc80b1-8540-4b78-9416-9696787a847f,D,MSP53330064,Shoulder/Lap Belt(s),M,4a92d7cf-3bbd-4693-ba45-fe36e2d692a0,Same Direction Sideswipe,N,Non Intersection,Acceleration Lane,Dark Lights On,No Defects,"Two-way, Divided, Positive Median Barrier",Dry,Clear,Two o'clock,Passenger Car,Functional,N,Moving Constant Speed,2015-01-01 22:47,36,39.2854555,-76.737783
5406,N,Apparently Normal,No Misuse,N,No Injury,c4a3559a-f382-4b1c-8937-c7386c367d0e,D,MSP5333006W,Shoulder/Lap Belt(s),M,c1d7438f-3a86-47e9-86b9-d2ecb5cb5958,Same Direction Rear End,N,Non Intersection,Deceleration Lane,Daylight,No Defects,"Two-way, Divided, Positive Median Barrier",Dry,Clear,Six o'clock,Other Bus,Functional,N,Moving Constant Speed,2015-03-09 08:29,47,39.36503185,-76.7476666
5407,N,Apparently Normal,No Misuse,Y,No Injury,ceed1fec-2fe7-45cb-9b53-3685b234df0a,D,MSP53970038,Shoulder/Lap Belt(s),M,5b332fd5-c756-4799-834b-9e1a83f74468,Single Vehicle ,N,Intersection,Right Turn Lane,Daylight,No Defects,"Two-way, Not Divided",Dry,Clear,Twelve o'clock,Passenger Car,Disabling,N,Moving Constant Speed,2015-01-20 14:37,21,39.164441,-76.646622
5408,N,Apparently Normal,No Misuse,N,No Injury,61485333-82b3-4f52-b88e-366f6b5d7162,D,MSP5492000K,Shoulder/Lap Belt(s),M,d0027d96-e219-4de4-b3e2-dbaeb1297b32,Same Direction Rear End,N,Non Intersection,Right Turn Lane,Dark No Lights,No Defects,"Two-way, Divided, Positive Median Barrier",Dry,Clear,Six o'clock,Van,Superficial,N,Stopped in Traffic Lane,2015-01-13 17:53,45,39.0058065,-77.15373133
5409,N,Apparently Normal,No Misuse,N,No Injury,849f144d-cfdb-4198-9cfd-1a35ebdf46c2,D,MSP5492000K,Shoulder/Lap Belt(s),M,580e46d3-78f6-413d-9cc5-439d53d23636,Same Direction Rear End,N,Non Intersection,Right Turn Lane,Dark No Lights,No Defects,"Two-way, Divided, Positive Median Barrier",Dry,Clear,Six o'clock,(Sport) Utility Vehicle,Functional,N,Stopped in Traffic Lane,2015-01-13 17:53,40,39.0058065,-77.15373133
5410,N,Apparently Normal,No Misuse,Y,No Injury,3cd55085-4811-4be7-a68e-977ba6da29ac,D,MSP5492000K,Shoulder/Lap Belt(s),M,f39710c0-7c4c-4905-96a1-65a515e86207,Same Direction Rear End,N,Non Intersection,Right Turn Lane,Dark No Lights,No Defects,"Two-way, Divided, Positive Median Barrier",Dry,Clear,Twelve o'clock,Passenger Car,Disabling,N,Slowing or Stopping,2015-01-13 17:53,30,39.0058065,-77.15373133
5411,N,Apparently Normal,No Misuse,N,No Injury,2cf16845-657c-4997-aeaa-b2699c1a078d,D,MSP56370016,Shoulder/Lap Belt(s),M,4325c6b8-4ea8-412c-a624-07ada358a43c,Same Direction Rear End,N,Intersection Related,Left Turn Lane,Dark No Lights,No Defects,"Two-way, Not Divided",Dry,Clear,Six o'clock,(Sport) Utility Vehicle,Functional,N,Stopped in Traffic Lane,2015-03-07 03:36,47,39.009301,-76.97945117
5412,N,Had Been Drinking,No Misuse,Y,No Injury,800f0261-efd8-4a05-b37e-ffeb6cd47e80,D,MSP56370016,Shoulder/Lap Belt(s),M,74eb6a04-22ba-4f95-8935-351ed168b7d4,Same Direction Rear End,N,Intersection Related,Left Turn Lane,Dark No Lights,No Defects,"Two-way, Not Divided",Dry,Clear,Twelve o'clock,Passenger Car,Disabling,Y,Moving Constant Speed,2015-03-07 03:36,27,39.009301,-76.97945117
5413,N,Apparently Normal,No Misuse,N,No Injury,add751b3-f0aa-47e7-9e74-2c3283a4fd3a,D,MSP56560021,Shoulder/Lap Belt(s),M,49d83a08-d602-4964-9c30-219401918614,Single Vehicle ,N,Non Intersection,Right Turn Lane,Dusk,No Defects,"Two-way, Divided, Positive Median Barrier",Dry,Clear,Twelve o'clock,Passenger Car,Functional,N,Moving Constant Speed,2015-01-02 17:09,53,39.44741165,-76.30092859
5414,N,Apparently Normal,No Misuse,N,No Injury,5c3cdd12-1305-4756-af11-dff7ff21f11e,D,MSP57330012,Shoulder/Lap Belt(s),M,c5beefd6-d973-4d3c-a4e9-d42d0c26183c,Same Direction Sideswipe,N,Non Intersection,Acceleration Lane,Daylight,No Defects,"Two-way, Divided, Positive Median Barrier",Snow,Snow,Twelve o'clock,Passenger Car,Disabling,N,Stopped in Traffic Lane,2015-02-21 13:45,44,39.60757281,-76.02277279
5415,N,Apparently Normal,No Misuse,Y,No Injury,e80a8170-a182-4ad6-a67a-9da14f980495,D,MSP5780002N,Shoulder/Lap Belt(s),M,0f023d68-acad-411e-9739-778d65b5926a,Single Vehicle ,N,Non Intersection,Right Turn Lane,Dark No Lights,No Defects,"Two-way, Not Divided with a Continuous Left Turn Lane",Snow,Snow,Nine o'clock,Pickup Truck,Disabling,N,Moving Constant Speed,2015-02-02 00:15,45,39.48211017,-77.22228067
5416,N,Apparently Normal,No Misuse,N,No Injury,c4937314-6bbb-4a39-9a0a-332aaa608e06,D,MSP5780002Q,Shoulder/Lap Belt(s),M,689eb401-1247-4959-8d70-e51ab42af7db,Same Direction Left Turn,N,Non Intersection,Right Turn Lane,Daylight,No Defects,"Two-way, Divided, Positive Median Barrier",Dry,Clear,Twelve o'clock,(Sport) Utility Vehicle,Disabling,N,Moving Constant Speed,2015-02-15 15:21,44,39.39599517,-77.4442855
5417,N,Apparently Normal,No Misuse,N,No Injury,7145f6e5-056a-4243-b32b-2270aabf4327,D,MSP5800002J,Shoulder/Lap Belt(s),M,fe624aeb-1c36-48b8-8f3e-ce3b8cd562b4,Same Direction Rear End,N,Non Intersection,Right Turn Lane,Dark No Lights,No Defects,"Two-way, Divided, Positive Median Barrier",Wet,Snow,Six o'clock,Passenger Car,Functional,N,Slowing or Stopping,2015-02-14 18:15,36,39.01328233,-77.0939325
5418,N,Apparently Normal,No Misuse,Y,No Injury,1db78904-0770-41f5-b63c-6a100d5f44e8,D,MSP5800002J,Shoulder/Lap Belt(s),M,ad9db255-0785-4afa-856e-2389220fc1a6,Same Direction Rear End,N,Non Intersection,Right Turn Lane,Dark No Lights,No Defects,"Two-way, Divided, Positive Median Barrier",Wet,Snow,Twelve o'clock,Passenger Car,Disabling,N,Slowing or Stopping,2015-02-14 18:15,76,39.01328233,-77.0939325
5419,N,Apparently Normal,No Misuse,N,No Injury,2c0f9247-69b0-459c-b930-e3cfa7a6093a,D,MSP5854002F,Shoulder/Lap Belt(s),M,c3c1ea47-0358-42ee-a2a9-dbe6b2166a58,Same Direction Sideswipe,N,Non Intersection,Acceleration Lane,Dark No Lights,No Defects,"Two-way, Divided, Positive Median Barrier",Dry,Clear,Two o'clock,Passenger Car,Functional,N,Moving Constant Speed,2015-03-07 23:01,52,39.36938285,-76.46268597
5420,N,Using Drugs,No Misuse,Y,No Injury,949c7d14-3d64-47c7-83ff-5d76bca0732d,D,MSP5854002F,Shoulder/Lap Belt(s),M,4856ccd7-b1ab-4e59-a6a0-b7b37c01a8b6,Same Direction Sideswipe,N,Non Intersection,Acceleration Lane,Dark No Lights,No Defects,"Two-way, Divided, Positive Median Barrier",Dry,Clear,Twelve o'clock,Passenger Car,Disabling,N,Changing Lanes,2015-03-07 23:01,30,39.36938285,-76.46268597
5421,N,Apparently Normal,No Misuse,Y,No Injury,ee642c0b-3714-4316-ace7-7e6c41ea700a,D,MSP58580046,Shoulder/Lap Belt(s),M,287ebd8f-66fe-46cc-bc65-1105b75b5537,Same Direction Rear End,N,Non Intersection,Right Turn Lane,Daylight,No Defects,"Two-way, Divided, Positive Median Barrier",Dry,Clear,Twelve o'clock,(Sport) Utility Vehicle,Functional,N,Moving Constant Speed,2015-01-28 09:04,54,38.69327467,-76.87191917
5422,N,Apparently Normal,No Misuse,N,No Injury,72cb22ef-f5c7-4339-a947-8e81f99ab85c,D,MSP5859001N,Shoulder/Lap Belt(s),M,c8ca38e9-4b10-43c8-8d00-dde67c886d27,Same Direction Sideswipe,N,Intersection Related,Left Turn Lane,Daylight,No Defects,"Two-way, Divided, Unprotected (painted >4 feet) Median",Dry,Clear,Four o'clock,Passenger Car,Functional,N,Stopped in Traffic Lane,2015-01-05 13:41,81,38.93449,-76.71889917
5423,N,Apparently Normal,No Misuse,N,No Injury,2ae3dae6-4f1f-4787-9331-779e7acd4d22,D,MSP5859001N,Shoulder/Lap Belt(s),M,91e005e3-63bc-43ad-83e3-0feee56eb301,Same Direction Sideswipe,N,Intersection Related,Left Turn Lane,Daylight,No Defects,"Two-way, Divided, Unprotected (painted >4 feet) Median",Dry,Clear,Eight o'clock,Pickup Truck,Functional,N,Stopped in Traffic Lane,2015-01-05 13:41,45,38.93449,-76.71889917
5424,N,Apparently Normal,No Misuse,Y,No Injury,6e7794af-b47d-4765-8716-650f4b24598f,D,MSP5859001N,Shoulder/Lap Belt(s),M,a717286e-f9ec-476b-b8bf-ad8a9e6d336b,Same Direction Sideswipe,N,Intersection Related,Left Turn Lane,Daylight,No Defects,"Two-way, Divided, Unprotected (painted >4 feet) Median",Dry,Clear,One o'clock,Passenger Car,Disabling,N,Changing Lanes,2015-01-05 13:41,51,38.93449,-76.71889917
5425,N,Apparently Normal,No Misuse,Y,No Injury,13004667-d189-4944-bb8f-87a5dc356357,D,MSP5954005D,Shoulder/Lap Belt(s),M,f8b8d042-f1f1-4952-a7f9-b3609e23c385,Same Direction Sideswipe,N,Non Intersection,Acceleration Lane,Daylight,No Defects,"Two-way, Divided, Positive Median Barrier",Snow,Snow,Twelve o'clock,Passenger Car,Disabling,N,Moving Constant Speed,2015-01-06 10:08,66,39.4610645,-76.3008895
5426,N,Apparently Normal,No Misuse,N,No Injury,ad30a5ce-11f1-4971-b8f2-db2a0e28cfc6,D,MSP59570044,Shoulder/Lap Belt(s),M,e1447f20-6737-485e-88ca-a17853b09900,Same Direction Sideswipe,N,Non Intersection,Right Turn Lane,Daylight,No Defects,"Two-way, Divided, Positive Median Barrier",Dry,Clear,One o'clock,(Sport) Utility Vehicle,Functional,N,Moving Constant Speed,2015-01-27 15:40,53,38.946829,-76.825473
5427,N,Apparently Normal,No Misuse,Y,Possible Incapacitating Injury,54cd00ff-dab3-4c6c-af5c-070ecb95c58f,D,MSP59570044,Shoulder/Lap Belt(s),M,218300e4-4590-4a62-8060-2d427804f144,Same Direction Sideswipe,N,Non Intersection,Right Turn Lane,Daylight,No Defects,"Two-way, Divided, Positive Median Barrier",Dry,Clear,Twelve o'clock,(Sport) Utility Vehicle,Disabling,N,Changing Lanes,2015-01-27 15:40,60,38.946829,-76.825473
5428,N,Apparently Normal,No Misuse,Y,No Injury,5f962e42-6fdd-4fd0-b719-48210fa4107a,D,MSP6079002P,Shoulder/Lap Belt(s),M,8ef79f30-dd58-4826-9eb7-a06ab34add38,Same Direction Sideswipe,N,Intersection,Acceleration Lane,Daylight,No Defects,"Two-way, Divided, Positive Median Barrier",Dry,Clear,Five o'clock,Van,Functional,N,Changing Lanes,2015-02-26 16:52,25,39.14162883,-76.631803
5429,N,Apparently Normal,No Misuse,N,No Injury,ea393ef3-40ea-439f-a8d9-a5c0b1b066bb,D,MSP6079002P,Shoulder/Lap Belt(s),M,7b3d303e-4191-4627-9e2b-89136a1d594d,Same Direction Sideswipe,N,Intersection,Acceleration Lane,Daylight,No Defects,"Two-way, Divided, Positive Median Barrier",Dry,Clear,Eleven o'clock,Van,Functional,N,Moving Constant Speed,2015-02-26 16:52,49,39.14162883,-76.631803
5430,N,Apparently Normal,No Misuse,N,No Injury,60175209-55db-4a71-93d0-763d2efba556,D,MSP6079002Y,Shoulder/Lap Belt(s),M,a8ba3bc0-4fee-40c0-99d1-f9be2717be93,Same Direction Sideswipe,N,Interchange Related,Left Turn Lane,Dark Lights On,No Defects,"Two-way, Divided, Positive Median Barrier",Wet,Cloudy,Two o'clock,Passenger Car,Destroyed,N,Moving Constant Speed,2015-03-20 19:19,26,39.220571,-76.6556435
5431,N,Apparently Normal,No Misuse,Y,No Injury,020d2009-4c87-4af1-aa6e-aee3904c5f7f,D,MSP6079002Y,Shoulder/Lap Belt(s),M,e99f6abd-9855-4352-9928-224bf6c8459e,Same Direction Sideswipe,N,Interchange Related,Left Turn Lane,Dark Lights On,No Defects,"Two-way, Divided, Positive Median Barrier",Wet,Cloudy,Eleven o'clock,Passenger Car,Disabling,N,Moving Constant Speed,2015-03-20 19:19,27,39.220571,-76.6556435
5432,N,Apparently Normal,No Misuse,N,No Injury,2124e461-d93d-47f2-80c6-a3ec53a4bd78,D,MSP6080001Q,Shoulder/Lap Belt(s),M,39c11032-484d-47f5-b327-adcc381477bc,Single Vehicle ,N,Non Intersection,Right Turn Lane,Daylight,No Defects,"Two-way, Not Divided",Dry,Clear,Twelve o'clock,Passenger Car,Disabling,N,Moving Constant Speed,2015-03-31 16:23,22,38.85599233,-75.87430367
5433,N,Apparently Normal,No Misuse,N,No Injury,7edf3152-6314-4e7d-9749-711ecc5480cb,D,MSP6083000Y,Shoulder/Lap Belt(s),M,6715ddd6-1f0b-4b1a-a197-1456f0e945b0,Same Direction Rear End,N,Non Intersection,Right Turn Lane,Dark No Lights,No Defects,"Two-way, Divided, Positive Median Barrier",Wet,Clear,Six o'clock,Pickup Truck,Functional,N,Moving Constant Speed,2015-01-14 18:16,28,38.45951467,-75.74043733
5434,N,Apparently Normal,Air Bag Failed,Y,No Injury,5a09b09d-cb01-4612-8052-4f384933615c,D,MSP60920075,Shoulder/Lap Belt(s),M,2b97ff28-6b8d-4f35-b5bf-21aa33961738,Same Direction Sideswipe,N,Non Intersection,Deceleration Lane,Dark Lights On,Loose Surface Material,"Two-way, Divided, Positive Median Barrier",Ice,Clear,Twelve o'clock,Van,Disabling,N,Skidding,2015-01-08 17:26,48,39.39261633,-76.7072615
5435,N,Apparently Normal,No Misuse,N,No Injury,1a9c4c52-36b3-4232-a433-1aa2e244a5c9,D,MSP6092007G,Shoulder/Lap Belt(s),M,0121f2ed-f676-4039-8555-b0ccb5847d46,Same Direction Rear End,N,Non Intersection,Right Turn Lane,Daylight,Foreign Material,"Two-way, Divided, Positive Median Barrier",Ice,Severe Winds,Six o'clock,Passenger Car,Disabling,N,Skidding,2015-02-15 10:00,33,39.26627167,-76.714155
5436,N,Apparently Normal,No Misuse,Y,Possible Incapacitating Injury,36550173-e9e5-4c99-a54a-93d5a3af384f,D,MSP6092007G,Shoulder/Lap Belt(s),M,6314b0d6-d27e-4c74-b226-307705a970cc,Same Direction Rear End,N,Non Intersection,Right Turn Lane,Daylight,Foreign Material,"Two-way, Divided, Positive Median Barrier",Ice,Severe Winds,Twelve o'clock,Passenger Car,Disabling,N,Skidding,2015-02-15 10:00,64,39.26627167,-76.714155
5437,N,Apparently Normal,No Misuse,N,No Injury,7221cfe2-2b3b-4c96-a98d-26aa998a8df8,D,MSP6225002Y,Shoulder/Lap Belt(s),M,dc25472e-bfd5-4b74-8608-26b2d120c7c8,Same Direction Rear End,N,Non Intersection,Right Turn Lane,Dark Lights On,No Defects,"Two-way, Divided, Positive Median Barrier",Dry,Clear,Six o'clock,Station Wagon,Superficial,N,Stopped in Traffic Lane,2015-01-10 20:35,54,38.835928,-76.94435
5438,N,Apparently Normal,No Misuse,N,No Injury,71c0ee7a-a647-41f0-870c-07aa83699c6e,D,MSP6225002Y,Shoulder/Lap Belt(s),M,c1aceae6-17e2-4fc8-b937-a9c68867b51b,Same Direction Rear End,N,Non Intersection,Right Turn Lane,Dark Lights On,No Defects,"Two-way, Divided, Positive Median Barrier",Dry,Clear,Six o'clock,Van,Superficial,N,Stopped in Traffic Lane,2015-01-10 20:35,26,38.835928,-76.94435
5439,N,Apparently Normal,No Misuse,Y,No Injury,3590ded6-1097-4fcf-8719-27f41a66484c,D,MSP6225002Y,Shoulder/Lap Belt(s),M,2cab15e7-1641-4499-8dbc-e64912d3219f,Same Direction Rear End,N,Non Intersection,Right Turn Lane,Dark Lights On,No Defects,"Two-way, Divided, Positive Median Barrier",Dry,Clear,Twelve o'clock,Passenger Car,Disabling,N,Moving Constant Speed,2015-01-10 20:35,34,38.835928,-76.94435
5440,N,Apparently Normal,No Misuse,N,No Injury,d25a6584-d8b4-459d-9d45-bdddcdfed7b2,D,MSP6272003Z,Shoulder/Lap Belt(s),M,56df5256-ae6d-4c9a-80d6-9bff76eb09c5,Single Vehicle ,N,Non Intersection,Left Turn Lane,Dark No Lights,No Defects,One-way Trafficway,Dry,Clear,One o'clock,Passenger Car,Disabling,N,Moving Constant Speed,2015-02-03 17:41,27,39.3500135,-76.49493633
5441,N,Apparently Normal,No Misuse,Y,No Injury,ca3692ff-36fd-447e-82e2-9e2651994dbd,D,MSP62720047,Shoulder/Lap Belt(s),M,1199cd49-2df3-45df-b338-54b19113acb6,Single Vehicle ,N,Non Intersection,Left Turn Lane,Daylight,No Defects,"Two-way, Divided, Positive Median Barrier",Wet,Clear,Six o'clock,Recreational Vehicle,Disabling,N,Skidding,2015-03-01 14:53,67,39.5581775,-76.66500233
5442,N,Apparently Normal,No Misuse,Y,No Injury,22ca3518-bba3-41d0-87c2-12c9b05122f3,D,MSP6272004D,Shoulder/Lap Belt(s),M,4e0e519a-1a34-4db6-ba5b-63c310148e3a,Same Direction Sideswipe,N,Non Intersection,Left Turn Lane,Daylight,No Defects,"Two-way, Divided, Positive Median Barrier",Wet,Snow,One o'clock,"Medium/Heavy Truck 2 axles (10,000 lbs (4,536 kg) or less)",Functional,N,Moving Constant Speed,2015-03-20 12:09,61,39.4542395,-76.64583583
5443,N,Apparently Normal,No Misuse,Y,No Injury,cebc4966-0cf8-4825-ad53-99212745203b,D,MSP6272004D,Shoulder/Lap Belt(s),M,93a1a631-76cb-474e-93a1-7ac77c8a80e6,Same Direction Sideswipe,N,Non Intersection,Left Turn Lane,Daylight,No Defects,"Two-way, Divided, Positive Median Barrier",Wet,Snow,Nine o'clock,Recreational Vehicle,Disabling,N,Moving Constant Speed,2015-03-20 12:09,45,39.4542395,-76.64583583
5444,N,Apparently Normal,No Misuse,N,No Injury,6c05d36e-18cd-4206-9d38-ba8ec50feb02,D,MSP62770044,Shoulder/Lap Belt(s),M,222e9a78-8969-48b2-bc13-db3074688830,Same Direction Sideswipe,N,Non Intersection,Left Turn Lane,Daylight,No Defects,"Two-way, Divided, Positive Median Barrier",Wet,Raining,One o'clock,Van,Functional,N,Moving Constant Speed,2015-03-20 13:12,40,39.25216267,-76.67979333
5445,N,Apparently Normal,No Misuse,Y,Possible Incapacitating Injury,1fbe8046-1611-4f0b-a737-7afa1d9bdf83,D,MSP62770044,Shoulder/Lap Belt(s),M,7b80bebf-86c9-4f33-a964-a595981a5a64,Same Direction Sideswipe,N,Non Intersection,Left Turn Lane,Daylight,No Defects,"Two-way, Divided, Positive Median Barrier",Wet,Raining,Six o'clock,Passenger Car,Disabling,N,Moving Constant Speed,2015-03-20 13:12,55,39.25216267,-76.67979333
5446,N,Apparently Normal,No Misuse,N,No Injury,356ec446-387d-4aa8-85b2-09935fb546a5,D,MSP6288002M,Shoulder/Lap Belt(s),M,07b44376-93b8-49e4-9766-aa2914340a72,Opposite Direction Both Left Turn,N,Intersection,Acceleration Lane,Dark Lights On,No Defects,"Two-way, Divided, Positive Median Barrier",Wet,Raining,One o'clock,Pickup Truck,Disabling,N,Making Left Turn,2015-03-04 22:10,34,38.61474083,-76.92276467
5447,N,Apparently Normal,No Misuse,Y,No Injury,837941d2-0d50-4e32-9bb1-a2f36ebb02c1,D,MSP6288002M,Shoulder/Lap Belt(s),M,9915f460-05ba-40a7-b1d0-2e85c89e4641,Opposite Direction Both Left Turn,N,Intersection,Acceleration Lane,Dark Lights On,No Defects,"Two-way, Divided, Positive Median Barrier",Wet,Raining,Eleven o'clock,(Sport) Utility Vehicle,Functional,N,Making Left Turn,2015-03-04 22:10,63,38.61474083,-76.92276467