KEY_INDEX,CDL_FLAG,CONDITION_CODE,EQUIP_PROB_CODE,FAULT_FLAG,INJ_SEVER_CODE,PERSON_ID,PERSON_TYPE,REPORT_NO,SAF_EQUIP_CODE,SEX_CODE,VEHICLE_ID,COLLISION_TYPE_CODE,C_M_ZONE_FLAG,JUNCTION_CODE,LANE_CODE,LIGHT_CODE,RD_COND_CODE,RD_DIV_CODE,SURF_COND_CODE,WEATHER_CODE,AREA_DAMAGED_CODE_MAIN,BODY_TYPE_CODE,DAMAGE_CODE,HIT_AND_RUN_FLAG,MOVEMENT_CODE,TIME,AGE,LATITUDE,LONGITUDE
5448,N,Apparently Normal,No Misuse,N,No Injury,ed23f9b4-7c3f-43e7-a73d-b12b23c2053c,D,MSP63070033,Shoulder/Lap Belt(s),M,b374313d-a765-4e08-be7c-e139a07631cb,Same Direction Rear End,N,Non Intersection,Left Turn Lane,Dark No Lights,No Defects,"Two-way, Divided, Unprotected (painted >4 feet) Median",Dry,Clear,Six o'clock,Recreational Vehicle,Functional,N,Moving Constant Speed,2015-01-11 00:00,51,38.87528917,-76.7986685
5449,N,Had Been Drinking,No Misuse,Y,No Injury,643eaca5-abe0-4896-b50c-18b780ed4187,D,MSP63070033,Shoulder/Lap Belt(s),M,052d5411-5e15-410c-a539-dc7ba9f15ab6,Same Direction Rear End,N,Non Intersection,Left Turn Lane,Dark No Lights,No Defects,"Two-way, Divided, Unprotected (painted >4 feet) Median",Dry,Clear,Twelve o'clock,Passenger Car,Disabling,N,Accelerating,2015-01-11 00:00,25,38.87528917,-76.7986685
5450,N,Apparently Normal,No Misuse,N,No Injury,f2286f6a-979c-48d7-b732-7d5905c1cb97,D,MSP6312000X,Shoulder/Lap Belt(s),M,cc8ebf0a-2bd8-4cf8-949e-c2f9b9fb3375,Same Direction Rear End,N,Intersection Related,Left Turn Lane,Daylight,No Defects,"Two-way, Divided, Unprotected (painted >4 feet) Median",Dry,Clear,Six o'clock,Passenger Car,No Damage,N,Stopped in Traffic Lane,2015-03-18 17:24,55,38.342925,-75.190814
5451,N,Apparently Normal,No Misuse,Y,No Injury,a940ddd2-1d09-47e8-bd64-47f27b5876e1,D,MSP6312000X,Shoulder/Lap Belt(s),M,837b5712-7c03-4665-9603-15952db7d35e,Same Direction Rear End,N,Intersection Related,Left Turn Lane,Daylight,No Defects,"Two-way, Divided, Unprotected (painted >4 feet) Median",Dry,Clear,Twelve o'clock,Passenger Car,Functional,N,Moving Constant Speed,2015-03-18 17:24,37,38.342925,-75.190814
5452,N,Apparently Normal,No Misuse,N,Possible Incapacitating Injury,aa1337c7-a713-4d13-8423-828f3d86caa0,D,MSP6312000X,Shoulder/Lap Belt(s),M,304e2c50-0b5d-46ba-814a-805064da6c27,Same Direction Rear End,N,Intersection Related,Left Turn Lane,Daylight,No Defects,"Two-way, Divided, Unprotected (painted >4 feet) Median",Dry,Clear,Six o'clock,Passenger Car,Disabling,N,Stopped in Traffic Lane,2015-03-18 17:24,60,38.342925,-75.190814
5453,N,Apparently Normal,No Misuse,N,No Injury,072aee64-117b-4da2-9be6-c60c47dee263,D,MSP6357002S,Shoulder/Lap Belt(s),M,6df540ca-5234-4591-9b05-66069b4e267e,Same Direction Rear End,N,Non Intersection,Left Turn Lane,Daylight,No Defects,"Two-way, Divided, Positive Median Barrier",Wet,Clear,Six o'clock,Passenger Car,Disabling,N,Stopped in Traffic Lane,2015-01-18 14:03,64,39.0066566,-77.0692673
5454,N,Apparently Normal,No Misuse,N,No Injury,db2bcfac-3b73-48bd-83f9-f74d55b02609,D,MSP6357002S,Shoulder/Lap Belt(s),M,52583a26-affd-4563-b8e6-fbee8ec20c06,Same Direction Rear End,N,Non Intersection,Left Turn Lane,Daylight,No Defects,"Two-way, Divided, Positive Median Barrier",Wet,Clear,Six o'clock,Passenger Car,Disabling,N,Stopped in Traffic Lane,2015-01-18 14:03,47,39.0066566,-77.0692673
5455,N,Apparently Normal,No Misuse,Y,No Injury,48b9a5ea-1aef-4224-9371-045796743d81,D,MSP6357002S,Shoulder/Lap Belt(s),M,f1496426-9cc6-4d57-884c-3828ea2c7d84,Same Direction Rear End,N,Non Intersection,Left Turn Lane,Daylight,No Defects,"Two-way, Divided, Positive Median Barrier",Wet,Clear,Twelve o'clock,Passenger Car,Disabling,N,Slowing or Stopping,2015-01-18 14:03,39,39.0066566,-77.0692673
5456,N,Apparently Normal,No Misuse,N,No Injury,5f951b3c-7b36-41c9-9dea-3c94f9df62d6,D,MSP63660027,Shoulder/Lap Belt(s),M,e6c1e5c9-011d-4e85-8b27-d2dc1ca2fbf7,Same Direction Rear End,N,Non Intersection,Left Turn Lane,Daylight,No Defects,"Two-way, Divided, Positive Median Barrier",Wet,Raining,Six o'clock,(Sport) Utility Vehicle,Superficial,N,Slowing or Stopping,2015-03-10 15:00,66,38.75958333,-76.88040817
5457,N,Apparently Normal,No Misuse,Y,Possible Incapacitating Injury,ef8cdb8e-8b1c-42a7-aa99-a5e95f445f17,D,MSP63660027,Shoulder/Lap Belt(s),M,5021cde1-c985-4117-8fc6-db779e84199e,Same Direction Rear End,N,Non Intersection,Left Turn Lane,Daylight,No Defects,"Two-way, Divided, Positive Median Barrier",Wet,Raining,Twelve o'clock,(Sport) Utility Vehicle,Disabling,N,Slowing or Stopping,2015-03-10 15:00,45,38.75958333,-76.88040817
5458,N,Apparently Normal,No Misuse,N,No Injury,7252eeb3-d475-433d-b624-0b19e1cd92e8,D,MSP64560009,Shoulder/Lap Belt(s),M,b64a4899-2f9c-41a7-86fa-a5cdbebbc567,Same Direction Sideswipe,N,Non Intersection,Left Turn Lane,Dark No Lights,No Defects,"Two-way, Divided, Positive Median Barrier",Dry,Cloudy,Nine o'clock,Pickup Truck,Functional,N,Moving Constant Speed,2015-02-19 20:06,65,39.35928867,-76.74654517
5459,N,Apparently Normal,No Misuse,N,No Injury,65a9f5a4-ed97-4e4e-844f-268d6ca086da,D,MSP6464000T,Shoulder/Lap Belt(s),M,976cfa55-8c31-4c96-9337-1af59f8ccca9,Same Direction Rear End,N,Non Intersection,Acceleration Lane,Dark No Lights,No Defects,"Two-way, Divided, Positive Median Barrier",Dry,Clear,Twelve o'clock,Passenger Car,Disabling,N,Moving Constant Speed,2015-03-15 21:24,45,39.283916,-76.73485683
5460,N,Had Been Drinking,No Misuse,Y,No Injury,9f41a297-76c9-47cd-a4ae-8dadaa2fde62,D,MSP6464000T,Shoulder/Lap Belt(s),M,ccb3a382-4478-4b56-9997-36d4732412a2,Same Direction Rear End,N,Non Intersection,Acceleration Lane,Dark No Lights,No Defects,"Two-way, Divided, Positive Median Barrier",Dry,Clear,Six o'clock,Passenger Car,Disabling,N,Slowing or Stopping,2015-03-15 21:24,38,39.283916,-76.73485683
5461,N,Apparently Normal,No Misuse,Y,No Injury,50d38c35-00ec-494d-99c4-6296f8f44d11,D,MSP64860004,Shoulder/Lap Belt(s),M,0188848f-07f2-4b35-a27a-b018275278ae,Same Direction Sideswipe,N,Non Intersection,Right Turn Lane,Daylight,No Defects,"Two-way, Divided, Positive Median Barrier",Ice,Raining,Twelve o'clock,Passenger Car,Destroyed,N,Moving Constant Speed,2015-01-18 07:35,63,39.4371865,-76.37598883
5462,N,Apparently Normal,No Misuse,N,No Injury,d9043fe0-6232-4b94-a69e-46247a9571cb,D,MSP64940004,Shoulder/Lap Belt(s),M,2319d898-040e-4155-bb0e-32f77c0bdbe3,Same Movement Angle,N,Intersection,Right Turn Lane,Daylight,No Defects,"Two-way, Not Divided",Dry,Clear,Twelve o'clock,Passenger Car,Disabling,N,Moving Constant Speed,2015-02-27 16:50,29,38.49554933,-76.77310767
5463,N,Apparently Normal,No Misuse,Y,No Injury,3ba16095-4caa-4734-94a1-895a971ec184,D,MSP64940004,Shoulder/Lap Belt(s),M,45cf875b-ed34-482b-a2cb-414fdd6d8e0a,Same Movement Angle,N,Intersection,Right Turn Lane,Daylight,No Defects,"Two-way, Not Divided",Dry,Clear,Eleven o'clock,Pickup Truck,Superficial,N,Making Left Turn,2015-02-27 16:50,45,38.49554933,-76.77310767
5464,Y,Apparently Normal,No Misuse,N,No Injury,75af6613-e2ef-4bc6-8e72-f38024e9be8a,D,MSP65030005,Shoulder/Lap Belt(s),M,9747285b-4dc7-4a89-9442-ed9914e089ef,Same Direction Rear End,N,Intersection,Right Turn Lane,Daylight,No Defects,"Two-way, Not Divided",Dry,Clear,Six o'clock,School Bus,Superficial,N,Stopped in Traffic Lane,2015-02-11 14:30,73,39.49182108,-75.97648859
5465,N,Apparently Normal,No Misuse,Y,No Injury,806cf74f-813c-4dee-91c5-a568ef41ea27,D,MSP65030005,Shoulder/Lap Belt(s),M,abb5b06c-b2a6-45d4-a44e-2db0ef615316,Same Direction Rear End,N,Intersection,Right Turn Lane,Daylight,No Defects,"Two-way, Not Divided",Dry,Clear,Twelve o'clock,"Other Light Trucks (10,000 lbs (4,536 kg))",Disabling,N,Slowing or Stopping,2015-02-11 14:30,19,39.49182108,-75.97648859
5466,Y,Apparently Normal,No Misuse,Y,No Injury,a683c86b-3aca-4181-b227-08d2b2b04efa,D,ZD58810002,Shoulder/Lap Belt(s),M,9337b37c-0ae8-45e6-b279-565393f4e72a,Same Direction Rear End,N,Non Intersection,Right Turn Lane,Daylight,No Defects,"Two-way, Not Divided",Wet,Raining,Twelve o'clock,Truck Tractor,Superficial,N,Slowing or Stopping,2015-01-12 15:00,24,38.53084461,-76.61197901
5467,N,Apparently Normal,No Misuse,Y,No Injury,c95949f2-f833-45d1-b76c-b6cb3bdb9a29,D,ZG04380003,Shoulder/Lap Belt(s),M,30abd8fb-f3a4-45a4-883d-eff23a141e9a,Same Movement Angle,N,Intersection,Right Turn Lane,Daylight,No Defects,"Two-way, Divided, Positive Median Barrier",Dry,Clear,Eight o'clock,Passenger Car,Functional,N,Slowing or Stopping,2015-02-18 16:34,36,39.60598575,-75.7872507
5468,N,Apparently Normal,No Misuse,N,Non-incapacitating Injury,17c1ff84-40ca-4e84-933d-624782c559ce,D,ZG04380003,Shoulder/Lap Belt(s),M,af571182-f13a-4f57-ac15-16175051d3a8,Same Movement Angle,N,Intersection,Right Turn Lane,Daylight,No Defects,"Two-way, Divided, Positive Median Barrier",Dry,Clear,One o'clock,Police Vehicle/Non Emergency,Functional,N,Accelerating,2015-02-18 16:34,42,39.60598575,-75.7872507
5469,N,Apparently Normal,No Misuse,N,No Injury,8fe8df94-ca06-457b-99b0-704135b6b94d,D,ZH0361000H,Shoulder/Lap Belt(s),M,721c2101-52aa-449a-891f-a8fa1b421373,Same Movement Angle,N,Commercial Driveway,Right Turn Lane,Daylight,No Defects,"Two-way, Not Divided",Dry,Clear,Twelve o'clock,Pickup Truck,Functional,N,Moving Constant Speed,2015-03-29 17:31,55,38.6514497,-76.88103676
5470,N,Apparently Normal,No Misuse,Y,No Injury,f13543ac-f9e9-4dae-8a7e-48cf5698be46,D,ZH03940002,Shoulder/Lap Belt(s),M,71521961-3444-4e00-a261-e7d8c360fba9,Head On Left Turn,N,Intersection,Left Turn Lane,Daylight,No Defects,"Two-way, Divided, Positive Median Barrier",Wet,Raining,Twelve o'clock,Van,Disabling,N,Moving Constant Speed,2015-03-14 14:46,56,38.60493232,-76.89863205
5471,N,Apparently Normal,No Misuse,N,Possible Incapacitating Injury,f6b9af27-ec19-46b1-8695-42967700f408,D,ZH0446000C,Shoulder/Lap Belt(s),M,11e4d241-dc8a-4779-afa4-a125e23a5b8d,Same Movement Angle,N,Intersection,Right Turn Lane,Dark No Lights,No Defects,"Two-way, Divided, Positive Median Barrier",Snow,Snow,Twelve o'clock,Passenger Car,Disabling,N,Making Left Turn,2015-02-14 18:20,21,38.64826,-76.88567667
5472,N,Apparently Normal,No Misuse,N,No Injury,8cfca091-6061-4d41-8d48-c3747b724ca6,D,ZH0541000H,Shoulder/Lap Belt(s),M,08782020-d608-418c-ba7e-c1b215c5e18e,Same Direction Rear End,N,Non Intersection,Right Turn Lane,Dark Lights On,No Defects,"Two-way, Not Divided",Dry,Clear,Six o'clock,(Sport) Utility Vehicle,Functional,N,Slowing or Stopping,2015-02-19 19:57,32,38.62046,-76.91615333
5473,N,Had Been Drinking,No Misuse,Y,No Injury,21220c4a-7e90-470e-89b1-31b17695de5f,D,ZH0541000H,Shoulder/Lap Belt(s),M,1a017c47-e329-4a84-b1f9-3403eb91a3c0,Same Direction Rear End,N,Non Intersection,Right Turn Lane,Dark Lights On,No Defects,"Two-way, Not Divided",Dry,Clear,Twelve o'clock,Pickup Truck,Functional,N,Moving Constant Speed,2015-02-19 19:57,46,38.62046,-76.91615333
5474,N,Apparently Normal,No Misuse,N,No Injury,ae1d731a-7fdf-40b6-9d42-01d00f786a73,D,ZH0546000J,Shoulder/Lap Belt(s),M,f2f8feb1-39c1-4719-8b94-4a31b40a21fe,Same Direction Rear End,N,Intersection Related,Left Turn Lane,Daylight,No Defects,"Two-way, Divided, Positive Median Barrier",Dry,Clear,Twelve o'clock,Passenger Car,Superficial,N,Stopped in Traffic Lane,2015-02-07 12:12,31,38.62941009,-76.91783667
5475,N,Apparently Normal,No Misuse,N,Possible Incapacitating Injury,dfe96d2d-436e-494f-bc8c-7aeee6bf2f14,D,ZJ0466000H,Shoulder/Lap Belt(s),M,f09b0a26-7e20-44dc-b2bf-f082e45f734a,Head On,N,Intersection Related,Right Turn Lane,Dark Lights On,No Defects,"Two-way, Divided, Positive Median Barrier",Dry,Clear,Twelve o'clock,(Sport) Utility Vehicle,Disabling,N,Stopped in Traffic Lane,2015-02-13 23:14,67,39.375903,-77.410181
5476,N,Had Been Drinking,No Misuse,Y,No Injury,59134c8b-2425-4052-9533-af5e4d8fe20c,D,ZJ0466000H,Shoulder/Lap Belt(s),M,161c654f-27b9-4d4a-a506-129d64fc5ba0,Head On,N,Intersection Related,Right Turn Lane,Dark Lights On,No Defects,"Two-way, Divided, Positive Median Barrier",Dry,Clear,Twelve o'clock,(Sport) Utility Vehicle,Disabling,N,Moving Constant Speed,2015-02-13 23:14,51,39.375903,-77.410181
5477,Y,Apparently Normal,No Misuse,Y,No Injury,63b86d66-5b62-49c4-8739-9695b99bacc5,D,ZK0134000D,Shoulder/Lap Belt(s),M,4bb1eb2b-9f93-4019-927a-c3f2b8fd39d1,Single Vehicle ,N,Non Intersection,Right Turn Lane,Dark No Lights,No Defects,"Two-way, Not Divided",Snow,Severe Winds,Two o'clock,Pickup Truck,Disabling,N,Negotiating a Curve,2015-03-05 20:10,23,39.50287762,-79.08996999
5478,N,Apparently Normal,No Misuse,Y,No Injury,080cb7db-7a1b-4eec-89e5-f83ac64ff8de,D,ZK01870005,Shoulder/Lap Belt(s),M,a1a0770a-c069-467f-9925-be887d85a344,Single Vehicle ,N,Non Intersection,Right Turn Lane,Daylight,No Defects,"Two-way, Not Divided",Slush,Snow,Twelve o'clock,(Sport) Utility Vehicle,Disabling,N,Moving Constant Speed,2015-03-01 12:54,38,39.43748564,-79.30146217
5479,N,Apparently Normal,No Misuse,Y,No Injury,7bcf0591-89ea-4f97-b277-bdb97eacbc31,D,ZK01870006,Shoulder/Lap Belt(s),M,4f5e9ef7-e3e3-4576-91d1-030f86057976,Single Vehicle ,N,Non Intersection,Right Turn Lane,Daylight,No Defects,"Two-way, Not Divided",Slush,Snow,Twelve o'clock,Pickup Truck,Destroyed,N,Moving Constant Speed,2015-03-01 12:17,75,39.43755193,-79.30206299
5480,N,Apparently Normal,No Misuse,Y,No Injury,d6a482bf-cc40-45d6-b348-61b54ab57645,D,ZK02010008,Shoulder/Lap Belt(s),M,726ded98-7e97-45a7-9905-dedd5b4aad50,Single Vehicle ,N,Non Intersection,Right Turn Lane,Daylight,Loose Surface Material,"Two-way, Not Divided",Slush,Wintry Mix,Eleven o'clock,Passenger Car,Disabling,N,Moving Constant Speed,2015-01-24 10:06,27,39.48033631,-79.34340119
5481,N,Apparently Normal,No Misuse,Y,No Injury,6487d382-3601-4244-b8ca-4c407cef3aca,D,ZK02040006,Shoulder/Lap Belt(s),M,85914b2c-dab8-4728-8dc1-03e08e2e055d,Single Vehicle ,N,Non Intersection,Right Turn Lane,Daylight,Foreign Material,"Two-way, Not Divided",Ice,Snow,Twelve o'clock,Van,Destroyed,N,Moving Constant Speed,2015-02-01 14:17,21,39.507087,-79.40863922
5482,N,Apparently Normal,No Misuse,N,No Injury,24aafc97-2d4a-42dc-81e3-d5ed9f5519d8,D,ZR0091000M,Shoulder/Lap Belt(s),M,a9adf4cf-96a7-4554-b855-6e02fd41977e,Same Direction Sideswipe,N,Non Intersection,Right Turn Lane,Daylight,No Defects,"Two-way, Not Divided",Dry,Clear,Eleven o'clock,Passenger Car,Disabling,N,Moving Constant Speed,2015-01-16 09:51,27,38.35737352,-76.68339014
5483,N,Apparently Normal,No Misuse,Y,No Injury,34b19a1f-ebc5-49f3-b916-3e9ac87a1874,D,ZR0091000M,Shoulder/Lap Belt(s),M,519e9dea-a6cc-4d08-9a75-9d44389084ef,Same Direction Sideswipe,N,Non Intersection,Right Turn Lane,Daylight,No Defects,"Two-way, Not Divided",Dry,Clear,One o'clock,Pickup Truck,Functional,N,Entering Traffic Lane,2015-01-16 09:51,83,38.35737352,-76.68339014
5484,N,Apparently Normal,No Misuse,Y,No Injury,c0b651c1-fa76-4e17-b2b6-3b756c4b7efc,D,ZR0210000Q,Shoulder/Lap Belt(s),M,24a76545-988e-49d3-8fbe-414aa2607ce8,Same Movement Angle,N,Intersection,Right Turn Lane,Daylight,No Defects,"Two-way, Divided, Unprotected (painted >4 feet) Median",Dry,Clear,Twelve o'clock,Passenger Car,Superficial,N,Moving Constant Speed,2015-01-16 12:01,69,38.31265264,-76.53501034
5485,N,Apparently Normal,No Misuse,N,Non-incapacitating Injury,eeb0ff09-017e-4d99-8d50-8f89ee81088f,D,ZR0210000Q,Shoulder/Lap Belt(s),M,bd7b8216-9052-4a16-a6a1-93f78c1ae60e,Same Movement Angle,N,Intersection,Right Turn Lane,Daylight,No Defects,"Two-way, Divided, Unprotected (painted >4 feet) Median",Dry,Clear,Eleven o'clock,Passenger Car,Functional,N,Making Left Turn,2015-01-16 12:01,31,38.31265264,-76.53501034
5486,N,Apparently Normal,No Misuse,N,No Injury,5c70b490-ee83-46e4-a259-a342e08d50af,D,ZR03030006,Shoulder/Lap Belt(s),M,50c58b01-e6ef-4c7b-8313-f8420ace13d4,Same Direction Sideswipe,N,Non Intersection,Left Turn Lane,Daylight,No Defects,"Two-way, Divided, Unprotected (painted >4 feet) Median",Dry,Clear,Eleven o'clock,Passenger Car,Disabling,N,Moving Constant Speed,2015-01-17 09:30,22,38.42850473,-76.71800137
5487,N,Apparently Normal,No Misuse,Y,No Injury,839ce9b4-4e48-47d5-b9dd-efb5e050036e,D,ZR03030006,Shoulder/Lap Belt(s),M,f48b0087-379f-44ed-bbd0-87a297d7e466,Same Direction Sideswipe,N,Non Intersection,Left Turn Lane,Daylight,No Defects,"Two-way, Divided, Unprotected (painted >4 feet) Median",Dry,Clear,Twelve o'clock,Pickup Truck,Functional,N,Moving Constant Speed,2015-01-17 09:30,45,38.42850473,-76.71800137
5488,N,Apparently Normal,No Misuse,N,No Injury,19ded3ce-5503-4ab7-af8c-6c3497422c6f,D,ZS65140002,Shoulder/Lap Belt(s),M,72038b8a-05a8-4aef-8ef4-5c609f1ff9fe,Angle Meets Left Turn Head On,N,Intersection,Right Turn Lane,Daylight,No Defects,"Two-way, Not Divided",Dry,Clear,Eleven o'clock,"Other Light Trucks (10,000 lbs (4,536 kg))",Functional,N,Moving Constant Speed,2015-02-03 16:30,29,38.02199624,-75.80860376
5489,N,Apparently Normal,No Misuse,Y,No Injury,667b05f2-0309-4bd1-aa7f-9d307cc386e2,D,ZS65140002,Shoulder/Lap Belt(s),M,d93a3667-4dbe-4a8e-9961-79c222d4ddd9,Angle Meets Left Turn Head On,N,Intersection,Right Turn Lane,Daylight,No Defects,"Two-way, Not Divided",Dry,Clear,Seven o'clock,Passenger Car,Disabling,N,Accelerating,2015-02-03 16:30,21,38.02199624,-75.80860376
5490,N,Apparently Normal,No Misuse,Y,No Injury,0c1478b3-6158-46a6-a53d-876630c6fc8d,D,ZU4564000H,Shoulder/Lap Belt(s),M,c7667616-cf50-45de-864f-bfc898dec1b3,Single Vehicle ,N,Non Intersection,Right Turn Lane,Daylight,No Defects,"Two-way, Not Divided",Dry,Cloudy,Twelve o'clock,Station Wagon,Disabling,N,Moving Constant Speed,2015-02-26 13:47,33,39.50312643,-77.783554
5491,N,Apparently Normal,No Misuse,N,No Injury,99f968ad-40f8-41a1-9d5b-a6acb93eaefb,D,ZU77610007,Shoulder/Lap Belt(s),M,528765bc-07e3-4936-8fea-9d5bef23bc3e,Same Direction Both Left Turn,N,Intersection,Right Turn Lane,Daylight,No Defects,"Two-way, Divided, Unprotected (painted >4 feet) Median",Dry,Clear,Two o'clock,Passenger Car,Disabling,N,Making Left Turn,2015-01-15 13:28,42,39.68330244,-77.69716457
5492,N,Apparently Normal,No Misuse,Y,No Injury,ca636eeb-611e-4144-87cf-ca3a9f0e4587,D,ZU77610007,Shoulder/Lap Belt(s),M,e7cfdff1-5819-42d4-be13-1f256ff77260,Same Direction Both Left Turn,N,Intersection,Right Turn Lane,Daylight,No Defects,"Two-way, Divided, Unprotected (painted >4 feet) Median",Dry,Clear,Two o'clock,Passenger Car,Superficial,N,Making Left Turn,2015-01-15 13:28,87,39.68330244,-77.69716457
5493,N,Apparently Normal,No Misuse,Y,No Injury,bd7e8f82-705d-4b06-b820-a2aa6f5ddf07,D,ZU7761000B,Shoulder/Lap Belt(s),M,79580fc3-4745-4491-8848-acc94a8d55cd,Single Vehicle ,N,Non Intersection,Right Turn Lane,Daylight,No Defects,"Two-way, Divided, Unprotected (painted >4 feet) Median",Snow,Snow,Seven o'clock,Passenger Car,Disabling,N,Moving Constant Speed,2015-02-21 15:41,22,39.71657896,-77.72363663
5494,N,Apparently Normal,No Misuse,N,No Injury,e5234d1e-9c11-4714-81d1-7114898f01c7,D,ZVW249000F,Lap Belt Only,M,9bed9080-5d85-4ff9-90a0-a0d1f94fe59f,Head On Left Turn,N,Intersection,Right Turn Lane,Daylight,No Defects,"Two-way, Not Divided",Dry,Clear,Ten o'clock,School Bus,Functional,N,Stopped in Traffic Lane,2015-02-25 09:30,67,38.37678829,-75.67588806
5495,N,Apparently Normal,No Misuse,Y,No Injury,14542d65-91a7-4020-849a-51a6bbd21789,D,ZVW249000F,Lap Belt Only,M,839e1226-548a-4e1e-9949-46b242ee1139,Head On Left Turn,N,Intersection,Right Turn Lane,Daylight,No Defects,"Two-way, Not Divided",Dry,Clear,Ten o'clock,School Bus,Functional,Y,Moving Constant Speed,2015-02-25 09:30,75,38.37678829,-75.67588806
5496,N,Apparently Normal,No Misuse,Y,No Injury,ce434e2c-721c-4feb-88a3-23dddf219bcf,D,ZVW316000D,Shoulder/Lap Belt(s),M,fcaa93d7-8908-403f-98d6-6b5d498f56f0,Single Vehicle ,N,Non Intersection,Right Turn Lane,Daylight,No Defects,"Two-way, Not Divided",Ice,Snow,Eleven o'clock,Passenger Car,Disabling,N,Skidding,2015-03-05 14:25,19,38.4268994,-75.53765774
5497,N,Apparently Normal,No Misuse,Y,No Injury,b65255d7-149f-48fa-aaea-e5385e5c0e81,D,ZW01160003,Shoulder/Lap Belt(s),M,004fe5e5-3236-456e-9da8-5adf68238b11,Single Vehicle ,N,Non Intersection,Right Turn Lane,Dark No Lights,No Defects,"Two-way, Not Divided",Snow,Blowing Snow,Six o'clock,Police Vehicle/Emergency,Superficial,N,Backing,2015-02-14 22:34,25,38.00665,-75.5284
5498,N,Apparently Normal,No Misuse,N,Possible Incapacitating Injury,fe3e9979-15e1-4863-bdce-1cff9ebeb9a6,D,AC1403000Y,Shoulder Belt Only,M,ff30ac0f-6ac4-463f-9f39-501f1e37a862,Same Movement Angle,N,Intersection,Right Turn Lane,Daylight,No Defects,"Two-way, Not Divided",Dry,Cloudy,One o'clock,Passenger Car,Destroyed,N,Moving Constant Speed,2015-01-14 15:43,35,39.20425226,-76.59348451
5499,N,Apparently Normal,No Misuse,Y,Possible Incapacitating Injury,1accb5e2-7321-408c-901c-2434f4e54d81,D,AC1403000Y,Shoulder/Lap Belt(s),M,72187cbd-b055-438b-b9fd-27e8d3ef2333,Same Movement Angle,N,Intersection,Right Turn Lane,Daylight,No Defects,"Two-way, Not Divided",Dry,Cloudy,Twelve o'clock,(Sport) Utility Vehicle,Disabling,N,Making Left Turn,2015-01-14 15:43,72,39.20425226,-76.59348451
5500,N,Apparently Normal,No Misuse,N,No Injury,667cc95e-2876-4cbb-976e-f1b6a0911444,D,AC1414000M,Shoulder/Lap Belt(s),M,1bf22ec3-d98b-4975-a28e-59c0070fa2d6,Same Movement Angle,N,Intersection,Left Turn Lane,Daylight,No Defects,"Two-way, Divided, Positive Median Barrier",Wet,Snow,Twelve o'clock,Passenger Car,Disabling,N,Moving Constant Speed,2015-02-27 08:55,33,39.17749928,-76.54267073
5501,N,Apparently Normal,No Misuse,Y,Non-incapacitating Injury,fac9b00f-c8df-484e-8cc0-b7b84214d06a,D,AC1414000M,Shoulder/Lap Belt(s),M,9f34a4da-c64f-45a8-85b6-1d8f6896b8fa,Same Movement Angle,N,Intersection,Left Turn Lane,Daylight,No Defects,"Two-way, Divided, Positive Median Barrier",Wet,Snow,Two o'clock,Passenger Car,Disabling,N,Making Left Turn,2015-02-27 08:55,67,39.17749928,-76.54267073
5502,N,Apparently Normal,No Misuse,N,Non-incapacitating Injury,2e14127d-2dfd-4c5e-858c-efb60ed44a05,D,AC20090013,Shoulder/Lap Belt(s),M,31c237f5-50be-463e-956e-100c11e91bad,Same Direction Rear End,N,Intersection Related,Acceleration Lane,Daylight,No Defects,One-way Trafficway,Dry,Clear,Six o'clock,(Sport) Utility Vehicle,Destroyed,N,Slowing or Stopping,2015-02-27 12:35,61,39.00872173,-76.69820666
5503,N,Apparently Normal,No Misuse,Y,Non-incapacitating Injury,09176c49-ac03-4aaa-9381-11f029c64143,D,AC20090013,Shoulder/Lap Belt(s),M,13921333-e154-449e-b590-163bc10e0acd,Same Direction Rear End,N,Intersection Related,Acceleration Lane,Daylight,No Defects,One-way Trafficway,Dry,Clear,Twelve o'clock,Passenger Car,Destroyed,N,Slowing or Stopping,2015-02-27 12:35,69,39.00872173,-76.69820666
5504,N,Apparently Normal,No Misuse,Y,No Injury,54e1251d-297b-418a-8f96-fcfd095fe735,D,ADF0510023,Shoulder/Lap Belt(s),M,e94d6c43-d7b7-4733-a0b5-f5032d9bdaf3,Same Direction Rear End,N,Non Intersection,Left Turn Lane,Daylight,No Defects,One-way Trafficway,Dry,Clear,Six o'clock,Van,Superficial,N,Backing,2015-02-28 15:30,27,39.28817426,-76.6108565
5505,N,Apparently Normal,No Misuse,N,Non-incapacitating Injury,ccec4cf7-f4e5-4867-8c20-2f8a1acb8a72,D,ADF0510023,Shoulder/Lap Belt(s),M,a312d8fd-92d1-426f-8b8f-37ed46ca2570,Same Direction Rear End,N,Non Intersection,Left Turn Lane,Daylight,No Defects,One-way Trafficway,Dry,Clear,Twelve o'clock,Passenger Car,Superficial,N,Stopped in Traffic Lane,2015-02-28 15:30,54,39.28817426,-76.6108565
5506,N,Apparently Normal,No Misuse,Y,Non-incapacitating Injury,b7b3851e-cb84-4db5-bf95-38c0b05665c0,D,ADF9900002,Shoulder/Lap Belt(s),M,4ee4a27d-3b92-43ee-a364-7dacf066ae1e,Same Movement Angle,N,Non Intersection,Right Turn Lane,Daylight,No Defects,"Two-way, Not Divided",Dry,Clear,Twelve o'clock,Passenger Car,Disabling,N,Moving Constant Speed,2015-01-15 15:43,43,39.33140021,-76.69570014
5507,N,Apparently Normal,No Misuse,Y,No Injury,b1eed610-ba1c-48dd-9790-ca1f7e736f85,D,ADI048000J,Shoulder/Lap Belt(s),M,8a5e38b6-719a-461a-aeb4-61773db20283,Head On,N,Intersection,Acceleration Lane,Daylight,No Defects,"Two-way, Not Divided",Wet,Raining,Twelve o'clock,"Other Light Trucks (10,000 lbs (4,536 kg))",Functional,N,Making Left Turn,2015-03-31 16:30,34,39.27393005,-76.67145431