KEY_INDEX,CDL_FLAG,CONDITION_CODE,EQUIP_PROB_CODE,FAULT_FLAG,INJ_SEVER_CODE,PERSON_ID,PERSON_TYPE,REPORT_NO,SAF_EQUIP_CODE,SEX_CODE,VEHICLE_ID,COLLISION_TYPE_CODE,C_M_ZONE_FLAG,JUNCTION_CODE,LANE_CODE,LIGHT_CODE,RD_COND_CODE,RD_DIV_CODE,SURF_COND_CODE,WEATHER_CODE,AREA_DAMAGED_CODE_MAIN,BODY_TYPE_CODE,DAMAGE_CODE,HIT_AND_RUN_FLAG,MOVEMENT_CODE,TIME,AGE,LATITUDE,LONGITUDE
5508,N,Apparently Normal,No Misuse,Y,Non-incapacitating Injury,a3257cb9-4a71-45d8-8011-9ad25aa4724c,D,ADI048000J,Shoulder/Lap Belt(s),M,d3c407e4-26bd-49ed-b1f4-ec63dbe7afcb,Head On,N,Intersection,Acceleration Lane,Daylight,No Defects,"Two-way, Not Divided",Wet,Raining,Twelve o'clock,Passenger Car,Destroyed,N,Changing Lanes,2015-03-31 16:30,26,39.27393005,-76.67145431
5509,Y,Apparently Normal,No Misuse,N,No Injury,55cf829e-8efd-4193-8eb0-811f9212eb49,D,ADI2840003,Lap Belt Only,M,ecfce7e3-d715-41fc-b915-50fec93b1549,Opposite Direction Sideswipe,Y,Non Intersection,Shoulder Area,Daylight,Foreign Material,"Two-way, Divided, Unprotected (painted >4 feet) Median",Ice,Cloudy,Nine o'clock,School Bus,Disabling,N,Moving Constant Speed,2015-02-18 14:28,37,39.356246,-76.6
5510,N,Apparently Normal,No Misuse,Y,Non-incapacitating Injury,7f9e56fd-153d-4be0-ac2d-4150388fcedc,D,ADI2840003,Shoulder/Lap Belt(s),M,b6ff73b9-827d-46ba-9f65-44f6cbbf9a9c,Opposite Direction Sideswipe,Y,Non Intersection,Shoulder Area,Daylight,Foreign Material,"Two-way, Divided, Unprotected (painted >4 feet) Median",Ice,Cloudy,Eleven o'clock,(Sport) Utility Vehicle,Disabling,N,Making Left Turn,2015-02-18 14:28,46,39.356246,-76.6
5511,N,Apparently Normal,No Misuse,N,No Injury,e388983e-7b38-4aa0-8b1f-badd9b9f876e,D,ADI6270001,Shoulder/Lap Belt(s),M,71e282af-007d-4df0-be32-86513f56d970,Same Movement Angle,N,Intersection,Right Turn Lane,Dark Lights On,No Defects,One-way Trafficway,Dry,Cloudy,Nine o'clock,Passenger Car,Disabling,N,Moving Constant Speed,2015-01-27 23:36,39,39.30194304,-76.57895565
5512,N,Apparently Normal,No Misuse,Y,No Injury,0450a39c-117c-4d1c-a553-5457d55b4ba2,D,ADI693000F,Shoulder/Lap Belt(s),M,1c539dfe-a784-4874-8611-cf4fffa5f695,Same Direction Left Turn,N,Non Intersection,Right Turn Lane,Daylight,No Defects,"Two-way, Divided, Unprotected (painted >4 feet) Median",Dry,Clear,Twelve o'clock,Passenger Car,Superficial,N,Starting From Parked,2015-03-19 11:00,26,39.28162556,-76.68923065
5513,N,Apparently Normal,No Misuse,N,Non-incapacitating Injury,a22c2db2-c035-4f8e-b7d1-004c31fa5066,D,ADI693000F,Shoulder/Lap Belt(s),M,5b2c5b4c-6651-4dda-9049-015b7c5a4a03,Same Direction Left Turn,N,Non Intersection,Right Turn Lane,Daylight,No Defects,"Two-way, Divided, Unprotected (painted >4 feet) Median",Dry,Clear,Two o'clock,(Sport) Utility Vehicle,Superficial,N,Moving Constant Speed,2015-03-19 11:00,22,39.28162556,-76.68923065
5514,N,Apparently Normal,No Misuse,N,No Injury,32d844a8-f284-4bc7-a20c-f76a4bcc38c8,D,ADJ3230005,Shoulder/Lap Belt(s),M,fd6f88f8-9235-4b6e-8161-435aac2905fb,Single Vehicle ,N,Intersection,Left Turn Lane,Daylight,No Defects,"Two-way, Not Divided",Dry,Clear,Twelve o'clock,Van,Superficial,N,Moving Constant Speed,2015-01-30 08:21,42,39.31002889,-76.64250255
5515,N,Apparently Normal,No Misuse,Y,No Injury,846579ed-f9a2-4069-a3ee-d60c4f9fb1f5,D,ADJ3370002,Shoulder/Lap Belt(s),M,27f6c625-95f8-4233-aec1-c093d285a084,Same Direction Right Turn,N,Intersection,Right Turn Lane,Daylight,"Holes, Ruts, Etc.",One-way Trafficway,Dry,Clear,Five o'clock,Passenger Car,Superficial,N,Changing Lanes,2015-03-16 11:00,64,39.29287647,-76.69768095
5516,N,Apparently Normal,No Misuse,N,Possible Incapacitating Injury,6ade419a-89ae-4b89-a0e4-16c6c279b8ac,D,ADJ3370002,Shoulder/Lap Belt(s),M,1dcab8c6-843e-4d02-8bef-dd836ae4551c,Same Direction Right Turn,N,Intersection,Right Turn Lane,Daylight,"Holes, Ruts, Etc.",One-way Trafficway,Dry,Clear,Twelve o'clock,Passenger Car,Disabling,N,Starting From Lane,2015-03-16 11:00,27,39.29287647,-76.69768095
5517,N,Apparently Normal,No Misuse,N,Non-incapacitating Injury,257966f0-2cda-4576-93de-99ebf20721c0,D,ADJ4140001,Shoulder/Lap Belt(s),M,d474399b-b2c7-4771-9848-93849a4e7664,Same Direction Left Turn,N,Non Intersection,Right Turn Lane,Dark - Unknown Lighting,No Defects,"Two-way, Divided, Positive Median Barrier",Dry,Clear,Two o'clock,Passenger Car,Superficial,N,Moving Constant Speed,2015-01-01 21:41,27,39.34179665,-76.56299651
5518,N,Apparently Normal,No Misuse,N,No Injury,790d0a74-6cb7-4af2-a1e5-d2cbf158349d,D,ADJ5450002,Shoulder/Lap Belt(s),M,0c6b34d1-c449-4f0d-bad7-1707a7863b3c,Same Movement Angle,N,Intersection,Deceleration Lane,Daylight,No Defects,One-way Trafficway,Wet,Raining,Nine o'clock,Passenger Car,Functional,N,Moving Constant Speed,2015-01-03 10:44,31,39.28654911,-76.61221504
5519,N,Apparently Normal,No Misuse,Y,No Injury,b2e4c1f9-d7f5-4111-8c1c-92354df83c5d,D,ADJ5450002,Shoulder/Lap Belt(s),M,38d2ad41-1ff5-4f4a-a76e-86e496e08351,Same Movement Angle,N,Intersection,Deceleration Lane,Daylight,No Defects,One-way Trafficway,Wet,Raining,Twelve o'clock,Passenger Car,Functional,N,Moving Constant Speed,2015-01-03 10:44,22,39.28654911,-76.61221504
5520,N,Apparently Normal,No Misuse,N,No Injury,74ac4f03-67a8-44b7-9a1a-cd5312e00d5c,D,ADJ6260001,Shoulder/Lap Belt(s),M,41c598f2-2b9b-4493-9a21-095eedd77e62,Same Direction Rear End,N,Intersection,Right Turn Lane,Daylight,No Defects,"Two-way, Not Divided",Dry,Clear,Six o'clock,Passenger Car,Superficial,N,Making Left Turn,2015-01-17 15:00,21,39.32096903,-76.5404284
5521,N,Apparently Normal,No Misuse,Y,Non-incapacitating Injury,8fffac9a-8530-4144-badc-ad14fd0dec84,D,ADJ6260001,Shoulder/Lap Belt(s),M,f2e61eb6-6faa-4439-b9f7-ae7ca85250d5,Same Direction Rear End,N,Intersection,Right Turn Lane,Daylight,No Defects,"Two-way, Not Divided",Dry,Clear,Twelve o'clock,Passenger Car,Disabling,N,Moving Constant Speed,2015-01-17 15:00,22,39.32096903,-76.5404284
5522,N,Apparently Normal,No Misuse,N,Non-incapacitating Injury,772af809-25f6-4dd7-9d06-5cf0019b2954,D,AE3568000N,Shoulder/Lap Belt(s),M,7975c716-9256-4967-8868-aa92063662eb,Same Movement Angle,N,Non Intersection,Right Turn Lane,Daylight,No Defects,"Two-way, Not Divided",Dry,Cloudy,Twelve o'clock,Police Vehicle/Emergency,Disabling,N,Slowing or Stopping,2015-01-30 16:28,36,39.48552829,-76.86063051
5523,N,Apparently Normal,No Misuse,N,No Injury,0987e8de-24da-4a3c-9e2a-a8d47a4585af,D,AE3788001S,Shoulder/Lap Belt(s),M,e906970a-60e5-4f46-96d3-154d46de55bb,Same Movement Angle,N,Intersection,Right Turn Lane,Daylight,No Defects,"Two-way, Not Divided",Wet,Cloudy,Five o'clock,Passenger Car,Disabling,N,Accelerating,2015-03-10 12:01,33,39.30782565,-76.75339328
5524,N,Apparently Normal,No Misuse,Y,Possible Incapacitating Injury,410ee420-cb54-41d8-87ff-f858975ad9a0,D,AE3788001S,Shoulder/Lap Belt(s),M,31e80a0e-cc5c-4020-bb35-17f01f1cd6b3,Same Movement Angle,N,Intersection,Right Turn Lane,Daylight,No Defects,"Two-way, Not Divided",Wet,Cloudy,Twelve o'clock,Passenger Car,Disabling,N,Making Right Turn,2015-03-10 12:01,42,39.30782565,-76.75339328
5525,N,Apparently Normal,No Misuse,N,No Injury,6c2f7b71-582a-4ade-882e-6c0f894ad139,D,AE38280012,Shoulder/Lap Belt(s),M,1dbd45b4-2b56-4840-a659-bc5bdbd209d7,Same Movement Angle,N,Intersection,Right Turn Lane,Dark Lights On,No Defects,"Two-way, Not Divided",Dry,Clear,Twelve o'clock,Passenger Car,Disabling,N,Moving Constant Speed,2015-01-17 01:22,47,39.40561011,-76.58148766
5526,N,Had Been Drinking,No Misuse,Y,No Injury,2d2b8465-2278-4307-a187-a7e7123f1288,D,AE38280012,Shoulder/Lap Belt(s),M,c967597d-3470-421c-9bc2-bc238e1657ff,Same Movement Angle,N,Intersection,Right Turn Lane,Dark Lights On,No Defects,"Two-way, Not Divided",Dry,Clear,Five o'clock,(Sport) Utility Vehicle,Disabling,N,Accelerating,2015-01-17 01:22,27,39.40561011,-76.58148766
5527,N,Apparently Normal,No Misuse,N,No Injury,6e2c37be-e8c1-4fc4-91a7-755eb39823c5,D,AE46520006,Shoulder/Lap Belt(s),M,572c6eaf-b2cc-42b4-95af-4a03168dcac3,Same Movement Angle,N,Intersection,Right Turn Lane,Daylight,No Defects,"Two-way, Not Divided with a Continuous Left Turn Lane",Wet,Raining,Twelve o'clock,Passenger Car,Disabling,N,Moving Constant Speed,2015-01-03 15:22,20,39.40978807,-76.46733284
5528,N,Apparently Normal,No Misuse,Y,Non-incapacitating Injury,97151642-bbe7-4b5b-8714-e233c59b6f82,D,AE46520006,Shoulder/Lap Belt(s),M,c00521e7-fdce-44ac-8450-95f39ff68755,Same Movement Angle,N,Intersection,Right Turn Lane,Daylight,No Defects,"Two-way, Not Divided with a Continuous Left Turn Lane",Wet,Raining,Twelve o'clock,Passenger Car,Disabling,N,Making Left Turn,2015-01-03 15:22,26,39.40978807,-76.46733284
5529,N,Apparently Normal,No Misuse,Y,No Injury,c2e4dc57-3d86-4527-bfe9-f278ea53c20c,D,AE4961000Y,Shoulder/Lap Belt(s),M,8830bf47-9333-45d4-9c2e-0a5f3e8262e9,Same Movement Angle,N,Intersection,Left Turn Lane,Daylight,No Defects,"Two-way, Not Divided",Dry,Cloudy,Twelve o'clock,(Sport) Utility Vehicle,Disabling,N,Starting From Lane,2015-02-24 12:12,81,39.34526697,-76.73471689
5530,N,Apparently Normal,No Misuse,N,Non-incapacitating Injury,5611ea66-58b4-4ac5-aa4a-ed2db77abca1,D,AE4961000Y,Shoulder/Lap Belt(s),M,aed62876-c435-4598-bab6-961ac876b6b9,Same Movement Angle,N,Intersection,Left Turn Lane,Daylight,No Defects,"Two-way, Not Divided",Dry,Cloudy,Three o'clock,(Sport) Utility Vehicle,Disabling,N,Moving Constant Speed,2015-02-24 12:12,31,39.34526697,-76.73471689
5531,N,Apparently Normal,No Misuse,N,No Injury,66bac31f-b34a-4e80-a76b-6b982f2627e0,D,AM03110004,Shoulder/Lap Belt(s),M,2173c15d-82be-4391-a24b-953d3e67db4c,Same Movement Angle,N,Non Intersection,Left Turn Lane,Dark Lights On,No Defects,"Two-way, Not Divided",Dry,Clear,One o'clock,Station Wagon,Superficial,N,Moving Constant Speed,2015-03-17 20:15,56,38.9394587,-76.93483114
5532,N,Apparently Normal,No Misuse,N,Non-incapacitating Injury,a5df4d2a-9224-4701-af2f-633c29fa5162,D,BJ01260005,Shoulder/Lap Belt(s),M,6ba21a93-f4da-46af-bc84-d238740a39ec,Same Direction Rear End,N,Intersection Related,Right Turn Lane,Dawn,No Defects,"Two-way, Divided, Positive Median Barrier",Dry,Clear,Six o'clock,(Sport) Utility Vehicle,Disabling,N,Slowing or Stopping,2015-03-24 07:00,78,38.77250453,-76.06021643
5533,N,Apparently Normal,No Misuse,Y,Non-incapacitating Injury,9cb7f7ab-e7fb-4823-8323-d625c1d1835b,D,BJ01260005,Shoulder/Lap Belt(s),M,42869ed6-6f22-478b-ae20-d61c5f8f2f05,Same Direction Rear End,N,Intersection Related,Right Turn Lane,Dawn,No Defects,"Two-way, Divided, Positive Median Barrier",Dry,Clear,Twelve o'clock,Passenger Car,Disabling,N,Moving Constant Speed,2015-03-24 07:00,20,38.77250453,-76.06021643
5534,N,Apparently Normal,No Misuse,Y,No Injury,9ff9c7ed-0b2c-428d-9f03-51233d39abe7,D,CA77490005,Shoulder/Lap Belt(s),M,0b3fbeef-919e-4088-924c-a7ef7d2d2f21,Same Direction Sideswipe,N,Intersection,Right Turn Lane,Dark No Lights,No Defects,"Two-way, Not Divided",Dry,Clear,Three o'clock,Passenger Car,Disabling,N,Starting From Lane,2015-02-04 17:46,20,39.55397312,-76.10212326
5535,N,Apparently Normal,No Misuse,N,Possible Incapacitating Injury,6ac2b7fd-9dc8-4140-97c7-b1ade389c15a,D,CA77490005,Shoulder/Lap Belt(s),M,f6fdf72f-2733-4798-80c9-435e2cba1b07,Same Direction Sideswipe,N,Intersection,Right Turn Lane,Dark No Lights,No Defects,"Two-way, Not Divided",Dry,Clear,Twelve o'clock,Van,Disabling,N,Moving Constant Speed,2015-02-04 17:46,59,39.55397312,-76.10212326
5536,N,Apparently Normal,No Misuse,N,No Injury,71b6365b-b8d5-4263-8be0-7031b8a861a9,D,CB5190000P,Shoulder/Lap Belt(s),M,17c27977-9e4e-477e-a9c7-fd10eb643373,Same Direction Rear End,N,Non Intersection,Right Turn Lane,Daylight,No Defects,"Two-way, Not Divided",Dry,Cloudy,Six o'clock,Passenger Car,No Damage,N,Slowing or Stopping,2015-03-31 15:45,75,39.2358764,-76.87112331
5537,N,Apparently Normal,No Misuse,N,Possible Incapacitating Injury,94b32223-7639-4d8d-91c9-e243b46e2e1f,D,CB54580003,Shoulder/Lap Belt(s),M,48adfe35-6fc4-444c-bcdf-e53b5a0ac3f0,Head On,N,Non Intersection,Left Turn Lane,Dark Lights On,No Defects,"Two-way, Divided, Positive Median Barrier",Dry,Clear,Two o'clock,Passenger Car,Disabling,N,Moving Constant Speed,2015-02-01 00:57,60,39.22906186,-76.81138515
5538,N,Had Been Drinking,No Misuse,Y,Non-incapacitating Injury,9e4a76f2-162e-48a7-8d90-a4cfc82f6561,D,CB54580003,Shoulder/Lap Belt(s),M,3b5375d5-0102-4df3-9aa4-87169b14456d,Head On,N,Non Intersection,Left Turn Lane,Dark Lights On,No Defects,"Two-way, Divided, Positive Median Barrier",Dry,Clear,Twelve o'clock,Passenger Car,Disabling,N,Moving Constant Speed,2015-02-01 00:57,29,39.22906186,-76.81138515
5539,N,Apparently Normal,No Misuse,N,No Injury,6cf36e02-9eda-4909-b7d8-3493f935c71d,D,CC02240002,Shoulder/Lap Belt(s),M,3e9cc62a-755f-4da8-83cf-d7694f5cc957,Same Direction Rear End,N,Non Intersection,Right Turn Lane,Daylight,No Defects,"Two-way, Divided, Unprotected (painted >4 feet) Median",Wet,Snow,Six o'clock,(Sport) Utility Vehicle,Superficial,N,Slowing or Stopping,2015-01-06 12:00,28,38.95617177,-76.96143866
5540,N,Apparently Normal,No Misuse,N,No Injury,7c72e5a4-2a05-4ca8-a81a-2b071c5b0bd0,D,CE41520002,Shoulder/Lap Belt(s),M,770bfecc-2285-4b6d-b4df-8eedb025e5ed,Same Direction Rear End,N,Non Intersection,Left Turn Lane,Daylight,No Defects,One-way Trafficway,Dry,Clear,Six o'clock,Passenger Car,Superficial,N,Stopped in Traffic Lane,2015-01-09 13:37,72,39.10270712,-76.84490204
5541,N,Apparently Normal,No Misuse,Y,No Injury,e1e3efff-2368-47bb-82ba-567cb52c6ee4,D,CE41520002,Shoulder/Lap Belt(s),M,e6b498a1-adb3-46f9-8a6b-14d4a4f850d2,Same Direction Rear End,N,Non Intersection,Left Turn Lane,Daylight,No Defects,One-way Trafficway,Dry,Clear,Twelve o'clock,Van,Superficial,N,Slowing or Stopping,2015-01-09 13:37,64,39.10270712,-76.84490204
5542,N,Had Been Drinking,No Misuse,Y,Fatal Injury,5c7b26e2-a262-453a-8579-95954f9c4f4b,D,DA2774000J,Shoulder/Lap Belt(s),M,9a24a93c-96bc-42a8-b2d8-fcc2e332d8d2,Single Vehicle ,N,Non Intersection,Left Turn Lane,Dark No Lights,No Defects,"Two-way, Divided, Positive Median Barrier",Dry,Cloudy,Twelve o'clock,Police Vehicle/Emergency,Destroyed,N,Moving Constant Speed,2015-03-07 03:21,27,38.99148737,-76.84078217
5543,N,Apparently Normal,No Misuse,N,No Injury,60b321ab-2e31-4845-9e17-cb1eb48b5ae2,D,DA3377000C,Shoulder/Lap Belt(s),M,eb964910-03d3-4628-b780-8eb38f129e3b,Same Direction Rear End,N,Intersection,Right Turn Lane,Daylight,No Defects,"Two-way, Divided, Unprotected (painted >4 feet) Median",Ice,Clear,Six o'clock,Passenger Car,Superficial,N,Stopped in Traffic Lane,2015-03-06 08:14,84,38.97321871,-76.97166324
5544,N,Apparently Normal,No Misuse,Y,No Injury,9399cc24-68fa-4550-8df5-0bf0bbc06804,D,DA3377000C,Shoulder/Lap Belt(s),M,b7ab7b62-8e96-490e-8aad-cafd79353f7b,Same Direction Rear End,N,Intersection,Right Turn Lane,Daylight,No Defects,"Two-way, Divided, Unprotected (painted >4 feet) Median",Ice,Clear,Twelve o'clock,Passenger Car,Superficial,N,Slowing or Stopping,2015-03-06 08:14,26,38.97321871,-76.97166324
5545,N,Apparently Normal,No Misuse,N,No Injury,bad5e014-5443-45ed-8845-c9e9d53c82cb,D,DA34090008,Shoulder/Lap Belt(s),M,aefd012f-5d8c-47ad-a7d4-70f180562f51,Same Direction Rear End,N,Non Intersection,Right Turn Lane,Dark Lights On,No Defects,"Two-way, Divided, Positive Median Barrier",Dry,Clear,Six o'clock,Passenger Car,Superficial,N,Stopped in Traffic Lane,2015-03-02 19:39,55,38.82672007,-76.9261837
5546,N,Apparently Normal,No Misuse,Y,No Injury,24485bbc-9984-4047-afd2-6297981631cf,D,DA34090008,Shoulder/Lap Belt(s),M,b87f2a37-ce45-4e85-b837-cae72e6fe642,Same Direction Rear End,N,Non Intersection,Right Turn Lane,Dark Lights On,No Defects,"Two-way, Divided, Positive Median Barrier",Dry,Clear,Twelve o'clock,Passenger Car,Disabling,N,Slowing or Stopping,2015-03-02 19:39,28,38.82672007,-76.9261837
5547,N,Apparently Normal,No Misuse,N,Non-incapacitating Injury,4dc5fa91-ff20-440e-9b5d-2bdaf0b15f2f,D,DA3689000C,Shoulder/Lap Belt(s),M,30dbb1b6-3250-4de5-b043-51880df27a1b,Head On,N,Intersection,Right Turn Lane,Dark Lights On,No Defects,"Two-way, Not Divided",Wet,Raining,Twelve o'clock,Passenger Car,Destroyed,N,Moving Constant Speed,2015-01-23 20:43,40,38.99640714,-76.98476315
5548,N,Apparently Normal,No Misuse,Y,Non-incapacitating Injury,6c9040d3-3135-4aca-935c-1bc71b49ad79,D,DA3689000C,Shoulder/Lap Belt(s),M,62ffced5-12b1-4427-9791-1300fbd3b83c,Head On,N,Intersection,Right Turn Lane,Dark Lights On,No Defects,"Two-way, Not Divided",Wet,Raining,Twelve o'clock,Passenger Car,Destroyed,N,Making Left Turn,2015-01-23 20:43,21,38.99640714,-76.98476315
5549,N,Apparently Normal,No Misuse,Y,No Injury,e410a1c4-a71b-40d3-89ef-f6858c681442,D,DA38870004,Shoulder/Lap Belt(s),M,ca7c30da-6e13-4527-8a71-9f320280898a,Head On,N,Non Intersection,Right Turn Lane,Dawn,No Defects,"Two-way, Divided, Unprotected (painted >4 feet) Median",Ice,Snow,Twelve o'clock,(Sport) Utility Vehicle,Disabling,N,Slowing or Stopping,2015-02-26 06:18,52,38.90115315,-76.91307306
5550,N,Apparently Normal,No Misuse,N,Possible Incapacitating Injury,43ce59e7-66cd-4378-b8d7-c7b2246ce2d3,D,DA38880008,Shoulder/Lap Belt(s),M,d6d156bc-e3f2-43e3-b11e-880a6a991354,Same Movement Angle,N,Intersection,Left Turn Lane,Daylight,No Defects,"Two-way, Divided, Positive Median Barrier",Dry,Clear,Eight o'clock,Passenger Car,Destroyed,N,Moving Constant Speed,2015-01-09 13:42,37,38.7426659,-76.99188977
5551,N,Apparently Normal,No Misuse,Y,Possible Incapacitating Injury,f1f843c5-eb58-4e72-8b76-3563e1655b70,D,DA38880008,Shoulder/Lap Belt(s),M,5b9b1915-5fb0-427a-9a65-e706db3cfcae,Same Movement Angle,N,Intersection,Left Turn Lane,Daylight,No Defects,"Two-way, Divided, Positive Median Barrier",Dry,Clear,Twelve o'clock,Passenger Car,Functional,N,Accelerating,2015-01-09 13:42,61,38.7426659,-76.99188977
5552,N,Apparently Normal,No Misuse,Y,Non-incapacitating Injury,8744ba78-0c68-49e2-a5a7-350d1ad65e04,D,DE21890004,Shoulder/Lap Belt(s),M,82ede020-4b04-4947-bd6a-9485010d37c5,Single Vehicle ,N,Non Intersection,Left Turn Lane,Dark Lights On,No Defects,"Two-way, Not Divided",Ice,Wintry Mix,Three o'clock,(Sport) Utility Vehicle,Disabling,N,Moving Constant Speed,2015-01-14 03:11,49,38.43121943,-75.56441948
5553,N,Apparently Normal,No Misuse,N,No Injury,21ca29dc-121e-41c7-bdd9-40ff7b5053a8,D,MCP2444000P,Shoulder/Lap Belt(s),M,60b88c4b-ef58-4ae0-b077-3b82aaa4e713,Same Direction Rear End,N,Non Intersection,Right Turn Lane,Daylight,No Defects,"Two-way, Not Divided",Dry,Clear,Six o'clock,Passenger Car,No Damage,N,Slowing or Stopping,2015-01-15 16:08,48,39.19022167,-77.272925
5554,N,Apparently Normal,No Misuse,Y,No Injury,4ee3a40a-08c4-497a-9e04-0d672ae52d8d,D,MCP2444000P,Shoulder/Lap Belt(s),M,21a68c4c-6232-40a7-aa13-e73be904710e,Same Direction Rear End,N,Non Intersection,Right Turn Lane,Daylight,No Defects,"Two-way, Not Divided",Dry,Clear,Twelve o'clock,Passenger Car,No Damage,N,Slowing or Stopping,2015-01-15 16:08,23,39.19022167,-77.272925
5555,Y,Apparently Normal,No Misuse,N,No Injury,2935dcac-9be3-40bb-b726-20cad96f87ab,D,MCP2549004F,Shoulder/Lap Belt(s),M,4ba7d645-ddf7-4d03-a86d-305e8eee7278,Same Direction Sideswipe,N,Intersection,Left Turn Lane,Daylight,No Defects,"Two-way, Not Divided",Dry,Clear,Four o'clock,Transit Bus,Superficial,N,Making Left Turn,2015-03-30 13:05,42,39.04530333,-77.11686667
5556,N,Apparently Normal,No Misuse,Y,No Injury,d4ebfab6-b45e-412d-8943-9ecc1d611ae0,D,MCP2549004F,Shoulder/Lap Belt(s),M,10045dbd-aac1-4e61-a21f-569b672707c0,Same Direction Sideswipe,N,Intersection,Left Turn Lane,Daylight,No Defects,"Two-way, Not Divided",Dry,Clear,Twelve o'clock,Passenger Car,Destroyed,N,Accelerating,2015-03-30 13:05,85,39.04530333,-77.11686667
5557,N,Apparently Normal,Belt(s) Misused,N,Non-incapacitating Injury,4d2f8c96-665b-419b-a2d9-4135e7eab7cf,D,MDTA1434000F,Lap Belt Only,M,6eb9da6c-716d-47f5-90ea-6b066ea16976,Single Vehicle ,N,Non Intersection,Acceleration Lane,Daylight,No Defects,"Two-way, Divided, Positive Median Barrier",Ice,Sleet,Three o'clock,(Sport) Utility Vehicle,Disabling,N,Moving Constant Speed,2015-03-01 12:41,77,39.089768,-77.027721
5558,N,Apparently Normal,No Misuse,N,No Injury,beff2b4a-0305-4f61-b02a-9069e819e949,D,MSP1351000B,Shoulder/Lap Belt(s),M,cdd97b93-01f3-42a1-b9ef-b0afef6f66e8,Same Direction Rear End,N,Non Intersection,Right Turn Lane,Daylight,No Defects,"Two-way, Not Divided",Dry,Clear,Six o'clock,Pickup Truck,Functional,N,Slowing or Stopping,2015-03-26 18:08,23,38.38405383,-76.41693583
5559,N,Apparently Normal,No Misuse,Y,No Injury,75569993-087d-4a9f-92e6-b91614b9b665,D,MSP5333006G,Shoulder/Lap Belt(s),M,93ea1968-27cf-46bc-aa6c-44e0e9cf02d4,Single Vehicle ,N,Non Intersection,Right Turn Lane,Daylight,No Defects,One-way Trafficway,Dry,Clear,Twelve o'clock,Pickup Truck,Functional,N,Moving Constant Speed,2015-02-12 12:54,66,39.41152053,-76.78633869
5560,N,Apparently Normal,No Misuse,Y,Non-incapacitating Injury,e0c0b975-81d0-4f48-b96f-235108ed7a3f,D,MSP5823001F,Shoulder/Lap Belt(s),M,79617d8c-034b-429f-b997-ba945df9b66c,Single Vehicle ,N,Non Intersection,Right Turn Lane,Dark No Lights,No Defects,"Two-way, Not Divided",Dry,Clear,Twelve o'clock,(Sport) Utility Vehicle,Destroyed,N,Moving Constant Speed,2015-02-28 05:30,35,38.86938,-76.00102
5561,N,Apparently Normal,No Misuse,Y,No Injury,1cc2a4a4-f102-49bc-a4cb-323b3a57ddaa,D,MSP5951001G,Shoulder/Lap Belt(s),M,f279edf2-e8d9-45d4-bcd0-51e67ee56654,Single Vehicle ,N,Non Intersection,Right Turn Lane,Dark No Lights,No Defects,"Two-way, Divided, Positive Median Barrier",Wet,Raining,Twelve o'clock,Passenger Car,Disabling,N,Moving Constant Speed,2015-01-23 23:15,36,39.57704983,-76.11386833
5562,N,Apparently Normal,No Misuse,N,Non-incapacitating Injury,371b9fbc-c92e-434a-b54e-7b94c819f946,D,MSP60440025,Shoulder/Lap Belt(s),M,5b1e5fdb-e223-4333-896e-78e06fb9cbd9,Same Direction Rear End,Y,Non Intersection,Left Turn Lane,Dark No Lights,No Defects,"Two-way, Divided, Positive Median Barrier",Dry,Clear,Six o'clock,Passenger Car,Destroyed,N,Slowing or Stopping,2015-02-26 22:51,36,39.455884,-76.312927
5563,N,Had Been Drinking,No Misuse,Y,No Injury,3f9603de-2368-4796-ab2d-c45d0371b24d,D,MSP60440025,Shoulder/Lap Belt(s),M,3c37070d-97ee-4cd2-abdb-f844d2bcf484,Same Direction Rear End,Y,Non Intersection,Left Turn Lane,Dark No Lights,No Defects,"Two-way, Divided, Positive Median Barrier",Dry,Clear,Twelve o'clock,Pickup Truck,Disabling,Y,Moving Constant Speed,2015-02-26 22:51,25,39.455884,-76.312927
5564,N,Apparently Normal,No Misuse,N,Non-incapacitating Injury,1e73a848-2b9c-4f1f-ace7-93e9b250cd95,D,MSP6498000F,Shoulder/Lap Belt(s),M,34d067a8-0270-4e34-afac-1c94cf8e37d9,Same Movement Angle,N,Intersection,Right Turn Lane,Daylight,No Defects,"Two-way, Divided, Positive Median Barrier",Dry,Clear,One o'clock,Passenger Car,Disabling,N,Moving Constant Speed,2015-01-30 15:30,36,39.50395792,-76.89979076
5565,N,Apparently Normal,No Misuse,Y,Non-incapacitating Injury,72aa936d-6ad0-40a4-a9f5-0e6587d015cd,D,MSP6498000F,Shoulder/Lap Belt(s),M,85b3fc0e-79f0-4be6-bcb7-894a0f27affb,Same Movement Angle,N,Intersection,Right Turn Lane,Daylight,No Defects,"Two-way, Divided, Positive Median Barrier",Dry,Clear,Eleven o'clock,Pickup Truck,Disabling,N,Entering Traffic Lane,2015-01-30 15:30,18,39.50395792,-76.89979076
5566,N,Apparently Normal,No Misuse,Y,No Injury,e9689036-34f4-4376-9981-80b6eeaaeddc,D,MTA00690007,Shoulder/Lap Belt(s),M,845691a0-06ee-4c47-8808-4a357ed16a7e,Same Direction Rear End,N,Non Intersection,Right Turn Lane,Daylight,No Defects,"Two-way, Not Divided",Dry,Clear,Twelve o'clock,(Sport) Utility Vehicle,Disabling,N,Moving Constant Speed,2015-01-27 14:45,58,39.33763328,-76.6361618