KEY_INDEX,CDL_FLAG,CONDITION_CODE,EQUIP_PROB_CODE,FAULT_FLAG,INJ_SEVER_CODE,PERSON_ID,PERSON_TYPE,REPORT_NO,SAF_EQUIP_CODE,SEX_CODE,VEHICLE_ID,COLLISION_TYPE_CODE,C_M_ZONE_FLAG,JUNCTION_CODE,LANE_CODE,LIGHT_CODE,RD_COND_CODE,RD_DIV_CODE,SURF_COND_CODE,WEATHER_CODE,AREA_DAMAGED_CODE_MAIN,BODY_TYPE_CODE,DAMAGE_CODE,HIT_AND_RUN_FLAG,MOVEMENT_CODE,TIME,AGE,LATITUDE,LONGITUDE
5567,Y,Apparently Normal,No Misuse,N,Non-incapacitating Injury,997f7d32-1e45-4723-9a6b-1ab1a85fce20,D,MTA00690007,Shoulder/Lap Belt(s),M,1f610121-d6b4-4f01-89d7-e40a5812626b,Same Direction Rear End,N,Non Intersection,Right Turn Lane,Daylight,No Defects,"Two-way, Not Divided",Dry,Clear,Six o'clock,Transit Bus,Superficial,N,Slowing or Stopping,2015-01-27 14:45,39,39.33763328,-76.6361618
5568,Y,Apparently Normal,No Misuse,N,No Injury,a283aa8d-8426-4b2a-847d-3b5722423293,D,MTA03280003,Shoulder/Lap Belt(s),M,0509934a-c93e-46bd-afac-3b8d72aef5e9,Same Direction Right Turn,N,Intersection Related,Left Turn Lane,Daylight,No Defects,"Two-way, Divided, Positive Median Barrier",Wet,Raining,Eleven o'clock,Transit Bus,Functional,N,Accelerating,2015-03-10 17:16,46,39.3367122,-76.59401894
5569,N,Apparently Normal,No Misuse,Y,No Injury,f433f6d8-b30c-48e9-aeea-2ce3e1a5dae0,D,MTA03280003,Shoulder/Lap Belt(s),M,46730a43-c380-41db-90a4-3a8baf5f5ad8,Same Direction Right Turn,N,Intersection Related,Left Turn Lane,Daylight,No Defects,"Two-way, Divided, Positive Median Barrier",Wet,Raining,Three o'clock,Van,Functional,N,Making Right Turn,2015-03-10 17:16,36,39.3367122,-76.59401894
5570,N,Apparently Normal,No Misuse,Y,No Injury,17f509c5-b782-40c1-ac59-9bdba6541779,D,ZH0360000N,Shoulder/Lap Belt(s),M,d23b7598-efd2-4342-b6ce-5e164e13f6a0,Same Movement Angle,Y,Intersection,Right Turn Lane,Dark No Lights,No Defects,"Two-way, Not Divided",Wet,Foggy,Twelve o'clock,(Sport) Utility Vehicle,Disabling,N,Skidding,2015-01-03 20:42,62,38.41918321,-76.92903757
5571,N,Apparently Normal,No Misuse,N,Incapacitating/Disabled Injury,aeabbe28-eb71-4339-855d-8c3d4690ee9f,D,ZH0360000N,Shoulder/Lap Belt(s),M,8401a261-e2d8-4e98-b8de-943fcdf5520c,Same Movement Angle,Y,Intersection,Right Turn Lane,Dark No Lights,No Defects,"Two-way, Not Divided",Wet,Foggy,Twelve o'clock,Passenger Car,Destroyed,N,Moving Constant Speed,2015-01-03 20:42,35,38.41918321,-76.92903757
5572,N,Apparently Normal,Air Bag Failed,Y,Non-incapacitating Injury,90410987-3aca-48d0-a990-1ae816c0ed96,D,ZI02280005,Shoulder/Lap Belt(s),M,3b48fa94-7cb4-46b1-9450-5efbb6dd24e0,Single Vehicle ,N,Intersection,Right Turn Lane,Dark No Lights,No Defects,"Two-way, Not Divided",Dry,Cloudy,Twelve o'clock,(Sport) Utility Vehicle,Destroyed,N,Moving Constant Speed,2015-01-31 21:49,34,38.67800973,-75.8615613
5573,N,Apparently Normal,No Misuse,N,Non-incapacitating Injury,4489d678-7720-42b5-bef5-1a1d2b04ef0a,D,ZR0305000D,Shoulder/Lap Belt(s),M,e68aa538-e814-4856-9059-0836958a369f,Same Direction Rear End,N,Intersection,Right Turn Lane,Dark Lights On,No Defects,"Two-way, Divided, Positive Median Barrier",Dry,Clear,Six o'clock,Passenger Car,Destroyed,N,Stopped in Traffic Lane,2015-03-31 21:04,36,38.47303539,-76.7740649
5574,N,Apparently Normal,No Misuse,Y,Non-incapacitating Injury,2cb5b330-9e07-4f18-a010-2d16d5957dde,D,ZR0305000D,Shoulder/Lap Belt(s),M,29d04322-3fed-4175-965a-85cb08facb4b,Same Direction Rear End,N,Intersection,Right Turn Lane,Dark Lights On,No Defects,"Two-way, Divided, Positive Median Barrier",Dry,Clear,Twelve o'clock,Passenger Car,Destroyed,N,Slowing or Stopping,2015-03-31 21:04,38,38.47303539,-76.7740649
5575,N,Apparently Normal,No Misuse,Y,No Injury,eee1939d-bbdf-4bf4-9846-75f3ba41a1de,D,ZU78500005,Shoulder/Lap Belt(s),M,77c5bcb0-ee7b-4568-96bb-228f34c3c407,Single Vehicle ,N,Non Intersection,Right Turn Lane,Daylight,No Defects,"Two-way, Not Divided",Wet,Clear,Twelve o'clock,Passenger Car,Destroyed,N,Skidding,2015-02-17 14:32,21,39.6172266,-77.75100589
5576,N,Apparently Normal,No Misuse,Y,No Injury,d9048689-7102-44e9-b892-97c3aeb3302c,D,ZVW304000G,Shoulder/Lap Belt(s),M,12474864-a9a0-4e15-8059-22b14933c66a,Single Vehicle ,N,Non Intersection,Right Turn Lane,Daylight,No Defects,"Two-way, Not Divided",Snow,Clear,One o'clock,Passenger Car,Disabling,N,Moving Constant Speed,2015-02-19 10:29,56,38.44269905,-75.62490463
5577,N,Apparently Normal,No Misuse,Y,No Injury,82866dce-461d-405b-b9d1-39c798ec1e73,D,AB26960038,Shoulder/Lap Belt(s),M,63d9552a-6cdc-46da-9426-07f0f45dd8f7,Single Vehicle ,N,Intersection,Right Turn Lane,Daylight,No Defects,"Two-way, Not Divided",Dry,Clear,One o'clock,Passenger Car,No Damage,N,Making Right Turn,2015-03-26 14:04,66,38.99784131,-76.49230957
5578,N,Apparently Normal,No Misuse,N,No Injury,6284b203-f2fe-426c-9ff3-305018c44c50,D,AC14060008,Shoulder/Lap Belt(s),M,ec3f38cd-5f2a-4f93-b033-4d6baf83704e,Opposite Direction Both Left Turn,N,Non Intersection,Left Turn Lane,Dark Lights On,No Defects,"Two-way, Not Divided",Wet,Raining,Seven o'clock,Pickup Truck,Disabling,N,Moving Constant Speed,2015-03-03 19:13,29,38.90036829,-76.51506543
5579,N,Apparently Normal,No Misuse,Y,No Injury,ba6d9f4e-951c-453c-bc86-ed23f9fd0a04,D,AC14060008,Shoulder/Lap Belt(s),M,bb5be619-535e-4663-a68b-b5705edeb715,Opposite Direction Both Left Turn,N,Non Intersection,Left Turn Lane,Dark Lights On,No Defects,"Two-way, Not Divided",Wet,Raining,Twelve o'clock,Passenger Car,Disabling,N,Moving Constant Speed,2015-03-03 19:13,28,38.90036829,-76.51506543
5580,N,Apparently Normal,No Misuse,N,No Injury,526e8c47-6477-4624-8d9a-33ae1df7bf34,D,ADG9000005,Shoulder/Lap Belt(s),M,665e8c05-9f6f-44cb-80f4-ef6c1c1914e6,Same Movement Angle,N,Residential Driveway,Right Turn Lane,Daylight,No Defects,"Two-way, Divided, Unprotected (painted >4 feet) Median",Dry,Clear,Eight o'clock,"Cargo Van/Light Truck 2 axles (10,000 lbs (4,536 kg) or less)",Functional,N,Moving Constant Speed,2015-03-29 11:25,57,39.29166488,-76.56205773
5581,N,Apparently Normal,No Misuse,N,Possible Incapacitating Injury,9543ffeb-fde6-4bd3-b69d-251fe222573f,D,ADH3590002,Shoulder/Lap Belt(s),M,879149c4-efbc-4ccf-bdca-7dd5c9a58bb8,Same Direction Rear End,N,Intersection,Right Turn Lane,Dark Lights On,No Defects,One-way Trafficway,Dry,Clear,Six o'clock,Passenger Car,Disabling,N,Stopped in Traffic Lane,2015-01-02 20:52,28,39.32238623,-76.68420017
5582,N,Apparently Normal,No Misuse,Y,No Injury,50ace069-6285-46ff-8323-d49f4df74236,D,ADH8850001,Shoulder Belt Only,M,e97389fd-7f3b-4c41-bc67-22bd33503979,Head On,N,Non Intersection,Right Turn Lane,Dusk,No Defects,One-way Trafficway,Wet,Raining,Six o'clock,Pickup Truck,Superficial,Y,Backing,2015-01-03 11:15,35,39.285844,-76.578359
5583,N,Apparently Normal,No Misuse,Y,No Injury,28213048-981c-4e4e-a8a3-156d543562af,D,ADI605000G,Shoulder/Lap Belt(s),M,60d0d178-d098-4f33-aba2-76cac4c4a5f7,Same Movement Angle,N,Intersection,Right Turn Lane,Daylight,No Defects,One-way Trafficway,Dry,Clear,Three o'clock,Passenger Car,Disabling,N,Accelerating,2015-03-15 10:20,26,39.35241865,-76.67861581
5584,N,Apparently Normal,No Misuse,N,Possible Incapacitating Injury,a3e7e9c5-6f54-4eca-8d2b-f1d310c23c1f,D,ADI605000G,Shoulder/Lap Belt(s),M,cd576796-0ad7-412e-ad11-7c4fdec096cf,Same Movement Angle,N,Intersection,Right Turn Lane,Daylight,No Defects,One-way Trafficway,Dry,Clear,Twelve o'clock,Pickup Truck,Disabling,N,Moving Constant Speed,2015-03-15 10:20,47,39.35241865,-76.67861581
5585,N,Apparently Normal,No Misuse,N,No Injury,ff7b8d03-4b37-4d51-bdd8-f4b1d1cc03e4,D,ADI7090002,Shoulder/Lap Belt(s),M,d721010f-ea1b-4d1a-9786-07962d5ac461,Head On Left Turn,N,Intersection,Right Turn Lane,Daylight,No Defects,"Two-way, Divided, Positive Median Barrier",Wet,Clear,Twelve o'clock,Passenger Car,Functional,N,Moving Constant Speed,2015-01-27 09:30,34,39.31416536,-76.59802817
5586,N,Apparently Normal,No Misuse,Y,No Injury,f24b4621-68e2-4b60-a603-23497fe714bb,D,ADI7480001,Shoulder/Lap Belt(s),M,d996733b-a3e6-49ef-b725-4e7116d2d56e,Single Vehicle ,N,Non Intersection,Left Turn Lane,Dark Lights On,"Holes, Ruts, Etc.","Two-way, Not Divided",Wet,Raining,Eleven o'clock,Passenger Car,Disabling,N,Moving Constant Speed,2015-01-12 00:15,24,39.32024279,-76.60495698
5587,N,Apparently Normal,No Misuse,N,Possible Incapacitating Injury,ef705e15-6b2f-4ec4-ba31-3a4e76e5aa90,D,ADI8350007,Shoulder/Lap Belt(s),M,ee854aeb-883f-412b-8b6c-a933312d9ff5,Same Movement Angle,N,Intersection,Right Turn Lane,Daylight,No Defects,"Two-way, Not Divided",Wet,Clear,Nine o'clock,Passenger Car,Disabling,N,Making Left Turn,2015-01-22 15:22,28,39.30122905,-76.69710159
5588,N,Apparently Normal,No Misuse,N,No Injury,58a9cc8b-948c-4fd9-be67-615505376eeb,D,ADI835000D,Shoulder/Lap Belt(s),M,ee580509-151d-4cd1-b26d-70b11bbfc63f,Head On Left Turn,N,Intersection Related,Right Turn Lane,Daylight,No Defects,"Two-way, Not Divided",Dry,Clear,One o'clock,Passenger Car,Superficial,N,Making Left Turn,2015-02-05 12:43,65,39.2941863,-76.68945462
5589,N,Apparently Normal,No Misuse,N,No Injury,0cc8a0f6-13ac-429e-9918-1df29004ff4e,D,ADJ041000M,Shoulder/Lap Belt(s),M,5d4b0605-7d35-426f-aedc-9d331bb99219,Same Movement Angle,N,Intersection,Right Turn Lane,Daylight,No Defects,"Two-way, Not Divided",Wet,Wintry Mix,Twelve o'clock,Passenger Car,Disabling,N,Moving Constant Speed,2015-03-20 09:30,52,39.27030461,-76.68230653
5590,N,Apparently Normal,No Misuse,Y,No Injury,2b7de767-ef2e-48b0-b7c2-92aced73fe8c,D,ADJ041000M,Shoulder/Lap Belt(s),M,aacfac6a-4bf0-4de7-a571-040ac50123f3,Same Movement Angle,N,Intersection,Right Turn Lane,Daylight,No Defects,"Two-way, Not Divided",Wet,Wintry Mix,Five o'clock,Pickup Truck,Disabling,N,Accelerating,2015-03-20 09:30,43,39.27030461,-76.68230653
5591,N,Apparently Normal,No Misuse,N,No Injury,877c3249-edae-485c-8aba-1a05f55aa80a,D,ADJ061000D,Shoulder/Lap Belt(s),M,c0e12493-bb27-457c-83fa-7965f15be258,Same Direction Rear End,N,Intersection Related,Right Turn Lane,Daylight,No Defects,"Two-way, Not Divided",Dry,Clear,Six o'clock,Passenger Car,No Damage,N,Stopped in Traffic Lane,2015-03-07 12:55,31,39.24952425,-76.61473364
5592,N,Apparently Normal,No Misuse,Y,No Injury,0280387f-2b12-4ac0-91ee-7f05eecca6ce,D,ADJ061000D,Shoulder/Lap Belt(s),M,fd2ee26b-964f-44d7-8b4d-06270f489fe8,Same Direction Rear End,N,Intersection Related,Right Turn Lane,Daylight,No Defects,"Two-way, Not Divided",Dry,Clear,Twelve o'clock,Passenger Car,No Damage,N,Starting From Lane,2015-03-07 12:55,35,39.24952425,-76.61473364
5593,N,Apparently Normal,No Misuse,Y,No Injury,e338e847-a983-4217-942f-695d92173569,D,ADJ0690001,Shoulder/Lap Belt(s),M,6e05bd7c-b136-43df-84f2-e32269874d53,Head On Left Turn,N,Intersection,Right Turn Lane,Daylight,No Defects,One-way Trafficway,Dry,Clear,Twelve o'clock,Passenger Car,No Damage,N,Making Left Turn,2015-01-13 11:59,40,39.29400571,-76.61672115
5594,N,Apparently Normal,No Misuse,Y,No Injury,b8aa7e8d-67bf-4eea-9239-c49437f4ef9b,D,AE26380014,Shoulder/Lap Belt(s),M,eaa7c5e1-8344-42bf-8593-39ecb2ea1ae4,Same Direction Rear End,N,Intersection Related,Right Turn Lane,Dark Lights On,No Defects,"Two-way, Not Divided",Dry,Clear,Twelve o'clock,Passenger Car,Disabling,N,Moving Constant Speed,2015-01-15 19:40,39,39.27110405,-76.50701076
5595,N,Apparently Normal,No Misuse,N,No Injury,6fe98779-d1b1-4a78-99c4-8cdf3e6cdfa1,D,AE37880014,Shoulder/Lap Belt(s),M,ab8a7d60-92ad-4d86-b24e-cf90039d6382,Head On Left Turn,N,Intersection Related,Right Turn Lane,Daylight,No Defects,"Two-way, Not Divided",Dry,Cloudy,Twelve o'clock,Passenger Car,Disabling,N,Moving Constant Speed,2015-02-10 12:35,30,39.30236645,-76.71641886
5596,N,Apparently Normal,No Misuse,Y,No Injury,c17ee1ee-015e-4fa7-a1c5-c122d619ad60,D,AE37880014,Shoulder/Lap Belt(s),M,93eeadf3-bc16-4cd9-ba8f-8456fde176d9,Head On Left Turn,N,Intersection Related,Right Turn Lane,Daylight,No Defects,"Two-way, Not Divided",Dry,Cloudy,Two o'clock,Passenger Car,Disabling,N,Making Left Turn,2015-02-10 12:35,90,39.30236645,-76.71641886
5597,N,Apparently Normal,No Misuse,Y,No Injury,82045038-91a7-4fad-9113-441c8fbd702f,D,AE3788001L,Shoulder/Lap Belt(s),M,c8f0c3a8-8081-471e-9b27-bfb6d02b61b5,Single Vehicle ,N,Intersection Related,Right Turn Lane,Daylight,No Defects,"Two-way, Not Divided",Wet,Raining,Twelve o'clock,Pickup Truck,No Damage,N,Making Right Turn,2015-03-03 12:40,52,39.32416028,-76.75913036
5598,N,Apparently Normal,No Misuse,N,No Injury,05da92b0-4240-46ce-a7df-d671a30ac964,D,AE4519000P,Shoulder/Lap Belt(s),M,e93638ee-346e-48cc-bc61-1d491624f0a4,Same Direction Rear End,N,Non Intersection,Right Turn Lane,Daylight,No Defects,"Two-way, Divided, Positive Median Barrier",Dry,Clear,Six o'clock,Passenger Car,Functional,N,Stopped in Traffic Lane,2015-03-30 08:10,60,39.28798984,-76.50522441
5599,N,Apparently Normal,No Misuse,Y,No Injury,09f8cf22-7bc4-46d9-bbdb-7221ed63d89b,D,AE4519000P,Shoulder/Lap Belt(s),M,658e73a6-4569-4b08-84aa-b9eba80bce61,Same Direction Rear End,N,Non Intersection,Right Turn Lane,Daylight,No Defects,"Two-way, Divided, Positive Median Barrier",Dry,Clear,Twelve o'clock,Passenger Car,Disabling,N,Moving Constant Speed,2015-03-30 08:10,30,39.28798984,-76.50522441
5600,N,Apparently Normal,No Misuse,Y,No Injury,ed4d352a-e4a6-46ce-972d-980561d98b9f,D,AE45460010,Shoulder/Lap Belt(s),M,6db5dcab-24ce-496c-b641-4145d0961205,Single Vehicle ,N,Non Intersection,Right Turn Lane,Dusk,No Defects,"Two-way, Not Divided",Wet,Raining,Twelve o'clock,Passenger Car,Disabling,N,Moving Constant Speed,2015-03-31 18:12,35,39.43816509,-76.73368692
5601,N,Apparently Normal,No Misuse,N,No Injury,bc94664c-34c1-4ad1-aa35-9e1370fdfb86,D,AE48070005,Shoulder/Lap Belt(s),M,228c7d4e-0a07-4b84-b9a9-c1f3756b1cc1,Same Movement Angle,N,Intersection,Right Turn Lane,Daylight,No Defects,"Two-way, Not Divided",Dry,Clear,Eight o'clock,Passenger Car,Disabling,N,Making Left Turn,2015-01-01 08:53,27,39.33769966,-76.50495887
5602,N,Apparently Normal,No Misuse,Y,No Injury,e04c18d7-ae0b-40c6-80cb-adbaed141a7f,D,AE48070005,Shoulder/Lap Belt(s),M,d06521e0-2180-47c4-a9d0-edc44d1bac1e,Same Movement Angle,N,Intersection,Right Turn Lane,Daylight,No Defects,"Two-way, Not Divided",Dry,Clear,Twelve o'clock,Passenger Car,Functional,N,Accelerating,2015-01-01 08:53,27,39.33769966,-76.50495887
5603,N,Apparently Normal,No Misuse,N,No Injury,e799fbe9-ddd2-4582-8164-87743a2f9518,D,AE48970008,Shoulder/Lap Belt(s),M,dae5c28e-193d-4605-ae61-40829e2f00de,Same Direction Rear End,N,Non Intersection,Acceleration Lane,Dark Lights On,No Defects,"Two-way, Divided, Positive Median Barrier",Dry,Clear,Six o'clock,(Sport) Utility Vehicle,Functional,N,Stopped in Traffic Lane,2015-01-17 18:07,43,39.41096515,-76.60052061
5604,N,Apparently Normal,No Misuse,N,No Injury,2464e59d-75ed-4de5-b3ea-71741e197110,D,AE48970008,Shoulder/Lap Belt(s),M,61eadf82-ac7f-492c-bd5a-834c61fabdbf,Same Direction Rear End,N,Non Intersection,Acceleration Lane,Dark Lights On,No Defects,"Two-way, Divided, Positive Median Barrier",Dry,Clear,Six o'clock,Passenger Car,Superficial,N,Stopped in Traffic Lane,2015-01-17 18:07,23,39.41096515,-76.60052061
5605,N,Apparently Normal,No Misuse,Y,No Injury,7aa08dea-ce24-477b-a02c-13e09dbb4f30,D,AE48970008,Shoulder/Lap Belt(s),M,aa66871a-b97f-48eb-a210-5888b9e3ada2,Same Direction Rear End,N,Non Intersection,Acceleration Lane,Dark Lights On,No Defects,"Two-way, Divided, Positive Median Barrier",Dry,Clear,Twelve o'clock,Passenger Car,Functional,N,Moving Constant Speed,2015-01-17 18:07,58,39.41096515,-76.60052061
5606,N,Apparently Normal,No Misuse,N,No Injury,05ebbc95-92a4-43b4-b6ae-9cfd7fc30dbb,D,AE52960008,Shoulder/Lap Belt(s),M,6b35244d-91f8-4c76-85a9-79cee86fd8e2,Opposite Direction Sideswipe,N,Non Intersection,Right Turn Lane,Dusk,No Defects,"Two-way, Not Divided",Wet,Raining,Eight o'clock,Passenger Car,Superficial,N,Moving Constant Speed,2015-01-04 17:05,40,39.42534548,-76.78741962
5607,N,Apparently Normal,No Misuse,N,No Injury,fcda5090-923c-403a-9df2-894164936a0a,D,AE52960008,Shoulder/Lap Belt(s),M,ce990866-3d3d-46f5-839e-9cb83cffa5ba,Opposite Direction Sideswipe,N,Non Intersection,Right Turn Lane,Dusk,No Defects,"Two-way, Not Divided",Wet,Raining,Eight o'clock,Passenger Car,Disabling,N,Moving Constant Speed,2015-01-04 17:05,29,39.42534548,-76.78741962
5608,N,Apparently Normal,No Misuse,N,Possible Incapacitating Injury,c07799a8-610d-464a-869a-ec0dbef39db1,D,AE54890008,Shoulder/Lap Belt(s),M,86a1098e-0b19-4feb-af52-ed64feba2fbe,Head On Left Turn,N,Intersection,Right Turn Lane,Daylight,No Defects,"Two-way, Not Divided",Wet,Clear,Twelve o'clock,Passenger Car,Disabling,N,Moving Constant Speed,2015-01-07 15:42,69,39.33665412,-76.75188303
5609,N,Apparently Normal,No Misuse,N,Possible Incapacitating Injury,65ece268-ccbe-4d03-8c3b-784660ce1720,D,AE56400009,Shoulder/Lap Belt(s),M,2ea85af7-729e-4584-ad73-7fa56e10f234,Same Movement Angle,N,Intersection,Right Turn Lane,Daylight,No Defects,"Two-way, Divided, Unprotected (painted >4 feet) Median",Dry,Clear,Twelve o'clock,(Sport) Utility Vehicle,Disabling,N,Moving Constant Speed,2015-01-25 16:50,35,39.28171602,-76.52843356
5610,N,Apparently Normal,No Misuse,Y,Possible Incapacitating Injury,216b772e-7380-4ff3-ac14-4d866ac6134f,D,AE56400009,Shoulder/Lap Belt(s),M,dae92df0-03e6-436a-9582-fb81fc07423b,Same Movement Angle,N,Intersection,Right Turn Lane,Daylight,No Defects,"Two-way, Divided, Unprotected (painted >4 feet) Median",Dry,Clear,Two o'clock,Van,Disabling,N,Moving Constant Speed,2015-01-25 16:50,44,39.28171602,-76.52843356
5611,N,Apparently Normal,No Misuse,Y,No Injury,387e0924-69e9-49cc-aa66-241b03b6eda7,D,AJ0122000C,Shoulder/Lap Belt(s),M,d2444413-41c5-4b15-aa30-e1a6c70e895c,Head On Left Turn,N,Intersection,Left Turn Lane,Daylight,No Defects,"Two-way, Divided, Positive Median Barrier",Dry,Clear,Twelve o'clock,Passenger Car,Disabling,N,Making Left Turn,2015-02-04 14:44,81,39.52172059,-76.34629011
5612,N,Apparently Normal,No Misuse,Y,No Injury,6fe663ad-af0a-4fc1-b15d-07c81a5bc012,D,BS04900009,Shoulder/Lap Belt(s),M,af4cb9c1-67c5-4597-b360-08ab2f38974a,Same Movement Angle,N,Intersection,Right Turn Lane,Daylight,No Defects,"Two-way, Not Divided",Dry,Clear,Three o'clock,Passenger Car,Superficial,N,Moving Constant Speed,2015-02-14 13:40,63,39.42549466,-77.40381002
5613,N,Apparently Normal,No Misuse,N,Possible Incapacitating Injury,f6cbcfb1-2244-49f5-9a87-b3b4a09bd259,D,BS04900009,Shoulder/Lap Belt(s),M,6169789b-1782-4bf4-9bc3-4cc4f2d70314,Same Movement Angle,N,Intersection,Right Turn Lane,Daylight,No Defects,"Two-way, Not Divided",Dry,Clear,Twelve o'clock,Passenger Car,Superficial,N,Moving Constant Speed,2015-02-14 13:40,67,39.42549466,-77.40381002
5614,N,Apparently Normal,No Misuse,Y,No Injury,82bc9715-ff66-4d56-bd2e-815446bbe192,D,BX38760001,Shoulder/Lap Belt(s),M,4b6f351e-5e5a-4b9c-a6b0-098b474ac89b,Angle Meets Right Turn,N,Intersection,Left Turn Lane,Dark Lights On,No Defects,"Two-way, Not Divided",Dry,Cloudy,Twelve o'clock,Passenger Car,Disabling,N,Moving Constant Speed,2015-01-30 20:52,24,39.65128511,-77.73839951
5615,N,Apparently Normal,No Misuse,N,Possible Incapacitating Injury,661ac52b-9b57-46c8-b368-5eb7c97a9779,D,BX38760001,Shoulder/Lap Belt(s),M,f0a4210e-6bed-4abd-9e30-716376c1a911,Angle Meets Right Turn,N,Intersection,Left Turn Lane,Dark Lights On,No Defects,"Two-way, Not Divided",Dry,Cloudy,Eleven o'clock,Passenger Car,Disabling,N,Making Right Turn,2015-01-30 20:52,60,39.65128511,-77.73839951
5616,N,Apparently Normal,No Misuse,N,No Injury,49c96e92-d78d-42ee-9fd6-aa691934aeeb,D,CB53570007,Shoulder/Lap Belt(s),M,45fef6ee-8404-447b-a219-9bf76f8f0cdb,Head On,N,Non Intersection,Right Turn Lane,Dark Lights On,No Defects,"Two-way, Divided, Positive Median Barrier",Dry,Cloudy,Eight o'clock,Passenger Car,Superficial,N,Moving Constant Speed,2015-03-13 20:18,57,39.20548013,-76.865834
5617,N,Apparently Normal,No Misuse,Y,No Injury,93518ab9-2944-4bfd-9bb5-69caadc6453c,D,CB5843000D,Shoulder/Lap Belt(s),M,b5cbf41d-e276-4c97-94f3-2edfd1bf16ec,Single Vehicle ,N,Intersection,Right Turn Lane,Dark Lights On,No Defects,"Two-way, Not Divided",Slush,Wintry Mix,Twelve o'clock,(Sport) Utility Vehicle,Disabling,N,Skidding,2015-03-01 21:58,20,39.19205238,-76.74887896
5618,N,Apparently Normal,No Misuse,Y,No Injury,ed2ecdf8-e4ac-40ae-b1e6-ba87975107bb,D,DA36800008,Shoulder/Lap Belt(s),M,13bc60e2-3fb9-490a-adcb-33a831b97b6e,Head On,N,Non Intersection,Right Turn Lane,Dark Lights On,No Defects,"Two-way, Not Divided",Dry,Clear,Twelve o'clock,Passenger Car,Destroyed,N,Moving Constant Speed,2015-02-01 18:15,23,39.03347782,-76.78838253
5619,N,Apparently Normal,No Misuse,N,Possible Incapacitating Injury,13b92c07-a3e6-4ee8-bddd-a079781ec9b4,D,DA36800008,Shoulder/Lap Belt(s),M,62e5fcc9-670a-42b8-a937-98da16b578e2,Head On,N,Non Intersection,Right Turn Lane,Dark Lights On,No Defects,"Two-way, Not Divided",Dry,Clear,Twelve o'clock,Passenger Car,Destroyed,N,Moving Constant Speed,2015-02-01 18:15,41,39.03347782,-76.78838253
5620,Y,Apparently Normal,No Misuse,Y,No Injury,1f7b6f6f-9d59-4a70-b64e-2e0a2f06e917,D,DA38320003,Shoulder/Lap Belt(s),M,515d531e-7ea5-4a0d-968f-9173bc05662b,Same Movement Angle,N,Intersection,Left Turn Lane,Dark No Lights,No Defects,"Two-way, Divided, Unprotected (painted >4 feet) Median",Dry,Clear,Twelve o'clock,(Sport) Utility Vehicle,Disabling,N,Accelerating,2015-03-01 00:15,49,38.63827703,-77.05083132
5621,N,Had Been Drinking,No Misuse,Y,No Injury,ebae9449-8b8a-4f01-96be-2710faf5f225,D,DA38320003,Shoulder/Lap Belt(s),M,7d8aeabe-eafe-44e0-87b5-f23be1155237,Same Movement Angle,N,Intersection,Left Turn Lane,Dark No Lights,No Defects,"Two-way, Divided, Unprotected (painted >4 feet) Median",Dry,Clear,Twelve o'clock,Passenger Car,Destroyed,N,Moving Constant Speed,2015-03-01 00:15,42,38.63827703,-77.05083132
5622,N,Apparently Normal,No Misuse,Y,No Injury,56298319-23c3-4aa6-b313-e2dae86f91b2,D,DA38480002,Shoulder/Lap Belt(s),M,a26dc786-4845-44c3-b368-d64efd75e413,Same Direction Rear End,N,Intersection,Left Turn Lane,Daylight,No Defects,"Two-way, Divided, Positive Median Barrier",Dry,Clear,Twelve o'clock,Passenger Car,Superficial,N,Slowing or Stopping,2015-01-05 12:47,20,38.84719485,-76.9523406
5623,N,Apparently Normal,No Misuse,Y,No Injury,c6b07e1f-9602-4856-a7d5-8d9290267311,D,DA38510007,Shoulder/Lap Belt(s),M,aeb9b7c4-f7cd-49f6-bdec-5e2ea9187372,Same Direction Rear End,N,Intersection,Right Turn Lane,Daylight,No Defects,"Two-way, Not Divided",Dry,Clear,Six o'clock,Pickup Truck,Superficial,N,Slowing or Stopping,2015-01-01 15:29,34,38.98834354,-76.97496772
5624,N,Apparently Normal,No Misuse,Y,No Injury,2f45ad2c-8a44-49f1-bfd7-5fadf1e07d94,D,DA38510007,Shoulder/Lap Belt(s),M,af2393e0-85c2-46c1-b9dd-da82cb75d19b,Same Direction Rear End,N,Intersection,Right Turn Lane,Daylight,No Defects,"Two-way, Not Divided",Dry,Clear,Twelve o'clock,(Sport) Utility Vehicle,Superficial,N,Moving Constant Speed,2015-01-01 15:29,21,38.98834354,-76.97496772
5625,N,Apparently Normal,No Misuse,N,No Injury,410a4c73-fc49-48d1-825c-16aec08537b2,D,DA3855000H,Shoulder/Lap Belt(s),M,886040fd-2f50-45f1-8397-9809b936110d,Same Direction Rear End,N,Non Intersection,Acceleration Lane,Daylight,No Defects,"Two-way, Divided, Positive Median Barrier",Dry,Clear,Six o'clock,Passenger Car,Superficial,N,Stopped in Traffic Lane,2015-03-12 17:43,19,39.00135991,-76.93588257
5626,N,Apparently Normal,No Misuse,Y,No Injury,9fb1fe0d-84ca-48d6-8f19-302890768275,D,DA3855000H,Shoulder/Lap Belt(s),M,374caf1a-7d81-4fdb-8115-615c85c47d87,Same Direction Rear End,N,Non Intersection,Acceleration Lane,Daylight,No Defects,"Two-way, Divided, Positive Median Barrier",Dry,Clear,Twelve o'clock,Passenger Car,Functional,N,Moving Constant Speed,2015-03-12 17:43,20,39.00135991,-76.93588257