KEY_INDEX,CDL_FLAG,CONDITION_CODE,EQUIP_PROB_CODE,FAULT_FLAG,INJ_SEVER_CODE,PERSON_ID,PERSON_TYPE,REPORT_NO,SAF_EQUIP_CODE,SEX_CODE,VEHICLE_ID,COLLISION_TYPE_CODE,C_M_ZONE_FLAG,JUNCTION_CODE,LANE_CODE,LIGHT_CODE,RD_COND_CODE,RD_DIV_CODE,SURF_COND_CODE,WEATHER_CODE,AREA_DAMAGED_CODE_MAIN,BODY_TYPE_CODE,DAMAGE_CODE,HIT_AND_RUN_FLAG,MOVEMENT_CODE,TIME,AGE,LATITUDE,LONGITUDE
5627,N,Apparently Normal,No Misuse,Y,Possible Incapacitating Injury,43094bff-149a-4fe5-af05-ec2c2b07b6be,D,DA38770006,Shoulder/Lap Belt(s),M,2db35023-5540-49ac-ad18-a811287cfecc,Head On,N,Non Intersection,Left Turn Lane,Dusk,No Defects,"Two-way, Not Divided",Wet,Clear,Eleven o'clock,Passenger Car,Disabling,N,Moving Constant Speed,2015-01-04 17:44,19,38.86942629,-76.85613513
5628,N,Apparently Normal,No Misuse,Y,No Injury,9688984d-f4cb-4ae8-8d0f-032bd0634830,D,DA39430009,Shoulder/Lap Belt(s),M,92b16e71-ef81-49e3-a736-b51eeb23710d,Single Vehicle ,N,Non Intersection,Left Turn Lane,Dark No Lights,No Defects,"Two-way, Divided, Unprotected (painted >4 feet) Median",Ice,Sleet,Twelve o'clock,Passenger Car,Disabling,N,Moving Constant Speed,2015-03-01 19:51,33,38.90453462,-76.79684758
5629,N,Apparently Normal,No Misuse,N,No Injury,602006b8-bc9a-464d-8330-72e5872560ea,D,EJ7846000N,Shoulder/Lap Belt(s),M,2025e383-1098-401d-8716-dc79530cc3cf,Head On Left Turn,N,Intersection,Right Turn Lane,Dusk,No Defects,"Two-way, Divided, Positive Median Barrier",Dry,Clear,Twelve o'clock,Passenger Car,Disabling,N,Moving Constant Speed,2015-02-06 17:54,24,39.11492,-77.21622
5630,N,Apparently Normal,No Misuse,Y,No Injury,a9b12acb-008a-409a-af2e-e9ffe4c3cf70,D,EJ7846000N,Shoulder/Lap Belt(s),M,ddc6c09e-7fb6-4143-892e-26208225e132,Head On Left Turn,N,Intersection,Right Turn Lane,Dusk,No Defects,"Two-way, Divided, Positive Median Barrier",Dry,Clear,Three o'clock,Passenger Car,Disabling,N,Making Left Turn,2015-02-06 17:54,36,39.11492,-77.21622
5631,N,Apparently Normal,No Misuse,N,Possible Incapacitating Injury,58dfcd38-094a-41bc-965c-8fef4e343936,D,MCP13890008,Shoulder/Lap Belt(s),M,e279ab6e-a84d-4775-887f-09e2135600d4,Same Direction Rear End,N,Intersection,Left Turn Lane,Dark Lights On,No Defects,"Two-way, Divided, Positive Median Barrier",Wet,Raining,Six o'clock,Passenger Car,Disabling,N,Stopped in Traffic Lane,2015-01-29 22:19,41,39.159455,-77.219435
5632,N,Had Been Drinking,No Misuse,Y,No Injury,7c24219a-8ada-48e5-97a5-fb696ddb869f,D,MCP13890008,Shoulder/Lap Belt(s),M,42d84bea-eccf-42f6-89de-819a22597e30,Same Direction Rear End,N,Intersection,Left Turn Lane,Dark Lights On,No Defects,"Two-way, Divided, Positive Median Barrier",Wet,Raining,Twelve o'clock,Passenger Car,Disabling,N,Slowing or Stopping,2015-01-29 22:19,23,39.159455,-77.219435
5633,N,Apparently Normal,No Misuse,N,No Injury,9f423ac7-c4cd-4f5f-9287-d7f8746ca75a,D,MCP2116001M,Shoulder/Lap Belt(s),M,35b11fdc-1e07-4f72-9404-51e06b168b68,Same Movement Angle,N,Intersection,Left Turn Lane,Daylight,No Defects,"Two-way, Divided, Positive Median Barrier",Dry,Clear,Eleven o'clock,Passenger Car,Superficial,N,Stopped in Traffic Lane,2015-02-18 16:06,53,39.10305667,-77.22397667
5634,N,Apparently Normal,No Misuse,N,No Injury,06fdbbd4-67d6-4a70-ad6d-0b3c6ead8f7e,D,MCP2116001M,Shoulder/Lap Belt(s),M,7c2ca4fe-9127-4d6d-aa18-65adc1d90dc1,Same Movement Angle,N,Intersection,Left Turn Lane,Daylight,No Defects,"Two-way, Divided, Positive Median Barrier",Dry,Clear,Twelve o'clock,Passenger Car,Disabling,N,Moving Constant Speed,2015-02-18 16:06,18,39.10305667,-77.22397667
5635,N,Apparently Normal,No Misuse,Y,No Injury,de2186ad-2c39-465a-bfec-b2d7e29d4f41,D,MCP2116001M,Shoulder/Lap Belt(s),M,d9dd58f9-d4fe-4da3-a348-15f686ce5781,Same Movement Angle,N,Intersection,Left Turn Lane,Daylight,No Defects,"Two-way, Divided, Positive Median Barrier",Dry,Clear,Three o'clock,Passenger Car,Disabling,N,Making Left Turn,2015-02-18 16:06,56,39.10305667,-77.22397667
5636,N,Apparently Normal,No Misuse,N,No Injury,a4e59f1e-e547-4594-b784-a7e7136e8ebf,D,MCP23800005,Shoulder/Lap Belt(s),M,2dd00f2e-97f6-4a76-9edd-ea993ff4a6ad,Head On Left Turn,N,Intersection,Right Turn Lane,Dark Lights On,No Defects,"Two-way, Not Divided",Dry,Clear,Twelve o'clock,Passenger Car,Disabling,N,Moving Constant Speed,2015-02-09 18:39,31,39.009035,-77.04393167
5637,N,Apparently Normal,No Misuse,N,No Injury,817de9e8-ba63-4bde-8ef8-6136b027d08f,D,MCP2437000W,Shoulder/Lap Belt(s),M,a44e8e88-05ea-4f4c-a3f9-fff257101914,Same Movement Angle,N,Intersection,Right Turn Lane,Daylight,No Defects,"Two-way, Not Divided",Dry,Clear,Eight o'clock,Passenger Car,Functional,N,Moving Constant Speed,2015-02-25 07:37,50,39.06246667,-77.07536667
5638,N,Apparently Normal,No Misuse,Y,No Injury,1a7351e1-3d51-4736-8e6c-57aaf61bf224,D,MCP2437000W,Shoulder/Lap Belt(s),M,b57ffee8-997a-4866-8bdb-df2f4804ac9c,Same Movement Angle,N,Intersection,Right Turn Lane,Daylight,No Defects,"Two-way, Not Divided",Dry,Clear,Twelve o'clock,Van,Functional,N,Accelerating,2015-02-25 07:37,39,39.06246667,-77.07536667
5639,N,Apparently Normal,No Misuse,N,Possible Incapacitating Injury,b1fc5330-d43f-401a-af1e-1e9989f93bde,D,MCP2664000W,Shoulder/Lap Belt(s),M,4dcadd30-d000-4596-909c-bdecde74b7f2,Same Movement Angle,N,Intersection,Acceleration Lane,Daylight,No Defects,"Two-way, Divided, Positive Median Barrier",Dry,Clear,Twelve o'clock,Passenger Car,Disabling,N,Moving Constant Speed,2015-01-22 13:00,38,39.053,-77.07701
5640,N,Apparently Normal,No Misuse,Y,Possible Incapacitating Injury,04ac6caf-31fd-4336-b0bb-d9c08a737594,D,MCP2664000W,Shoulder/Lap Belt(s),M,d6482f8b-a26c-4b10-ae6e-032f7977f45e,Same Movement Angle,N,Intersection,Acceleration Lane,Daylight,No Defects,"Two-way, Divided, Positive Median Barrier",Dry,Clear,Three o'clock,Passenger Car,Disabling,N,Making Left Turn,2015-01-22 13:00,77,39.053,-77.07701
5641,N,Apparently Normal,No Misuse,N,No Injury,d7ee6326-ac7e-4520-99c5-e0ac8da55f02,D,MCP27500011,Shoulder/Lap Belt(s),M,cbe3b322-60b9-4b4d-88fd-1038da7a3cad,Same Movement Angle,N,Non Intersection,Left Turn Lane,Dark No Lights,No Defects,"Two-way, Not Divided",Snow,Snow,Twelve o'clock,Passenger Car,Disabling,N,Moving Constant Speed,2015-02-14 21:57,33,39.04002167,-77.04866
5642,N,Apparently Normal,No Misuse,Y,No Injury,b3289b96-c855-4a57-8dde-95cdc3617d6a,D,MCP27500011,Shoulder/Lap Belt(s),M,ca4b5ba3-27ae-4a84-a936-50f14f5decaf,Same Movement Angle,N,Non Intersection,Left Turn Lane,Dark No Lights,No Defects,"Two-way, Not Divided",Snow,Snow,Four o'clock,Passenger Car,Disabling,N,Skidding,2015-02-14 21:57,56,39.04002167,-77.04866
5643,N,Apparently Normal,No Misuse,N,Non-incapacitating Injury,f4ac69ba-e29b-4f98-8c83-a09ef9e76856,D,MCP91300010,Shoulder/Lap Belt(s),M,bde99362-7d7c-4860-9450-0e0da9768abd,Same Direction Rear End,N,Intersection,Right Turn Lane,Daylight,No Defects,"Two-way, Not Divided",Dry,Clear,Six o'clock,Passenger Car,Disabling,N,Making Right Turn,2015-02-04 10:54,32,38.99812667,-77.00377167
5644,N,Apparently Normal,No Misuse,Y,Possible Incapacitating Injury,92a3d069-ee54-4ea8-b448-8eb27a5801bc,D,MCP91300010,Shoulder/Lap Belt(s),M,668d1ab1-20f2-4d59-af73-ceb99152318c,Same Direction Rear End,N,Intersection,Right Turn Lane,Daylight,No Defects,"Two-way, Not Divided",Dry,Clear,Twelve o'clock,Passenger Car,Functional,N,Moving Constant Speed,2015-02-04 10:54,63,38.99812667,-77.00377167
5645,N,Apparently Normal,No Misuse,N,No Injury,e1946036-4eae-4627-b0f6-24a0b96d57b6,D,MCP9432000L,Shoulder/Lap Belt(s),M,2f005d3a-e0f5-4144-9b76-cb621d4a6603,Head On,N,Non Intersection,Right Turn Lane,Daylight,No Defects,"Two-way, Not Divided",Wet,Cloudy,Twelve o'clock,Passenger Car,Disabling,N,Moving Constant Speed,2015-01-04 15:43,28,39.18988,-77.22025167
5646,N,Apparently Normal,No Misuse,Y,No Injury,3d0beedc-be2c-4b0b-8756-c61d0858a049,D,MCP9432000L,Shoulder/Lap Belt(s),M,ce74b6c6-4ff4-41f6-96b0-3057419527c4,Head On,N,Non Intersection,Right Turn Lane,Daylight,No Defects,"Two-way, Not Divided",Wet,Cloudy,Twelve o'clock,Pickup Truck,Functional,N,Moving Constant Speed,2015-01-04 15:43,41,39.18988,-77.22025167
5647,N,Apparently Normal,No Misuse,Y,No Injury,493687ef-20a1-4312-94f3-e2ad65b13acd,D,MSP12930008,Shoulder/Lap Belt(s),M,cc2b9dd8-d7a2-42c7-8f0f-7196f3e35746,Same Direction Rear End Left Turn,N,Non Intersection,Right Turn Lane,Daylight,Loose Surface Material,"Two-way, Divided, Positive Median Barrier",Snow,Snow,Nine o'clock,"Medium/Heavy Truck 2 axles (10,000 lbs (4,536 kg) or less)",Disabling,N,Making U Turn,2015-01-09 10:39,58,39.69203083,-79.15070057
5648,N,Apparently Normal,No Misuse,N,Non-incapacitating Injury,3da7ef13-467b-496b-9ea3-56e2532c257d,D,MSP12930008,Shoulder/Lap Belt(s),M,ef38ded5-70cb-4c01-b873-168408240f85,Same Direction Rear End Left Turn,N,Non Intersection,Right Turn Lane,Daylight,Loose Surface Material,"Two-way, Divided, Positive Median Barrier",Snow,Snow,Twelve o'clock,Passenger Car,Disabling,N,Moving Constant Speed,2015-01-09 10:39,60,39.69203083,-79.15070057
5649,N,Apparently Normal,No Misuse,N,No Injury,d69942af-8e7f-4ea2-9e6a-4a3510ff6749,D,MSP5397003L,Shoulder/Lap Belt(s),M,abb20f22-7ced-43a1-a288-4a9084ac45b4,Same Direction Rear End,N,Non Intersection,Right Turn Lane,Dusk,No Defects,"Two-way, Divided, Positive Median Barrier",Dry,Clear,Six o'clock,Pickup Truck,Functional,N,Slowing or Stopping,2015-03-13 19:08,28,39.055016,-76.630214
5650,N,Apparently Normal,No Misuse,Y,No Injury,e16d5e0e-9cf4-4dfc-ae74-09cd51efcba9,D,MSP5397003L,Shoulder/Lap Belt(s),M,e149f496-fc6c-4fac-be0e-f72226bf9643,Same Direction Rear End,N,Non Intersection,Right Turn Lane,Dusk,No Defects,"Two-way, Divided, Positive Median Barrier",Dry,Clear,Twelve o'clock,Passenger Car,Disabling,N,Slowing or Stopping,2015-03-13 19:08,68,39.055016,-76.630214
5651,N,Apparently Normal,No Misuse,N,Possible Incapacitating Injury,b47c905f-33f9-4cee-be6e-4297ef2e7009,D,MSP5397003L,Shoulder/Lap Belt(s),M,eb42278c-8a48-4876-bc15-41d265b501c4,Same Direction Rear End,N,Non Intersection,Right Turn Lane,Dusk,No Defects,"Two-way, Divided, Positive Median Barrier",Dry,Clear,Six o'clock,Passenger Car,Disabling,N,Slowing or Stopping,2015-03-13 19:08,66,39.055016,-76.630214
5652,N,Apparently Normal,No Misuse,N,No Injury,b0107ffa-c8f5-4608-b3f1-4e487f1b9151,D,MSP5516002S,Shoulder/Lap Belt(s),M,a704bedf-f42e-44fb-8abd-de26ee26b1f1,Same Direction Rear End,N,Non Intersection,Acceleration Lane,Daylight,No Defects,"Two-way, Divided, Positive Median Barrier",Dry,Clear,Six o'clock,Truck Tractor,Superficial,N,Moving Constant Speed,2015-03-11 15:06,39,39.440015,-77.49139133
5653,N,Apparently Normal,No Misuse,Y,No Injury,49ef2719-b3ee-48ca-90d0-5023a5687034,D,MSP5516002S,Shoulder/Lap Belt(s),M,ea884745-5782-4bac-a747-5ae88583b6d4,Same Direction Rear End,N,Non Intersection,Acceleration Lane,Daylight,No Defects,"Two-way, Divided, Positive Median Barrier",Dry,Clear,Twelve o'clock,Van,Functional,N,Skidding,2015-03-11 15:06,86,39.440015,-77.49139133
5654,N,Apparently Normal,No Misuse,Y,No Injury,68501d80-5c17-4454-a5a2-269a02872b4d,D,MSP5549000D,Shoulder/Lap Belt(s),M,afc0a20b-d520-4d1b-a6c7-6ca559f00e9f,Same Direction Rear End,N,Intersection Related,Right Turn Lane,Daylight,No Defects,"Two-way, Not Divided",Dry,Clear,Twelve o'clock,(Sport) Utility Vehicle,Functional,N,Slowing or Stopping,2015-02-04 15:41,21,39.46399603,-77.36449957
5655,N,Apparently Normal,No Misuse,Y,No Injury,bf7fad35-582f-4f47-b4a5-9ba480151cfd,D,MSP5741000Y,Shoulder/Lap Belt(s),M,29f11f81-654e-48df-bd5c-fa035051b620,Same Movement Angle,N,Intersection,Right Turn Lane,Daylight,No Defects,"Two-way, Divided, Positive Median Barrier",Dry,Clear,Four o'clock,Passenger Car,Disabling,N,Moving Constant Speed,2015-01-13 09:50,49,39.5827755,-76.02147767
5656,N,Apparently Normal,No Misuse,N,Possible Incapacitating Injury,76172dde-2131-454a-ad15-6007899609ce,D,MSP5741000Y,Shoulder/Lap Belt(s),M,6b4c9cd0-9927-4a41-9ad9-0677a176acb0,Same Movement Angle,N,Intersection,Right Turn Lane,Daylight,No Defects,"Two-way, Divided, Positive Median Barrier",Dry,Clear,Twelve o'clock,Passenger Car,Disabling,N,Accelerating,2015-01-13 09:50,57,39.5827755,-76.02147767
5657,N,Apparently Normal,No Misuse,Y,Possible Incapacitating Injury,120f1449-1abe-42fd-b945-c0d1c43253b4,D,MSP5932001Z,Shoulder/Lap Belt(s),M,3d80e6c9-c15f-4abb-9d7d-65779484c5c9,Single Vehicle ,N,Non Intersection,Right Turn Lane,Daylight,No Defects,"Two-way, Divided, Positive Median Barrier",Wet,Wintry Mix,One o'clock,Van,Disabling,N,Moving Constant Speed,2015-03-01 14:50,30,39.39424183,-76.4336395
5658,N,Apparently Normal,No Misuse,Y,Possible Incapacitating Injury,faab466c-66d7-4c1b-a0c5-431778190ebe,D,MSP5957003S,Shoulder/Lap Belt(s),M,1b8ea1a7-6443-4d92-aa19-ea4813835b1d,Single Vehicle ,N,Interchange Related,Right Turn Lane,Daylight,Loose Surface Material,One-way Trafficway,Wet,Cloudy,Twelve o'clock,Passenger Car,Disabling,N,Skidding,2015-01-04 14:14,34,39.050255,-76.927879
5659,N,Apparently Normal,Air Bag Failed,Y,Possible Incapacitating Injury,36fa67b1-e5ff-4654-8a80-a6fa93e40a0d,D,MSP60920076,Shoulder/Lap Belt(s),M,b614ebe8-ae80-404d-802a-3999d7395992,Same Direction Rear End,N,Non Intersection,Right Turn Lane,Dark No Lights,No Defects,"Two-way, Divided, Positive Median Barrier",Dry,Clear,Twelve o'clock,Passenger Car,Disabling,N,Skidding,2015-01-08 19:12,33,39.261585,-76.67311833
5660,N,Had Been Drinking,No Misuse,Y,Possible Incapacitating Injury,cf3af3e3-c150-48e1-9252-73ccff1bc216,D,MSP6111000F,Shoulder/Lap Belt(s),M,986ee351-d943-4ac0-8798-7297277d368c,Single Vehicle ,N,Non Intersection,Right Turn Lane,Dark No Lights,No Defects,"Two-way, Not Divided",Dry,Clear,Twelve o'clock,(Sport) Utility Vehicle,Disabling,N,Moving Constant Speed,2015-03-18 01:05,21,39.48185172,-76.9978416
5661,N,Apparently Normal,No Misuse,Y,Possible Incapacitating Injury,ed654269-e631-40af-afe5-78030af57f91,D,MSP61540016,Shoulder/Lap Belt(s),M,c23a3a68-7176-4bb4-b609-213aefa8b098,Single Vehicle ,N,Non Intersection,Right Turn Lane,Dark No Lights,Loose Surface Material,"Two-way, Not Divided",Snow,Snow,Twelve o'clock,(Sport) Utility Vehicle,Disabling,N,Moving Constant Speed,2015-02-17 00:01,39,38.5785,-75.840217
5662,N,Apparently Normal,No Misuse,Y,No Injury,e0dcd937-7edb-449a-ab79-a446c9a09677,D,MSP61620028,Shoulder/Lap Belt(s),M,810638da-9c32-4216-a1b5-a70d8f640f16,Same Direction Rear End,N,Intersection,Right Turn Lane,Daylight,No Defects,"Two-way, Not Divided",Dry,Clear,Twelve o'clock,Pickup Truck,Superficial,N,Slowing or Stopping,2015-01-17 16:12,18,38.4818513,-77.13796154
5663,N,Apparently Normal,No Misuse,N,Possible Incapacitating Injury,d98bf463-7c91-4083-8d8d-bd9749508063,D,MSP61620028,Shoulder/Lap Belt(s),M,ff713cb3-a605-4ac7-a241-ef591d0c7169,Same Direction Rear End,N,Intersection,Right Turn Lane,Daylight,No Defects,"Two-way, Not Divided",Dry,Clear,Six o'clock,Passenger Car,Disabling,N,Stopped in Traffic Lane,2015-01-17 16:12,44,38.4818513,-77.13796154
5664,N,Apparently Normal,No Misuse,N,No Injury,96c64a32-1e7d-4f1d-9031-9dbacb9b67f9,D,MSP61740048,Shoulder/Lap Belt(s),M,0094395d-b3b5-4b19-a955-c0caee5efb7b,Single Vehicle ,N,Intersection Related,Right Turn Lane,Daylight,No Defects,One-way Trafficway,Dry,Clear,Eight o'clock,Passenger Car,Disabling,N,Moving Constant Speed,2015-02-18 10:20,26,39.06937818,-76.90719555
5665,N,Apparently Normal,No Misuse,N,No Injury,e7eccfa5-ca4f-4f26-89db-93071f5eff78,D,MSP6278003R,Shoulder/Lap Belt(s),M,9f415f72-92a3-411d-9925-0a530aafb566,Same Direction Sideswipe,N,Non Intersection,Deceleration Lane,Dark No Lights,No Defects,"Two-way, Divided, Positive Median Barrier",Dry,Clear,Ten o'clock,Passenger Car,Functional,N,Moving Constant Speed,2015-03-06 00:00,26,38.98735117,-76.88193798
5666,N,Apparently Normal,No Misuse,Y,No Injury,aea04e52-8a8f-49c0-b714-9e9e5b06e403,D,MSP6354000R,Shoulder/Lap Belt(s),M,f4504f2b-cf18-4fe3-a169-9281289c4223,Same Direction Rear End,N,Intersection Related,Right Turn Lane,Dark No Lights,No Defects,"Two-way, Divided, Positive Median Barrier",Dry,Clear,Twelve o'clock,Passenger Car,Destroyed,N,Slowing or Stopping,2015-01-01 20:40,62,38.9543029,-76.07785463
5667,N,Apparently Normal,No Misuse,Y,Possible Incapacitating Injury,cf5d6af1-b1c8-4370-a60b-81e74a051986,D,MSP6357002N,Shoulder/Lap Belt(s),M,7cddca22-fb86-42ab-9606-71044a526189,Single Vehicle ,N,Non Intersection,Left Turn Lane,Daylight,No Defects,"Two-way, Divided, Positive Median Barrier",Wet,Raining,Twelve o'clock,Passenger Car,Disabling,N,Moving Constant Speed,2015-01-03 16:12,55,39.0195007,-77.1039658
5668,Y,Apparently Normal,No Misuse,N,Possible Incapacitating Injury,0a9e9cd4-623e-4ad1-bd45-8f26b276a80d,D,MSP6461000N,Shoulder/Lap Belt(s),M,31e39e61-52a3-428b-b189-a3e9285519bb,Same Direction Sideswipe,N,Non Intersection,Left Turn Lane,Dark No Lights,No Defects,"Two-way, Divided, Positive Median Barrier",Dry,Clear,Twelve o'clock,Passenger Car,Disabling,N,Moving Constant Speed,2015-03-10 03:30,51,39.520239,-76.147807
5669,N,Apparently Normal,No Misuse,Y,No Injury,3c89548b-10b4-42a6-9916-feaf39120e55,D,MSP6461000W,Shoulder/Lap Belt(s),M,90921174-6ccc-4038-b26e-ce24f8134f71,Single Vehicle ,N,Intersection,Right Turn Lane,Dark Lights On,No Defects,"Two-way, Not Divided",Wet,Raining,Three o'clock,Pickup Truck,Disabling,Y,Moving Constant Speed,2015-03-11 02:00,27,39.29179704,-76.9619751
5670,N,Apparently Normal,No Misuse,N,Possible Incapacitating Injury,e28d0678-ea9b-4965-8f98-1ac9f0c5a988,D,MSP64790004,Shoulder/Lap Belt(s),M,524d58e3-17a1-4514-88b6-026d032c1d69,Same Movement Angle,N,Intersection,Right Turn Lane,Daylight,No Defects,"Two-way, Not Divided",Dry,Clear,Twelve o'clock,Passenger Car,Destroyed,N,Moving Constant Speed,2015-02-04 10:05,24,39.64330493,-78.82353544
5671,N,Apparently Normal,No Misuse,Y,Possible Incapacitating Injury,2928fab7-a8ad-41d7-87b4-f28938617370,D,MSP64790004,Shoulder/Lap Belt(s),M,a4212239-d963-4df4-8ac1-bf20484b2fae,Same Movement Angle,N,Intersection,Right Turn Lane,Daylight,No Defects,"Two-way, Not Divided",Dry,Clear,Eleven o'clock,(Sport) Utility Vehicle,Destroyed,N,Making Right Turn,2015-02-04 10:05,29,39.64330493,-78.82353544
5672,N,Apparently Normal,No Misuse,Y,No Injury,a3f2d963-ee6a-4a25-9bf2-2c4c8b9d656f,D,MSP65050008,Shoulder/Lap Belt(s),M,57c31859-9d7e-48f3-884e-c5b982a1fbf1,Same Direction Sideswipe,N,Non Intersection,Right Turn Lane,Dark No Lights,No Defects,"Two-way, Divided, Positive Median Barrier",Dry,Clear,Eleven o'clock,Passenger Car,Disabling,N,Moving Constant Speed,2015-02-08 12:47,38,39.44316965,-77.49773026
5673,Y,Apparently Normal,No Misuse,N,Possible Incapacitating Injury,af9e6914-1db6-4942-85ad-ee959b0fec2e,D,MSP65050008,Shoulder/Lap Belt(s),M,e83e1e8e-722f-4837-b594-8359ae5cf0fe,Same Direction Sideswipe,N,Non Intersection,Right Turn Lane,Dark No Lights,No Defects,"Two-way, Divided, Positive Median Barrier",Dry,Clear,Two o'clock,Passenger Car,Disabling,N,Moving Constant Speed,2015-02-08 12:47,55,39.44316965,-77.49773026
5674,Y,Apparently Normal,No Misuse,N,Possible Incapacitating Injury,dab21498-81e4-4937-90d6-63cd15cd561a,D,MTA01200005,Shoulder/Lap Belt(s),M,3082e1e4-6913-4cde-bd69-0b8236a8b041,Same Direction Right Turn,N,Non Intersection,Acceleration Lane,Daylight,No Defects,"Two-way, Divided, Positive Median Barrier",Ice,Cloudy,Ten o'clock,Transit Bus,Functional,N,Starting From Lane,2015-02-10 09:30,61,39.29943573,-76.56333447
5675,Y,Apparently Normal,No Misuse,Y,No Injury,8fce498d-e3e9-4723-a5f8-ee7e88afd345,D,MTA01390006,Shoulder/Lap Belt(s),M,1f517b9a-3478-4ddf-b630-0428bf3c0298,Same Direction Rear End Left Turn,N,Intersection,Right Turn Lane,Daylight,No Defects,"Two-way, Not Divided",Dry,Clear,Twelve o'clock,Transit Bus,Superficial,N,Moving Constant Speed,2015-01-23 07:30,34,39.30167004,-76.59936
5676,Y,Apparently Normal,No Misuse,N,No Injury,8fc1ab02-5059-47fe-aec3-b9a37afa0762,D,MTA01520003,Lap Belt Only,M,42ba6e98-c284-45e8-a1ef-f3430039b569,Same Direction Sideswipe,N,Intersection,Right Turn Lane,Daylight,No Defects,"Two-way, Not Divided",Dry,Clear,Two o'clock,Transit Bus,Superficial,N,Moving Constant Speed,2015-03-09 12:58,44,39.31281804,-76.62837267
5677,N,Apparently Normal,No Misuse,Y,No Injury,3c3cb0a0-5824-4302-bd1e-af84dc40a094,D,MTA01520003,Shoulder/Lap Belt(s),M,aafd73d4-9933-4d0e-ad99-a5461a10d807,Same Direction Sideswipe,N,Intersection,Right Turn Lane,Daylight,No Defects,"Two-way, Not Divided",Dry,Clear,Eleven o'clock,Passenger Car,Superficial,N,Starting From Parked,2015-03-09 12:58,33,39.31281804,-76.62837267
5678,Y,Apparently Normal,No Misuse,N,No Injury,2a0230d6-c0a2-45dd-a1e9-cc1a75b51da9,D,MTA0291000F,Shoulder/Lap Belt(s),M,da017456-036e-4f40-a4c3-4ad8b71b322e,Same Direction Rear End,N,Non Intersection,Acceleration Lane,Daylight,No Defects,"Two-way, Divided, Positive Median Barrier",Dry,Clear,Six o'clock,Passenger Car,Superficial,N,Stopped in Traffic Lane,2015-01-05 16:47,72,39.29347431,-76.65584922
5679,N,Apparently Normal,No Misuse,N,No Injury,6ddf000a-ae74-454a-93b9-5e4c947ef2ba,D,MTA03340003,Shoulder Belt Only,M,a21a4762-0939-4613-9a27-2fd8a5c38422,Same Direction Sideswipe,N,Non Intersection,Left Turn Lane,Daylight,Loose Surface Material,"Two-way, Divided, Positive Median Barrier",Snow,Snow,Four o'clock,Transit Bus,No Damage,N,Moving Constant Speed,2015-03-05 15:54,56,39.21123291,-76.65059209
5680,N,Apparently Normal,No Misuse,Y,No Injury,f67efaac-b7e5-4ffa-8cf0-23f4469ef168,D,MTA03340003,Shoulder Belt Only,M,236c4d1b-fe2a-4353-a09b-5ae646368f81,Same Direction Sideswipe,N,Non Intersection,Left Turn Lane,Daylight,Loose Surface Material,"Two-way, Divided, Positive Median Barrier",Snow,Snow,Six o'clock,Passenger Car,Superficial,N,Slowing or Stopping,2015-03-05 15:54,24,39.21123291,-76.65059209
5681,Y,Apparently Normal,No Misuse,N,Possible Incapacitating Injury,fb4ad192-84ae-4f14-bec9-a0785f4ecd30,D,MTA03340004,Shoulder/Lap Belt(s),M,637438eb-f59f-4fec-be28-caada8ae3506,Same Movement Angle,N,Intersection,Right Turn Lane,Daylight,No Defects,"Two-way, Not Divided",Dry,Clear,Eleven o'clock,Transit Bus,Superficial,N,Slowing or Stopping,2015-03-12 13:43,29,39.28830954,-76.64377123
5682,N,Apparently Normal,No Misuse,Y,No Injury,408ee0fa-4e76-417e-9441-c55e600fd5ad,D,MTA03360002,Shoulder/Lap Belt(s),M,c3466fc2-0697-4575-8679-7e225016dce1,Same Direction Right Turn,N,Intersection,Left Turn Lane,Daylight,No Defects,"Two-way, Divided, Unprotected (painted >4 feet) Median",Dry,Clear,Three o'clock,"Other Light Trucks (10,000 lbs (4,536 kg))",Superficial,N,Accelerating,2015-02-20 13:05,85,39.35840823,-76.60994053
5683,N,Apparently Normal,No Misuse,N,No Injury,94410a71-484c-4793-9120-7a86f365a690,D,ZG08750005,Shoulder/Lap Belt(s),M,f8bda3de-07b6-4647-bfaf-81fdb9acfa5f,Single Vehicle ,N,Non Intersection,Right Turn Lane,Dark No Lights,No Defects,"Two-way, Not Divided",Ice,Clear,Twelve o'clock,(Sport) Utility Vehicle,Destroyed,N,Slowing or Stopping,2015-03-02 20:25,72,39.44252753,-75.90397775
5684,N,Had Been Drinking,No Misuse,Y,Possible Incapacitating Injury,6ee0978c-bb4b-4824-9c43-d2aba329b4e7,D,ZJ0466000M,Shoulder/Lap Belt(s),M,0f8abbbe-5b20-45b4-bf78-2917d3090834,Single Vehicle ,N,Non Intersection,Right Turn Lane,Dark No Lights,No Defects,"Two-way, Divided, Positive Median Barrier",Snow,Cloudy,Twelve o'clock,Passenger Car,Disabling,N,Moving Constant Speed,2015-03-06 02:16,26,39.3861285,-77.28217383
5685,N,Apparently Normal,No Misuse,Y,No Injury,65146ad9-5196-4b5c-81ce-399652dcf613,D,ZVW2540001,Shoulder/Lap Belt(s),M,aa332a0f-a32a-464f-9100-36fde0d7d4a2,Single Vehicle ,N,Non Intersection,Left Turn Lane,Dark Lights On,No Defects,"Two-way, Divided, Positive Median Barrier",Ice,Sleet,Nine o'clock,Passenger Car,Disabling,N,Moving Constant Speed,2015-01-14 03:57,37,38.33369526,-75.60994864