KEY_INDEX,CDL_FLAG,CONDITION_CODE,EQUIP_PROB_CODE,FAULT_FLAG,INJ_SEVER_CODE,PERSON_ID,PERSON_TYPE,REPORT_NO,SAF_EQUIP_CODE,SEX_CODE,VEHICLE_ID,COLLISION_TYPE_CODE,C_M_ZONE_FLAG,JUNCTION_CODE,LANE_CODE,LIGHT_CODE,RD_COND_CODE,RD_DIV_CODE,SURF_COND_CODE,WEATHER_CODE,AREA_DAMAGED_CODE_MAIN,BODY_TYPE_CODE,DAMAGE_CODE,HIT_AND_RUN_FLAG,MOVEMENT_CODE,TIME,AGE,LATITUDE,LONGITUDE
5686,N,Had Been Drinking,No Misuse,Y,Possible Incapacitating Injury,b60a9255-a55b-4a5f-b063-f62df6d12a36,D,AE4428000X,Shoulder/Lap Belt(s),M,02044df5-decf-464c-bd13-71bed9f1e8a4,Same Direction Rear End,N,Non Intersection,Right Turn Lane,Dark Lights On,No Defects,"Two-way, Not Divided",Dry,Clear,One o'clock,Pickup Truck,Destroyed,N,Moving Constant Speed,2015-02-08 02:58,25,39.3502616,-76.37927055
5687,N,Had Been Drinking,No Misuse,Y,Incapacitating/Disabled Injury,e4a15d6f-11a9-4b92-acf6-2bf5874123e7,D,MSP5362001C,Shoulder/Lap Belt(s),M,5c852fad-197b-4134-b183-da15cedaf88d,Single Vehicle ,N,Non Intersection,Right Turn Lane,Daylight,No Defects,"Two-way, Not Divided",Wet,Cloudy,One o'clock,Passenger Car,Destroyed,N,Moving Constant Speed,2015-03-27 14:38,30,38.48777626,-77.14859247
5688,N,Apparently Normal,No Misuse,Y,Possible Incapacitating Injury,2a220a38-7a0b-4f12-b5ac-c0c7243eacc3,D,ZF02650007,Shoulder Belt Only,M,b2cd0244-a233-4133-b677-5dee17b04e30,Single Vehicle ,N,Non Intersection,Right Turn Lane,Daylight,No Defects,"Two-way, Not Divided",Snow,Snow,Three o'clock,(Sport) Utility Vehicle,Destroyed,N,Skidding,2015-01-21 13:49,20,39.64429631,-77.20175385
5689,N,Apparently Normal,No Misuse,N,No Injury,53b8b955-97dc-4231-8a27-4ae524a74684,D,ZR01380003,Shoulder/Lap Belt(s),M,7d1a93a6-f537-438b-8153-5d4429f5817d,Same Movement Angle,N,Intersection,Right Turn Lane,Daylight,No Defects,"Two-way, Divided, Positive Median Barrier",Wet,Cloudy,Three o'clock,Passenger Car,Disabling,N,Moving Constant Speed,2015-03-02 08:30,79,38.41835522,-76.69472784
5690,N,Apparently Normal,No Misuse,Y,No Injury,52a1e9b1-83c0-4462-a44a-a64209b1e120,D,ZR01380003,Shoulder/Lap Belt(s),M,97d9b9ce-2502-4de8-a5a8-41152adca2fb,Same Movement Angle,N,Intersection,Right Turn Lane,Daylight,No Defects,"Two-way, Divided, Positive Median Barrier",Wet,Cloudy,Twelve o'clock,Pickup Truck,Functional,N,Making Left Turn,2015-03-02 08:30,60,38.41835522,-76.69472784
5691,N,Apparently Normal,No Misuse,Y,No Injury,0912ced4-8882-4b83-a5f3-9e908b389e40,D,MSP5090003H,Shoulder/Lap Belt(s),M,3aacadda-2faf-47c0-aff2-e56608287037,Head On,N,Non Intersection,Right Turn Lane,Dark No Lights,No Defects,"Two-way, Not Divided",Dry,Clear,Twelve o'clock,Pickup Truck,Disabling,N,Moving Constant Speed,2015-02-26 19:48,26,39.42773067,-77.505486
5692,N,Apparently Normal,No Misuse,N,Possible Incapacitating Injury,3c08a827-f99d-4bd4-9b6b-31307c1edf27,D,MSP5090003H,Shoulder/Lap Belt(s),M,1564245f-e2e9-422b-b2b0-078bd6e7694b,Head On,N,Non Intersection,Right Turn Lane,Dark No Lights,No Defects,"Two-way, Not Divided",Dry,Clear,Twelve o'clock,Passenger Car,Disabling,N,Moving Constant Speed,2015-02-26 19:48,68,39.42773067,-77.505486
5693,N,Apparently Normal,No Misuse,N,Fatal Injury,e90b7aef-aeac-4145-b4a7-9a2a3575e13c,D,MSP5945000S,Shoulder/Lap Belt(s),M,a91502f4-b2ae-459a-93e3-b21faee35d36,Head On,N,Non Intersection,Left Turn Lane,Dusk,No Defects,"Two-way, Divided, Positive Median Barrier",Dry,Clear,Twelve o'clock,Passenger Car,Destroyed,N,Moving Constant Speed,2015-03-15 19:32,58,38.97272777,-76.25986532
5694,N,Apparently Normal,No Misuse,Y,No Injury,1455664d-7bab-432c-90ab-56ab0cf575d7,D,AC1052000M,Shoulder/Lap Belt(s),M,4f9ef946-4d0b-4662-b822-23c82b8374a8,Same Direction Rear End,N,Railway Grade Crossing,Right Turn Lane,Daylight,No Defects,"Two-way, Not Divided",Dry,Clear,One o'clock,(Sport) Utility Vehicle,Disabling,N,Moving Constant Speed,2015-01-28 09:00,25,39.19488432,-76.65645032
5695,N,Apparently Normal,No Misuse,Y,No Injury,11309c7a-412b-4990-a294-94bd6a3b1879,D,AC18660016,Shoulder/Lap Belt(s),M,a5d55bef-bd6c-4db2-a54d-3a4211e825c8,Same Direction Rear End,N,Intersection Related,Right Turn Lane,Daylight,No Defects,"Two-way, Divided, Positive Median Barrier",Dry,Clear,Twelve o'clock,Passenger Car,Disabling,N,Slowing or Stopping,2015-02-18 10:13,50,39.02914404,-76.50383234
5696,N,Apparently Normal,No Misuse,Y,No Injury,deba265f-a8e5-4bf7-8191-46310c33b01a,D,ADE9500003,Shoulder/Lap Belt(s),M,0b872e4d-37ea-49c4-b1cd-ee972a35c266,Same Direction Right Turn,N,Intersection Related,Right Turn Lane,Daylight,No Defects,"Two-way, Not Divided",Dry,Clear,Five o'clock,Pickup Truck,Superficial,N,Starting From Lane,2015-03-29 10:45,24,39.28666537,-76.56224012
5697,N,Apparently Normal,No Misuse,N,No Injury,e336c0d2-d0ce-4608-abcc-c8a0b6253932,D,ADF1400004,Shoulder/Lap Belt(s),M,3509c46f-df1b-4803-92f3-e151246ede26,Same Direction Right Turn,N,Non Intersection,Left Turn Lane,Dark Lights On,No Defects,"Two-way, Divided, Positive Median Barrier",Dry,Clear,Ten o'clock,Passenger Car,Superficial,N,Parked  ,2015-02-20 18:50,45,39.28760371,-76.5937078
5698,N,Apparently Normal,No Misuse,N,Possible Incapacitating Injury,486215fd-42ad-48e2-82e4-4fff4e0a10e3,D,ADF7780002,Shoulder/Lap Belt(s),M,e1e6e0f9-f7ff-41fe-b65a-f51126d4bf71,Same Direction Left Turn,N,Non Intersection,Right Turn Lane,Daylight,No Defects,One-way Trafficway,Wet,Clear,One o'clock,Passenger Car,Destroyed,N,Moving Constant Speed,2015-03-06 15:00,52,39.28362356,-76.64664254
5699,N,Apparently Normal,No Misuse,Y,No Injury,5e788619-3782-4837-ae8f-d5aee34751c2,D,ADI3760001,Shoulder/Lap Belt(s),M,c06064bd-0d1e-437b-b91d-619c7e4ea950,Same Direction Rear End,N,Non Intersection,Acceleration Lane,Daylight,No Defects,"Two-way, Divided, Positive Median Barrier",Dry,Clear,One o'clock,Passenger Car,Disabling,N,Moving Constant Speed,2015-01-01 12:40,37,39.29493565,-76.59926534
5700,N,Had Been Drinking,No Misuse,Y,No Injury,1215abbb-b739-4482-831a-393c8dfbce0c,D,ADI8320007,Shoulder/Lap Belt(s),M,6841f4e3-324b-4ebe-b086-7f5955c81f5d,Head On,N,Non Intersection,Right Turn Lane,Daylight,No Defects,"Two-way, Not Divided",Dry,Clear,Twelve o'clock,(Sport) Utility Vehicle,Superficial,N,Moving Constant Speed,2015-01-17 16:20,37,39.36696242,-76.65331185
5701,N,Apparently Normal,No Misuse,Y,No Injury,15bdbdb9-3dc5-489a-9cc6-cb13db2eb065,D,ADJ1410003,Shoulder/Lap Belt(s),M,c37d7019-8a8a-485b-b66c-a246ae1510b9,Same Direction Rear End,N,Intersection Related,Acceleration Lane,Dark Lights On,No Defects,One-way Trafficway,Wet,Raining,Twelve o'clock,Van,Disabling,N,Accelerating,2015-01-26 05:41,39,39.28659894,-76.61354542
5702,N,Apparently Normal,No Misuse,Y,No Injury,1036a27a-a65f-416c-9bf7-7658be9b1d8e,D,ADJ2030007,Shoulder/Lap Belt(s),M,ee955e1e-1013-4063-af3d-c31317a15b70,Same Direction Rear End,N,Intersection,Right Turn Lane,Daylight,No Defects,One-way Trafficway,Dry,Clear,Twelve o'clock,Passenger Car,Functional,N,Moving Constant Speed,2015-03-15 14:01,63,39.28323574,-76.58421278
5703,N,Apparently Normal,No Misuse,N,No Injury,59b7fc25-7701-47a4-9f42-ea9025258bfe,D,ADJ4630003,Shoulder/Lap Belt(s),M,31d3bfd8-29b2-4dee-afdf-65158ca258a2,Opposite Direction Sideswipe,N,Non Intersection,Left Turn Lane,Daylight,No Defects,"Two-way, Divided, Unprotected (painted >4 feet) Median",Dry,Clear,Five o'clock,Recreational Vehicle,Superficial,N,Stopped in Traffic Lane,2015-02-25 09:32,50,39.27530304,-76.64217263
5704,Y,Apparently Normal,No Misuse,N,No Injury,de435126-fb9f-4e27-8d9c-13bba05381e1,D,ADJ4630003,Shoulder/Lap Belt(s),M,d38ced67-25d9-4045-8324-b62d87621472,Opposite Direction Sideswipe,N,Non Intersection,Left Turn Lane,Daylight,No Defects,"Two-way, Divided, Unprotected (painted >4 feet) Median",Dry,Clear,Ten o'clock,"Medium/Heavy Truck 2 axles (10,000 lbs (4,536 kg) or less)",No Damage,N,Stopped in Traffic Lane,2015-02-25 09:32,49,39.27530304,-76.64217263
5705,N,Apparently Normal,No Misuse,N,Possible Incapacitating Injury,05bcf6fc-872f-49e7-8f55-7e87ce5a32d6,D,ADJ5200001,Shoulder/Lap Belt(s),M,41275cff-d7e8-4772-827b-2ff200dcb69b,Same Movement Angle,N,Intersection,Right Turn Lane,Daylight,No Defects,"Two-way, Divided, Positive Median Barrier",Wet,Clear,Ten o'clock,Van,Disabling,N,Stopped in Traffic Lane,2015-02-17 15:00,69,39.34500146,-76.55812025
5706,N,Apparently Normal,No Misuse,N,No Injury,4433d3d9-6b9d-4713-a93a-99954b5468d8,D,ADJ5530007,Shoulder/Lap Belt(s),M,c9343f99-324c-432b-aa8a-cd8da22f6352,Same Direction Rear End,N,Non Intersection,Acceleration Lane,Daylight,No Defects,"Two-way, Divided, Positive Median Barrier",Dry,Clear,Six o'clock,(Sport) Utility Vehicle,No Damage,N,Moving Constant Speed,2015-02-10 15:44,46,39.24966965,-76.64141893
5707,N,Apparently Normal,No Misuse,Y,No Injury,86e3bcbf-9aa7-4498-a07c-827300fdfded,D,ADX0070005,Shoulder/Lap Belt(s),M,0e3f8e32-ad62-4e48-8973-585266c0ea9e,Same Direction Left Turn,N,Intersection,Right Turn Lane,Dark Lights On,No Defects,One-way Trafficway,Dry,Clear,Twelve o'clock,Passenger Car,Functional,N,Accelerating,2015-02-10 22:35,53,39.28623356,-76.62212849
5708,N,Apparently Normal,No Misuse,N,No Injury,167cfb6d-27bc-46dc-ad09-1a404972e52a,D,AE47420008,Shoulder/Lap Belt(s),M,37186705-c295-487b-a245-b3d1cf28c06f,Same Direction Sideswipe,N,Non Intersection,Right Turn Lane,Dark Lights On,No Defects,"Two-way, Divided, Positive Median Barrier",Dry,Clear,Four o'clock,Passenger Car,Superficial,N,Moving Constant Speed,2015-02-08 18:43,38,39.41649385,-76.45342827
5709,N,Apparently Normal,No Misuse,Y,No Injury,b96dc174-2ca8-4aec-9022-acd783729119,D,AE52900005,Shoulder/Lap Belt(s),M,974aaadd-92ad-45fb-9bd2-115af39c4ba9,Single Vehicle ,N,Non Intersection,Right Turn Lane,Dark Lights On,No Defects,"Two-way, Not Divided",Dry,Clear,One o'clock,Van,Superficial,N,Moving Constant Speed,2015-02-06 22:09,37,39.37887017,-76.51666403
5710,N,Had Been Drinking,No Misuse,Y,No Injury,18d4f85d-c8a8-445e-a1a9-dfbb3f223d0c,D,AE54300003,Shoulder/Lap Belt(s),M,2d7ed34d-7562-4459-8324-933b25798544,Single Vehicle ,N,Intersection Related,Right Turn Lane,Dark Lights On,No Defects,"Two-way, Not Divided",Dry,Clear,Twelve o'clock,Passenger Car,Disabling,N,Making Left Turn,2015-01-25 01:50,42,39.29817375,-76.76430702
5711,N,Had Been Drinking,No Misuse,Y,No Injury,7fe1cefe-0e19-42ea-9d02-0d5139fe07b4,D,AE5549000D,Shoulder/Lap Belt(s),M,265a2ff0-8eb8-4beb-8f81-b8b1f73fd563,Same Direction Rear End,N,Non Intersection,Right Turn Lane,Dark Lights On,No Defects,"Two-way, Not Divided",Dry,Clear,Twelve o'clock,Passenger Car,Functional,N,Slowing or Stopping,2015-02-01 19:09,33,39.372393,-76.80649281
5712,N,Apparently Normal,No Misuse,Y,Possible Incapacitating Injury,04701989-3437-46b7-b254-bd660cf192ab,D,AE5583000D,Shoulder/Lap Belt(s),M,8289b01f-92ef-474f-a906-fd7dcd769fbd,Same Direction Sideswipe,N,Intersection,Right Turn Lane,Daylight,No Defects,"Two-way, Divided, Positive Median Barrier",Dry,Clear,Eleven o'clock,Passenger Car,Disabling,N,Moving Constant Speed,2015-02-27 13:52,48,39.28816837,-76.52939916
5713,N,Apparently Normal,No Misuse,Y,No Injury,275fb497-e2fe-4f9a-9e69-590505e3ac82,D,DA28260002,Shoulder/Lap Belt(s),M,27467b7c-6f9d-4802-9080-b4b7e8835748,Same Direction Right Turn,N,Intersection,Left Turn Lane,Dark Lights On,No Defects,"Two-way, Divided, Unprotected (painted >4 feet) Median",Dry,Clear,Eleven o'clock,Passenger Car,Functional,N,Making Left Turn,2015-02-02 00:57,23,38.84485517,-76.87438488
5714,N,Apparently Normal,No Misuse,N,Possible Incapacitating Injury,0d0b4ad1-9d64-45b7-b545-654831ae130a,D,DA30350004,Shoulder/Lap Belt(s),M,6dffcc2c-dbb6-4154-a90d-d95c8b730464,Same Movement Angle,N,Intersection,Left Turn Lane,Daylight,No Defects,"Two-way, Not Divided",Snow,Blowing Snow,Eleven o'clock,Passenger Car,Disabling,N,Accelerating,2015-01-27 12:00,46,38.97853591,-76.92658067
5715,N,Apparently Normal,No Misuse,Y,No Injury,de11bc23-02ef-4287-9476-8c0b814540f1,D,DA3566000D,Shoulder/Lap Belt(s),M,c78d759a-7d4d-4298-b800-1271a170d6b0,Same Direction Rear End,N,Intersection Related,Left Turn Lane,Dark Lights On,No Defects,"Two-way, Divided, Unprotected (painted >4 feet) Median",Dry,Clear,Twelve o'clock,Passenger Car,Functional,N,Accelerating,2015-02-27 20:30,28,38.96110233,-76.90523028
5716,N,Apparently Normal,No Misuse,Y,Possible Incapacitating Injury,bad4fa12-21ba-41eb-bfc0-83d0149f28c3,D,DA36600007,Shoulder/Lap Belt(s),M,c83c945d-556d-41ff-87b8-c69f55a64e34,Same Direction Sideswipe,N,Non Intersection,Left Turn Lane,Dark Lights On,No Defects,"Two-way, Divided, Positive Median Barrier",Ice,Wintry Mix,Eleven o'clock,(Sport) Utility Vehicle,Superficial,N,Moving Constant Speed,2015-02-10 06:00,52,38.99813314,-76.92054033
5717,N,Apparently Normal,No Misuse,Y,No Injury,7718826c-089b-4e12-ab17-1d826cb47ac2,D,DA37090005,Shoulder/Lap Belt(s),M,b1ed1219-61ca-41d2-8d65-9a764acdab9a,Same Direction Rear End,N,Non Intersection,Right Turn Lane,Dark Lights On,No Defects,"Two-way, Not Divided",Wet,Raining,Six o'clock,(Sport) Utility Vehicle,Superficial,N,Backing,2015-01-12 16:11,57,38.80147367,-76.90886736
5718,N,Apparently Normal,No Misuse,Y,No Injury,5604e9d0-da5e-4b31-b542-16af218677ad,D,DA38320004,Shoulder/Lap Belt(s),M,e8d15590-6db1-43df-adde-d87a70e34da1,Same Direction Left Turn,N,Non Intersection,Right Turn Lane,Daylight,No Defects,"Two-way, Not Divided",Dry,Clear,Ten o'clock,Passenger Car,Superficial,N,Starting From Parked,2015-02-23 14:15,51,38.81728298,-76.99283123
5719,N,Apparently Normal,No Misuse,Y,No Injury,fccada5c-948a-4d03-a654-c570e9632449,D,DA3871000C,Shoulder/Lap Belt(s),M,c669640f-2ce3-4a71-af40-6f585d16ae68,Same Direction Rear End,N,Intersection Related,Right Turn Lane,Dark Lights On,No Defects,"Two-way, Divided, Unprotected (painted >4 feet) Median",Dry,Clear,Twelve o'clock,Passenger Car,Superficial,N,Slowing or Stopping,2015-03-30 20:57,20,38.9802707,-76.86666012
5720,N,Apparently Normal,No Misuse,N,No Injury,14c07b06-5289-4639-93ac-623946cd5269,D,EA99370002,Shoulder/Lap Belt(s),M,df9142e9-2bd3-42c8-80cf-d076d0b99613,Same Direction Sideswipe,N,Non Intersection,Left Turn Lane,Daylight,No Defects,"Two-way, Divided, Positive Median Barrier",Dry,Clear,Five o'clock,Pickup Truck,Superficial,N,Moving Constant Speed,2015-02-03 10:27,58,38.96926912,-77.07754612
5721,N,Apparently Normal,No Misuse,Y,No Injury,02b62058-062d-4ad2-8c93-a9eb62733499,D,HM01370004,Shoulder/Lap Belt(s),M,8fe10597-b3db-4017-82f5-24c946313780,Same Direction Rear End,N,Intersection Related,Right Turn Lane,Daylight,No Defects,"Two-way, Divided, Positive Median Barrier",Wet,Raining,Twelve o'clock,Passenger Car,Superficial,N,Slowing or Stopping,2015-02-22 14:00,22,38.38420625,-75.17695427
5722,N,Had Been Drinking,No Misuse,Y,No Injury,559204d0-89f5-435b-a133-38617e883b03,D,MCP1555000K,Shoulder/Lap Belt(s),M,ed5e88e9-a6c6-4057-a5bd-592d14056ba6,Same Movement Angle,N,Intersection,Left Turn Lane,Daylight,No Defects,"Two-way, Divided, Positive Median Barrier",Dry,Cloudy,Twelve o'clock,Passenger Car,Functional,N,Making Right Turn,2015-02-25 13:09,37,39.10555863,-76.91062689
5723,N,Apparently Normal,No Misuse,Y,No Injury,c2b160f6-2b0a-4d4c-a4fb-d6901b69b18e,D,MCP2582000M,Shoulder/Lap Belt(s),M,6367c3ff-1d2c-42a6-aa93-6e4031211cbf,Same Direction Rear End,N,Non Intersection,Right Turn Lane,Dark Lights On,No Defects,"Two-way, Divided, Unprotected (painted >4 feet) Median",Dry,Clear,Twelve o'clock,Passenger Car,Disabling,N,Slowing or Stopping,2015-01-11 03:27,34,39.06075,-77.09064833
5724,N,Apparently Normal,No Misuse,Y,No Injury,004b4a7a-de9f-4107-a329-3b5e4ba285d3,D,MCP2914000T,Shoulder/Lap Belt(s),M,853adcd7-7f89-4d93-9dd6-a2a776099ce1,Same Movement Angle,N,Intersection,Right Turn Lane,Dark Lights On,No Defects,"Two-way, Divided, Positive Median Barrier",Wet,Raining,Two o'clock,Passenger Car,Disabling,N,Accelerating,2015-01-23 20:27,25,39.00617061,-76.98458076
5725,N,Apparently Normal,No Misuse,N,Possible Incapacitating Injury,f5927364-3d61-4a18-b02b-a5c9d5c2ea5c,D,MCP2914000W,Shoulder/Lap Belt(s),M,890c3c65-97ed-4b85-9fe0-d5420c5ab2dc,Same Direction Rear End Left Turn,N,Intersection,Right Turn Lane,Dark Lights On,No Defects,"Two-way, Divided, Positive Median Barrier",Dry,Clear,Six o'clock,Passenger Car,Superficial,N,Stopped in Traffic Lane,2015-02-09 18:44,44,39.01114771,-76.97767138
5726,N,Apparently Normal,No Misuse,Y,No Injury,a7bc066d-7f3a-4608-9b88-095da70d2f59,D,MDTA15330005,Shoulder/Lap Belt(s),M,b920e74b-6357-4eee-a542-2a3bb910eca8,Same Direction Sideswipe,N,Non Intersection,Deceleration Lane,Dawn,No Defects,"Two-way, Divided, Positive Median Barrier",Ice,Clear,Eleven o'clock,Passenger Car,Disabling,N,Moving Constant Speed,2015-03-06 06:15,26,39.28432361,-76.53844357
5727,N,Apparently Normal,No Misuse,Y,No Injury,8a77a7df-2b7d-4b6e-b45f-dcd9d9ff24e7,D,MSP5954005F,Shoulder/Lap Belt(s),M,0668d21d-e680-4b41-b121-e33a5b482af4,Same Direction Sideswipe,N,Non Intersection,Left Turn Lane,Daylight,No Defects,"Two-way, Divided, Positive Median Barrier",Wet,Snow,Twelve o'clock,Pickup Truck,Disabling,N,Moving Constant Speed,2015-03-01 11:33,29,39.38900317,-76.43855633
5728,Y,Apparently Normal,No Misuse,N,No Injury,4fb6f2f0-2732-4478-90f7-4e1f0b935d90,D,MSP6226000C,Shoulder/Lap Belt(s),M,9273fb16-9d3c-4fdb-baaf-5c823474660c,Same Direction Sideswipe,N,Non Intersection,Left Turn Lane,Daylight,No Defects,"Two-way, Divided, Positive Median Barrier",Dry,Clear,Two o'clock,Truck Tractor,Functional,N,Moving Constant Speed,2015-02-18 11:14,35,39.03360283,-76.94323182
5729,N,Apparently Normal,No Misuse,N,No Injury,8397a63e-9d7d-4108-94e6-834f50d80016,D,MSP6307003C,Shoulder/Lap Belt(s),M,838a5aa2-268c-43c0-acbc-8ceeab7512ba,Same Movement Angle,N,Intersection,Acceleration Lane,Dark No Lights,No Defects,"Two-way, Divided, Unprotected (painted >4 feet) Median",Dry,Clear,Ten o'clock,Passenger Car,Disabling,N,Moving Constant Speed,2015-02-23 22:06,49,38.82069017,-76.84866433
5730,N,Apparently Normal,No Misuse,N,No Injury,560a991e-9a01-49f8-ac06-0773ad3269fb,D,ZH0453002K,Shoulder/Lap Belt(s),M,3f8d22aa-c227-4731-a2c9-cf5b42f12413,Angle Meets Left Turn Head On,N,Commercial Driveway,Right Turn Lane,Dark No Lights,No Defects,"Two-way, Not Divided",Dry,Clear,Twelve o'clock,Pickup Truck,Functional,N,Moving Constant Speed,2015-02-06 05:45,51,38.590455,-76.79333667
5731,N,Apparently Normal,No Misuse,Y,No Injury,6bd53d17-25d9-4ca1-bca9-a8bada67dab8,D,ZL09380008,Shoulder/Lap Belt(s),M,996c55ce-7270-4baa-84a6-939f12bbaa14,Same Direction Rear End,N,Non Intersection,Right Turn Lane,Dark No Lights,No Defects,"Two-way, Not Divided",Wet,Sleet,Twelve o'clock,Pickup Truck,Functional,N,Skidding,2015-01-23 23:10,67,39.52006508,-76.3268307
5732,N,Apparently Normal,No Misuse,Y,No Injury,1547ae08-5e18-42ff-a3eb-95e6dafe109f,D,ZR02600005,Shoulder/Lap Belt(s),M,5a1238e9-37de-4f01-946f-b20023fd22b9,Same Direction Rear End,N,Intersection Related,Right Turn Lane,Daylight,No Defects,"Two-way, Divided, Positive Median Barrier",Wet,Raining,Twelve o'clock,Passenger Car,Superficial,Y,Slowing or Stopping,2015-03-27 15:02,31,38.42749615,-76.71693921
5733,N,Apparently Normal,No Misuse,Y,Possible Incapacitating Injury,14a12ff8-d537-4055-9a0a-d4546c3328c3,D,AC1902000L,Shoulder/Lap Belt(s),M,04cf906a-3178-464c-bce7-496f9953388d,Same Movement Angle,N,Intersection,Right Turn Lane,Daylight,No Defects,"Two-way, Not Divided",Dry,Clear,Twelve o'clock,Passenger Car,Disabling,N,Slowing or Stopping,2015-01-20 09:39,39,39.13755333,-76.63326167
5734,N,Apparently Normal,No Misuse,Y,No Injury,1da73920-9b51-425e-8123-533b6356ecd3,D,ADJ6260005,Shoulder/Lap Belt(s),M,e12bdfdc-f6cb-437e-ba5b-4418840848e7,Same Direction Rear End,N,Intersection Related,Right Turn Lane,Daylight,No Defects,"Two-way, Divided, Positive Median Barrier",Dry,Clear,Twelve o'clock,"Other Light Trucks (10,000 lbs (4,536 kg))",Superficial,N,Moving Constant Speed,2015-02-07 12:50,30,39.32031334,-76.59168005
5735,N,Apparently Normal,No Misuse,Y,No Injury,a28bbcaa-3087-4aca-bb9c-d5c39ac63fa7,D,DA27280004,Shoulder/Lap Belt(s),M,3656d4f0-ce71-4a35-a0a4-8ee4d22da2b3,Same Movement Angle,N,Non Intersection,Left Turn Lane,Daylight,No Defects,"Two-way, Divided, Positive Median Barrier",Dry,Clear,Twelve o'clock,Passenger Car,Functional,N,Entering Traffic Lane,2015-02-16 12:13,44,38.88829374,-76.8334651
5736,N,Apparently Normal,No Misuse,Y,No Injury,24624600-b491-4b06-8d20-96f7a4fac9da,D,DA34220003,Shoulder/Lap Belt(s),M,158143c8-179f-4875-97c9-90540d003acd,Same Direction Rear End,N,Non Intersection,Right Turn Lane,Daylight,No Defects,"Two-way, Divided, Positive Median Barrier",Wet,Clear,Twelve o'clock,Van,Functional,N,Slowing or Stopping,2015-02-18 15:19,57,38.8308155,-76.94117188
5737,N,Apparently Normal,No Misuse,Y,No Injury,8e5db714-7fc4-4472-a657-eb244ebc9968,D,DM8439000F,Shoulder/Lap Belt(s),M,5f4c2a91-5188-4ad6-be04-34d388957319,Same Direction Rear End,N,Non Intersection,Acceleration Lane,Daylight,No Defects,"Two-way, Divided, Positive Median Barrier",Dry,Cloudy,Twelve o'clock,Passenger Car,Superficial,N,Starting From Parked,2015-01-19 09:49,36,38.98844667,-76.98742833
5738,N,Apparently Normal,No Misuse,N,No Injury,f9a39f9c-d280-4fe9-b4e8-eeab641756b1,D,AA00330004,Shoulder/Lap Belt(s),M,464f3432-6496-4c3a-b672-e83a304bf465,Single Vehicle ,N,Non Intersection,Right Turn Lane,Dark No Lights,No Defects,"Two-way, Not Divided",Snow,Snow,One o'clock,(Sport) Utility Vehicle,Superficial,N,Moving Constant Speed,2015-02-22 20:51,38,39.55256684,-76.01101398
5739,N,Apparently Normal,No Misuse,Y,No Injury,a7491aa5-c89a-4793-be8d-50146b2e6b79,D,AA0034000H,Shoulder/Lap Belt(s),M,576cc4a3-30e7-4995-aed7-f0c0e2171fc7,Single Vehicle ,N,Non Intersection,Right Turn Lane,Dark - Unknown Lighting,No Defects,"Two-way, Not Divided",Dry,Clear,Twelve o'clock,Passenger Car,Disabling,Y,Accelerating,2015-02-11 03:05,24,39.50198769,-76.17022991
5740,Y,Apparently Normal,No Misuse,Y,No Injury,573da37f-d780-42dc-be1c-04b73492332c,D,AA00400005,Shoulder/Lap Belt(s),M,bc40305c-9fd9-4489-a957-35d13f48f997,Single Vehicle ,N,Non Intersection,Right Turn Lane,Daylight,No Defects,"Two-way, Not Divided",Wet,Sleet,Twelve o'clock,Truck Tractor,Superficial,Y,Moving Constant Speed,2015-02-02 07:52,46,39.51526084,-76.18768036
5741,N,Apparently Normal,No Misuse,Y,No Injury,ddc77a44-5cbc-42df-88f7-653ad144ec2d,D,AB2696002C,Shoulder/Lap Belt(s),M,394222ed-b793-4a75-8cd6-25911d532d5c,Single Vehicle ,N,Intersection,Right Turn Lane,Daylight,No Defects,"Two-way, Not Divided",Dry,Cloudy,Eleven o'clock,Passenger Car,No Damage,N,Accelerating,2015-01-13 13:39,64,38.97756008,-76.49007797
5742,N,Apparently Normal,No Misuse,N,No Injury,364a6dfb-0835-430c-b7c3-6ed70dfe5ae1,D,AB2696002G,Shoulder/Lap Belt(s),M,1b543973-e780-4c8a-85d9-ae1374668829,Same Direction Left Turn,N,Intersection,Right Turn Lane,Daylight,No Defects,"Two-way, Divided, Positive Median Barrier",Dry,Cloudy,One o'clock,Pickup Truck,Functional,N,Moving Constant Speed,2015-01-22 16:10,63,38.97796042,-76.49368286
5743,N,Apparently Normal,No Misuse,Y,No Injury,6f925ce0-66d4-4d5f-8be2-349d43ad97de,D,AB2696002G,Shoulder/Lap Belt(s),M,aa5d5e8f-c627-4854-bc5b-e3bdb882bdd5,Same Direction Left Turn,N,Intersection,Right Turn Lane,Daylight,No Defects,"Two-way, Divided, Positive Median Barrier",Dry,Cloudy,Eleven o'clock,Passenger Car,Disabling,N,Changing Lanes,2015-01-22 16:10,41,38.97796042,-76.49368286
5744,N,Apparently Normal,No Misuse,Y,No Injury,878b1e30-2110-4241-a9f9-66dc24bdcac5,D,AB2696002W,Shoulder/Lap Belt(s),M,9f61e176-cbb7-4b7a-8e67-927351c53f0b,Single Vehicle ,N,Intersection,Left Turn Lane,Daylight,No Defects,"Two-way, Not Divided with a Continuous Left Turn Lane",Snow,Blowing Snow,Twelve o'clock,Passenger Car,Disabling,N,Slowing or Stopping,2015-02-26 09:12,36,38.97756008,-76.49299622