KEY_INDEX,CDL_FLAG,CONDITION_CODE,EQUIP_PROB_CODE,FAULT_FLAG,INJ_SEVER_CODE,PERSON_ID,PERSON_TYPE,REPORT_NO,SAF_EQUIP_CODE,SEX_CODE,VEHICLE_ID,COLLISION_TYPE_CODE,C_M_ZONE_FLAG,JUNCTION_CODE,LANE_CODE,LIGHT_CODE,RD_COND_CODE,RD_DIV_CODE,SURF_COND_CODE,WEATHER_CODE,AREA_DAMAGED_CODE_MAIN,BODY_TYPE_CODE,DAMAGE_CODE,HIT_AND_RUN_FLAG,MOVEMENT_CODE,TIME,AGE,LATITUDE,LONGITUDE
5745,N,Apparently Normal,No Misuse,N,No Injury,a4df68da-596d-4d88-a1d8-26095629494b,D,AB2696002X,Shoulder/Lap Belt(s),M,11647613-8c10-446c-861f-e4f9b84c6a79,Same Direction Rear End,N,Non Intersection,Right Turn Lane,Daylight,No Defects,"Two-way, Divided, Unprotected (painted >4 feet) Median",Snow,Snow,Six o'clock,Pickup Truck,No Damage,N,Moving Constant Speed,2015-02-26 09:28,35,38.97796042,-76.49145126
5746,N,Apparently Normal,No Misuse,Y,No Injury,88dc6340-b74b-4bd9-86bf-328f7a4d08af,D,AB2696002X,Shoulder/Lap Belt(s),M,50c026e4-5221-4bd0-adc4-806257ae8b8f,Same Direction Rear End,N,Non Intersection,Right Turn Lane,Daylight,No Defects,"Two-way, Divided, Unprotected (painted >4 feet) Median",Snow,Snow,Twelve o'clock,Passenger Car,Superficial,N,Slowing or Stopping,2015-02-26 09:28,27,38.97796042,-76.49145126
5747,N,Apparently Normal,No Misuse,N,No Injury,1ef24385-3835-48e5-8432-dcebd8f5ca16,D,AB2696002Y,Shoulder/Lap Belt(s),M,3a55d55b-a8e9-4600-a58e-98b933c8999b,Same Direction Rear End,N,Intersection,Right Turn Lane,Daylight,No Defects,"Two-way, Not Divided",Snow,Snow,Six o'clock,Passenger Car,Superficial,N,Stopped in Traffic Lane,2015-02-26 09:12,61,38.97809387,-76.49230957
5748,N,Apparently Normal,No Misuse,Y,No Injury,0fc477f9-7cd4-46f7-b8aa-4525a1ce3a8e,D,AB2696002Y,Shoulder/Lap Belt(s),M,2db24e04-ef7c-4228-ade8-8cb8d7a93307,Same Direction Rear End,N,Intersection,Right Turn Lane,Daylight,No Defects,"Two-way, Not Divided",Snow,Snow,Twelve o'clock,Pickup Truck,Functional,N,Slowing or Stopping,2015-02-26 09:12,21,38.97809387,-76.49230957
5749,N,Apparently Normal,No Misuse,Y,No Injury,6d46302e-3599-475c-985b-af06bb516f6f,D,AB2696002Z,Shoulder/Lap Belt(s),M,21a16106-50e0-4001-837e-496252ca4d40,Same Direction Rear End,N,Non Intersection,Right Turn Lane,Daylight,No Defects,"Two-way, Divided, Positive Median Barrier",Snow,Snow,Twelve o'clock,Passenger Car,Superficial,N,Slowing or Stopping,2015-02-26 08:01,28,38.97729318,-76.49213791
5750,N,Apparently Normal,No Misuse,Y,No Injury,9a3dd964-26aa-4c14-9d1f-34de2a288871,D,AB2696002Z,Shoulder/Lap Belt(s),M,7b4eeee8-3ea0-46ab-b013-a92af723ee20,Same Direction Rear End,N,Non Intersection,Right Turn Lane,Daylight,No Defects,"Two-way, Divided, Positive Median Barrier",Snow,Snow,Three o'clock,Passenger Car,Disabling,N,Slowing or Stopping,2015-02-26 08:01,28,38.97729318,-76.49213791
5751,N,Apparently Normal,No Misuse,Y,No Injury,7008ae6b-7eca-4556-9b64-002f9baef0f7,D,AB26960030,Shoulder/Lap Belt(s),M,3c80ebdc-901e-4b9c-a593-e5d8e0ae85eb,Same Direction Rear End Right Turn,N,Non Intersection,Left Turn Lane,Daylight,No Defects,"Two-way, Not Divided",Snow,Blowing Snow,Twelve o'clock,Passenger Car,Functional,N,Slowing or Stopping,2015-02-26 08:37,48,38.97836076,-76.48990631
5752,N,Apparently Normal,No Misuse,Y,No Injury,07813f68-ba8c-420b-b873-eab43c91546f,D,AB26960034,Shoulder/Lap Belt(s),M,1debdf9c-fe81-475f-8cf4-c198d3006a14,Single Vehicle ,N,Intersection,Right Turn Lane,Daylight,No Defects,"Two-way, Not Divided",Snow,Raining,Ten o'clock,Pickup Truck,Disabling,N,Slowing or Stopping,2015-03-20 10:20,54,38.98022899,-76.49711609
5753,N,Apparently Normal,No Misuse,N,No Injury,1ef61e7e-9a1d-453e-999e-540d2f149a87,D,AB30880002,Shoulder/Lap Belt(s),M,ca26f933-9482-4569-87aa-6cde42e83803,Same Direction Rear End,N,Crossover Related,Right Turn Lane,Daylight,No Defects,"Two-way, Not Divided",Dry,Clear,Six o'clock,Passenger Car,Superficial,N,Slowing or Stopping,2015-03-19 15:22,80,38.96049333,-76.49417639
5754,N,Apparently Normal,No Misuse,Y,No Injury,80e3e374-06da-4676-8c40-f1cdfe2baf9d,D,AB30880002,Shoulder/Lap Belt(s),M,40877b1b-6dcc-4ec1-970e-bc39ba993846,Same Direction Rear End,N,Crossover Related,Right Turn Lane,Daylight,No Defects,"Two-way, Not Divided",Dry,Clear,Twelve o'clock,Passenger Car,Superficial,N,Moving Constant Speed,2015-03-19 15:22,34,38.96049333,-76.49417639
5755,N,Apparently Normal,No Misuse,Y,No Injury,a627b41c-a4aa-4610-9c27-4eda7d82ac20,D,AB37840001,Shoulder/Lap Belt(s),M,099516c5-9f54-4bb0-ba32-b323933a9a4d,Same Direction Sideswipe,N,Non Intersection,Right Turn Lane,Dark Lights On,No Defects,"Two-way, Not Divided",Dry,Clear,Two o'clock,Police Vehicle/Emergency,Superficial,N,Moving Constant Speed,2015-01-05 21:16,29,38.96997815,-76.5246892
5756,N,Apparently Normal,No Misuse,N,No Injury,a480c046-ee12-45e4-b402-ab8c6033d7cb,D,AB3925000D,Shoulder/Lap Belt(s),M,de5b5455-27d6-4d35-9292-665352cd3006,Angle Meets Left Turn Head On,N,Intersection Related,Right Turn Lane,Daylight,No Defects,"Two-way, Not Divided",Dry,Clear,Ten o'clock,(Sport) Utility Vehicle,Superficial,N,Slowing or Stopping,2015-03-15 08:16,49,38.98198875,-76.48952007
5757,N,Apparently Normal,No Misuse,Y,No Injury,a2c036a9-15f9-4528-8b6c-845ea9fa68ce,D,AB43610005,Shoulder/Lap Belt(s),M,eed2916b-170e-4704-a046-0bfbe8635e52,Single Vehicle ,N,Non Intersection,Right Turn Lane,Dark Lights On,No Defects,"Two-way, Divided, Positive Median Barrier",Dry,Clear,Twelve o'clock,Passenger Car,Functional,N,Moving Constant Speed,2015-03-09 02:45,36,38.97230536,-76.52391672
5758,N,Apparently Normal,No Misuse,N,No Injury,3fc4d720-dfc0-4dee-a52c-5e2da6a17f3c,D,AB45180021,Shoulder/Lap Belt(s),M,26f8d593-95a3-4c5d-9122-574ead43b39f,Same Direction Sideswipe,N,Non Intersection,Right Turn Lane,Daylight,No Defects,"Two-way, Divided, Positive Median Barrier",Dry,Clear,Eleven o'clock,(Sport) Utility Vehicle,Superficial,N,Moving Constant Speed,2015-01-10 13:40,83,38.94854791,-76.48866713
5759,N,Apparently Normal,No Misuse,Y,No Injury,01dc645d-b11b-4ae5-a351-df7a478ff939,D,AB45180021,Shoulder/Lap Belt(s),M,aca2e9ff-67b2-4ce7-b95f-c0044d79b0a0,Same Direction Sideswipe,N,Non Intersection,Right Turn Lane,Daylight,No Defects,"Two-way, Divided, Positive Median Barrier",Dry,Clear,One o'clock,Passenger Car,Superficial,N,Moving Constant Speed,2015-01-10 13:40,28,38.94854791,-76.48866713
5760,N,Apparently Normal,No Misuse,Y,No Injury,dd3ecc5a-8c74-4fcf-95e3-673f4346136a,D,AB4518002J,Shoulder/Lap Belt(s),M,fd86c71c-43b1-420b-8e0d-d172aacb60bb,Same Direction Sideswipe,N,Non Intersection,Right Turn Lane,Daylight,No Defects,One-way Trafficway,Dry,Clear,Four o'clock,(Sport) Utility Vehicle,Superficial,N,Moving Constant Speed,2015-03-12 13:09,45,38.9794815,-76.49052188
5761,N,Apparently Normal,No Misuse,Y,No Injury,ce958687-737a-4559-a745-223e550cb188,D,AB47710002,Shoulder/Lap Belt(s),M,7c60a70e-3037-45a9-be56-d0211d0ecd8e,Same Direction Rear End,N,Non Intersection,Right Turn Lane,Dark Lights On,No Defects,One-way Trafficway,Dry,Clear,Twelve o'clock,Passenger Car,Superficial,Y,Parking  ,2015-01-13 18:18,34,38.97589821,-76.49013028
5762,N,Apparently Normal,No Misuse,N,No Injury,26449b69-9c2a-42c1-8a02-860527ebf09d,D,AB50500003,Shoulder/Lap Belt(s),M,3191acab-5805-4ee0-8a3d-f7ca4d0c4f06,Same Direction Right Turn,N,Intersection,Right Turn Lane,Dark Lights On,No Defects,"Two-way, Not Divided",Dry,Clear,Two o'clock,Passenger Car,Functional,N,Making Left Turn,2015-01-10 21:57,34,38.97745165,-76.49925649
5763,N,Apparently Normal,No Misuse,Y,No Injury,86f8a4f5-a1e7-41f5-a4e5-53058752755a,D,AB54110009,Shoulder/Lap Belt(s),M,0374b510-7b83-4375-9ca8-a37535638637,Head On Left Turn,Y,Intersection,Right Turn Lane,Dark Lights On,No Defects,"Two-way, Divided, Positive Median Barrier",Dry,Clear,Four o'clock,Passenger Car,Disabling,N,Making Left Turn,2015-03-24 23:13,59,38.96721709,-76.51681423
5764,N,Apparently Normal,No Misuse,N,No Injury,723ab954-332d-45b4-817e-03cc4db5b612,D,AC0924001C,Shoulder/Lap Belt(s),M,4fae18bf-91e9-45b8-ae4c-bdeff227c742,Same Movement Angle,N,Non Intersection,Right Turn Lane,Dark Lights On,No Defects,"Two-way, Not Divided",Dry,Clear,Twelve o'clock,Passenger Car,Disabling,N,Moving Constant Speed,2015-03-29 01:42,26,39.15923296,-76.68379784
5765,N,Had Been Drinking,No Misuse,Y,No Injury,e8dcf0b1-a4f7-4ac2-a060-acf7776e446d,D,AC0924001C,Shoulder/Lap Belt(s),M,d99fe2db-ff3a-46b3-b2da-124749efcc99,Same Movement Angle,N,Non Intersection,Right Turn Lane,Dark Lights On,No Defects,"Two-way, Not Divided",Dry,Clear,Eleven o'clock,Passenger Car,Disabling,N,Moving Constant Speed,2015-03-29 01:42,30,39.15923296,-76.68379784
5766,N,Apparently Normal,No Misuse,Y,No Injury,9319ef29-fd26-4236-879a-06846b1bc9ce,D,AC0961000D,Shoulder/Lap Belt(s),M,d832f2b1-2382-45ee-b708-a1ea75f2d48d,Single Vehicle ,N,Non Intersection,Right Turn Lane,Dark Lights On,No Defects,"Two-way, Not Divided",Wet,Raining,Twelve o'clock,Passenger Car,Disabling,N,Moving Constant Speed,2015-01-24 04:52,21,38.99789759,-76.51973248
5767,N,Apparently Normal,No Misuse,N,No Injury,47e186ce-5350-4418-a205-03d2b6c4cb66,D,AC0985000M,Shoulder/Lap Belt(s),M,c1286204-a368-4860-bed9-8b23ed881ba7,Single Vehicle ,N,Intersection,Deceleration Lane,Daylight,No Defects,"Two-way, Not Divided",Wet,Cloudy,Two o'clock,Passenger Car,Disabling,N,Moving Constant Speed,2015-01-27 09:17,42,39.162545,-76.71199833
5768,Y,Apparently Normal,No Misuse,N,No Injury,7f20dfb6-7daf-4335-95b3-972018ab2156,D,AC0993000G,Shoulder/Lap Belt(s),M,e4f409e2-3eeb-4ae0-865d-153848d62c03,Single Vehicle ,N,Non Intersection,Left Turn Lane,Dark No Lights,No Defects,"Two-way, Divided, Positive Median Barrier",Dry,Clear,Two o'clock,Van,Superficial,N,Moving Constant Speed,2015-02-07 22:17,56,39.18979061,-76.55342102
5769,N,Apparently Normal,No Misuse,N,No Injury,65b640e6-29c6-4cd0-9992-1b78b8976ae8,D,AC1028000F,Shoulder/Lap Belt(s),M,ba8d4575-db05-41ad-be39-607188320b74,Same Direction Rear End,N,Intersection Related,Right Turn Lane,Dark Lights On,No Defects,"Two-way, Not Divided",Ice,Wintry Mix,Six o'clock,(Sport) Utility Vehicle,Functional,N,Parked  ,2015-01-06 06:25,28,39.08903491,-76.70804501
5770,N,Apparently Normal,No Misuse,N,No Injury,f6fc97f9-4870-453c-ba75-95a4ce57c810,D,AC1028000Q,Shoulder/Lap Belt(s),M,b551aabf-a163-44c3-a440-3314fb2c61ac,Same Movement Angle,N,Intersection,Right Turn Lane,Daylight,No Defects,"Two-way, Not Divided",Dry,Clear,Twelve o'clock,Passenger Car,Disabling,N,Moving Constant Speed,2015-03-18 15:06,22,39.08503765,-76.65534496
5771,N,Apparently Normal,No Misuse,Y,No Injury,ca251b12-b06d-460a-bf19-a0e50480f2fe,D,AC1028000Q,Shoulder/Lap Belt(s),M,a7318fae-912f-426e-8cdb-b06f2a94c1ad,Same Movement Angle,N,Intersection,Right Turn Lane,Daylight,No Defects,"Two-way, Not Divided",Dry,Clear,One o'clock,Pickup Truck,Disabling,N,Starting From Lane,2015-03-18 15:06,74,39.08503765,-76.65534496
5772,N,Apparently Normal,No Misuse,Y,No Injury,2c4408c1-789d-44c0-982c-29f0f42d5ae0,D,AC1048000X,Shoulder/Lap Belt(s),M,0755d9f9-49b1-4c1c-a015-254db4c274d8,Same Direction Rear End,N,Non Intersection,Right Turn Lane,Daylight,No Defects,"Two-way, Not Divided",Dry,Cloudy,Twelve o'clock,(Sport) Utility Vehicle,Disabling,N,Moving Constant Speed,2015-03-27 15:48,52,39.10813787,-76.5835856
5773,N,Apparently Normal,No Misuse,N,Non-incapacitating Injury,e1e139c1-8b88-40d3-a831-6e291c4ad7e4,D,AC1048000X,Shoulder/Lap Belt(s),M,afd7b85c-8e55-4a02-b13c-7a4dd5898563,Same Direction Rear End,N,Non Intersection,Right Turn Lane,Daylight,No Defects,"Two-way, Not Divided",Dry,Cloudy,Six o'clock,(Sport) Utility Vehicle,Functional,N,Stopped in Traffic Lane,2015-03-27 15:48,38,39.10813787,-76.5835856
5774,N,Apparently Normal,No Misuse,N,No Injury,35c76ea9-bd19-4c2b-a4c6-0eb98baa1f47,D,AC1111000N,Shoulder/Lap Belt(s),M,02006b66-23ea-4b5c-9a41-e65acf1baf82,Same Direction Rear End,N,Non Intersection,Right Turn Lane,Daylight,No Defects,"Two-way, Not Divided",Wet,Clear,Six o'clock,Passenger Car,Disabling,N,Stopped in Traffic Lane,2015-01-07 15:56,48,39.11081594,-76.49898291
5775,N,Influenced by Medications and/or Drugs and/or Alcohol,No Misuse,Y,No Injury,af7d25e9-e73e-4870-bec1-72a052fd283c,D,AC1111000N,Shoulder/Lap Belt(s),M,767e6051-1ff2-4131-a67c-b3532394b97f,Same Direction Rear End,N,Non Intersection,Right Turn Lane,Daylight,No Defects,"Two-way, Not Divided",Wet,Clear,Twelve o'clock,(Sport) Utility Vehicle,Superficial,N,Moving Constant Speed,2015-01-07 15:56,52,39.11081594,-76.49898291
5776,N,Apparently Normal,No Misuse,Y,No Injury,554edbd0-6eac-43b0-b2c9-e68c1b07453d,D,AC11610008,Shoulder/Lap Belt(s),M,2fea2e42-0cba-42cd-b83a-7c7ad4c2bf1a,Same Direction Rear End Left Turn,N,Intersection,Right Turn Lane,Dark Lights On,No Defects,"Two-way, Divided, Unprotected (painted >4 feet) Median",Dry,Clear,Twelve o'clock,Passenger Car,Functional,N,Moving Constant Speed,2015-01-28 18:20,68,39.15733619,-76.62247181
5777,N,Apparently Normal,No Misuse,N,Possible Incapacitating Injury,3361a074-077b-40cd-804d-43dc783fe0e7,D,AC11610008,Shoulder/Lap Belt(s),M,cd85a386-54b7-4ee4-8f3d-04a02d226d46,Same Direction Rear End Left Turn,N,Intersection,Right Turn Lane,Dark Lights On,No Defects,"Two-way, Divided, Unprotected (painted >4 feet) Median",Dry,Clear,Six o'clock,(Sport) Utility Vehicle,Superficial,N,Stopped in Traffic Lane,2015-01-28 18:20,55,39.15733619,-76.62247181
5778,N,Apparently Normal,No Misuse,N,No Injury,8cc06899-95b1-4345-8176-da7cda58f893,D,AC12220023,Shoulder/Lap Belt(s),M,31a65ec0-2eea-4070-ac31-31091f33a3c6,Same Direction Rear End,N,Intersection Related,Acceleration Lane,Daylight,No Defects,"Two-way, Divided, Positive Median Barrier",Dry,Clear,Six o'clock,Passenger Car,Superficial,N,Stopped in Traffic Lane,2015-03-18 16:25,18,39.04111961,-76.67261839
5779,N,Apparently Normal,No Misuse,Y,No Injury,194bb708-398f-4d57-a6c3-1afb67ec0450,D,AC1274000M,Shoulder/Lap Belt(s),M,9f49eea4-a4b2-441c-a841-092a5b3f9f9e,Single Vehicle ,N,Non Intersection,Left Turn Lane,Dark No Lights,No Defects,"Two-way, Divided, Positive Median Barrier",Ice,Wintry Mix,Eleven o'clock,Van,Disabling,N,Skidding,2015-01-26 18:15,26,39.14780167,-76.69819167
5780,Y,Apparently Normal,No Misuse,N,No Injury,d8c41512-85e4-4e7d-9161-ddffc9908adf,D,AC1324000L,Shoulder/Lap Belt(s),M,c79856ca-b001-4681-87ef-36982879b8e4,Single Vehicle ,N,Non Intersection,Right Turn Lane,Dark No Lights,No Defects,"Two-way, Not Divided",Dry,Clear,Roof Top,"Cargo Van/Light Truck 2 axles (10,000 lbs (4,536 kg) or less)",Superficial,N,Moving Constant Speed,2015-02-18 05:46,57,38.85008667,-76.55744
5781,N,Apparently Normal,No Misuse,Y,No Injury,15fbc806-0669-4d9c-87a1-d4b223e93331,D,AC1333000D,Shoulder/Lap Belt(s),M,9eddfee2-0862-48c5-ab53-6c665419ec2d,Single Vehicle ,N,Intersection,Right Turn Lane,Dark Lights On,No Defects,"Two-way, Not Divided",Wet,Clear,Twelve o'clock,Passenger Car,Functional,N,Moving Constant Speed,2015-02-21 03:39,22,39.03798298,-76.51430662
5782,N,Apparently Normal,No Misuse,Y,No Injury,ebd030ae-0b4d-4b86-b997-bfde01e3a505,D,AC13380016,Shoulder/Lap Belt(s),M,673ad4b0-a243-4dfb-afe3-7846c458a265,Single Vehicle ,N,Non Intersection,Right Turn Lane,Dusk,No Defects,"Two-way, Not Divided",Snow,Snow,Twelve o'clock,Station Wagon,Disabling,N,Moving Constant Speed,2015-03-05 17:15,37,38.97618572,-76.66864075
5783,N,Apparently Normal,No Misuse,N,No Injury,723befef-5e63-4a05-a9b6-a8ba2d705419,D,AC1353000B,Shoulder/Lap Belt(s),M,28bde0ee-8374-4b56-ad1d-7980e00ba7d0,Head On Left Turn,N,Intersection,Left Turn Lane,Dark Lights On,No Defects,"Two-way, Divided, Unprotected (painted >4 feet) Median",Wet,Cloudy,Ten o'clock,Passenger Car,Disabling,N,Moving Constant Speed,2015-01-21 06:42,80,38.96192823,-76.65654659
5784,N,Apparently Normal,No Misuse,Y,No Injury,9f158d6d-db78-486e-a210-0cfef0d927cb,D,AC1353000B,Shoulder/Lap Belt(s),M,b694f174-fbc4-4f2a-8e23-7cbd9cd0de32,Head On Left Turn,N,Intersection,Left Turn Lane,Dark Lights On,No Defects,"Two-way, Divided, Unprotected (painted >4 feet) Median",Wet,Cloudy,Twelve o'clock,(Sport) Utility Vehicle,Disabling,N,Making Left Turn,2015-01-21 06:42,56,38.96192823,-76.65654659
5785,N,Apparently Normal,No Misuse,N,No Injury,cf0b4110-6412-42e6-9f28-08316f3b3edb,D,AC13600009,Shoulder/Lap Belt(s),M,b82daa89-c2b8-43dc-8dc1-d871ae5cb9ed,Single Vehicle ,N,Non Intersection,Right Turn Lane,Dark No Lights,No Defects,"Two-way, Not Divided",Dry,Clear,Twelve o'clock,Police Vehicle/Non Emergency,Functional,N,Moving Constant Speed,2015-01-03 02:26,48,38.8937718,-76.50123596
5786,N,Apparently Normal,No Misuse,N,No Injury,9604392b-6888-40ef-a619-2d69b665c961,D,AC13640012,Shoulder/Lap Belt(s),M,7c06f830-5b55-44bf-ab81-8079064dc502,Same Direction Sideswipe,N,Non Intersection,Left Turn Lane,Dark No Lights,No Defects,"Two-way, Not Divided",Dry,Cloudy,Five o'clock,Pickup Truck,Functional,N,Changing Lanes,2015-01-08 21:39,45,39.0922492,-76.61494017
5787,N,Apparently Normal,No Misuse,Y,No Injury,e5f1401b-0cbb-4e81-b3a4-f0bfa1cea521,D,AC13640012,Shoulder/Lap Belt(s),M,f55aeea7-f53c-4f37-909f-a286c5117d5b,Same Direction Sideswipe,N,Non Intersection,Left Turn Lane,Dark No Lights,No Defects,"Two-way, Not Divided",Dry,Cloudy,Eleven o'clock,Passenger Car,Disabling,N,Moving Constant Speed,2015-01-08 21:39,24,39.0922492,-76.61494017
5788,N,Apparently Normal,No Misuse,N,No Injury,2551c3b8-9313-4446-a3aa-450d205388c6,D,AC13640017,Shoulder/Lap Belt(s),M,9e81283d-ce38-4b62-958f-a2b64bfeef9d,Same Movement Angle,N,Non Intersection,Right Turn Lane,Dark No Lights,No Defects,"Two-way, Not Divided",Dry,Clear,Twelve o'clock,Passenger Car,Disabling,N,Moving Constant Speed,2015-02-26 19:30,54,39.11686652,-76.63399652
5789,N,Apparently Normal,No Misuse,Y,No Injury,670affdf-e09f-4e8d-a9cd-0d5b09cace62,D,AC13640017,Shoulder/Lap Belt(s),M,6661f407-fbd5-4b12-9832-267ebb2a698a,Same Movement Angle,N,Non Intersection,Right Turn Lane,Dark No Lights,No Defects,"Two-way, Not Divided",Dry,Clear,Nine o'clock,Pickup Truck,Disabling,N,Entering Traffic Lane,2015-02-26 19:30,35,39.11686652,-76.63399652
5790,N,Apparently Normal,No Misuse,N,No Injury,b2a04d16-9872-4b70-b13b-0eff5c383136,D,AC1364001C,Shoulder/Lap Belt(s),M,f5c20c06-a0c9-4266-9d3e-6b34495d9821,Same Direction Rear End,N,Non Intersection,Right Turn Lane,Daylight,No Defects,"Two-way, Not Divided",Wet,Cloudy,Six o'clock,Passenger Car,Disabling,N,Stopped in Traffic Lane,2015-03-11 07:42,29,39.11780942,-76.62061085
5791,N,Apparently Normal,No Misuse,Y,No Injury,d3c3fec5-30cd-4ed9-a392-b4600c9c8b78,D,AC1364001C,Shoulder/Lap Belt(s),M,6f33688a-d975-466f-aad3-6fc241711772,Same Direction Rear End,N,Non Intersection,Right Turn Lane,Daylight,No Defects,"Two-way, Not Divided",Wet,Cloudy,Twelve o'clock,Passenger Car,Disabling,N,Moving Constant Speed,2015-03-11 07:42,57,39.11780942,-76.62061085
5792,N,Apparently Normal,No Misuse,Y,No Injury,0dfb9ce7-37c3-4a44-9e0d-40fcf4cfbcc7,D,AC13730018,Shoulder/Lap Belt(s),M,3689e3ad-3d13-4450-bc03-5e57097e97ea,Single Vehicle ,N,Non Intersection,Right Turn Lane,Daylight,No Defects,"Two-way, Not Divided",Snow,Snow,Twelve o'clock,Passenger Car,Disabling,Y,Skidding,2015-01-21 16:51,20,39.09132073,-76.47547066
5793,N,Apparently Normal,No Misuse,N,No Injury,ad86d8ca-ddc8-4fe4-b159-221212939a56,D,AC1373001F,Shoulder/Lap Belt(s),M,a179cbdb-37ff-4f21-8498-4c1a2b99be6c,Same Movement Angle,N,Intersection,Right Turn Lane,Daylight,No Defects,"Two-way, Not Divided",Snow,Snow,Twelve o'clock,(Sport) Utility Vehicle,Functional,N,Moving Constant Speed,2015-02-21 13:38,46,39.13656815,-76.5424937
5794,N,Apparently Normal,No Misuse,Y,No Injury,eba96778-8caf-48a0-9233-147abc338902,D,AC1373001F,Shoulder/Lap Belt(s),M,4d66b1df-a594-422b-9473-9708d33734f6,Same Movement Angle,N,Intersection,Right Turn Lane,Daylight,No Defects,"Two-way, Not Divided",Snow,Snow,Twelve o'clock,Passenger Car,Disabling,N,Skidding,2015-02-21 13:38,19,39.13656815,-76.5424937
5795,N,Apparently Normal,No Misuse,N,No Injury,05d543e6-a668-419e-a88c-059e03410101,D,AC1386000T,Shoulder/Lap Belt(s),M,4ffa0188-8533-40a4-a187-9259811fc052,Same Movement Angle,N,Commercial Driveway,Right Turn Lane,Dark Lights On,No Defects,"Two-way, Divided, Unprotected (painted >4 feet) Median",Dry,Clear,Twelve o'clock,Pickup Truck,Disabling,N,Moving Constant Speed,2015-02-19 17:47,22,39.11153833,-76.49968833
5796,N,Apparently Normal,No Misuse,Y,No Injury,2a7f268a-d0a2-4617-b126-cc998be1ac2f,D,AC1386000T,Shoulder/Lap Belt(s),M,a32e6a5d-7bf8-4bbb-b262-bea0ed9fdad0,Same Movement Angle,N,Commercial Driveway,Right Turn Lane,Dark Lights On,No Defects,"Two-way, Divided, Unprotected (painted >4 feet) Median",Dry,Clear,Eleven o'clock,Pickup Truck,Disabling,N,Making Left Turn,2015-02-19 17:47,27,39.11153833,-76.49968833
5797,N,Apparently Normal,No Misuse,Y,No Injury,305e83c4-4af2-4d00-9c9e-e817148241bb,D,AC1408000T,Shoulder/Lap Belt(s),M,57f6304a-98ae-4311-a436-1f5e1b8c6de9,Single Vehicle ,N,Non Intersection,Right Turn Lane,Daylight,No Defects,One-way Trafficway,Wet,Raining,Twelve o'clock,(Sport) Utility Vehicle,Disabling,N,Moving Constant Speed,2015-01-04 13:10,19,39.01419882,-76.49372578
5798,N,Apparently Normal,No Misuse,Y,No Injury,a49e0ba3-625b-410a-9114-f6b0a7e8cbb5,D,AC1426001K,Shoulder/Lap Belt(s),M,198e6db6-67d6-44bd-9ba1-0ddcc846ef0b,Single Vehicle ,N,Non Intersection,Right Turn Lane,Dark Lights On,No Defects,"Two-way, Divided, Positive Median Barrier",Dry,Cloudy,Twelve o'clock,(Sport) Utility Vehicle,Superficial,N,Moving Constant Speed,2015-03-16 21:10,54,39.06877984,-76.53786421
5799,N,Apparently Normal,No Misuse,N,No Injury,67155f6f-e9eb-4dc6-9e49-6228caf62f9f,D,AC1427000C,Shoulder/Lap Belt(s),M,ee4c881e-3424-4a7e-aed0-96216fd04bac,Single Vehicle ,N,Intersection,Right Turn Lane,Dawn,No Defects,"Two-way, Not Divided",Dry,Clear,Two o'clock,Passenger Car,Superficial,N,Moving Constant Speed,2015-03-09 06:41,51,39.14217885,-76.62293923
5800,N,Apparently Normal,No Misuse,N,No Injury,b4c47adc-b5fe-4bda-bdcc-0244c75a02e7,D,AC1495000H,Shoulder/Lap Belt(s),M,d4e11c8e-1955-4a6f-bef1-feaead630d83,Same Movement Angle,N,Intersection,Right Turn Lane,Daylight,No Defects,"Two-way, Divided, Unprotected (painted >4 feet) Median",Dry,Clear,Twelve o'clock,Passenger Car,Disabling,N,Slowing or Stopping,2015-01-30 09:46,24,39.15239435,-76.63152695
5801,N,Apparently Normal,No Misuse,Y,No Injury,1440315f-c43d-421e-8845-72436d4ed950,D,AC1495000H,Shoulder/Lap Belt(s),M,38f615c0-c59d-416a-b268-84be325e7265,Same Movement Angle,N,Intersection,Right Turn Lane,Daylight,No Defects,"Two-way, Divided, Unprotected (painted >4 feet) Median",Dry,Clear,Nine o'clock,Passenger Car,Functional,N,Accelerating,2015-01-30 09:46,68,39.15239435,-76.63152695
5802,Y,Apparently Normal,No Misuse,N,No Injury,2e61c013-521e-4605-b48f-a4d2b41121f5,D,AC1502000C,Shoulder/Lap Belt(s),M,2fe370a7-9822-43c9-96fd-4b22631348d2,Same Movement Angle,N,Intersection,Right Turn Lane,Dark Lights On,No Defects,"Two-way, Not Divided",Dry,Clear,Twelve o'clock,(Sport) Utility Vehicle,Superficial,N,Moving Constant Speed,2015-02-13 20:37,60,39.16112969,-76.61770821
5803,N,Apparently Normal,No Misuse,Y,No Injury,9e108e22-d730-4ea0-92b7-beaab3b52c0c,D,AC1502000D,Shoulder/Lap Belt(s),M,6a72fdcf-f612-40c5-a0da-6b6aee2dde33,Same Direction Rear End,N,Commercial Driveway,Right Turn Lane,Daylight,No Defects,"Two-way, Not Divided",Dry,Clear,Twelve o'clock,Pickup Truck,Superficial,N,Slowing or Stopping,2015-02-18 08:28,20,39.15848537,-76.6101486
5804,N,Apparently Normal,No Misuse,Y,No Injury,1d4379d2-b633-43cb-b217-ce73e0c54fa8,D,AC1526000M,Shoulder/Lap Belt(s),M,649b5ab0-dd47-4c9e-8ead-dfed34b09e08,Single Vehicle ,N,Non Intersection,Right Turn Lane,Dark No Lights,No Defects,"Two-way, Divided, Positive Median Barrier",Dry,Clear,Twelve o'clock,Passenger Car,Destroyed,N,Moving Constant Speed,2015-03-29 05:25,29,39.05201837,-76.65962577