KEY_INDEX,CDL_FLAG,CONDITION_CODE,EQUIP_PROB_CODE,FAULT_FLAG,INJ_SEVER_CODE,PERSON_ID,PERSON_TYPE,REPORT_NO,SAF_EQUIP_CODE,SEX_CODE,VEHICLE_ID,COLLISION_TYPE_CODE,C_M_ZONE_FLAG,JUNCTION_CODE,LANE_CODE,LIGHT_CODE,RD_COND_CODE,RD_DIV_CODE,SURF_COND_CODE,WEATHER_CODE,AREA_DAMAGED_CODE_MAIN,BODY_TYPE_CODE,DAMAGE_CODE,HIT_AND_RUN_FLAG,MOVEMENT_CODE,TIME,AGE,LATITUDE,LONGITUDE
5805,N,Apparently Normal,No Misuse,Y,No Injury,1c8af10d-ec58-4faf-8441-2dc264e15752,D,AC15290002,Shoulder/Lap Belt(s),M,09c688e4-6a28-49f9-8247-4cb66f6222ce,Single Vehicle ,N,Non Intersection,Right Turn Lane,Daylight,Loose Surface Material,"Two-way, Not Divided",Ice,Clear,Twelve o'clock,Passenger Car,Disabling,N,Skidding,2015-03-06 15:26,34,39.10457206,-76.65397167
5806,N,Apparently Normal,No Misuse,Y,No Injury,0eb6d00a-807f-4034-971d-0ce58c8bf797,D,AC1532000B,Shoulder/Lap Belt(s),M,b8f590cf-fea4-4c82-ab67-a1dabe64f6e5,Single Vehicle ,N,Non Intersection,Right Turn Lane,Daylight,No Defects,"Two-way, Not Divided",Snow,Snow,Twelve o'clock,Van,Disabling,N,Skidding,2015-01-21 14:47,40,38.95445308,-76.47411346
5807,N,Apparently Normal,No Misuse,Y,No Injury,b2413c6a-0ce2-4e65-b6d1-8bbe88406032,D,AC15370009,Shoulder/Lap Belt(s),M,157d3264-cdc1-4166-96b6-ee768af27894,Single Vehicle ,N,Non Intersection,Right Turn Lane,Daylight,Foreign Material,"Two-way, Divided, Positive Median Barrier",Ice,Clear,Twelve o'clock,Passenger Car,Disabling,N,Moving Constant Speed,2015-02-15 07:20,41,39.15804493,-76.7214072
5808,N,Apparently Normal,No Misuse,Y,No Injury,b7c0199f-29f0-4ff0-aa35-65b01f259438,D,AC1552000X,Shoulder/Lap Belt(s),M,b7cc42db-98b5-49dd-9c72-da37234289a3,Single Vehicle ,N,Intersection,Right Turn Lane,Daylight,No Defects,"Two-way, Not Divided",Dry,Clear,Twelve o'clock,Passenger Car,Disabling,N,Making Right Turn,2015-03-19 12:53,20,39.08907654,-76.60859406
5809,N,Apparently Normal,No Misuse,Y,No Injury,a5e3a89a-a4f8-4603-863c-13c3af424621,D,AC1563000C,Shoulder/Lap Belt(s),M,f21276ef-cce3-42d5-9bfb-5cb6c8ca2697,Same Movement Angle,N,Commercial Driveway,Right Turn Lane,Dark No Lights,No Defects,"Two-way, Not Divided",Dry,Clear,One o'clock,Passenger Car,Functional,N,Making Right Turn,2015-03-26 19:44,71,39.09136833,-76.77734333
5810,N,Apparently Normal,No Misuse,N,No Injury,31072a88-d6ed-49b5-aa1b-e8465c706492,D,AC1563000D,Shoulder/Lap Belt(s),M,7599dc60-95ad-4f7a-b583-6b65e9fde48e,Head On,N,Non Intersection,Right Turn Lane,Daylight,No Defects,"Two-way, Not Divided",Dry,Clear,Twelve o'clock,Passenger Car,Disabling,N,Stopped in Traffic Lane,2015-03-31 14:54,25,39.09454333,-76.79049
5811,N,Apparently Normal,No Misuse,N,No Injury,e9b99bab-984f-4821-9aa5-0d27d84a05b6,D,AC1564000C,Shoulder/Lap Belt(s),M,d269fe73-5b4b-437d-9dfc-febce3bba491,Same Direction Rear End Right Turn,N,Intersection Related,Left Turn Lane,Dawn,No Defects,"Two-way, Divided, Unprotected (painted >4 feet) Median",Dry,Cloudy,Six o'clock,Passenger Car,Superficial,N,Making Right Turn,2015-03-26 06:04,32,38.99680338,-76.52576355
5812,N,Apparently Normal,No Misuse,Y,No Injury,dd7d765b-c433-455b-87be-6632cee439ab,D,AC1571000F,Shoulder/Lap Belt(s),M,dcc8c01d-b5cc-4341-a5c4-3bd81cd98f00,Single Vehicle ,N,Non Intersection,Right Turn Lane,Daylight,No Defects,"Two-way, Not Divided",Dry,Clear,Roof Top,Passenger Car,Disabling,N,Moving Constant Speed,2015-01-25 10:38,17,38.91733265,-76.59208775
5813,N,Apparently Normal,No Misuse,N,No Injury,cfc7fd2e-2141-4592-b37e-e4ab1f7cc970,D,AC1596000K,Shoulder/Lap Belt(s),M,752af003-a8a3-4038-82f8-13e8c3a0c534,Single Vehicle ,N,Non Intersection,Right Turn Lane,Dawn,No Defects,"Two-way, Divided, Unprotected (painted >4 feet) Median",Snow,Snow,Eleven o'clock,Passenger Car,Functional,N,Moving Constant Speed,2015-01-06 07:06,48,39.11580657,-76.67775147
5814,N,Apparently Normal,No Misuse,Y,No Injury,c923d9dd-dfff-44a0-9dc5-7a77dc64f01d,D,AC1596000M,Shoulder/Lap Belt(s),M,f5ce9dbe-87f8-470f-b0f5-97b4c209f02d,Single Vehicle ,N,Non Intersection,Right Turn Lane,Daylight,No Defects,"Two-way, Divided, Positive Median Barrier",Snow,Snow,Twelve o'clock,(Sport) Utility Vehicle,Superficial,N,Moving Constant Speed,2015-01-06 10:44,45,39.11422853,-76.6343965
5815,N,Apparently Normal,No Misuse,Y,No Injury,855e4e4c-c4b1-4348-bfeb-9d6ecc65d8dc,D,AC1607000V,Shoulder/Lap Belt(s),M,1c1a0b80-55fe-4f65-acdb-7553542e7ce7,Single Vehicle ,N,Non Intersection,Right Turn Lane,Daylight,No Defects,One-way Trafficway,Wet,Raining,Six o'clock,Passenger Car,Disabling,N,Moving Constant Speed,2015-01-04 08:49,20,39.09815012,-76.76777733
5816,N,Apparently Normal,No Misuse,N,No Injury,d95d529e-9f49-4a3b-8a68-ae67f629dd97,D,AC1639000C,Shoulder/Lap Belt(s),M,f51cb423-17f2-40c3-8bac-447604c9b823,Single Vehicle ,N,Non Intersection,Left Turn Lane,Dark Lights On,No Defects,"Two-way, Divided, Positive Median Barrier",Ice,Sleet,One o'clock,Passenger Car,Disabling,N,Slowing or Stopping,2015-01-29 18:00,28,39.15053067,-76.73576832
5817,N,Apparently Normal,No Misuse,N,No Injury,93eb8a69-949d-49c9-8b16-d243c0daa64b,D,AC1641000W,Shoulder/Lap Belt(s),M,22f0f223-57d7-4fd1-b5f9-2cf3db3fc795,Single Vehicle ,N,Non Intersection,Right Turn Lane,Daylight,No Defects,"Two-way, Not Divided",Ice,Clear,One o'clock,Police Vehicle/Non Emergency,Functional,N,Moving Constant Speed,2015-01-20 08:20,41,38.98786821,-76.62436008
5818,N,Apparently Normal,No Misuse,Y,No Injury,06d6a0e3-f09a-497f-aebf-ae1f53a6f34e,D,AC1643000D,Shoulder/Lap Belt(s),M,ae57f7e8-f33a-4d13-ad7c-8ada8e90c9ff,Single Vehicle ,N,Non Intersection,Right Turn Lane,Daylight,No Defects,"Two-way, Not Divided",Ice,Severe Winds,Twelve o'clock,Pickup Truck,Functional,N,Moving Constant Speed,2015-02-15 11:41,76,39.01672464,-76.55304551
5819,N,Apparently Normal,No Misuse,N,No Injury,5b8758f9-6cf8-4738-bc52-7d0332223222,D,AC16560013,Shoulder/Lap Belt(s),M,fb88f6fa-fa2c-4eba-9830-008a53f2c69f,Same Direction Rear End,N,Intersection,Left Turn Lane,Dark Lights On,No Defects,"Two-way, Divided, Positive Median Barrier",Dry,Clear,Six o'clock,Passenger Car,Functional,N,Starting From Lane,2015-01-02 22:02,48,39.19388169,-76.60886765
5820,N,Had Been Drinking,No Misuse,Y,No Injury,cdb5a2f7-eab4-4ee5-bc27-a7a6b2e03f17,D,AC16560013,Shoulder/Lap Belt(s),M,3b9253a5-da87-47e0-8fbf-047901fcde3b,Same Direction Rear End,N,Intersection,Left Turn Lane,Dark Lights On,No Defects,"Two-way, Divided, Positive Median Barrier",Dry,Clear,Twelve o'clock,Passenger Car,Disabling,N,Moving Constant Speed,2015-01-02 22:02,50,39.19388169,-76.60886765
5821,N,Apparently Normal,No Misuse,Y,No Injury,a757b2f2-3930-4776-8305-3c7a606b21cc,D,AC1667000C,Shoulder/Lap Belt(s),M,64501e3d-6ab0-4704-916f-4af1be511735,Single Vehicle ,N,Non Intersection,Right Turn Lane,Daylight,No Defects,One-way Trafficway,Wet,Raining,Twelve o'clock,Passenger Car,Disabling,N,Accelerating,2015-01-04 09:16,24,39.11433173,-76.77784428
5822,Y,Apparently Normal,No Misuse,Y,No Injury,69058c2b-d7b4-4e7a-9745-f4c21f9c5626,D,AC1667000F,Shoulder/Lap Belt(s),M,f1f603e1-5307-4b2f-b63a-c2ceeaec67be,Single Vehicle ,N,Non Intersection,Right Turn Lane,Dusk,No Defects,"Two-way, Not Divided",Ice,Wintry Mix,One o'clock,"Medium/Heavy Truck 2 axles (10,000 lbs (4,536 kg) or less)",Disabling,N,Moving Constant Speed,2015-02-10 06:42,25,39.16863289,-76.75387859
5823,N,Apparently Normal,No Misuse,Y,No Injury,ff52a9db-0989-4a2d-aea7-7a9a5733f2b1,D,AC1667000H,Shoulder/Lap Belt(s),M,a8258724-b115-46a8-b12f-bec98ed16600,Same Direction Rear End,N,Non Intersection,Right Turn Lane,Dusk,No Defects,"Two-way, Divided, Positive Median Barrier",Dry,Clear,Twelve o'clock,Passenger Car,Disabling,N,Slowing or Stopping,2015-02-18 17:30,30,39.10702192,-76.7738042
5824,N,Apparently Normal,No Misuse,N,No Injury,db07e50b-0c68-4ab6-b09b-d3d59588279e,D,AC1668000H,Shoulder/Lap Belt(s),M,a9b2ee70-3462-409d-a403-235a008a8820,Same Direction Rear End,N,Non Intersection,Right Turn Lane,Dark - Unknown Lighting,No Defects,"Two-way, Not Divided",Dry,Clear,Six o'clock,Passenger Car,Functional,N,Slowing or Stopping,2015-01-09 17:30,21,39.14628937,-76.72642082
5825,N,Apparently Normal,No Misuse,N,No Injury,972f5e9c-eaba-4ba2-bc1e-846f15de23b0,D,AC1668000P,Shoulder/Lap Belt(s),M,de8f6aac-934b-472a-9724-f64d44dcd7bb,Same Direction Right Turn,N,Non Intersection,Left Turn Lane,Daylight,No Defects,"Two-way, Not Divided",Dry,Clear,Seven o'clock,Pickup Truck,Superficial,N,Moving Constant Speed,2015-02-27 15:06,61,39.14079548,-76.75675392
5826,N,Apparently Normal,No Misuse,Y,No Injury,8654b68c-c287-4d4a-9e33-f0bd0bcb0a71,D,AC1669000B,Shoulder/Lap Belt(s),M,c148de6a-1bf7-47e9-b72d-57552128e357,Single Vehicle ,N,Non Intersection,Right Turn Lane,Dark No Lights,No Defects,"Two-way, Not Divided",Wet,Raining,Twelve o'clock,Passenger Car,Disabling,N,Moving Constant Speed,2015-03-14 01:56,37,38.93178833,-76.47432
5827,N,Apparently Normal,No Misuse,Y,No Injury,d50fc658-6944-48b7-b62c-ba1a5431eed5,D,AC1697000G,Shoulder/Lap Belt(s),M,b3369c07-56bc-4ae6-a5a0-309c9eeed14b,Single Vehicle ,N,Non Intersection,Right Turn Lane,Dark Lights On,No Defects,"Two-way, Not Divided",Snow,Snow,Underside,Passenger Car,Disabling,N,Skidding,2015-02-16 22:00,49,39.07762305,-76.6744562
5828,N,Apparently Normal,No Misuse,N,No Injury,6723de14-f74a-46b6-8762-15b9d22f4b06,D,AC1697000H,Shoulder/Lap Belt(s),M,9cadd213-2d85-41d8-bed5-8ba3a910d73d,Same Direction Sideswipe,N,Non Intersection,Left Turn Lane,Dark Lights On,No Defects,"Two-way, Divided, Positive Median Barrier",Slush,Snow,Seven o'clock,Passenger Car,Disabling,N,Moving Constant Speed,2015-02-16 20:08,54,39.07026493,-76.65326217
5829,N,Apparently Normal,No Misuse,Y,No Injury,6d2215f5-b1dd-4af9-861a-1556bb680a36,D,AC1701000W,Shoulder/Lap Belt(s),M,9f895de3-5a97-4a63-b90e-8c8914b46553,Single Vehicle ,N,Non Intersection,Left Turn Lane,Dark Lights On,No Defects,"Two-way, Not Divided",Snow,Snow,One o'clock,Police Vehicle/Non Emergency,Superficial,N,Moving Constant Speed,2015-02-14 21:26,24,39.1737732,-76.6342628
5830,N,Apparently Normal,No Misuse,Y,No Injury,20813c4b-3334-4629-9da2-693259d0ee0d,D,AC17360011,Shoulder/Lap Belt(s),M,f2c57ca7-0402-42c7-b505-0c8eed075ab0,Single Vehicle ,N,Intersection Related,Left Turn Lane,Daylight,No Defects,"Two-way, Divided, Unprotected (painted >4 feet) Median",Wet,Snow,Twelve o'clock,Passenger Car,Disabling,N,Making Right Turn,2015-03-20 10:38,23,39.02316288,-76.6925939
5831,N,Apparently Normal,No Misuse,N,No Injury,eefe11e6-21d6-49e6-b70f-848ea32f7709,D,AC17480008,Shoulder/Lap Belt(s),M,e35bbe2f-7105-4a5e-a7f7-fb9c61e019d6,Head On Left Turn,N,Intersection Related,Right Turn Lane,Dawn,No Defects,"Two-way, Not Divided",Wet,Cloudy,Twelve o'clock,Pickup Truck,Disabling,N,Moving Constant Speed,2015-02-10 06:41,29,39.12224496,-76.54801369
5832,N,Apparently Normal,No Misuse,Y,No Injury,c0a00e95-061f-45b7-976e-a8d59b73bfeb,D,AC17480008,Shoulder/Lap Belt(s),M,2f43be3c-4911-4c0a-936c-56910718763b,Head On Left Turn,N,Intersection Related,Right Turn Lane,Dawn,No Defects,"Two-way, Not Divided",Wet,Cloudy,Twelve o'clock,Pickup Truck,Disabling,N,Making Left Turn,2015-02-10 06:41,51,39.12224496,-76.54801369
5833,N,Apparently Normal,No Misuse,Y,No Injury,d72e0fec-a516-4181-9cb2-9f2b638b93f7,D,AC17790006,Shoulder/Lap Belt(s),M,0f4ae580-cca8-40b4-9e84-06cec3ed368b,Single Vehicle ,N,Non Intersection,Left Turn Lane,Dusk,No Defects,One-way Trafficway,Dry,Clear,Twelve o'clock,Passenger Car,Disabling,N,Moving Constant Speed,2015-03-07 06:26,30,39.20240892,-76.60070957
5834,N,Apparently Normal,No Misuse,Y,No Injury,70c6d43b-ab5a-43b4-94d6-c7b528bf15b6,D,AC1786000N,Shoulder/Lap Belt(s),M,285528dc-367e-4ffc-b14d-62c5484c3c8c,Single Vehicle ,N,Non Intersection,Right Turn Lane,Dark No Lights,No Defects,"Two-way, Not Divided",Dry,Clear,Two o'clock,Fire Vehicle/Emergency,Superficial,N,Moving Constant Speed,2015-01-16 21:15,29,39.04595677,-76.57951891
5835,N,Apparently Normal,No Misuse,Y,Possible Incapacitating Injury,55a7e989-a11a-4399-99ff-8d12976ee87c,D,AC1800000F,Shoulder/Lap Belt(s),M,3b26d2cb-99ca-472e-a006-4448c5b2a878,Same Direction Rear End,N,Intersection Related,Right Turn Lane,Daylight,No Defects,"Two-way, Not Divided",Wet,Cloudy,Twelve o'clock,Passenger Car,Disabling,N,Slowing or Stopping,2015-01-14 09:06,32,38.82934452,-76.61566973
5836,N,Apparently Normal,No Misuse,Y,No Injury,a82a0294-07c1-47c7-bc10-ac16fac24694,D,AC1807000H,Shoulder/Lap Belt(s),M,56b890b6-f71b-4588-ada7-37119f8291ba,Single Vehicle ,N,Intersection,Right Turn Lane,Daylight,No Defects,"Two-way, Divided, Positive Median Barrier",Dry,Clear,Twelve o'clock,Passenger Car,Superficial,Y,Accelerating,2015-01-17 10:56,23,39.17754918,-76.54264927
5837,N,Apparently Normal,No Misuse,N,No Injury,beee2a7b-4f4b-4437-8a35-a3b0ecbe8e0d,D,AC1816000R,Shoulder/Lap Belt(s),M,f109e455-de61-4b58-b651-ffe8263263bc,Opposite Direction Sideswipe,N,Intersection Related,Right Turn Lane,Dark Lights On,No Defects,"Two-way, Not Divided",Snow,Snow,Nine o'clock,"Cargo Van/Light Truck 2 axles (10,000 lbs (4,536 kg) or less)",Functional,N,Slowing or Stopping,2015-02-14 18:10,48,39.11780842,-76.62702084
5838,N,Apparently Normal,No Misuse,Y,No Injury,661797cc-71fa-4ee1-9174-2fa304dfaeb9,D,AC1816000R,Shoulder/Lap Belt(s),M,05349ee3-2bac-4ed0-abfc-4ef059439fde,Opposite Direction Sideswipe,N,Intersection Related,Right Turn Lane,Dark Lights On,No Defects,"Two-way, Not Divided",Snow,Snow,Twelve o'clock,Passenger Car,Superficial,N,Moving Constant Speed,2015-02-14 18:10,18,39.11780842,-76.62702084
5839,N,Apparently Normal,No Misuse,Y,No Injury,1dcb85ec-012a-4da3-b2f9-98902db66cac,D,AC18580009,Shoulder/Lap Belt(s),M,98263861-de8d-49ae-a293-686e54b4e2f5,Single Vehicle ,N,Intersection,Right Turn Lane,Dark Lights On,No Defects,"Two-way, Not Divided",Dry,Clear,Twelve o'clock,Passenger Car,Superficial,N,Making Right Turn,2015-01-15 01:38,19,39.18182667,-76.629435
5840,N,Apparently Normal,No Misuse,Y,No Injury,cd474013-1c2a-44b2-8f9b-86f40c9b810d,D,AC1866000Z,Shoulder/Lap Belt(s),M,c6159190-ab15-4722-9070-80a6c46ed33f,Single Vehicle ,N,Non Intersection,Right Turn Lane,Daylight,No Defects,"Two-way, Not Divided",Snow,Cloudy,Twelve o'clock,Passenger Car,Disabling,N,Moving Constant Speed,2015-01-06 16:30,26,39.14054584,-76.46939278
5841,N,Apparently Normal,No Misuse,Y,No Injury,15313d64-3fa8-410c-8cea-c1298119a5b4,D,AC18660014,Shoulder/Lap Belt(s),M,12ce3a3c-83e1-4d54-8e3a-31226ef06160,Same Direction Rear End,N,Non Intersection,Left Turn Lane,Daylight,No Defects,"Two-way, Divided, Positive Median Barrier",Dry,Clear,Twelve o'clock,Passenger Car,Functional,N,Moving Constant Speed,2015-02-03 14:39,26,39.06932833,-76.53819667
5842,N,Apparently Normal,No Misuse,N,No Injury,b698bdb0-1504-47e5-8d6f-2a04e8074a7e,D,AC18660014,Shoulder/Lap Belt(s),M,44af5541-d4ec-416b-9141-a20a904706c4,Same Direction Rear End,N,Non Intersection,Left Turn Lane,Daylight,No Defects,"Two-way, Divided, Positive Median Barrier",Dry,Clear,Six o'clock,Passenger Car,Functional,N,Slowing or Stopping,2015-02-03 14:39,52,39.06932833,-76.53819667
5843,N,Apparently Normal,No Misuse,Y,No Injury,68d1b5e4-fe1e-450b-9e60-97d9a9b35c8a,D,AC18660019,Shoulder/Lap Belt(s),M,d4ba3c31-a69d-40d0-991c-8fd9c61f5d66,Head On,N,Intersection Related,Right Turn Lane,Daylight,No Defects,"Two-way, Not Divided",Dry,Clear,Twelve o'clock,Passenger Car,Functional,Y,Moving Constant Speed,2015-03-08 12:54,26,39.05428456,-76.50323153
5844,N,Apparently Normal,No Misuse,Y,No Injury,368d9283-c13f-47c1-a42a-c6053237b049,D,AC1868001K,Shoulder/Lap Belt(s),M,f839b8c8-0fc4-40ae-93fb-295a13ebe575,Single Vehicle ,N,Non Intersection,Right Turn Lane,Daylight,No Defects,"Two-way, Divided, Unprotected (painted >4 feet) Median",Snow,Snow,Twelve o'clock,(Sport) Utility Vehicle,Disabling,N,Moving Constant Speed,2015-02-21 13:52,18,39.10561275,-76.47659183
5845,N,Apparently Normal,No Misuse,Y,No Injury,80af32c7-c101-452d-9d95-422d95366adf,D,AC1869000W,Shoulder/Lap Belt(s),M,52566d02-778e-4d9b-ad2a-5f062d4d3f34,Head On,N,Non Intersection,Right Turn Lane,Daylight,No Defects,"Two-way, Not Divided",Ice,Sleet,Twelve o'clock,Passenger Car,Disabling,N,Moving Constant Speed,2015-01-26 11:33,34,39.04581507,-76.72754483
5846,N,Apparently Normal,No Misuse,N,No Injury,52f95360-f4cc-4202-9d74-704f738c644d,D,AC18710009,Shoulder/Lap Belt(s),M,be91dba6-fd73-4765-bfca-d729b0c85fb3,Same Direction Sideswipe,N,Intersection,Left Turn Lane,Dark Lights On,No Defects,"Two-way, Divided, Positive Median Barrier",Dry,Clear,One o'clock,Passenger Car,Functional,N,Moving Constant Speed,2015-02-18 23:58,56,39.21805749,-76.6140604
5847,N,Apparently Normal,No Misuse,Y,No Injury,7c6e79a2-1356-4b95-a50e-8def87b08457,D,AC1875000R,Shoulder/Lap Belt(s),M,999d37ee-788a-4a31-8e10-2245fa55cdcd,Single Vehicle ,N,Non Intersection,Right Turn Lane,Daylight,No Defects,"Two-way, Not Divided",Dry,Clear,Twelve o'clock,Passenger Car,Disabling,N,Moving Constant Speed,2015-01-01 09:47,22,39.11399652,-76.71487148
5848,N,Apparently Normal,No Misuse,Y,No Injury,22fe7f8a-21d9-43d3-b6c5-77cd341788b6,D,AC1876000J,Shoulder/Lap Belt(s),M,8b601efa-c7aa-4cdb-9c8e-280a566823a4,Single Vehicle ,N,Non Intersection,Right Turn Lane,Daylight,No Defects,"Two-way, Not Divided",Snow,Clear,Twelve o'clock,Passenger Car,Superficial,N,Moving Constant Speed,2015-02-16 16:27,17,38.9646311,-76.56232595
5849,N,Apparently Normal,No Misuse,Y,No Injury,6cc05919-2df7-4126-8181-ee3b53101241,D,AC1876000X,Shoulder/Lap Belt(s),M,321936d7-047c-466b-b50e-d519b30dcbfd,Single Vehicle ,N,Non Intersection,Left Turn Lane,Daylight,No Defects,"Two-way, Not Divided",Dry,Clear,Twelve o'clock,Passenger Car,Disabling,N,Moving Constant Speed,2015-02-26 15:00,35,38.98366507,-76.57284021
5850,N,Apparently Normal,No Misuse,N,No Injury,20d035ef-0459-42e7-a512-b91d9ae82961,D,AC1879000M,Shoulder/Lap Belt(s),M,cbb7b198-2836-42ad-a25a-5e1ce076edc9,Opposite Direction Sideswipe,N,Intersection,Right Turn Lane,Daylight,No Defects,"Two-way, Divided, Positive Median Barrier",Dry,Clear,One o'clock,Passenger Car,Functional,N,Moving Constant Speed,2015-02-05 14:06,73,39.01151451,-76.48973465
5851,N,Apparently Normal,No Misuse,Y,No Injury,5931878e-b165-42a0-b7b5-e42338141b6e,D,AC1879000M,Shoulder/Lap Belt(s),M,529246ca-0a57-4f7a-8a42-c5f2329c372b,Opposite Direction Sideswipe,N,Intersection,Right Turn Lane,Daylight,No Defects,"Two-way, Divided, Positive Median Barrier",Dry,Clear,Three o'clock,Passenger Car,Superficial,N,Changing Lanes,2015-02-05 14:06,73,39.01151451,-76.48973465
5852,N,Apparently Normal,No Misuse,N,No Injury,981c143f-fd81-4a5f-acf1-d37e1086c62c,D,AC18860019,Shoulder/Lap Belt(s),M,cf154776-e3c8-4534-a3c1-d6f1c042b3e7,Same Movement Angle,N,Intersection,Left Turn Lane,Dark No Lights,No Defects,"Two-way, Divided, Unprotected (painted >4 feet) Median",Dry,Clear,Four o'clock,Passenger Car,Disabling,N,Moving Constant Speed,2015-01-10 18:09,38,39.11494492,-76.5793848
5853,N,Apparently Normal,No Misuse,Y,No Injury,77c61d75-2d66-4679-99fb-7a1bdf55be7e,D,AC1886001B,Shoulder/Lap Belt(s),M,7cde6b54-ba69-40f5-8ac6-908f16641c32,Single Vehicle ,N,Intersection Related,Right Turn Lane,Daylight,No Defects,"Two-way, Not Divided",Wet,Clear,Twelve o'clock,(Sport) Utility Vehicle,Functional,N,Making Left Turn,2015-01-23 07:52,18,39.14896648,-76.5692997
5854,N,Apparently Normal,No Misuse,Y,No Injury,6364fad2-22b0-4f58-9bf2-181b6a91d40a,D,AC1886001M,Shoulder/Lap Belt(s),M,b4ac69af-28e6-495b-980b-0c196f866ed2,Same Movement Angle,N,Non Intersection,Left Turn Lane,Daylight,No Defects,"Two-way, Divided, Unprotected (painted >4 feet) Median",Dry,Clear,Twelve o'clock,Passenger Car,Disabling,N,Making Left Turn,2015-02-28 08:09,25,39.10812698,-76.57359123
5855,N,Apparently Normal,No Misuse,Y,No Injury,35b778fd-1712-4673-ade7-96374d45dba3,D,AC18870007,Shoulder/Lap Belt(s),M,96fbbfc9-6fe7-49ad-9389-77ea3ad3f2e9,Single Vehicle ,N,Non Intersection,Right Turn Lane,Dawn,No Defects,"Two-way, Not Divided",Ice,Clear,One o'clock,Passenger Car,Disabling,N,Moving Constant Speed,2015-03-02 06:24,32,39.20021742,-76.63051844
5856,N,Apparently Normal,No Misuse,N,No Injury,78a6b566-eb83-4bfb-8318-1b1e1878aac6,D,AC18940010,Shoulder/Lap Belt(s),M,36a0e139-3ac5-4744-9b2a-bf44825920ab,Same Direction Rear End,N,Non Intersection,Right Turn Lane,Daylight,No Defects,One-way Trafficway,Snow,Snow,Ten o'clock,Passenger Car,Functional,N,Moving Constant Speed,2015-01-06 08:34,34,39.14941577,-76.70661807
5857,N,Apparently Normal,No Misuse,Y,No Injury,083586f4-bde2-4808-b046-0295364bbd19,D,AC1909000Z,Shoulder/Lap Belt(s),M,8acdab67-45b9-4c10-93f7-a300f2be4f50,Single Vehicle ,N,Non Intersection,Right Turn Lane,Daylight,No Defects,"Two-way, Not Divided",Ice,Clear,Twelve o'clock,Passenger Car,Disabling,N,Slowing or Stopping,2015-02-10 08:49,40,39.13293978,-76.58048987
5858,N,Apparently Normal,No Misuse,Y,No Injury,283ed480-a14a-4b5a-9b59-4557ddc0fef7,D,AC19090010,Shoulder/Lap Belt(s),M,1ec9d96c-8a6f-40d0-b109-70047c98bafe,Head On Left Turn,N,Non Intersection,Right Turn Lane,Daylight,No Defects,"Two-way, Divided, Unprotected (painted >4 feet) Median",Dry,Clear,Five o'clock,Passenger Car,Superficial,N,Making Left Turn,2015-02-28 13:42,76,39.13581919,-76.58565044
5859,N,Apparently Normal,No Misuse,N,No Injury,79d10f6b-a691-4f05-bfbe-2fa112eb4408,D,AC1910000G,Shoulder/Lap Belt(s),M,d55b14cc-9899-4b81-a6b2-c5d07864543d,Same Direction Rear End,N,Intersection Related,Acceleration Lane,Dark Lights On,No Defects,"Two-way, Divided, Positive Median Barrier",Dry,Clear,Six o'clock,Passenger Car,Functional,N,Stopped in Traffic Lane,2015-02-07 06:12,31,39.12816216,-76.7358119
5860,N,Apparently Normal,No Misuse,N,No Injury,bc95083e-61d6-47c8-abb1-60706ce8e7fb,D,AC1911001L,Shoulder/Lap Belt(s),M,3b8d5ff9-a440-41ac-8f43-b715ba74ff7f,Same Direction Rear End,N,Intersection,Right Turn Lane,Daylight,No Defects,One-way Trafficway,Dry,Clear,Six o'clock,Passenger Car,Functional,N,Stopped in Traffic Lane,2015-01-28 12:02,45,38.98750962,-76.53548241
5861,N,Apparently Normal,No Misuse,Y,No Injury,9232f641-c839-431a-a984-b3e3ba99306b,D,AC1911001L,Shoulder/Lap Belt(s),M,419e5d6d-e0fb-4375-b868-2c365a150bc6,Same Direction Rear End,N,Intersection,Right Turn Lane,Daylight,No Defects,One-way Trafficway,Dry,Clear,Twelve o'clock,Passenger Car,Disabling,N,Slowing or Stopping,2015-01-28 12:02,58,38.98750962,-76.53548241
5862,N,Apparently Normal,No Misuse,Y,No Injury,dba83cbb-1bc7-4f26-958a-0f04eb188ab4,D,AC1922000G,Shoulder/Lap Belt(s),M,57af7755-0573-4b96-b19f-7fd94d451b4c,Same Direction Rear End,N,Commercial Driveway,Right Turn Lane,Dark Lights On,No Defects,"Two-way, Not Divided",Dry,Clear,Twelve o'clock,Pickup Truck,No Damage,Y,Moving Constant Speed,2015-02-21 00:07,23,39.12132105,-76.70802355
5863,N,Apparently Normal,No Misuse,N,No Injury,c0375f1d-05b5-4709-a4ac-a6f70698fb40,D,AC1922000H,Shoulder/Lap Belt(s),M,323292a8-8098-4714-a65e-a5c55dbf420b,Same Direction Rear End,N,Non Intersection,Right Turn Lane,Dark Lights On,No Defects,"Two-way, Not Divided",Dry,Cloudy,Six o'clock,Pickup Truck,Disabling,N,Accelerating,2015-02-27 05:58,72,39.14457323,-76.76919937
5864,N,Had Been Drinking,No Misuse,Y,No Injury,49fb54c4-e6f6-4dd5-a191-914f5d38602b,D,AC1922000H,Shoulder/Lap Belt(s),M,160497f9-4e7c-4421-a8d6-a32dce09f1dd,Same Direction Rear End,N,Non Intersection,Right Turn Lane,Dark Lights On,No Defects,"Two-way, Not Divided",Dry,Cloudy,Twelve o'clock,Passenger Car,Disabling,N,Moving Constant Speed,2015-02-27 05:58,30,39.14457323,-76.76919937
5865,N,Apparently Normal,No Misuse,Y,No Injury,35ba8f68-34ec-4cfc-ba77-f52cea7a85c9,D,AC1925000J,Shoulder/Lap Belt(s),M,b93de251-202a-4d71-b588-987c3ebd3ad6,Single Vehicle ,N,Non Intersection,Right Turn Lane,Dark Lights On,No Defects,"Two-way, Not Divided",Snow,Snow,Three o'clock,Passenger Car,Functional,N,Moving Constant Speed,2015-02-15 04:49,20,39.13870315,-76.62816958