KEY_INDEX,CDL_FLAG,CONDITION_CODE,EQUIP_PROB_CODE,FAULT_FLAG,INJ_SEVER_CODE,PERSON_ID,PERSON_TYPE,REPORT_NO,SAF_EQUIP_CODE,SEX_CODE,VEHICLE_ID,COLLISION_TYPE_CODE,C_M_ZONE_FLAG,JUNCTION_CODE,LANE_CODE,LIGHT_CODE,RD_COND_CODE,RD_DIV_CODE,SURF_COND_CODE,WEATHER_CODE,AREA_DAMAGED_CODE_MAIN,BODY_TYPE_CODE,DAMAGE_CODE,HIT_AND_RUN_FLAG,MOVEMENT_CODE,TIME,AGE,LATITUDE,LONGITUDE
5866,N,Apparently Normal,No Misuse,N,No Injury,2d770754-2828-4b1a-94b2-cefc921ad8f8,D,AC1930001J,Shoulder/Lap Belt(s),M,cc73b223-b157-4316-9a16-1232eda6d390,Opposite Direction Sideswipe,N,Non Intersection,Right Turn Lane,Daylight,No Defects,"Two-way, Not Divided",Dry,Clear,Nine o'clock,Pickup Truck,Functional,N,Moving Constant Speed,2015-02-06 07:46,53,39.07884147,-76.68668389
5867,N,Apparently Normal,No Misuse,Y,No Injury,e1ba44f0-d14f-4eef-b803-74b03f16504c,D,AC1930001J,Shoulder/Lap Belt(s),M,9e6a9582-50bc-4059-be43-7fcfa26cbb61,Opposite Direction Sideswipe,N,Non Intersection,Right Turn Lane,Daylight,No Defects,"Two-way, Not Divided",Dry,Clear,Nine o'clock,Passenger Car,Disabling,N,Moving Constant Speed,2015-02-06 07:46,19,39.07884147,-76.68668389
5868,N,Apparently Normal,No Misuse,N,No Injury,58682520-3028-4bdb-9f7d-81833ee98159,D,AC1933000Y,Shoulder/Lap Belt(s),M,ac71f734-cd60-4175-99eb-5a0eac403b10,Single Vehicle ,N,Intersection Related,Right Turn Lane,Dark Lights On,No Defects,"Two-way, Not Divided",Dry,Clear,Twelve o'clock,Passenger Car,Functional,N,Moving Constant Speed,2015-02-04 17:35,55,39.2114241,-76.67830467
5869,N,Apparently Normal,No Misuse,N,No Injury,7aaec510-05d1-4047-8011-ce6668c4ed75,D,AC1939000L,Shoulder/Lap Belt(s),M,a4a05812-d8a4-44d3-ae0d-eec4cf6ad91b,Head On Left Turn,N,Intersection,Right Turn Lane,Dark Lights On,No Defects,"Two-way, Divided, Positive Median Barrier",Dry,Clear,Twelve o'clock,Passenger Car,Disabling,N,Moving Constant Speed,2015-01-31 02:16,37,39.09505534,-76.62346959
5870,N,Apparently Normal,No Misuse,Y,No Injury,e5abc5e3-2712-4f58-9abd-11c6014feba3,D,AC19500017,Shoulder/Lap Belt(s),M,2a38ef35-1e8b-4f14-ad0a-b2af4fde4bf9,Single Vehicle ,N,Non Intersection,Right Turn Lane,Dark Lights On,No Defects,"Two-way, Divided, Unprotected (painted >4 feet) Median",Wet,Raining,Twelve o'clock,Passenger Car,Disabling,N,Moving Constant Speed,2015-03-01 21:02,37,39.05086167,-76.69378
5871,N,Apparently Normal,No Misuse,N,No Injury,6a4778a9-2a8b-4240-9f73-44e817d6d9f4,D,AC1954000P,Shoulder/Lap Belt(s),M,20de10a2-c7f3-4f52-b2df-6862e2c34b98,Single Vehicle ,N,Intersection,Right Turn Lane,Dark Lights On,No Defects,"Two-way, Not Divided",Ice,Clear,Twelve o'clock,(Sport) Utility Vehicle,Disabling,N,Making Left Turn,2015-02-25 05:21,50,39.11769305,-76.63410727
5872,N,Apparently Normal,No Misuse,N,No Injury,c9ed4363-be2a-4d45-96ba-6b0285d18473,D,AC19620010,Shoulder/Lap Belt(s),M,96a0e811-bc94-416d-9fc9-df4c11804194,Same Direction Left Turn,N,Intersection Related,Right Turn Lane,Daylight,No Defects,"Two-way, Not Divided",Snow,Snow,Eleven o'clock,Passenger Car,Functional,N,Making Left Turn,2015-01-06 07:35,49,39.22204719,-76.62820101
5873,N,Apparently Normal,No Misuse,N,No Injury,0ec6bb40-4c2e-41c9-b9ee-65e3bf89153f,D,AC1968001G,Shoulder/Lap Belt(s),M,0a7f4e9b-55f6-44f0-bcf0-a53f0f4dd712,Single Vehicle ,N,Non Intersection,Left Turn Lane,Dark No Lights,No Defects,"Two-way, Not Divided",Dry,Severe Winds,Twelve o'clock,(Sport) Utility Vehicle,Disabling,N,Moving Constant Speed,2015-01-05 06:15,40,39.08861854,-76.56794786
5874,N,Apparently Normal,No Misuse,Y,No Injury,cc9e6681-93da-4fd9-b4cb-41a00b54f35a,D,AC1968001K,Shoulder/Lap Belt(s),M,27566929-5124-4942-a61f-722b6b26a3da,Single Vehicle ,N,Interchange Related,Right Turn Lane,Dark No Lights,No Defects,One-way Trafficway,Ice,Wintry Mix,Eleven o'clock,Passenger Car,Disabling,N,Moving Constant Speed,2015-02-10 05:40,25,39.01401317,-76.48929932
5875,N,Apparently Normal,No Misuse,Y,No Injury,9f25be86-7fc8-479f-9ba1-45dcae8fcc1a,D,AC1982000J,Shoulder/Lap Belt(s),M,a7033b44-74b0-46df-98e2-a23a1c2996c5,Single Vehicle ,N,Non Intersection,Right Turn Lane,Dark No Lights,No Defects,"Two-way, Not Divided",Dry,Clear,Twelve o'clock,(Sport) Utility Vehicle,Disabling,N,Moving Constant Speed,2015-03-25 00:42,35,39.1400632,-76.71237946
5876,N,Apparently Normal,No Misuse,N,No Injury,e8356625-f496-4a76-a1bb-3435bb1bdbbc,D,AC1985000J,Shoulder/Lap Belt(s),M,9aa48cd0-846a-46df-b0d1-22e3f9b85dd9,Same Direction Rear End,N,Intersection,Acceleration Lane,Dark Lights On,No Defects,"Two-way, Divided, Unprotected (painted >4 feet) Median",Wet,Raining,Six o'clock,Passenger Car,Superficial,N,Stopped in Traffic Lane,2015-03-04 18:20,36,39.14212687,-76.72838688
5877,N,Apparently Normal,No Misuse,N,No Injury,841ff452-c64d-40e3-a504-a6f844e95c5a,D,AC1985000L,Shoulder/Lap Belt(s),M,034a737a-cac6-40e8-ac6a-eaa3eb8678af,Same Direction Rear End,N,Non Intersection,Deceleration Lane,Daylight,No Defects,"Two-way, Divided, Unprotected (painted >4 feet) Median",Dry,Clear,Six o'clock,Passenger Car,Superficial,N,Stopped in Traffic Lane,2015-03-23 18:20,42,39.08920145,-76.70287371
5878,N,Apparently Normal,No Misuse,N,No Injury,29ca0b95-867b-42f1-92b8-ff11e854fa82,D,AC1985000L,Shoulder/Lap Belt(s),M,90730587-802e-43e8-af7e-a80bd0b96d80,Same Direction Rear End,N,Non Intersection,Deceleration Lane,Daylight,No Defects,"Two-way, Divided, Unprotected (painted >4 feet) Median",Dry,Clear,Six o'clock,Passenger Car,Destroyed,N,Stopped in Traffic Lane,2015-03-23 18:20,38,39.08920145,-76.70287371
5879,N,Apparently Normal,No Misuse,N,No Injury,2718fa2e-f9de-4daa-aba8-85bfd9f31f26,D,AC1985000L,Shoulder/Lap Belt(s),M,8bae6d2e-80da-4eff-8dfa-3e9d6d211f0a,Same Direction Rear End,N,Non Intersection,Deceleration Lane,Daylight,No Defects,"Two-way, Divided, Unprotected (painted >4 feet) Median",Dry,Clear,Six o'clock,Passenger Car,Superficial,N,Stopped in Traffic Lane,2015-03-23 18:20,27,39.08920145,-76.70287371
5880,Y,Apparently Normal,No Misuse,Y,No Injury,010c1c0a-4f04-41f3-bb7f-730625670686,D,AC1985000L,Shoulder/Lap Belt(s),M,c1e6124b-6c01-4945-84cc-732befdc795e,Same Direction Rear End,N,Non Intersection,Deceleration Lane,Daylight,No Defects,"Two-way, Divided, Unprotected (painted >4 feet) Median",Dry,Clear,Twelve o'clock,"Medium/Heavy Truck 2 axles (10,000 lbs (4,536 kg) or less)",Superficial,N,Slowing or Stopping,2015-03-23 18:20,53,39.08920145,-76.70287371
5881,N,Apparently Normal,No Misuse,Y,No Injury,a4529049-1694-46f6-b06d-0482b42514b3,D,AC19870019,Shoulder/Lap Belt(s),M,c1df6d2d-df8f-4ac5-b662-2e467aa66049,Single Vehicle ,N,Non Intersection,Left Turn Lane,Daylight,No Defects,One-way Trafficway,Slush,Snow,Twelve o'clock,Passenger Car,Disabling,N,Moving Constant Speed,2015-03-05 10:19,21,39.09994292,-76.69338942
5882,N,Apparently Normal,No Misuse,Y,No Injury,db12d3da-876b-420d-bdb8-db66ef169505,D,AC1987001B,Shoulder/Lap Belt(s),M,7b45f79a-5018-462a-b17f-ecae00424d6c,Same Direction Sideswipe,N,Non Intersection,Left Turn Lane,Daylight,No Defects,"Two-way, Not Divided",Ice,Clear,One o'clock,Passenger Car,Functional,N,Moving Constant Speed,2015-03-06 09:26,47,39.04701082,-76.68653905
5883,N,Apparently Normal,No Misuse,Y,No Injury,6934ed1a-719d-443d-8d2d-42653f69a2f4,D,AC1990001B,Shoulder/Lap Belt(s),M,dbc8e313-71b2-46a1-aff2-474a55d3f7f6,Same Direction Rear End,N,Non Intersection,Right Turn Lane,Daylight,No Defects,"Two-way, Divided, Unprotected (painted >4 feet) Median",Snow,Snow,Twelve o'clock,Passenger Car,Superficial,N,Slowing or Stopping,2015-03-05 11:33,20,39.14349387,-76.65023255
5884,N,Apparently Normal,No Misuse,N,No Injury,c35a56ac-5b79-4ee0-bb9e-f8090c65ce5f,D,AC1990001F,Shoulder/Lap Belt(s),M,5d2ff168-9395-45a0-aaaa-9f79fd2083e6,Same Movement Angle,N,Non Intersection,Left Turn Lane,Dusk,No Defects,"Two-way, Divided, Unprotected (painted >4 feet) Median",Dry,Clear,Two o'clock,Passenger Car,Superficial,N,Moving Constant Speed,2015-03-30 19:05,46,39.15851752,-76.70387149
5885,Y,Apparently Normal,No Misuse,Y,No Injury,802aa17f-d578-4a91-b9e7-fe4cb456f397,D,AC19910019,Shoulder/Lap Belt(s),M,bca7e56c-30cb-4726-964e-9cc6b88544e7,Single Vehicle ,N,Intersection Related,Left Turn Lane,Daylight,No Defects,"Two-way, Not Divided",Ice,Blowing Snow,One o'clock,Passenger Car,Disabling,N,Moving Constant Speed,2015-02-15 09:46,68,39.025205,-76.67585167
5886,N,Apparently Normal,No Misuse,Y,No Injury,e6b806fb-ef91-42b4-927e-04736458a0c7,D,AC2002000Y,Shoulder/Lap Belt(s),M,c5763414-b7a4-4b02-93a8-623129959903,Single Vehicle ,N,Non Intersection,Left Turn Lane,Daylight,No Defects,"Two-way, Not Divided",Dry,Clear,Six o'clock,Van,Superficial,N,Parking  ,2015-03-19 16:21,21,39.12089655,-76.62216067
5887,N,Apparently Normal,No Misuse,Y,No Injury,1100138a-c46b-493d-9e7d-11c9194da19c,D,AC2009000Z,Shoulder/Lap Belt(s),M,25fde02f-5d61-4ccc-b58f-8bf29903db04,Single Vehicle ,N,Non Intersection,Right Turn Lane,Dark - Unknown Lighting,No Defects,"Two-way, Divided, Unprotected (painted >4 feet) Median",Ice,Clear,Twelve o'clock,Passenger Car,Functional,Y,Moving Constant Speed,2015-01-21 01:00,26,38.96787608,-76.66560173
5888,N,Apparently Normal,No Misuse,N,No Injury,1e17418e-6a30-4063-bf76-9343710e6b51,D,AC2010000G,Shoulder/Lap Belt(s),M,37ce6f94-2e33-4a22-a045-d1883ad30cc7,Same Movement Angle,N,Intersection,Right Turn Lane,Dark Lights On,No Defects,"Two-way, Not Divided",Dry,Clear,Twelve o'clock,Passenger Car,Disabling,N,Moving Constant Speed,2015-02-08 00:23,19,39.05278488,-76.61833048
5889,N,Apparently Normal,No Misuse,Y,No Injury,9e898ff7-49f9-437d-95cb-0e11355f08df,D,AC2010000G,Shoulder/Lap Belt(s),M,2161aaec-6c01-4b6c-8c79-eaf6e40c6d30,Same Movement Angle,N,Intersection,Right Turn Lane,Dark Lights On,No Defects,"Two-way, Not Divided",Dry,Clear,Seven o'clock,(Sport) Utility Vehicle,Superficial,N,Accelerating,2015-02-08 00:23,17,39.05278488,-76.61833048
5890,N,Apparently Normal,No Misuse,N,No Injury,4bc86409-4f47-4f33-bf44-d24675e0c5b2,D,AC2015000K,Shoulder/Lap Belt(s),M,f8d5f49c-5583-4c7d-9d84-f5e0f5c0b63d,Same Movement Angle,N,Residential Driveway,Left Turn Lane,Daylight,No Defects,"Two-way, Not Divided",Dry,Clear,Two o'clock,Passenger Car,Disabling,N,Moving Constant Speed,2015-02-23 13:52,53,39.08442972,-76.57179952
5891,N,Apparently Normal,No Misuse,Y,No Injury,bff83b74-b765-49f4-bc9d-15360147206d,D,AC2015000K,Shoulder/Lap Belt(s),M,6331c10d-b642-465b-a038-f68698318946,Same Movement Angle,N,Residential Driveway,Left Turn Lane,Daylight,No Defects,"Two-way, Not Divided",Dry,Clear,Six o'clock,Pickup Truck,Functional,N,Backing,2015-02-23 13:52,53,39.08442972,-76.57179952
5892,N,Apparently Normal,No Misuse,N,No Injury,93c0993f-9c78-44bc-84d3-441c7ccb2715,D,AC2017000P,Shoulder/Lap Belt(s),M,4027b862-10fc-46e6-8ed4-f95c64cd9d3e,Same Movement Angle,N,Commercial Driveway,Right Turn Lane,Dark Lights On,No Defects,"Two-way, Not Divided with a Continuous Left Turn Lane",Dry,Clear,Twelve o'clock,Passenger Car,Disabling,N,Moving Constant Speed,2015-02-13 19:00,36,39.11096579,-76.49934769
5893,N,Apparently Normal,No Misuse,Y,No Injury,7d1dd94a-d025-41fc-8672-93f1c80c4a47,D,AC2017000P,Shoulder/Lap Belt(s),M,29a86d8c-903e-4bb6-9d12-77fc90d4dd54,Same Movement Angle,N,Commercial Driveway,Right Turn Lane,Dark Lights On,No Defects,"Two-way, Not Divided with a Continuous Left Turn Lane",Dry,Clear,Twelve o'clock,Passenger Car,Disabling,N,Making Left Turn,2015-02-13 19:00,55,39.11096579,-76.49934769
5894,N,Apparently Normal,No Misuse,N,No Injury,40137dd8-e7c1-4163-a1aa-a3dc78e599f2,D,AC2017000R,Shoulder/Lap Belt(s),M,838afb96-f085-4d07-9937-de3f33ab4dab,Same Direction Rear End,N,Non Intersection,Right Turn Lane,Dark - Unknown Lighting,No Defects,"Two-way, Divided, Positive Median Barrier",Dry,Clear,Six o'clock,Passenger Car,Superficial,N,Moving Constant Speed,2015-02-13 20:30,19,39.17087871,-76.53479576
5895,N,Apparently Normal,No Misuse,N,No Injury,22320e17-fa5e-45c1-9191-918f717016de,D,AC2021000K,Shoulder/Lap Belt(s),M,843ee357-0357-43ef-aa43-191adacbd6b2,Same Direction Rear End,N,Non Intersection,Acceleration Lane,Daylight,No Defects,"Two-way, Divided, Positive Median Barrier",Dry,Cloudy,Six o'clock,Passenger Car,Superficial,N,Slowing or Stopping,2015-01-21 07:54,46,39.09493044,-76.62504673
5896,N,Apparently Normal,No Misuse,Y,No Injury,45e9d69f-19df-404c-adb2-8061bbc19ef8,D,AC2021000K,Shoulder/Lap Belt(s),M,d13051cc-8cfb-4e12-acbc-df81150d9d56,Same Direction Rear End,N,Non Intersection,Acceleration Lane,Daylight,No Defects,"Two-way, Divided, Positive Median Barrier",Dry,Cloudy,Twelve o'clock,Passenger Car,Disabling,N,Accelerating,2015-01-21 07:54,55,39.09493044,-76.62504673
5897,N,Apparently Normal,No Misuse,Y,No Injury,15b38ba4-8a89-4b53-ab49-f3c195ea0fb1,D,AC2021000L,Shoulder/Lap Belt(s),M,2b8ccdd9-06f7-4aea-ad84-8af8abb63b1c,Same Direction Sideswipe,N,Non Intersection,Right Turn Lane,Daylight,No Defects,"Two-way, Not Divided",Wet,Clear,Ten o'clock,Passenger Car,Disabling,N,Starting From Parked,2015-01-22 09:52,53,39.11697667,-76.70610167
5898,N,Apparently Normal,No Misuse,N,No Injury,f445d8cc-ba14-4c13-a4f0-698c0faed0dd,D,AC2021000Q,Shoulder/Lap Belt(s),M,b26eba5c-a19a-4c53-970a-108ca8ab0352,Same Direction Sideswipe,N,Non Intersection,Right Turn Lane,Daylight,No Defects,"Two-way, Not Divided",Dry,Clear,Ten o'clock,Passenger Car,Superficial,N,Moving Constant Speed,2015-03-06 15:23,47,39.15812562,-76.69461205
5899,N,Apparently Normal,No Misuse,Y,No Injury,4986b515-a755-4f21-b714-8a71670dac59,D,AC2021000Q,Shoulder/Lap Belt(s),M,cfd265ba-7964-4954-a98b-3f871db19c90,Same Direction Sideswipe,N,Non Intersection,Right Turn Lane,Daylight,No Defects,"Two-way, Not Divided",Dry,Clear,Ten o'clock,Passenger Car,Superficial,N,Accelerating,2015-03-06 15:23,23,39.15812562,-76.69461205
5900,Y,Apparently Normal,No Misuse,N,Possible Incapacitating Injury,1d4c40b3-448f-43fb-8c59-aae863f59dbd,D,AC2021000Q,Shoulder/Lap Belt(s),M,1283cbe1-cf0d-492a-9241-6502b9f6c161,Same Direction Sideswipe,N,Non Intersection,Right Turn Lane,Daylight,No Defects,"Two-way, Not Divided",Dry,Clear,Two o'clock,Truck Tractor,Superficial,N,Moving Constant Speed,2015-03-06 15:23,55,39.15812562,-76.69461205
5901,N,Apparently Normal,No Misuse,N,No Injury,541b57a2-a00d-48ff-b1f7-f05328b8d7d2,D,AC2033000J,Shoulder/Lap Belt(s),M,3396a186-7fb1-4d2d-bae5-067e375b6792,Head On Left Turn,N,Non Intersection,Right Turn Lane,Daylight,No Defects,"Two-way, Divided, Unprotected (painted >4 feet) Median",Dry,Clear,Eleven o'clock,"Other Light Trucks (10,000 lbs (4,536 kg))",Superficial,N,Slowing or Stopping,2015-03-25 17:24,55,39.12852888,-76.54599667
5902,N,Apparently Normal,No Misuse,N,No Injury,6cbe2e57-e77b-4941-9dbf-86a90b18b2b1,D,AC2033000J,Shoulder/Lap Belt(s),M,d0a6af30-0da3-493c-9c54-f7276bc15da5,Head On Left Turn,N,Non Intersection,Right Turn Lane,Daylight,No Defects,"Two-way, Divided, Unprotected (painted >4 feet) Median",Dry,Clear,Eight o'clock,Passenger Car,Superficial,N,Slowing or Stopping,2015-03-25 17:24,28,39.12852888,-76.54599667
5903,N,Apparently Normal,No Misuse,Y,No Injury,8a519d29-6905-4729-878c-5030218a95be,D,AC2033000J,Shoulder/Lap Belt(s),M,5aa1863f-d702-4919-85ad-6430ad7524c9,Head On Left Turn,N,Non Intersection,Right Turn Lane,Daylight,No Defects,"Two-way, Divided, Unprotected (painted >4 feet) Median",Dry,Clear,Eleven o'clock,Van,Superficial,Y,Moving Constant Speed,2015-03-25 17:24,26,39.12852888,-76.54599667
5904,N,Apparently Normal,No Misuse,Y,No Injury,f86630b4-9550-47b8-88eb-81d6f38c1d1d,D,ADD721000X,Shoulder/Lap Belt(s),M,3ad1ab10-ad06-4309-8199-dcad47572688,Single Vehicle ,N,Intersection Related,Right Turn Lane,Daylight,No Defects,"Two-way, Not Divided",Dry,Clear,Six o'clock,Police Vehicle/Non Emergency,Superficial,N,Backing,2015-02-08 13:30,25,39.34478781,-76.66949093
5905,N,Apparently Normal,No Misuse,Y,No Injury,16db12a2-ffad-4d99-86ef-82e3d9ac04ac,D,ADD905000X,Shoulder/Lap Belt(s),M,d7a5d958-50c1-4728-935f-43a31a9018a1,Same Direction Sideswipe,N,Non Intersection,Right Turn Lane,Daylight,No Defects,"Two-way, Divided, Unprotected (painted >4 feet) Median",Dry,Clear,Ten o'clock,Police Vehicle/Non Emergency,Functional,N,Making U Turn,2015-03-16 17:00,23,39.35349092,-76.56042494
5906,N,Apparently Normal,No Misuse,N,Possible Incapacitating Injury,4318fd2b-29e6-4f1b-b6a2-8d6832fb7292,D,ADD905000X,MC/Bike Helmet,M,2f85cd21-e6db-4211-84f6-d6cd6efc42ec,Same Direction Sideswipe,N,Non Intersection,Right Turn Lane,Daylight,No Defects,"Two-way, Divided, Unprotected (painted >4 feet) Median",Dry,Clear,One o'clock,Motorcycle,Functional,N,Moving Constant Speed,2015-03-16 17:00,51,39.35349092,-76.56042494
5907,N,Apparently Normal,No Misuse,N,No Injury,febab817-a88d-4b5b-8bd2-18d48dd64ac5,D,ADD905000Y,Shoulder/Lap Belt(s),M,b075ccbc-8b4f-4fd4-aa0b-f61533d6889e,Same Direction Sideswipe,N,Intersection,Right Turn Lane,Daylight,No Defects,"Two-way, Divided, Unprotected (painted >4 feet) Median",Dry,Clear,One o'clock,Police Vehicle/Non Emergency,Superficial,N,Accelerating,2015-03-17 15:40,45,39.33891115,-76.66792721
5908,N,Apparently Normal,No Misuse,Y,No Injury,40aaaada-3638-4e57-8743-cc8d5f350c85,D,ADD905000Y,Shoulder/Lap Belt(s),M,2880ae94-4561-4f00-98d1-5155eb155269,Same Direction Sideswipe,N,Intersection,Right Turn Lane,Daylight,No Defects,"Two-way, Divided, Unprotected (painted >4 feet) Median",Dry,Clear,Seven o'clock,Pickup Truck,Superficial,N,Accelerating,2015-03-17 15:40,30,39.33891115,-76.66792721
5909,N,Apparently Normal,No Misuse,N,No Injury,446f2238-1d3d-4257-ad46-778115d3bc01,D,ADE5720001,Shoulder/Lap Belt(s),M,18d06e52-9f97-42c9-b9c0-b68b595001c4,Same Direction Rear End,N,Intersection Related,Right Turn Lane,Dark Lights On,No Defects,"Two-way, Not Divided",Wet,Raining,Six o'clock,Passenger Car,Functional,N,Slowing or Stopping,2015-01-24 01:55,24,39.27988899,-76.61270857
5910,N,Apparently Normal,No Misuse,N,No Injury,c85230e3-d1f1-4802-8b59-d69ac7268831,D,ADE5720001,Shoulder/Lap Belt(s),M,cb3bb6b6-ee00-4dd1-8c92-33ae3c8a003d,Same Direction Rear End,N,Intersection Related,Right Turn Lane,Dark Lights On,No Defects,"Two-way, Not Divided",Wet,Raining,Six o'clock,(Sport) Utility Vehicle,Functional,N,Slowing or Stopping,2015-01-24 01:55,22,39.27988899,-76.61270857
5911,N,Apparently Normal,No Misuse,N,No Injury,59ae7c09-7e51-475f-aa02-68c0d8da9099,D,ADE7460001,Shoulder/Lap Belt(s),M,a6266324-21c5-4884-a2c3-6134e914bdc8,Same Direction Left Turn,N,Non Intersection,Left Turn Lane,Dark Lights On,No Defects,"Two-way, Not Divided",Dry,Clear,Twelve o'clock,Passenger Car,Functional,N,Making Left Turn,2015-01-02 22:15,33,39.33799009,-76.55182242
5912,N,Apparently Normal,No Misuse,Y,No Injury,0a225489-9363-4e1d-a75b-4e9c32125f32,D,ADE7460001,Shoulder/Lap Belt(s),M,83e5775c-28dc-4bcc-b307-f58d252b8de6,Same Direction Left Turn,N,Non Intersection,Left Turn Lane,Dark Lights On,No Defects,"Two-way, Not Divided",Dry,Clear,Eight o'clock,Police Vehicle/Emergency,Disabling,N,Passing,2015-01-02 22:15,24,39.33799009,-76.55182242
5913,N,Apparently Normal,No Misuse,Y,No Injury,065bf424-ff3a-4cf9-914a-321526568869,D,ADE7460005,Shoulder/Lap Belt(s),M,3beccc04-0c60-404c-bb88-0dac6c723c00,Head On,N,Non Intersection,Right Turn Lane,Daylight,No Defects,One-way Trafficway,Dry,Clear,Five o'clock,Police Vehicle/Non Emergency,Superficial,N,Backing,2015-01-20 15:00,30,39.29465335,-76.58130527
5914,N,Apparently Normal,No Misuse,N,No Injury,102f514e-0532-4c92-8c90-29dec1caaeea,D,ADE746000C,Shoulder/Lap Belt(s),M,4f61aeac-23be-4a01-9654-d0a0ede93d6d,Same Movement Angle,N,Non Intersection,Right Turn Lane,Dark Lights On,No Defects,"Two-way, Not Divided",Dry,Clear,Twelve o'clock,Passenger Car,Disabling,N,Moving Constant Speed,2015-02-05 19:31,36,39.34038814,-76.54833555
5915,N,Apparently Normal,No Misuse,N,No Injury,47cb3b73-23f0-4251-a85f-91d9317a65ee,D,ADE8780002,Shoulder/Lap Belt(s),M,b6ec032d-dcfc-4bb6-adee-971be9bd25d7,Same Direction Rear End Right Turn,N,Intersection Related,Right Turn Lane,Daylight,No Defects,One-way Trafficway,Dry,Clear,Six o'clock,Passenger Car,Functional,N,Making Right Turn,2015-01-27 13:45,48,39.29304254,-76.63993835
5916,N,Apparently Normal,No Misuse,N,No Injury,22631c1e-bf92-4a60-a93e-18e8f7db84a1,D,ADE8780005,Shoulder/Lap Belt(s),M,9c5c391d-7304-407f-93b0-510f0933a235,Same Direction Sideswipe,N,Non Intersection,Left Turn Lane,Dark Lights On,No Defects,"Two-way, Divided, Unprotected (painted >4 feet) Median",Dry,Cloudy,Three o'clock,Passenger Car,Functional,N,Moving Constant Speed,2015-03-07 19:15,33,39.3097757,-76.64814591
5917,N,Apparently Normal,No Misuse,N,No Injury,e202b001-d459-440c-8a28-a270e66008b6,D,ADE9790001,Shoulder Belt Only,M,b8fd66fd-5cc5-463a-8694-e3343f431a8d,Same Direction Rear End,N,Non Intersection,Right Turn Lane,Dark Lights On,No Defects,"Two-way, Divided, Unprotected (painted >4 feet) Median",Dry,Clear,Seven o'clock,Passenger Car,Superficial,N,Stopped in Traffic Lane,2015-03-19 02:35,35,39.28958831,-76.61024094
5918,N,Apparently Normal,No Misuse,Y,No Injury,0c848940-878c-40ef-ac7f-7c3e594d2c34,D,ADF051001T,Shoulder/Lap Belt(s),M,64345857-6218-4f0e-9306-1971b4c58ff1,Same Direction Sideswipe,N,Non Intersection,Right Turn Lane,Dark Lights On,No Defects,"Two-way, Not Divided",Dry,Clear,Eleven o'clock,Passenger Car,Functional,N,Moving Constant Speed,2015-01-02 22:25,24,39.29324133,-76.62118167
5919,N,Apparently Normal,No Misuse,Y,No Injury,7a043e2b-86ea-413b-bd3e-3510e2f64392,D,ADF0510024,Shoulder/Lap Belt(s),M,210b6bf1-49fa-4f26-ac38-c41be57c66f0,Same Direction Sideswipe,N,Non Intersection,Right Turn Lane,Daylight,No Defects,"Two-way, Not Divided",Dry,Clear,Two o'clock,Police Vehicle/Non Emergency,Superficial,N,Moving Constant Speed,2015-03-02 16:50,47,39.26935594,-76.61172152
5920,N,Apparently Normal,No Misuse,N,No Injury,47fd5404-5483-4de1-bb4e-d88c603cab79,D,ADF0510027,Shoulder/Lap Belt(s),M,40c608d1-9f9b-491e-8a27-832d4387ecd0,Same Direction Left Turn,N,Non Intersection,Right Turn Lane,Daylight,No Defects,"Two-way, Divided, Positive Median Barrier",Dry,Clear,Twelve o'clock,Passenger Car,Superficial,N,Moving Constant Speed,2015-03-25 10:30,29,39.3128383,-76.6466479
5921,N,Apparently Normal,No Misuse,Y,No Injury,f3c42abd-6930-4598-a512-ad11d0dc9c9b,D,ADF0510027,Shoulder/Lap Belt(s),M,e933338a-b8ac-4080-8d1a-fb81c25eda4e,Same Direction Left Turn,N,Non Intersection,Right Turn Lane,Daylight,No Defects,"Two-way, Divided, Positive Median Barrier",Dry,Clear,Four o'clock,Police Vehicle/Non Emergency,Disabling,N,Making U Turn,2015-03-25 10:30,23,39.3128383,-76.6466479
5922,N,Apparently Normal,No Misuse,Y,No Injury,10d6874e-e994-44f3-8015-23867fa86cc3,D,ADF5040003,Shoulder/Lap Belt(s),M,019a539f-53b0-45c7-bf0e-b94bbe2b4764,Head On,N,Non Intersection,Left Turn Lane,Daylight,No Defects,"Two-way, Not Divided",Snow,Snow,Twelve o'clock,Recreational Vehicle,Superficial,N,Making Right Turn,2015-01-06 11:15,30,39.30399364,-76.62282586
5923,N,Apparently Normal,No Misuse,N,No Injury,7992334c-70b5-4d82-a6fc-ab068d7764b4,D,ADF521000G,Shoulder/Lap Belt(s),M,2cd30547-6b22-4f17-a06b-aca7dabaa831,Opposite Direction Sideswipe,N,Non Intersection,Right Turn Lane,Daylight,No Defects,"Two-way, Divided, Positive Median Barrier",Dry,Clear,Three o'clock,Passenger Car,Superficial,N,Moving Constant Speed,2015-03-28 10:35,59,39.35765334,-76.65425062
5924,N,Apparently Normal,No Misuse,Y,No Injury,229f3478-c559-47cb-b3fd-c3b40c1fbe54,D,ADF521000G,Shoulder/Lap Belt(s),M,989b7b90-e13a-4bbb-ae87-0a66c7ced448,Opposite Direction Sideswipe,N,Non Intersection,Right Turn Lane,Daylight,No Defects,"Two-way, Divided, Positive Median Barrier",Dry,Clear,Twelve o'clock,Passenger Car,Functional,N,Moving Constant Speed,2015-03-28 10:35,56,39.35765334,-76.65425062