KEY_INDEX,CDL_FLAG,CONDITION_CODE,EQUIP_PROB_CODE,FAULT_FLAG,INJ_SEVER_CODE,PERSON_ID,PERSON_TYPE,REPORT_NO,SAF_EQUIP_CODE,SEX_CODE,VEHICLE_ID,COLLISION_TYPE_CODE,C_M_ZONE_FLAG,JUNCTION_CODE,LANE_CODE,LIGHT_CODE,RD_COND_CODE,RD_DIV_CODE,SURF_COND_CODE,WEATHER_CODE,AREA_DAMAGED_CODE_MAIN,BODY_TYPE_CODE,DAMAGE_CODE,HIT_AND_RUN_FLAG,MOVEMENT_CODE,TIME,AGE,LATITUDE,LONGITUDE
5985,N,Apparently Normal,No Misuse,Y,No Injury,3df3ed18-627d-4f2a-b6b2-eeed4027188b,D,ADH1180002,Shoulder/Lap Belt(s),M,4b02cfab-9670-4588-900e-9ded576b2ea3,Same Direction Rear End,N,Non Intersection,Right Turn Lane,Dark Lights On,No Defects,"Two-way, Not Divided",Dry,Clear,Twelve o'clock,Passenger Car,Functional,N,Moving Constant Speed,2015-01-10 02:56,33,39.31218821,-76.59324646
5986,N,Apparently Normal,No Misuse,N,No Injury,60f03d18-bb0e-400f-8abe-ca52b9e9c38b,D,ADH1410001,Shoulder/Lap Belt(s),M,39a4588e-7fd1-4bfd-8bd3-0e6114a5b6ba,Same Direction Sideswipe,N,Intersection Related,Right Turn Lane,Dark Lights On,No Defects,"Two-way, Divided, Unprotected (painted >4 feet) Median",Dry,Clear,Four o'clock,Passenger Car,Functional,N,Slowing or Stopping,2015-03-01 02:18,30,39.28677332,-76.61074519
5987,N,Apparently Normal,No Misuse,Y,No Injury,5c72039b-c51d-438d-ab88-5a97b24823f0,D,ADH1410002,Shoulder/Lap Belt(s),M,4effa4b2-032c-49b6-857b-074923dffc8e,Same Movement Angle,N,Intersection,Right Turn Lane,Dusk,No Defects,"Two-way, Divided, Unprotected (painted >4 feet) Median",Ice,Clear,Twelve o'clock,(Sport) Utility Vehicle,Destroyed,N,Moving Constant Speed,2015-03-02 06:20,55,39.28646607,-76.61489725
5988,N,Apparently Normal,No Misuse,N,Non-incapacitating Injury,476498fc-ac4c-4929-9293-e471d238cf9b,D,ADH1410002,Shoulder/Lap Belt(s),M,92a7f52e-6720-44a6-8c07-afa6cde4da12,Same Movement Angle,N,Intersection,Right Turn Lane,Dusk,No Defects,"Two-way, Divided, Unprotected (painted >4 feet) Median",Ice,Clear,Twelve o'clock,(Sport) Utility Vehicle,Destroyed,N,Moving Constant Speed,2015-03-02 06:20,58,39.28646607,-76.61489725
5989,N,Apparently Normal,No Misuse,N,No Injury,d1127425-3c55-4845-8b7a-4a7784534b4c,D,ADH1500002,Shoulder/Lap Belt(s),M,348955e6-2914-4d73-89dc-f0b3bd22551d,Single Vehicle ,N,Intersection,Right Turn Lane,Dark Lights On,No Defects,"Two-way, Not Divided",Dry,Clear,Six o'clock,Police Vehicle/Non Emergency,No Damage,N,Backing,2015-01-19 18:20,26,39.2898395,-76.65151209
5990,Y,Apparently Normal,No Misuse,N,No Injury,4e88c9e9-00ff-413e-81e4-ab88dd2eabde,D,ADH1500005,Shoulder/Lap Belt(s),M,d06a81ac-eb40-4e19-a8be-576bd2c13b31,Same Movement Angle,N,Intersection,Right Turn Lane,Daylight,No Defects,"Two-way, Divided, Positive Median Barrier",Dry,Clear,Eight o'clock,"Medium/Heavy Truck 2 axles (10,000 lbs (4,536 kg) or less)",No Damage,N,Making Left Turn,2015-02-11 09:09,59,39.2996599,-76.56331301
5991,N,Apparently Normal,No Misuse,Y,No Injury,1ff8ede5-9345-451b-b043-340ca11f354f,D,ADH1500005,Shoulder/Lap Belt(s),M,1aaf9c90-fd21-4af0-8684-3e8ac0e8a87d,Same Movement Angle,N,Intersection,Right Turn Lane,Daylight,No Defects,"Two-way, Divided, Positive Median Barrier",Dry,Clear,Twelve o'clock,Police Vehicle/Emergency,Disabling,N,Making U Turn,2015-02-11 09:09,24,39.2996599,-76.56331301
5992,N,Apparently Normal,No Misuse,N,No Injury,18b698b9-6c2c-4a7e-8705-163337f338c7,D,ADH1670003,Shoulder/Lap Belt(s),M,6bfbeb5d-c4cd-4d7c-bc39-e8c75aac1200,Same Direction Sideswipe,N,Non Intersection,Left Turn Lane,Dark Lights On,No Defects,"Two-way, Divided, Positive Median Barrier",Dry,Cloudy,Four o'clock,Van,Functional,N,Moving Constant Speed,2015-01-11 18:30,52,39.25125653,-76.64589286
5993,Y,Apparently Normal,No Misuse,N,No Injury,9fac69f5-6114-4593-9a5b-adfb07e902a2,D,ADH2200004,Shoulder/Lap Belt(s),M,4c02a67f-f731-464b-a8f5-2b7f6cb4b816,Same Direction Rear End,N,Non Intersection,Right Turn Lane,Dusk,No Defects,"Two-way, Divided, Unprotected (painted >4 feet) Median",Snow,Snow,Six o'clock,Fire Vehicle/Emergency,Superficial,N,Moving Constant Speed,2015-02-16 17:49,38,39.35333952,-76.68592215
5994,N,Apparently Normal,No Misuse,N,No Injury,3dd9bd3b-98b9-448d-a4fb-a675cb29752a,D,ADH364000J,Shoulder/Lap Belt(s),M,03da29e0-c00c-459b-8a21-016939a394e9,Angle Meets Right Turn,N,Intersection,Right Turn Lane,Dark Lights On,No Defects,"Two-way, Not Divided",Wet,Raining,Twelve o'clock,Passenger Car,Disabling,N,Slowing or Stopping,2015-01-12 23:29,32,39.28620034,-76.5778935
5995,Y,Apparently Normal,No Misuse,N,No Injury,d878d5f4-21c1-4c5a-bc16-530e6abbcd51,D,ADH364000L,Shoulder/Lap Belt(s),M,b249aeaf-223d-4f3a-85f6-ecf62e1818d7,Same Movement Angle,N,Intersection,Right Turn Lane,Dark Lights On,No Defects,One-way Trafficway,Dry,Clear,Twelve o'clock,Police Vehicle/Non Emergency,Functional,N,Moving Constant Speed,2015-01-25 02:10,45,39.29384795,-76.64721787
5996,N,Apparently Normal,No Misuse,N,No Injury,f97ec527-5f55-4b39-8f0a-947e6d093c2f,D,ADH364000S,Shoulder/Lap Belt(s),M,15442577-a397-4e32-9826-7f1ededbdb3e,Same Movement Angle,N,Intersection,Right Turn Lane,Dark Lights On,No Defects,"Two-way, Not Divided",Dry,Clear,One o'clock,Police Vehicle/Non Emergency,Functional,N,Moving Constant Speed,2015-02-19 00:38,42,39.28578099,-76.65602624
5997,N,Apparently Normal,No Misuse,Y,No Injury,a1203c6b-9411-4c92-95e7-aa3809af0d81,D,ADH364000S,Shoulder/Lap Belt(s),M,c4af981c-c0eb-4d60-8bbb-914d6d903a40,Same Movement Angle,N,Intersection,Right Turn Lane,Dark Lights On,No Defects,"Two-way, Not Divided",Dry,Clear,Twelve o'clock,(Sport) Utility Vehicle,Functional,N,Skidding,2015-02-19 00:38,32,39.28578099,-76.65602624
5998,N,Apparently Normal,No Misuse,N,No Injury,5c766ea6-657d-4dcd-ad5d-747ca5a7504f,D,ADH5040005,Shoulder/Lap Belt(s),M,d3ef897c-40f7-4a38-8cba-9e27731f826e,Same Direction Right Turn,N,Non Intersection,Left Turn Lane,Dark Lights On,No Defects,"Two-way, Divided, Positive Median Barrier",Dry,Clear,Ten o'clock,Passenger Car,Functional,N,Moving Constant Speed,2015-03-17 02:09,60,39.35938709,-76.65710449
5999,N,Apparently Normal,No Misuse,Y,No Injury,9c2e7597-c615-484a-8437-7c6fd4bab5be,D,ADH5040005,Shoulder/Lap Belt(s),M,f288dfdc-c29a-458b-93ff-54d67841c4d9,Same Direction Right Turn,N,Non Intersection,Left Turn Lane,Dark Lights On,No Defects,"Two-way, Divided, Positive Median Barrier",Dry,Clear,One o'clock,Passenger Car,Disabling,N,Moving Constant Speed,2015-03-17 02:09,20,39.35938709,-76.65710449
6000,N,Apparently Normal,No Misuse,N,No Injury,52675f28-b076-470e-99a1-bad277d0d369,D,ADH5140001,Shoulder/Lap Belt(s),M,d577ddfa-253b-4d99-8a08-2965288bb75f,Single Vehicle ,N,Non Intersection,Left Turn Lane,Daylight,No Defects,"Two-way, Divided, Positive Median Barrier",Wet,Raining,Twelve o'clock,Passenger Car,Disabling,N,Moving Constant Speed,2015-01-04 11:00,40,39.33197386,-76.64238453
6001,N,Apparently Normal,No Misuse,N,No Injury,4d9b4115-ce14-4624-9569-c722f5fcee33,D,ADH5140002,Shoulder/Lap Belt(s),M,704207b9-744e-4273-9ece-69b64d2acac5,Single Vehicle ,N,Non Intersection,Left Turn Lane,Dark Lights On,No Defects,"Two-way, Not Divided",Dry,Clear,Eleven o'clock,Passenger Car,Superficial,N,Moving Constant Speed,2015-01-17 18:29,24,39.36319041,-76.59670651
6002,N,Apparently Normal,No Misuse,N,No Injury,7d8d2c8a-238c-4606-9d14-9ca08e67cb25,D,ADH5140003,Shoulder/Lap Belt(s),M,74af5700-158c-4784-8729-a3e64cc0514e,Same Direction Rear End,N,Non Intersection,Right Turn Lane,Dark Lights On,No Defects,"Two-way, Not Divided",Wet,Clear,Six o'clock,Passenger Car,Disabling,N,Slowing or Stopping,2015-01-18 19:54,69,39.33653794,-76.60950065
6003,N,Apparently Normal,No Misuse,Y,No Injury,ae720971-809f-461d-a7e1-bfc9ba2bd849,D,ADH5140003,Shoulder/Lap Belt(s),M,f4b7ab05-5107-4f9b-bb81-b85bc98921b7,Same Direction Rear End,N,Non Intersection,Right Turn Lane,Dark Lights On,No Defects,"Two-way, Not Divided",Wet,Clear,Eleven o'clock,Pickup Truck,Superficial,N,Moving Constant Speed,2015-01-18 19:54,65,39.33653794,-76.60950065
6004,N,Apparently Normal,No Misuse,N,No Injury,a3e79f9d-be51-4477-ac06-41d828519847,D,ADH5520001,Shoulder/Lap Belt(s),M,b427d08c-22c2-4e86-8614-9849cd30f4fe,Same Direction Sideswipe,N,Non Intersection,Left Turn Lane,Dark Lights On,No Defects,"Two-way, Not Divided",Wet,Raining,Ten o'clock,Passenger Car,Superficial,N,Moving Constant Speed,2015-01-12 22:20,64,39.32510227,-76.67094469
6005,N,Apparently Normal,No Misuse,Y,No Injury,573c2e78-16d5-4848-8604-3edeff5ec0e4,D,ADH6080001,Shoulder/Lap Belt(s),M,b54a8d11-1b2c-42da-80c9-42001289f585,Same Direction Sideswipe,N,Non Intersection,Left Turn Lane,Daylight,No Defects,One-way Trafficway,Dry,Clear,Three o'clock,Pickup Truck,Superficial,N,Moving Constant Speed,2015-01-15 09:21,60,39.29008653,-76.59987688
6006,N,Apparently Normal,No Misuse,N,No Injury,17982c90-9a16-4bcc-a342-dce742707335,D,ADH6080009,Shoulder/Lap Belt(s),M,8cf1044f-b7f4-4116-92c6-a053d55421fb,Same Direction Sideswipe,N,Non Intersection,Right Turn Lane,Dark Lights On,No Defects,"Two-way, Not Divided",Dry,Clear,Eight o'clock,Passenger Car,Superficial,N,Moving Constant Speed,2015-02-27 22:40,37,39.28427378,-76.60116434
6007,N,Apparently Normal,No Misuse,Y,No Injury,02fae45a-5c16-4984-85d5-8cd6eff7b4f3,D,ADH6080009,Shoulder/Lap Belt(s),M,0b866013-b8d0-4126-a75e-a866a0957696,Same Direction Sideswipe,N,Non Intersection,Right Turn Lane,Dark Lights On,No Defects,"Two-way, Not Divided",Dry,Clear,Three o'clock,Passenger Car,Superficial,N,Accelerating,2015-02-27 22:40,44,39.28427378,-76.60116434
6008,N,Apparently Normal,No Misuse,N,No Injury,21f74a26-985b-44e6-a5d1-2558da5925cd,D,ADH608000C,Shoulder/Lap Belt(s),M,de30dabb-cce9-4e1d-a94d-b9f04f971dea,Same Movement Angle,N,Intersection,Left Turn Lane,Daylight,No Defects,"Two-way, Not Divided",Dry,Clear,Seven o'clock,Passenger Car,Superficial,N,Accelerating,2015-03-07 16:30,64,39.28922295,-76.53913021
6009,N,Apparently Normal,No Misuse,N,No Injury,d6c20357-790f-41ae-8d30-ff5f99e27d40,D,ADH6400003,Shoulder/Lap Belt(s),M,07876fdb-fb42-4bbd-942c-c4d4cec7cfea,Single Vehicle ,N,Non Intersection,Right Turn Lane,Dark Lights On,No Defects,One-way Trafficway,Snow,Snow,Twelve o'clock,(Sport) Utility Vehicle,Disabling,N,Moving Constant Speed,2015-02-14 20:35,53,39.29374831,-76.62563682
6010,N,Apparently Normal,No Misuse,Y,No Injury,f8d04e7c-56b3-4e91-a201-b9660bf5cd67,D,ADH6460005,Shoulder/Lap Belt(s),M,b349658c-9177-4da2-8f80-b1ed9f2ae216,Same Direction Sideswipe,N,Non Intersection,Right Turn Lane,Daylight,No Defects,"Two-way, Not Divided",Wet,Clear,Two o'clock,Ambulance/Emergency,Functional,N,Moving Constant Speed,2015-02-19 13:40,45,39.34541632,-76.61998272
6011,N,Apparently Normal,No Misuse,Y,No Injury,57008f6d-850f-4ed1-a98e-c4c6d63fb4a2,D,ADH6750003,Shoulder/Lap Belt(s),M,19dd12f0-e2ff-43c5-a832-528346cb24a4,Single Vehicle ,N,Non Intersection,Right Turn Lane,Dark Lights On,No Defects,"Two-way, Not Divided",Snow,Wintry Mix,Twelve o'clock,Passenger Car,Disabling,N,Moving Constant Speed,2015-02-02 01:15,23,39.34806301,-76.62495017
6012,N,Apparently Normal,No Misuse,N,No Injury,b49509f9-0c54-40ba-8eda-06c395488b6c,D,ADH7110009,Shoulder/Lap Belt(s),M,48230839-2be1-40a0-a1fc-e689713919f0,Same Movement Angle,N,Intersection,Right Turn Lane,Daylight,No Defects,"Two-way, Not Divided",Dry,Clear,Two o'clock,Passenger Car,Disabling,N,Moving Constant Speed,2015-02-05 10:43,29,39.31251921,-76.64534569
6013,N,Apparently Normal,No Misuse,N,No Injury,0f35df4b-16f1-41fd-9e71-574fc13a806e,D,ADH711000B,Shoulder/Lap Belt(s),M,912098c0-b112-4206-9c1f-fdc50729144c,Same Movement Angle,N,Intersection,Right Turn Lane,Dark Lights On,No Defects,"Two-way, Not Divided",Wet,Raining,Nine o'clock,(Sport) Utility Vehicle,Destroyed,N,Moving Constant Speed,2015-02-09 21:43,38,39.31391375,-76.65013075
6014,N,Apparently Normal,No Misuse,N,No Injury,e4ec8a20-6b94-4e6b-bbe1-bf2355e9c696,D,ADH7370005,Shoulder/Lap Belt(s),M,ba0e021e-cb23-44e1-b49d-2ad2e6dd8276,Same Direction Rear End,N,Non Intersection,Right Turn Lane,Dusk,No Defects,One-way Trafficway,Dry,Clear,Six o'clock,Passenger Car,Disabling,N,Moving Constant Speed,2015-03-30 06:20,55,39.34298525,-76.69283152
6015,N,Apparently Normal,No Misuse,Y,Possible Incapacitating Injury,149aa4f8-a1dd-418c-9435-bd8df7503fae,D,ADH7370005,Shoulder/Lap Belt(s),M,8986c9e9-85bf-474a-8ec2-5c79698be2dd,Same Direction Rear End,N,Non Intersection,Right Turn Lane,Dusk,No Defects,One-way Trafficway,Dry,Clear,Twelve o'clock,Passenger Car,Functional,N,Moving Constant Speed,2015-03-30 06:20,51,39.34298525,-76.69283152
6016,N,Apparently Normal,No Misuse,N,No Injury,f8b30cb3-969b-42c7-8da9-c1c0567d0c6d,D,ADH7470008,Shoulder/Lap Belt(s),M,bf3c1e48-947e-4656-915d-99e6a8881a17,Same Direction Rear End,N,Non Intersection,Right Turn Lane,Dark Lights On,No Defects,One-way Trafficway,Dry,Clear,Six o'clock,(Sport) Utility Vehicle,Functional,N,Moving Constant Speed,2015-01-15 22:00,46,39.28699753,-76.60391092
6017,N,Apparently Normal,No Misuse,N,No Injury,77731165-8bce-4f83-9597-6dd6ada025d3,D,ADH7980005,Shoulder/Lap Belt(s),M,a1f7b8c6-d298-477f-862b-6471e8526c33,Same Direction Rear End,N,Non Intersection,Left Turn Lane,Daylight,No Defects,"Two-way, Divided, Positive Median Barrier",Wet,Clear,Six o'clock,(Sport) Utility Vehicle,Functional,N,Stopped in Traffic Lane,2015-02-23 15:10,53,39.3179561,-76.64687991
6018,N,Apparently Normal,No Misuse,N,No Injury,ac33bd17-0d02-4ed8-9faf-8ac137b99a1d,D,ADH7980006,Shoulder/Lap Belt(s),M,b6c4790f-6ba0-4473-9726-802d14f9217a,Same Direction Sideswipe,N,Non Intersection,Right Turn Lane,Daylight,No Defects,"Two-way, Divided, Positive Median Barrier",Dry,Clear,Ten o'clock,Passenger Car,Superficial,N,Moving Constant Speed,2015-02-23 15:46,23,39.31827151,-76.65235162
6019,N,Apparently Normal,No Misuse,N,No Injury,b453dd4e-2741-4eb2-aad5-1f363e38fb2f,D,ADH846000H,Shoulder/Lap Belt(s),M,1a30f809-660e-4ae4-963d-482513a1cf36,Opposite Direction Sideswipe,N,Non Intersection,Right Turn Lane,Daylight,No Defects,"Two-way, Not Divided",Wet,Raining,Ten o'clock,(Sport) Utility Vehicle,Superficial,N,Moving Constant Speed,2015-03-27 09:45,39,39.27637706,-76.54076099
6020,N,Apparently Normal,No Misuse,Y,No Injury,36955d86-48f1-483c-8aab-0415aaf1b944,D,ADH846000H,Shoulder/Lap Belt(s),M,54ec3538-c1ae-4473-bdb5-5fcdac748558,Opposite Direction Sideswipe,N,Non Intersection,Right Turn Lane,Daylight,No Defects,"Two-way, Not Divided",Wet,Raining,Nine o'clock,Van,Superficial,N,Moving Constant Speed,2015-03-27 09:45,49,39.27637706,-76.54076099
6021,N,Apparently Normal,No Misuse,Y,No Injury,b7214168-7c51-4cdf-ae60-83b6149b5b94,D,ADH8570003,Shoulder/Lap Belt(s),M,fa2b80ca-56a8-4735-9816-7704ec57959e,Same Direction Rear End,N,Non Intersection,Right Turn Lane,Dark Lights On,No Defects,"Two-way, Divided, Positive Median Barrier",Dry,Clear,Twelve o'clock,Passenger Car,Disabling,N,Moving Constant Speed,2015-03-29 02:00,31,39.28724042,-76.59364611
6022,N,Apparently Normal,No Misuse,N,No Injury,a22b2795-9cfc-49d3-86b2-fa75a110611d,D,ADH8940001,Shoulder/Lap Belt(s),M,0d1e9216-098c-4bd4-82cd-dae63551c769,Head On Left Turn,N,Intersection,Right Turn Lane,Daylight,No Defects,"Two-way, Not Divided",Ice,Wintry Mix,Eleven o'clock,Van,Destroyed,N,Moving Constant Speed,2015-01-07 16:00,47,39.31447301,-76.61263347
6023,N,Apparently Normal,No Misuse,N,No Injury,643e56ef-01d9-44a5-9d88-f57ae732eaa3,D,ADH9510001,Shoulder/Lap Belt(s),M,0a387511-d76d-40e1-8099-0cb0b95845ea,Same Direction Rear End Left Turn,N,Intersection Related,Left Turn Lane,Daylight,No Defects,"Two-way, Not Divided",Snow,Snow,Six o'clock,Passenger Car,Superficial,N,Stopped in Traffic Lane,2015-01-21 14:14,33,39.33754408,-76.63748413
6024,N,Apparently Normal,No Misuse,N,No Injury,96d6cae6-9af2-4d67-b091-6610a8254c11,D,ADH9510006,Shoulder/Lap Belt(s),M,03676e44-1bb1-4713-84ba-c9c3ffadcdfd,Same Direction Rear End,N,Non Intersection,Right Turn Lane,Daylight,No Defects,One-way Trafficway,Dry,Clear,Twelve o'clock,Ambulance/Emergency,Superficial,N,Slowing or Stopping,2015-02-06 12:47,35,39.32880182,-76.54169172
6025,Y,Apparently Normal,No Misuse,Y,No Injury,acca408a-14b8-4d70-b074-956f2f353745,D,ADH9510006,Shoulder/Lap Belt(s),M,bf31ca1a-8821-4dca-8334-9616a8c3771c,Same Direction Rear End,N,Non Intersection,Right Turn Lane,Daylight,No Defects,One-way Trafficway,Dry,Clear,Six o'clock,Truck Tractor,Superficial,N,Backing,2015-02-06 12:47,25,39.32880182,-76.54169172
6026,N,Apparently Normal,No Misuse,Y,No Injury,aac2f0d2-1e1b-486f-8dfe-c9e98ccd137f,D,ADH951000C,Shoulder/Lap Belt(s),M,6df7f679-ea67-432c-87bc-4c06a78c4b02,Same Direction Sideswipe,N,Non Intersection,Left Turn Lane,Daylight,No Defects,"Two-way, Divided, Positive Median Barrier",Dry,Clear,Ten o'clock,Passenger Car,Superficial,N,Changing Lanes,2015-03-21 13:44,31,39.33340973,-76.58888787
6027,N,Apparently Normal,No Misuse,N,Incapacitating/Disabled Injury,d8091157-d31c-4b29-a827-d7d3e3ccfd3d,D,ADH951000C,Shoulder/Lap Belt(s),M,c1c8b8e1-d25c-44ce-9427-78b1f75017c9,Same Direction Sideswipe,N,Non Intersection,Left Turn Lane,Daylight,No Defects,"Two-way, Divided, Positive Median Barrier",Dry,Clear,Two o'clock,Passenger Car,Superficial,N,Moving Constant Speed,2015-03-21 13:44,47,39.33340973,-76.58888787
6028,N,Apparently Normal,No Misuse,Y,No Injury,3f37d2d9-22a5-4e2b-9ed9-e9917d84730d,D,ADH9910018,Shoulder/Lap Belt(s),M,b1536d72-6248-46d2-8b2e-e2dbe467a165,Same Direction Rear End,N,Intersection Related,Right Turn Lane,Dark Lights On,No Defects,"Two-way, Divided, Unprotected (painted >4 feet) Median",Wet,Snow,Twelve o'clock,Passenger Car,No Damage,N,Moving Constant Speed,2015-03-04 21:30,29,39.30239135,-76.6158092
6029,N,Apparently Normal,No Misuse,N,No Injury,e4f0ed12-285b-4598-ac5c-0f7467bce3e3,D,ADI0020003,Shoulder/Lap Belt(s),M,22c7806b-707c-4309-b70d-7d94a86a81e9,Single Vehicle ,N,Intersection,Right Turn Lane,Daylight,No Defects,"Two-way, Divided, Unprotected (painted >4 feet) Median",Ice,Snow,Twelve o'clock,Passenger Car,Disabling,N,Moving Constant Speed,2015-02-26 07:10,45,39.32286554,-76.59735963
6030,N,Apparently Normal,No Misuse,N,No Injury,5e7a26de-f8e2-41ed-b297-925fad07bc0d,D,ADI0540008,Shoulder/Lap Belt(s),M,ec277a2d-8125-4da7-b390-ca7b35c3e887,Head On Left Turn,N,Intersection,Right Turn Lane,Dark Lights On,No Defects,"Two-way, Divided, Positive Median Barrier",Wet,Raining,Eleven o'clock,Passenger Car,Superficial,N,Moving Constant Speed,2015-03-10 20:00,70,39.32835557,-76.59524202
6031,N,Apparently Normal,No Misuse,N,No Injury,65777353-24a0-42b0-8e30-f89f7f8459ce,D,ADI0730006,Shoulder/Lap Belt(s),M,a79b6467-aaea-425c-8b41-6c22bfac79a2,Same Direction Rear End,N,Non Intersection,Left Turn Lane,Daylight,No Defects,One-way Trafficway,Wet,Clear,Six o'clock,Passenger Car,Superficial,N,Moving Constant Speed,2015-02-28 08:00,36,39.28636227,-76.61958039
6032,N,Apparently Normal,No Misuse,Y,No Injury,ee6ea347-5c05-423b-9018-4e482bed2afb,D,ADI0730006,Shoulder/Lap Belt(s),M,2e44cb49-21da-4bb3-9a28-845d93666fa3,Same Direction Rear End,N,Non Intersection,Left Turn Lane,Daylight,No Defects,One-way Trafficway,Wet,Clear,Twelve o'clock,Passenger Car,Disabling,N,Moving Constant Speed,2015-02-28 08:00,23,39.28636227,-76.61958039
6033,N,Apparently Normal,No Misuse,N,No Injury,25b5c8d1-fcef-4d7d-911c-ac1df0ad7a15,D,ADI096000C,Shoulder/Lap Belt(s),M,887b7c1a-44fc-439f-9f11-609338e5ac48,Same Direction Rear End,N,Non Intersection,Right Turn Lane,Daylight,No Defects,"Two-way, Divided, Unprotected (painted >4 feet) Median",Dry,Clear,Six o'clock,Passenger Car,Superficial,N,Moving Constant Speed,2015-03-12 09:05,30,39.35377091,-76.69896841
6034,N,Apparently Normal,No Misuse,N,No Injury,f042574f-687c-4e8f-a4de-e4d2950dbcff,D,ADI1100005,Shoulder/Lap Belt(s),M,aabb0158-8718-47df-af94-101ad1c93274,Same Direction Rear End,N,Intersection Related,Right Turn Lane,Daylight,No Defects,"Two-way, Divided, Positive Median Barrier",Wet,Cloudy,Six o'clock,Passenger Car,Superficial,N,Moving Constant Speed,2015-01-24 15:00,30,39.30930253,-76.66208267
6035,N,Apparently Normal,No Misuse,Y,No Injury,42d29bfa-c0a1-48ac-bc2b-24702c4ed31d,D,ADI1100005,Shoulder/Lap Belt(s),M,c588f8ea-c55f-4a51-9219-6665484ace3e,Same Direction Rear End,N,Intersection Related,Right Turn Lane,Daylight,No Defects,"Two-way, Divided, Positive Median Barrier",Wet,Cloudy,Twelve o'clock,(Sport) Utility Vehicle,Superficial,N,Moving Constant Speed,2015-01-24 15:00,34,39.30930253,-76.66208267
6036,Y,Apparently Normal,No Misuse,N,No Injury,2d96f70c-229a-4a9d-bcf6-bee336bff055,D,ADI1180001,Shoulder/Lap Belt(s),M,da5413f4-e2aa-4240-85e2-35444eaa9741,Same Direction Rear End,N,Non Intersection,Right Turn Lane,Daylight,No Defects,"Two-way, Divided, Unprotected (painted >4 feet) Median",Dry,Clear,Seven o'clock,School Bus,Superficial,N,Slowing or Stopping,2015-01-28 14:50,62,39.31333269,-76.61377072
6037,N,Apparently Normal,No Misuse,N,No Injury,c135b5aa-63c2-4d63-9a3a-2c7b0cb30234,D,ADI2210001,Shoulder/Lap Belt(s),M,6f506027-9e39-4e1c-bd60-50c1c8e48250,Same Movement Angle,N,Intersection,Right Turn Lane,Daylight,No Defects,"Two-way, Not Divided",Snow,Snow,Seven o'clock,Passenger Car,Superficial,N,Moving Constant Speed,2015-01-21 14:10,28,39.31291765,-76.65008783
6038,N,Apparently Normal,No Misuse,N,No Injury,8c9a851f-db41-4520-bc2b-c07f774a7ef3,D,ADI221000C,Shoulder/Lap Belt(s),M,f44cd9b6-e1bc-41eb-b24c-220001935e4f,Same Movement Angle,N,Intersection,Right Turn Lane,Daylight,No Defects,"Two-way, Divided, Positive Median Barrier",Dry,Clear,Seven o'clock,Passenger Car,Superficial,N,Moving Constant Speed,2015-03-21 12:33,30,39.31738338,-76.64983034
6039,Y,Apparently Normal,No Misuse,N,No Injury,83901a1c-8f4b-4f7b-8bdf-180535ab76d4,D,ADI221000D,Shoulder/Lap Belt(s),M,6c2ce29f-7cf7-4e6d-8792-e18d96465b9b,Same Direction Rear End,N,Non Intersection,Acceleration Lane,Daylight,No Defects,"Two-way, Divided, Positive Median Barrier",Wet,Raining,Six o'clock,"Medium/Heavy Truck 2 axles (10,000 lbs (4,536 kg) or less)",No Damage,N,Slowing or Stopping,2015-03-26 13:35,44,39.30933158,-76.65804863
6040,N,Apparently Normal,No Misuse,Y,No Injury,ca2a1af3-2b2b-4f79-b750-864d97046b88,D,ADI221000D,Shoulder/Lap Belt(s),M,c7eff4fb-98ae-4790-a195-def56de8dfa7,Same Direction Rear End,N,Non Intersection,Acceleration Lane,Daylight,No Defects,"Two-way, Divided, Positive Median Barrier",Wet,Raining,Twelve o'clock,Van,Disabling,N,Moving Constant Speed,2015-03-26 13:35,26,39.30933158,-76.65804863
6041,N,Apparently Normal,No Misuse,Y,No Injury,74016f6f-9a95-493e-b4be-8b90bdc9649f,D,ADI2590003,Shoulder/Lap Belt(s),M,0a06a7b3-b2e3-4e02-af48-4122661a76a0,Same Direction Rear End,N,Intersection,Right Turn Lane,Daylight,No Defects,"Two-way, Divided, Positive Median Barrier",Dry,Clear,Twelve o'clock,(Sport) Utility Vehicle,Superficial,N,Slowing or Stopping,2015-01-24 13:55,67,39.29956857,-76.56341493
6042,N,Apparently Normal,No Misuse,N,Possible Incapacitating Injury,ef1e7f26-39e1-4a83-bced-290b3ff3c070,D,ADI2590003,Shoulder/Lap Belt(s),M,1b2742c9-d027-4c01-8278-7d9e5335f900,Same Direction Rear End,N,Intersection,Right Turn Lane,Daylight,No Defects,"Two-way, Divided, Positive Median Barrier",Dry,Clear,Six o'clock,Passenger Car,Superficial,N,Stopped in Traffic Lane,2015-01-24 13:55,49,39.29956857,-76.56341493
6043,N,Apparently Normal,No Misuse,N,No Injury,78cb0dc0-a774-4259-b986-e91a531d569a,D,ADI2800006,Shoulder/Lap Belt(s),M,67aa3417-0822-4963-9dce-53519dc1102f,Same Direction Sideswipe,N,Intersection Related,Left Turn Lane,Dark - Unknown Lighting,No Defects,"Two-way, Not Divided",Dry,Clear,Two o'clock,Pickup Truck,Functional,N,Stopped in Traffic Lane,2015-03-12 02:30,48,39.32823108,-76.60955429