KEY_INDEX,CDL_FLAG,CONDITION_CODE,EQUIP_PROB_CODE,FAULT_FLAG,INJ_SEVER_CODE,PERSON_ID,PERSON_TYPE,REPORT_NO,SAF_EQUIP_CODE,SEX_CODE,VEHICLE_ID,COLLISION_TYPE_CODE,C_M_ZONE_FLAG,JUNCTION_CODE,LANE_CODE,LIGHT_CODE,RD_COND_CODE,RD_DIV_CODE,SURF_COND_CODE,WEATHER_CODE,AREA_DAMAGED_CODE_MAIN,BODY_TYPE_CODE,DAMAGE_CODE,HIT_AND_RUN_FLAG,MOVEMENT_CODE,TIME,AGE,LATITUDE,LONGITUDE
6044,N,Apparently Normal,No Misuse,N,No Injury,81f9a27f-8706-4d9b-8800-287500417886,D,ADI3060003,Shoulder/Lap Belt(s),M,427cf485-db06-4237-a544-b422a966d58f,Same Direction Both Left Turn,N,Intersection,Left Turn Lane,Daylight,No Defects,"Two-way, Not Divided",Wet,Raining,Two o'clock,Pickup Truck,Superficial,N,Moving Constant Speed,2015-03-20 12:30,43,39.28713454,-76.62802935
6045,Y,Apparently Normal,No Misuse,N,No Injury,fc2ae157-ede0-4d25-b45e-03a26360e366,D,ADI314000C,Shoulder/Lap Belt(s),M,98608844-78f9-4c06-8ceb-613520579d5f,Same Direction Left Turn,N,Non Intersection,Right Turn Lane,Daylight,No Defects,"Two-way, Not Divided",Dry,Cloudy,One o'clock,"Other Light Trucks (10,000 lbs (4,536 kg))",Superficial,N,Moving Constant Speed,2015-03-16 12:20,47,39.34105195,-76.67389512
6046,N,Apparently Normal,No Misuse,Y,No Injury,28c15750-c43b-4738-823a-2bb44dd00192,D,ADI314000C,Shoulder/Lap Belt(s),M,138f47b3-49c6-4f2e-8376-6754f5117fc4,Same Direction Left Turn,N,Non Intersection,Right Turn Lane,Daylight,No Defects,"Two-way, Not Divided",Dry,Cloudy,Seven o'clock,Passenger Car,Superficial,Y,Changing Lanes,2015-03-16 12:20,23,39.34105195,-76.67389512
6047,N,Apparently Normal,No Misuse,N,No Injury,b15cd27b-9bf2-42b6-990d-7cfb9d2c7f7d,D,ADI3210003,Shoulder/Lap Belt(s),M,ba25209c-50d5-426c-8f1e-2fc0a6cbceea,Same Movement Angle,N,Non Intersection,Right Turn Lane,Daylight,No Defects,"Two-way, Divided, Positive Median Barrier",Dry,Clear,Twelve o'clock,Passenger Car,Disabling,N,Moving Constant Speed,2015-02-08 14:50,24,39.31063695,-76.63007051
6048,N,Apparently Normal,No Misuse,Y,No Injury,4bec1aa3-d32e-4068-85ad-efc27b24d43c,D,ADI3210003,Shoulder/Lap Belt(s),M,df6de373-c6ed-4e72-ab31-6fba8b7fa9d9,Same Movement Angle,N,Non Intersection,Right Turn Lane,Daylight,No Defects,"Two-way, Divided, Positive Median Barrier",Dry,Clear,Nine o'clock,Passenger Car,Superficial,N,Entering Traffic Lane,2015-02-08 14:50,23,39.31063695,-76.63007051
6049,N,Apparently Normal,No Misuse,N,No Injury,cc5eb344-afb0-4c91-a256-edd6a0984e1d,D,ADI3610001,Shoulder/Lap Belt(s),M,9c9c2df2-fb5e-4d86-9865-c1b64cfcc12b,Same Direction Rear End,N,Non Intersection,Left Turn Lane,Daylight,No Defects,"Two-way, Divided, Positive Median Barrier",Dry,Clear,Six o'clock,(Sport) Utility Vehicle,Functional,N,Stopped in Traffic Lane,2015-01-30 15:45,59,39.29973462,-76.64569974
6050,N,Apparently Normal,No Misuse,Y,No Injury,bdfa920e-86ca-48a4-bb4d-7eb5aa880c51,D,ADI3720001,Shoulder/Lap Belt(s),M,5cca7c8c-2c7b-421e-acbd-fefce8fd75ac,Single Vehicle ,N,Non Intersection,Right Turn Lane,Daylight,No Defects,"Two-way, Divided, Unprotected (painted >4 feet) Median",Dry,Clear,One o'clock,(Sport) Utility Vehicle,Functional,N,Moving Constant Speed,2015-01-28 12:30,55,39.34001838,-76.60046093
6051,N,Apparently Normal,No Misuse,N,No Injury,71fc80fc-3382-4834-bbf2-09064ba64f18,D,ADI3870008,Shoulder/Lap Belt(s),M,1181fa87-31c9-4c2d-be4e-d15c317910e8,Same Direction Left Turn,N,Non Intersection,Right Turn Lane,Daylight,No Defects,"Two-way, Divided, Unprotected (painted >4 feet) Median",Dry,Clear,Twelve o'clock,Passenger Car,Functional,N,Moving Constant Speed,2015-01-08 14:50,27,39.30557099,-76.59041405
6052,N,Apparently Normal,No Misuse,N,Possible Incapacitating Injury,1b26e0b2-79fc-4329-ad0b-73db0307fb06,D,ADI3880007,Shoulder/Lap Belt(s),M,bbd1a2f6-4d0f-4d1a-812a-f39cc5a8a149,Head On Left Turn,N,Intersection Related,Right Turn Lane,Daylight,No Defects,"Two-way, Divided, Positive Median Barrier",Dry,Clear,Twelve o'clock,Passenger Car,Disabling,N,Moving Constant Speed,2015-02-27 16:39,62,39.29500207,-76.60171822
6053,Y,Apparently Normal,No Misuse,N,No Injury,3be9b595-ae74-4348-907b-68606fa4fdae,D,ADI4440003,Shoulder/Lap Belt(s),M,f03460b0-401a-4616-8156-059ce2544370,Same Direction Rear End,N,Non Intersection,Right Turn Lane,Daylight,No Defects,"Two-way, Divided, Unprotected (painted >4 feet) Median",Dry,Cloudy,Six o'clock,Pickup Truck,Superficial,N,Stopped in Traffic Lane,2015-02-20 13:30,53,39.3624729,-76.60989761
6054,N,Apparently Normal,No Misuse,Y,No Injury,a183a653-d188-4553-9f71-0edadb19ba4e,D,ADI4440003,Shoulder/Lap Belt(s),M,aa6ae13d-3191-4546-9aac-9e3e7f6c39ac,Same Direction Rear End,N,Non Intersection,Right Turn Lane,Daylight,No Defects,"Two-way, Divided, Unprotected (painted >4 feet) Median",Dry,Cloudy,Twelve o'clock,Passenger Car,Superficial,N,Stopped in Traffic Lane,2015-02-20 13:30,44,39.3624729,-76.60989761
6055,N,Apparently Normal,No Misuse,N,No Injury,661a1625-0810-4c41-8943-e5abe2251381,D,ADI4520002,Shoulder/Lap Belt(s),M,92b3481b-ece9-45b4-9545-98757a45810f,Same Direction Rear End Right Turn,N,Non Intersection,Right Turn Lane,Daylight,No Defects,"Two-way, Divided, Unprotected (painted >4 feet) Median",Wet,Clear,Six o'clock,"Cargo Van/Light Truck 2 axles (10,000 lbs (4,536 kg) or less)",No Damage,N,Moving Constant Speed,2015-03-26 13:36,22,39.32394034,-76.67154551
6056,Y,Apparently Normal,No Misuse,N,No Injury,63a7a1a5-d2ad-4a2d-a5cf-c02c30f0ca8a,D,ADI4670005,Shoulder/Lap Belt(s),M,c032f24b-b949-494d-936f-6f583f3a2111,Same Direction Right Turn,N,Non Intersection,Left Turn Lane,Daylight,No Defects,"Two-way, Divided, Unprotected (painted >4 feet) Median",Wet,Clear,Ten o'clock,School Bus,Functional,N,Moving Constant Speed,2015-02-23 17:30,63,39.29469486,-76.60614252
6057,Y,Apparently Normal,No Misuse,Y,No Injury,4bae7ac1-4e21-4167-a238-218aefe30461,D,ADI4670005,Shoulder/Lap Belt(s),M,6690e6b0-8c0c-49b1-8141-30f11fe410d8,Same Direction Right Turn,N,Non Intersection,Left Turn Lane,Daylight,No Defects,"Two-way, Divided, Unprotected (painted >4 feet) Median",Wet,Clear,Two o'clock,"Cargo Van/Light Truck 2 axles (10,000 lbs (4,536 kg) or less)",Functional,N,Changing Lanes,2015-02-23 17:30,48,39.29469486,-76.60614252
6058,N,Apparently Normal,No Misuse,Y,No Injury,1c8a5da1-27c1-4680-9f5b-eef5800b703e,D,ADI467000D,Shoulder/Lap Belt(s),M,1f4f2feb-4c6c-4ed3-8a33-2c16bcf4509e,Same Movement Angle,N,Intersection,Acceleration Lane,Daylight,No Defects,"Two-way, Divided, Unprotected (painted >4 feet) Median",Wet,Raining,Twelve o'clock,Passenger Car,Functional,N,Moving Constant Speed,2015-03-14 13:30,42,39.30373835,-76.60786986
6059,N,Apparently Normal,No Misuse,Y,No Injury,bdfd9228-2770-40a4-9548-8b1cf5fda432,D,ADI4770001,Shoulder/Lap Belt(s),M,4015e8cd-a3b8-4a44-bfef-040ab09eaf50,Same Direction Right Turn,N,Intersection,Right Turn Lane,Daylight,No Defects,"Two-way, Not Divided",Dry,Clear,Four o'clock,Other Bus,Superficial,N,Making Right Turn,2015-01-13 12:00,46,39.26858213,-76.61506087
6060,N,Apparently Normal,No Misuse,Y,No Injury,5cecc248-dfbb-412c-83aa-393f0e817d89,D,ADI4770004,Shoulder/Lap Belt(s),M,863caf36-b4f7-4262-beeb-3d480499064c,Single Vehicle ,N,Intersection,Right Turn Lane,Dark Lights On,No Defects,"Two-way, Divided, Positive Median Barrier",Dry,Clear,Underside,Passenger Car,Disabling,N,Moving Constant Speed,2015-03-07 19:30,47,39.26222455,-76.61083236
6061,N,Apparently Normal,No Misuse,N,No Injury,ae82c5ea-39bb-4805-b255-474823cd5055,D,ADI4880003,Shoulder/Lap Belt(s),M,621f684b-797b-4bb6-8ef7-03c64a34ce05,Same Direction Sideswipe,N,Non Intersection,Right Turn Lane,Daylight,No Defects,"Two-way, Divided, Unprotected (painted >4 feet) Median",Dry,Clear,Ten o'clock,Pickup Truck,Superficial,N,Parked  ,2015-03-26 14:25,50,39.34161514,-76.53419897
6062,N,Apparently Normal,No Misuse,Y,No Injury,693e4b0a-6016-4e52-88ba-64e4bcefc6c5,D,ADI4880003,Shoulder/Lap Belt(s),M,5ccda019-d910-4b26-8488-6507748f2ac6,Same Direction Sideswipe,N,Non Intersection,Right Turn Lane,Daylight,No Defects,"Two-way, Divided, Unprotected (painted >4 feet) Median",Dry,Clear,Two o'clock,Pickup Truck,Superficial,N,Passing,2015-03-26 14:25,51,39.34161514,-76.53419897
6063,N,Apparently Normal,No Misuse,N,No Injury,624da4c4-6af6-40d7-a957-c17c9c452533,D,ADI5190001,Shoulder/Lap Belt(s),M,1aca8484-813d-4257-a905-857682e49b59,Same Direction Sideswipe,N,Non Intersection,Right Turn Lane,Daylight,No Defects,One-way Trafficway,Wet,Clear,Five o'clock,Passenger Car,Functional,N,Moving Constant Speed,2015-01-30 07:45,30,39.35101243,-76.64662778
6064,N,Apparently Normal,No Misuse,Y,No Injury,9ded0d06-38cf-4444-beb9-af939925fbe0,D,ADI5190001,Shoulder/Lap Belt(s),M,a4f23fb1-c0b8-43de-8339-9d52b866af59,Same Direction Sideswipe,N,Non Intersection,Right Turn Lane,Daylight,No Defects,One-way Trafficway,Wet,Clear,Eleven o'clock,Passenger Car,Disabling,N,Changing Lanes,2015-01-30 07:45,35,39.35101243,-76.64662778
6065,N,Apparently Normal,No Misuse,N,No Injury,4378a097-9ccd-4350-bff1-fc9c9ebcb806,D,ADI5190004,Shoulder/Lap Belt(s),M,f249c131-4714-4356-a95a-10435b91579a,Same Movement Angle,N,Intersection,Right Turn Lane,Dark Lights On,No Defects,"Two-way, Divided, Unprotected (painted >4 feet) Median",Snow,Snow,One o'clock,(Sport) Utility Vehicle,Functional,N,Accelerating,2015-02-16 22:30,38,39.31514847,-76.61952943
6066,N,Apparently Normal,No Misuse,N,No Injury,eec4a2b0-1715-44fb-b43d-bc20db22cea9,D,ADI5190006,Shoulder/Lap Belt(s),M,eb153195-3054-4364-891a-325e7790aec3,Same Direction Rear End,N,Non Intersection,Left Turn Lane,Dark Lights On,No Defects,"Two-way, Not Divided",Wet,Clear,Six o'clock,Passenger Car,Functional,N,Stopped in Traffic Lane,2015-02-17 22:10,25,39.336222,-76.649417
6067,N,Apparently Normal,No Misuse,N,No Injury,13289f77-9118-476e-9587-90256aee7dd4,D,ADI5190007,Shoulder/Lap Belt(s),M,172fb8ba-8f95-42c9-924d-3f8ed6a6fb43,Angle Meets Left Turn,N,Intersection,Right Turn Lane,Dark Lights On,No Defects,"Two-way, Divided, Unprotected (painted >4 feet) Median",Dry,Clear,Twelve o'clock,Passenger Car,Disabling,N,Moving Constant Speed,2015-02-19 18:15,61,39.36974308,-76.62587821
6068,N,Apparently Normal,No Misuse,Y,No Injury,a5e973a5-764f-49a9-be60-791df25223ef,D,ADI5190007,Shoulder/Lap Belt(s),M,c74caae4-cc18-4bdd-a582-d04c54789ce7,Angle Meets Left Turn,N,Intersection,Right Turn Lane,Dark Lights On,No Defects,"Two-way, Divided, Unprotected (painted >4 feet) Median",Dry,Clear,Three o'clock,Passenger Car,Disabling,N,Making Left Turn,2015-02-19 18:15,18,39.36974308,-76.62587821
6069,N,Apparently Normal,No Misuse,N,No Injury,3d2978a0-bc1d-48cb-960f-a5ec7a156471,D,ADI5190009,Shoulder/Lap Belt(s),M,71b29f30-daac-452e-b099-adae6ea547ec,Same Direction Rear End,N,Non Intersection,Left Turn Lane,Dusk,No Defects,"Two-way, Divided, Unprotected (painted >4 feet) Median",Ice,Wintry Mix,Six o'clock,Van,Superficial,N,Changing Lanes,2015-03-03 17:30,38,39.32203556,-76.60311162
6070,N,Apparently Normal,No Misuse,N,No Injury,cabff6b3-7f33-4d98-8b80-7d0b0aae2709,D,ADI5200003,Shoulder/Lap Belt(s),M,dbd25d28-5e4f-4e4e-ac04-271386595865,Same Direction Rear End,N,Intersection,Deceleration Lane,Daylight,No Defects,One-way Trafficway,Dry,Clear,Six o'clock,Passenger Car,No Damage,N,Stopped in Traffic Lane,2015-03-23 13:40,42,39.29060757,-76.61395043
6071,N,Apparently Normal,No Misuse,N,No Injury,891c08fe-9668-4754-a4b9-aadfcd62419a,D,ADI5260003,Shoulder/Lap Belt(s),M,2c17c87f-b65c-420f-b61b-b11c7f1015a9,Head On,N,Intersection,Right Turn Lane,Dark Lights On,No Defects,One-way Trafficway,Dry,Clear,Twelve o'clock,Pickup Truck,Superficial,N,Stopped in Traffic Lane,2015-01-31 23:08,59,39.29969207,-76.58769965
6072,N,Apparently Normal,No Misuse,N,No Injury,b1b50f02-b461-4dca-82d7-33f2c8ed2956,D,ADI536000G,Shoulder/Lap Belt(s),M,7832a2c6-ed31-4876-9a44-467b1cbe9bdd,Same Movement Angle,N,Intersection Related,Right Turn Lane,Daylight,No Defects,"Two-way, Not Divided",Dry,Clear,Two o'clock,Passenger Car,Superficial,N,Moving Constant Speed,2015-01-22 08:28,34,39.35348055,-76.58335447
6073,N,Apparently Normal,No Misuse,N,No Injury,489ddee4-a011-421e-824b-2130122be9e1,D,ADI536000P,Shoulder/Lap Belt(s),M,0681fcc3-f5e0-4a1d-a050-4fe79d7a1cf2,Same Direction Sideswipe,N,Non Intersection,Right Turn Lane,Dark Lights On,No Defects,"Two-way, Not Divided",Ice,Wintry Mix,Two o'clock,Pickup Truck,Superficial,N,Moving Constant Speed,2015-02-10 03:45,24,39.32153342,-76.57370925
6074,N,Apparently Normal,No Misuse,Y,No Injury,551a9cfd-7b9d-48c8-859b-1e05ca2bc43e,D,ADI536000Q,Shoulder/Lap Belt(s),M,03778229-9250-4a63-84f0-09daadbd1063,Head On Left Turn,N,Non Intersection,Right Turn Lane,Dark Lights On,No Defects,"Two-way, Not Divided",Snow,Wintry Mix,One o'clock,(Sport) Utility Vehicle,Superficial,N,Slowing or Stopping,2015-02-10 02:20,52,39.34520059,-76.57861233
6075,N,Apparently Normal,No Misuse,N,No Injury,87fb266c-cecf-4de5-a6de-487d41906a51,D,ADI536000S,Shoulder/Lap Belt(s),M,ce1d29c2-3882-458e-a429-1490b9dc6a49,Same Movement Angle,N,Intersection Related,Right Turn Lane,Dark Lights On,No Defects,"Two-way, Not Divided",Snow,Snow,Nine o'clock,Passenger Car,Superficial,N,Moving Constant Speed,2015-02-17 01:30,25,39.31509244,-76.54006362
6076,N,Apparently Normal,No Misuse,Y,No Injury,492c0451-b6df-4bbd-a77c-f39211ee7db2,D,ADI536000S,Shoulder/Lap Belt(s),M,abd11862-64d4-4e76-93c6-b42c4c5d3030,Same Movement Angle,N,Intersection Related,Right Turn Lane,Dark Lights On,No Defects,"Two-way, Not Divided",Snow,Snow,Twelve o'clock,Passenger Car,Superficial,N,Slowing or Stopping,2015-02-17 01:30,37,39.31509244,-76.54006362
6077,N,Apparently Normal,No Misuse,N,No Injury,d8efa78f-d6dd-4152-9ec6-85af2eccda29,D,ADI5460005,Shoulder/Lap Belt(s),M,7f901022-2faa-4f42-9d80-02b150814d69,Single Vehicle ,N,Non Intersection,Right Turn Lane,Dark Lights On,No Defects,"Two-way, Not Divided",Ice,Blowing Snow,Eleven o'clock,Pickup Truck,Functional,N,Moving Constant Speed,2015-01-07 18:10,68,39.3435742,-76.6421939
6078,N,Apparently Normal,No Misuse,N,No Injury,644f05cb-eb84-4856-b7f0-141494448685,D,ADI5460006,Shoulder/Lap Belt(s),M,cf5d969e-9cf3-45d5-96ce-ef9af38d894c,Same Movement Angle,N,Intersection Related,Left Turn Lane,Daylight,No Defects,"Two-way, Divided, Unprotected (painted >4 feet) Median",Dry,Clear,One o'clock,Van,Functional,N,Moving Constant Speed,2015-01-13 12:10,29,39.34524,-76.659432
6079,N,Apparently Normal,No Misuse,Y,No Injury,2a9fa525-f68a-4552-a484-571a715fc315,D,ADI5460006,Shoulder/Lap Belt(s),M,d9a9452d-25f3-46c6-b5ac-e4757afb4dac,Same Movement Angle,N,Intersection Related,Left Turn Lane,Daylight,No Defects,"Two-way, Divided, Unprotected (painted >4 feet) Median",Dry,Clear,Eleven o'clock,Van,Superficial,N,Entering Traffic Lane,2015-01-13 12:10,52,39.34524,-76.659432
6080,N,Apparently Normal,No Misuse,N,No Injury,8b66d528-d623-4c24-ad71-0ff81afdd2a5,D,ADI5600002,Shoulder/Lap Belt(s),M,3622434f-bf25-470c-ac82-5fd78ef30e4e,Same Direction Left Turn,N,Intersection,Right Turn Lane,Daylight,No Defects,"Two-way, Not Divided",Dry,Clear,Twelve o'clock,Passenger Car,Functional,N,Making Left Turn,2015-01-02 09:40,38,39.2848966,-76.67110562
6081,N,Apparently Normal,No Misuse,Y,No Injury,1f338182-d82c-490c-ad0e-8f9043ca3597,D,ADI5600006,Shoulder/Lap Belt(s),M,32834a0f-0294-4ccb-bd9e-aef83906d8cf,Same Movement Angle,N,Intersection,Right Turn Lane,Daylight,No Defects,One-way Trafficway,Dry,Clear,Twelve o'clock,Pickup Truck,Functional,N,Moving Constant Speed,2015-01-09 12:15,54,39.28679823,-76.64684504
6082,N,Apparently Normal,No Misuse,N,No Injury,cf134709-3cd4-4474-a282-14046cf9f822,D,ADI5600007,Shoulder/Lap Belt(s),M,540f1fef-6785-4589-a35f-86900a85d5be,Same Movement Angle,N,Intersection,Right Turn Lane,Daylight,No Defects,"Two-way, Not Divided",Dry,Clear,Two o'clock,Passenger Car,Functional,N,Moving Constant Speed,2015-01-30 16:30,39,39.31104993,-76.67101979
6083,N,Apparently Normal,No Misuse,N,No Injury,5e745576-55a3-40bb-bb24-c481907d515c,D,ADI5610003,Shoulder/Lap Belt(s),M,3f9fad1e-8ef2-43cc-a099-13f822f67dc1,Same Direction Right Turn,N,Intersection,Right Turn Lane,Daylight,No Defects,"Two-way, Not Divided",Dry,Clear,Ten o'clock,Station Wagon,Functional,N,Moving Constant Speed,2015-02-16 10:19,35,39.28536993,-76.59696937
6084,N,Apparently Normal,No Misuse,N,No Injury,a9ed02cf-aa2e-4dce-ac7c-3cbf231feb4d,D,ADI5660003,Shoulder/Lap Belt(s),M,cd5ada18-b472-4426-a74f-ced0fa069a1c,Same Movement Angle,N,Intersection,Left Turn Lane,Daylight,"Holes, Ruts, Etc.","Two-way, Divided, Unprotected (painted >4 feet) Median",Wet,Clear,Nine o'clock,Passenger Car,Functional,N,Moving Constant Speed,2015-03-08 13:00,48,39.25145177,-76.6459465
6085,N,Apparently Normal,No Misuse,Y,No Injury,266f8641-0ec7-403c-bc87-42f08b42dbe2,D,ADI5660004,Shoulder/Lap Belt(s),M,0d949d0d-7491-47cc-a3a6-9edbf30427a9,Same Direction Sideswipe,N,Non Intersection,Right Turn Lane,Daylight,No Defects,One-way Trafficway,Dry,Clear,One o'clock,Passenger Car,Disabling,N,Moving Constant Speed,2015-03-09 13:48,43,39.23075725,-76.6025269
6086,N,Apparently Normal,No Misuse,Y,No Injury,6ea4fb65-1fbc-4d66-abc3-7c79dc28f206,D,ADI625000B,Shoulder/Lap Belt(s),M,b5e57c50-2703-4220-8c98-db8c76e9bb82,Same Direction Sideswipe,N,Non Intersection,Right Turn Lane,Daylight,No Defects,"Two-way, Not Divided",Snow,Snow,One o'clock,Passenger Car,Superficial,Y,Moving Constant Speed,2015-03-05 14:30,22,39.32154973,-76.54043108
6087,N,Apparently Normal,No Misuse,N,No Injury,110392a4-5fa8-4bd7-a635-50c97549dff7,D,ADI6410002,Shoulder/Lap Belt(s),M,5aade68c-c112-41bb-bc13-a927e99b4595,Head On Left Turn,N,Intersection,Left Turn Lane,Dark Lights On,No Defects,"Two-way, Not Divided",Dry,Clear,Eleven o'clock,Passenger Car,Functional,N,Slowing or Stopping,2015-02-14 01:30,33,39.29365698,-76.6504097
6088,N,Apparently Normal,No Misuse,Y,No Injury,80569d7f-10e2-4d1a-8f5d-4609f945fd0e,D,ADI6450009,Shoulder/Lap Belt(s),M,ae267bba-4062-4914-ad70-8388041f2c11,Same Direction Left Turn,N,Intersection Related,Left Turn Lane,Daylight,No Defects,"Two-way, Divided, Positive Median Barrier",Wet,Raining,One o'clock,(Sport) Utility Vehicle,Functional,N,Making Left Turn,2015-03-14 09:00,23,39.20316891,-76.56016946
6089,N,Apparently Normal,No Misuse,N,No Injury,f21c3255-83e4-42b8-ae2d-c2b9b35da0f0,D,ADI6820005,Shoulder/Lap Belt(s),M,15c36ea0-14aa-4040-806e-d17486b6addf,Same Direction Rear End,N,Intersection,Right Turn Lane,Daylight,No Defects,"Two-way, Divided, Unprotected (painted >4 feet) Median",Dry,Clear,Six o'clock,Passenger Car,No Damage,N,Leaving Traffic Lane,2015-03-25 14:00,61,39.29434613,-76.63408041
6090,N,Apparently Normal,No Misuse,Y,No Injury,1506ab08-25d8-4469-aeb5-e6b26f3f9e07,D,ADI6930008,Shoulder/Lap Belt(s),M,5eb84b8b-d41f-403f-86fb-7c051eb95e49,Same Direction Sideswipe,N,Non Intersection,Right Turn Lane,Dark Lights On,No Defects,One-way Trafficway,Wet,Raining,Four o'clock,Passenger Car,Superficial,N,Moving Constant Speed,2015-02-09 21:30,21,39.29786773,-76.68094397
6091,N,Apparently Normal,No Misuse,N,No Injury,938e6f0b-8c72-46b9-b578-aac90b031ad5,D,ADI7030004,Shoulder/Lap Belt(s),M,46aa6d53-8e88-4290-8a22-996774c9283a,Same Direction Rear End,N,Non Intersection,Left Turn Lane,Daylight,No Defects,"Two-way, Not Divided",Wet,Cloudy,One o'clock,Passenger Car,Disabling,N,Parked  ,2015-01-19 12:50,41,39.30155076,-76.60186708
6092,N,Apparently Normal,No Misuse,Y,No Injury,e8107f1a-b441-4a7b-b3f4-e800954172e9,D,ADI7030009,Shoulder/Lap Belt(s),M,bcc2619a-1603-421b-9fe4-55711ed41c26,Same Movement Angle,N,Intersection,Left Turn Lane,Dark Lights On,No Defects,"Two-way, Divided, Positive Median Barrier",Dry,Clear,Twelve o'clock,Passenger Car,Functional,N,Accelerating,2015-03-06 22:00,30,39.29490244,-76.59979105
6093,Y,Apparently Normal,No Misuse,N,No Injury,ebf44648-e5e7-47f1-9509-5602b52b82ef,D,ADI7080003,Shoulder/Lap Belt(s),M,c78c1ff9-93ac-4db2-9da8-009b44ba0711,Same Direction Sideswipe,N,Intersection,Right Turn Lane,Dark Lights On,No Defects,One-way Trafficway,Dry,Clear,Eight o'clock,Transit Bus,Functional,N,Slowing or Stopping,2015-01-20 18:20,39,39.28308626,-76.60136819
6094,N,Apparently Normal,No Misuse,Y,No Injury,1a9578ef-100d-480a-81aa-73f3c5d805e7,D,ADI7080003,Shoulder/Lap Belt(s),M,b6f35944-a13a-4dd9-b77e-efb2eb5d13da,Same Direction Sideswipe,N,Intersection,Right Turn Lane,Dark Lights On,No Defects,One-way Trafficway,Dry,Clear,Eleven o'clock,Pickup Truck,Functional,N,Starting From Parked,2015-01-20 18:20,45,39.28308626,-76.60136819
6095,N,Apparently Normal,No Misuse,Y,No Injury,b7ae1af1-d30e-4dcc-aee2-c65b4d0c58a1,D,ADI7090004,Shoulder/Lap Belt(s),M,be101c27-8464-4227-9d22-b12c036ee6dd,Same Direction Sideswipe,N,Non Intersection,Right Turn Lane,Dark Lights On,No Defects,"Two-way, Not Divided",Dry,Clear,One o'clock,Passenger Car,Superficial,N,Slowing or Stopping,2015-02-18 18:10,64,39.30516836,-76.57175124
6096,N,Apparently Normal,No Misuse,N,No Injury,ae09a019-9092-41d0-a973-fda9bb2e3bd1,D,ADI7610002,Shoulder/Lap Belt(s),M,5afbd315-1aca-4b4a-ae07-065947b14d21,Same Direction Rear End,N,Non Intersection,Right Turn Lane,Dark Lights On,No Defects,"Two-way, Not Divided",Wet,Raining,Seven o'clock,Passenger Car,Destroyed,N,Moving Constant Speed,2015-01-04 06:07,19,39.28158314,-76.68669462
6097,N,Apparently Normal,No Misuse,Y,No Injury,e7f7ee23-449d-429c-8369-8a1037df01b7,D,ADI7610002,Shoulder/Lap Belt(s),M,27be6bec-b731-40f1-ac6e-b2c94c43e24c,Same Direction Rear End,N,Non Intersection,Right Turn Lane,Dark Lights On,No Defects,"Two-way, Not Divided",Wet,Raining,One o'clock,Passenger Car,Disabling,N,Moving Constant Speed,2015-01-04 06:07,19,39.28158314,-76.68669462
6098,N,Apparently Normal,No Misuse,N,No Injury,80ed1f00-6a5c-49f4-a62e-7671a65fd878,D,ADI7610006,Shoulder/Lap Belt(s),M,7fd25f3e-abdd-41a9-93ac-bc377c7da815,Same Direction Rear End,N,Non Intersection,Right Turn Lane,Dark Lights On,No Defects,"Two-way, Not Divided",Wet,Raining,Six o'clock,Passenger Car,Functional,N,Slowing or Stopping,2015-02-01 23:30,57,39.27263023,-76.67495728
6099,N,Apparently Normal,No Misuse,Y,No Injury,c2768a68-b2af-4707-a15f-6466e099e832,D,ADI770000G,Shoulder/Lap Belt(s),M,f91755d7-0553-474b-9c71-7dd3934aa8f5,Single Vehicle ,N,Non Intersection,Left Turn Lane,Daylight,No Defects,"Two-way, Not Divided",Dry,Clear,Twelve o'clock,Passenger Car,Disabling,N,Moving Constant Speed,2015-02-14 16:00,18,39.32666877,-76.58160299
6100,N,Apparently Normal,No Misuse,N,No Injury,2ed5ccb2-8b07-47d3-93e5-3cbe5d1079e8,D,ADI7880002,Shoulder/Lap Belt(s),M,5eb77655-8e03-4d93-88c7-8dc90cd77a07,Same Direction Left Turn,N,Crossover Related,Right Turn Lane,Dawn,"Holes, Ruts, Etc.","Two-way, Divided, Positive Median Barrier",Dry,Clear,One o'clock,Passenger Car,Disabling,N,Moving Constant Speed,2015-02-28 04:45,25,39.27794564,-76.54596448
6101,N,Apparently Normal,No Misuse,Y,No Injury,9cb01cdf-f0d5-4543-9dec-fdf434f1ca1d,D,ADI7880002,Shoulder/Lap Belt(s),M,032c8d62-a375-4bb4-8833-f8b43c2b57a5,Same Direction Left Turn,N,Crossover Related,Right Turn Lane,Dawn,"Holes, Ruts, Etc.","Two-way, Divided, Positive Median Barrier",Dry,Clear,Nine o'clock,(Sport) Utility Vehicle,Functional,N,Making Left Turn,2015-02-28 04:45,71,39.27794564,-76.54596448
6102,N,Apparently Normal,No Misuse,N,No Injury,dcf93791-2069-4bfa-b4fe-423634be97ed,D,ADI8010006,Shoulder/Lap Belt(s),M,d36d519b-3630-4004-a7fc-d47f7ab08e17,Same Movement Angle,N,Intersection,Right Turn Lane,Daylight,No Defects,"Two-way, Divided, Positive Median Barrier",Dry,Cloudy,Twelve o'clock,Passenger Car,Destroyed,N,Moving Constant Speed,2015-01-29 09:45,36,39.31062657,-76.59514546