KEY_INDEX,CDL_FLAG,CONDITION_CODE,EQUIP_PROB_CODE,FAULT_FLAG,INJ_SEVER_CODE,PERSON_ID,PERSON_TYPE,REPORT_NO,SAF_EQUIP_CODE,SEX_CODE,VEHICLE_ID,COLLISION_TYPE_CODE,C_M_ZONE_FLAG,JUNCTION_CODE,LANE_CODE,LIGHT_CODE,RD_COND_CODE,RD_DIV_CODE,SURF_COND_CODE,WEATHER_CODE,AREA_DAMAGED_CODE_MAIN,BODY_TYPE_CODE,DAMAGE_CODE,HIT_AND_RUN_FLAG,MOVEMENT_CODE,TIME,AGE,LATITUDE,LONGITUDE
6103,N,Apparently Normal,No Misuse,Y,No Injury,aac238c7-b953-4028-808f-fa4ed47f23ba,D,ADI8010006,Shoulder/Lap Belt(s),M,5afa48f0-c1e4-4b5d-aba5-0274bac753a6,Same Movement Angle,N,Intersection,Right Turn Lane,Daylight,No Defects,"Two-way, Divided, Positive Median Barrier",Dry,Cloudy,Three o'clock,Pickup Truck,Functional,N,Accelerating,2015-01-29 09:45,46,39.31062657,-76.59514546
6104,N,Apparently Normal,No Misuse,N,No Injury,7e034239-d167-4b15-ae9f-17a0254e5f58,D,ADI8150004,Shoulder/Lap Belt(s),M,eb24d253-f8c0-49ff-8527-8546af3be3c6,Opposite Direction Sideswipe,N,Intersection,Right Turn Lane,Dark Lights On,No Defects,"Two-way, Not Divided",Dry,Clear,Ten o'clock,Passenger Car,Superficial,N,Moving Constant Speed,2015-02-12 18:50,63,39.29550025,-76.63637638
6105,N,Apparently Normal,No Misuse,N,No Injury,a0c03cef-3873-4f26-9bc4-69ac8cb18f9b,D,ADI8320009,Shoulder/Lap Belt(s),M,2a359dd7-d118-4bd7-ab45-e77ad4766077,Same Direction Right Turn,N,Intersection,Acceleration Lane,Daylight,No Defects,"Two-way, Divided, Positive Median Barrier",Dry,Clear,Eleven o'clock,Passenger Car,Disabling,N,Stopped in Traffic Lane,2015-01-25 13:00,60,39.34469032,-76.64249182
6106,Y,Apparently Normal,No Misuse,Y,No Injury,2f341117-77c2-47a9-9759-22b0aa8a6c26,D,ADI8320009,Shoulder/Lap Belt(s),M,7de8c026-a15e-43e4-b65e-52f2fb912a1f,Same Direction Right Turn,N,Intersection,Acceleration Lane,Daylight,No Defects,"Two-way, Divided, Positive Median Barrier",Dry,Clear,One o'clock,Truck Tractor,Superficial,N,Changing Lanes,2015-01-25 13:00,38,39.34469032,-76.64249182
6107,N,Apparently Normal,No Misuse,N,No Injury,b03279d9-30d9-4022-bfe7-c153a70e0149,D,ADI8390001,Shoulder/Lap Belt(s),M,eb731161-6b2b-4dc0-8639-2f649999cd46,Same Movement Angle,N,Intersection,Right Turn Lane,Daylight,No Defects,"Two-way, Not Divided",Dry,Clear,Twelve o'clock,Pickup Truck,Superficial,N,Moving Constant Speed,2015-01-02 13:25,46,39.29685362,-76.63325429
6108,N,Apparently Normal,No Misuse,Y,No Injury,79cc3d2a-8c35-4b85-892a-2caa751076dc,D,ADI8550002,Shoulder/Lap Belt(s),M,ed9f8f9d-4478-4c18-85d7-165e878f2930,Same Direction Left Turn,N,Intersection Related,Right Turn Lane,Daylight,No Defects,"Two-way, Divided, Positive Median Barrier",Slush,Clear,Nine o'clock,Passenger Car,Superficial,N,Moving Constant Speed,2015-02-22 13:15,25,39.33926381,-76.60034627
6109,N,Apparently Normal,No Misuse,N,Possible Incapacitating Injury,4145b7c1-949f-450e-b77c-ad5e5d7615b1,D,ADI8550002,Shoulder/Lap Belt(s),M,a87ce1e5-cb3b-4fdd-ad9f-1ab3735d85d9,Same Direction Left Turn,N,Intersection Related,Right Turn Lane,Daylight,No Defects,"Two-way, Divided, Positive Median Barrier",Slush,Clear,Twelve o'clock,"Cargo Van/Light Truck 2 axles (10,000 lbs (4,536 kg) or less)",Disabling,N,Moving Constant Speed,2015-02-22 13:15,64,39.33926381,-76.60034627
6110,N,Apparently Normal,No Misuse,Y,No Injury,7d75de27-0e6e-4093-83c3-c6fd909470e0,D,ADI8790003,Shoulder/Lap Belt(s),M,6269f4a8-0c38-44da-b1f2-db6197dc6977,Single Vehicle ,N,Intersection Related,Right Turn Lane,Daylight,No Defects,"Two-way, Divided, Positive Median Barrier",Dry,Clear,Eleven o'clock,Passenger Car,Disabling,N,Leaving Traffic Lane,2015-01-05 11:02,63,39.34702592,-76.56594157
6111,N,Apparently Normal,No Misuse,Y,No Injury,2bc47036-aa6a-4b03-9e31-dc1dc30796f3,D,ADI879000B,Shoulder/Lap Belt(s),M,a23f1fc3-7b17-4765-9219-cba53ecc5f50,Same Movement Angle,N,Intersection,Right Turn Lane,Daylight,No Defects,"Two-way, Divided, Unprotected (painted >4 feet) Median",Dry,Clear,One o'clock,(Sport) Utility Vehicle,Superficial,N,Making Left Turn,2015-01-10 10:10,37,39.33320204,-76.55865669
6112,N,Apparently Normal,No Misuse,N,Possible Incapacitating Injury,904fb633-b03c-4cf8-a8c0-396772dd865b,D,ADI879000B,Shoulder/Lap Belt(s),M,89ad224a-d3a5-4270-b503-960bbb4f080a,Same Movement Angle,N,Intersection,Right Turn Lane,Daylight,No Defects,"Two-way, Divided, Unprotected (painted >4 feet) Median",Dry,Clear,Eight o'clock,Passenger Car,Functional,N,Making Left Turn,2015-01-10 10:10,41,39.33320204,-76.55865669
6113,N,Apparently Normal,No Misuse,N,No Injury,7c8a7b55-f84d-4000-9b77-5a1e32d5a511,D,ADI8790012,Shoulder/Lap Belt(s),M,5012b91c-52be-4180-a9a8-30df364986a4,Same Movement Angle,N,Intersection,Right Turn Lane,Daylight,No Defects,One-way Trafficway,Wet,Clear,Six o'clock,Passenger Car,Functional,N,Accelerating,2015-03-08 12:30,42,39.32350046,-76.57472849
6114,N,Apparently Normal,No Misuse,N,No Injury,61ef2db8-de73-42f4-ac42-a4782a138923,D,ADI8800001,Shoulder/Lap Belt(s),M,5239f33e-972f-4d0e-9478-885f7dc39ac7,Head On Left Turn,N,Intersection Related,Deceleration Lane,Daylight,No Defects,"Two-way, Divided, Positive Median Barrier",Wet,Clear,Twelve o'clock,(Sport) Utility Vehicle,Disabling,N,Accelerating,2015-03-07 14:30,67,39.33996289,-76.58780359
6115,N,Apparently Normal,No Misuse,Y,No Injury,81b6e016-181e-49e7-9346-f248a6e6b875,D,ADI8800001,Shoulder/Lap Belt(s),M,ba5b181e-2ace-4bce-a2e0-ce63d9fcd819,Head On Left Turn,N,Intersection Related,Deceleration Lane,Daylight,No Defects,"Two-way, Divided, Positive Median Barrier",Wet,Clear,Two o'clock,Passenger Car,Functional,N,Making Left Turn,2015-03-07 14:30,63,39.33996289,-76.58780359
6116,N,Apparently Normal,No Misuse,N,No Injury,cdb66321-a1bc-4485-8199-f21b5cc4a618,D,ADI8920005,Shoulder/Lap Belt(s),M,afa52e64-dc2c-496c-bb16-8cc285527784,Same Movement Angle,N,Intersection,Left Turn Lane,Dark Lights On,No Defects,"Two-way, Divided, Positive Median Barrier",Snow,Snow,Twelve o'clock,"Cargo Van/Light Truck 2 axles (10,000 lbs (4,536 kg) or less)",Superficial,N,Stopped in Traffic Lane,2015-02-21 18:54,40,39.3489715,-76.67579144
6117,N,Apparently Normal,No Misuse,Y,No Injury,a6a899d7-c83c-4df6-84c6-02889c90f0e8,D,ADI8920005,Shoulder/Lap Belt(s),M,ab145791-7031-4de8-92dd-ca7673f76a64,Same Movement Angle,N,Intersection,Left Turn Lane,Dark Lights On,No Defects,"Two-way, Divided, Positive Median Barrier",Snow,Snow,Twelve o'clock,Passenger Car,Functional,N,Making Right Turn,2015-02-21 18:54,38,39.3489715,-76.67579144
6118,N,Apparently Normal,No Misuse,N,No Injury,f0520854-bb9c-4efc-9fb5-d2f391172827,D,ADI8920006,Shoulder/Lap Belt(s),M,2f40b6d0-c0f6-4b22-abc6-a3c2077bd1ad,Same Movement Angle,N,Intersection,Right Turn Lane,Daylight,No Defects,"Two-way, Not Divided",Snow,Snow,Two o'clock,Passenger Car,Functional,N,Moving Constant Speed,2015-03-05 14:30,23,39.31842921,-76.68993473
6119,Y,Apparently Normal,No Misuse,Y,No Injury,57f3ff62-77e2-4f2c-829f-920e3af6be1f,D,ADI8920006,Shoulder/Lap Belt(s),M,501a195d-50fe-4faf-83af-a4f7c2e9dbc0,Same Movement Angle,N,Intersection,Right Turn Lane,Daylight,No Defects,"Two-way, Not Divided",Snow,Snow,Twelve o'clock,Snowmobile,No Damage,N,Making Left Turn,2015-03-05 14:30,53,39.31842921,-76.68993473
6120,Y,Apparently Normal,No Misuse,N,No Injury,a786e1aa-0184-4005-bf62-6b799f4529b2,D,ADI9090001,Shoulder/Lap Belt(s),M,895199a8-5aa1-4b3f-9910-fb39cea3dd5f,Same Direction Rear End,N,Non Intersection,Right Turn Lane,Daylight,No Defects,One-way Trafficway,Dry,Clear,Six o'clock,Pickup Truck,Superficial,N,Moving Constant Speed,2015-01-28 12:00,51,39.3088169,-76.61953211
6121,N,Apparently Normal,No Misuse,N,No Injury,cddc563a-de7e-4a87-ae98-7028e093b9c6,D,ADI9090001,Shoulder/Lap Belt(s),M,7e5de37c-f78a-4f65-8b80-420d05d62551,Same Direction Rear End,N,Non Intersection,Right Turn Lane,Daylight,No Defects,One-way Trafficway,Dry,Clear,Eleven o'clock,Passenger Car,Functional,N,Moving Constant Speed,2015-01-28 12:00,24,39.3088169,-76.61953211
6122,N,Apparently Normal,No Misuse,N,No Injury,16dc3216-6542-419b-b99e-d6dd7db74efd,D,ADI9140002,Shoulder/Lap Belt(s),M,fb461c4d-7491-4837-844d-095b86ce26e2,Same Direction Rear End,N,Intersection Related,Acceleration Lane,Dark Lights On,No Defects,One-way Trafficway,Wet,Raining,Six o'clock,Passenger Car,Disabling,N,Stopped in Traffic Lane,2015-01-04 02:40,63,39.28775003,-76.61407381
6123,N,Apparently Normal,No Misuse,Y,No Injury,fa95bbaf-73a2-45b5-af2f-31efd1a04c4b,D,ADI9140002,Shoulder/Lap Belt(s),M,0a7f18b2-8f45-4d56-b759-526ff171b143,Same Direction Rear End,N,Intersection Related,Acceleration Lane,Dark Lights On,No Defects,One-way Trafficway,Wet,Raining,Twelve o'clock,Passenger Car,Disabling,N,Moving Constant Speed,2015-01-04 02:40,36,39.28775003,-76.61407381
6124,N,Apparently Normal,No Misuse,N,No Injury,eca2b1c1-4439-4a54-b968-97cac774dfe6,D,ADI9160004,Shoulder/Lap Belt(s),M,ca786050-fdfc-4975-ab54-91c4ba41f92a,Same Direction Left Turn,N,Non Intersection,Right Turn Lane,Daylight,No Defects,"Two-way, Not Divided",Dry,Clear,One o'clock,Pickup Truck,Functional,N,Moving Constant Speed,2015-01-07 09:45,48,39.23567696,-76.60039186
6125,N,Apparently Normal,No Misuse,Y,Non-incapacitating Injury,07cea291-1785-4472-b370-eaee1cb9f7f7,D,ADI9160004,Shoulder/Lap Belt(s),M,d25282a8-1126-4bb3-b0a4-a27752cbdf37,Same Direction Left Turn,N,Non Intersection,Right Turn Lane,Daylight,No Defects,"Two-way, Not Divided",Dry,Clear,Eleven o'clock,"Cargo Van/Light Truck 2 axles (10,000 lbs (4,536 kg) or less)",Disabling,N,Making U Turn,2015-01-07 09:45,29,39.23567696,-76.60039186
6126,N,Apparently Normal,No Misuse,N,No Injury,51aa799f-8420-4452-98cc-f81cc34e3825,D,ADI9490004,Shoulder/Lap Belt(s),M,774617f8-9358-4f25-81b9-985751dd6f20,Same Direction Rear End,N,Non Intersection,Right Turn Lane,Dark No Lights,No Defects,"Two-way, Not Divided",Wet,Foggy,Five o'clock,Passenger Car,Functional,N,Moving Constant Speed,2015-01-18 16:06,23,39.30458308,-76.67667389
6127,N,Apparently Normal,No Misuse,N,No Injury,a068767b-8053-4808-a717-c7a140926bce,D,ADI965000C,Shoulder/Lap Belt(s),M,2357a2d3-3427-4f40-a537-f8d2fdcfe670,Same Direction Right Turn,N,Intersection Related,Right Turn Lane,Daylight,No Defects,"Two-way, Divided, Unprotected (painted >4 feet) Median",Dry,Clear,Three o'clock,Van,Superficial,N,Making Right Turn,2015-03-27 15:55,34,39.24168693,-76.60791546
6128,N,Apparently Normal,No Misuse,Y,No Injury,664bab84-a59c-4c88-8890-1578f75d885c,D,ADI965000C,Shoulder/Lap Belt(s),M,aaaf73c6-4d45-4a83-8068-dcb2cc4ee1b2,Same Direction Right Turn,N,Intersection Related,Right Turn Lane,Daylight,No Defects,"Two-way, Divided, Unprotected (painted >4 feet) Median",Dry,Clear,Ten o'clock,Passenger Car,Superficial,N,Moving Constant Speed,2015-03-27 15:55,45,39.24168693,-76.60791546
6129,N,Apparently Normal,No Misuse,Y,No Injury,e6ac665b-8f8d-40ba-a237-268da60fd51d,D,ADI975000B,Shoulder/Lap Belt(s),M,61f85eaa-c59d-49ab-9290-bfbbb764ee80,Single Vehicle ,N,Intersection,Acceleration Lane,Dark Lights On,No Defects,"Two-way, Not Divided",Dry,Clear,Twelve o'clock,Passenger Car,Disabling,N,Moving Constant Speed,2015-03-20 00:15,22,39.33644252,-76.67397559
6130,N,Apparently Normal,No Misuse,Y,No Injury,34bbdcfd-decc-4a5a-a290-00ba6c925b31,D,ADJ0030001,Shoulder/Lap Belt(s),M,67d63269-9258-41fe-a698-a74c3ae2a176,Same Direction Sideswipe,N,Non Intersection,Left Turn Lane,Daylight,No Defects,"Two-way, Divided, Unprotected (painted >4 feet) Median",Snow,Snow,One o'clock,(Sport) Utility Vehicle,Superficial,N,Skidding,2015-03-05 15:15,27,39.29482356,-76.65358543
6131,N,Apparently Normal,No Misuse,Y,No Injury,f6fc023a-dd33-4324-b1b7-c7b33d23f2b1,D,ADJ0050008,Shoulder/Lap Belt(s),M,b774e87f-ec18-4a0f-9ff4-7d68023038e6,Single Vehicle ,N,Non Intersection,Acceleration Lane,Dark Lights On,No Defects,"Two-way, Divided, Positive Median Barrier",Snow,Snow,Five o'clock,Passenger Car,Functional,N,Moving Constant Speed,2015-02-16 21:34,24,39.31321648,-76.62638783
6132,N,Apparently Normal,No Misuse,N,No Injury,b7245c60-6b4c-4374-a49d-b7da39193992,D,ADJ0130003,Shoulder/Lap Belt(s),M,a1583919-61fd-4be3-9f8c-e3e64e2bfb7d,Same Direction Sideswipe,N,Intersection Related,Right Turn Lane,Daylight,No Defects,"Two-way, Divided, Positive Median Barrier",Dry,Clear,Ten o'clock,"Cargo Van/Light Truck 2 axles (10,000 lbs (4,536 kg) or less)",Superficial,N,Stopped in Traffic Lane,2015-02-06 13:15,44,39.28182398,-76.53570771
6133,Y,Apparently Normal,No Misuse,Y,No Injury,734167b0-dc1c-4f63-a87a-a961254d3f7b,D,ADJ0130009,Shoulder/Lap Belt(s),M,7ec7ccfb-e309-4a43-8c67-f43126b162c0,Single Vehicle ,N,Intersection Related,Right Turn Lane,Daylight,No Defects,"Two-way, Not Divided",Dry,Clear,Four o'clock,Truck Tractor,Superficial,N,Making Right Turn,2015-03-24 11:15,29,39.27721012,-76.56651422
6134,N,Apparently Normal,No Misuse,Y,No Injury,f8cb675c-0c13-4eae-a936-fbee324590be,D,ADJ013000B,Shoulder/Lap Belt(s),M,45375d47-d86e-4520-8d9b-922ae8ef8fea,Same Direction Sideswipe,N,Non Intersection,Right Turn Lane,Daylight,No Defects,One-way Trafficway,Dry,Clear,Twelve o'clock,Passenger Car,Disabling,N,Accelerating,2015-03-25 08:05,67,39.28396652,-76.57352149
6135,N,Apparently Normal,No Misuse,N,No Injury,d1a64f90-9246-4759-a906-74784cd5ac67,D,ADJ0160003,Shoulder/Lap Belt(s),M,f01a0896-890f-4e72-9561-cf83cc845348,Single Vehicle ,N,Non Intersection,Right Turn Lane,Daylight,No Defects,"Two-way, Divided, Positive Median Barrier",Ice,Wintry Mix,Twelve o'clock,Van,Functional,N,Moving Constant Speed,2015-03-01 16:04,62,39.28744594,-76.54570699
6136,N,Apparently Normal,No Misuse,N,No Injury,2ff0895f-811f-46c1-9f9f-71a541fa601a,D,ADJ0220005,Shoulder/Lap Belt(s),M,0804ea44-5920-4a55-a691-4dbdc9c7797e,Same Direction Rear End,N,Non Intersection,Left Turn Lane,Dark Lights On,No Defects,"Two-way, Divided, Positive Median Barrier",Dry,Clear,Six o'clock,Ambulance/Emergency,Superficial,N,Parked  ,2015-02-11 06:55,30,39.31928413,-76.54724121
6137,N,Apparently Normal,No Misuse,N,No Injury,fa747284-03e7-4de9-8970-a5c58d712b3e,D,ADJ0250006,Shoulder/Lap Belt(s),M,6c5721ee-0a38-4439-8a07-4275cb529658,Same Movement Angle,N,Intersection,Right Turn Lane,Daylight,No Defects,One-way Trafficway,Dry,Clear,Eight o'clock,(Sport) Utility Vehicle,Superficial,N,Moving Constant Speed,2015-01-11 13:13,31,39.32838462,-76.6121614
6138,N,Apparently Normal,No Misuse,N,No Injury,f8e61553-a496-4984-91ff-75f2aefd2ef4,D,ADJ041000J,Shoulder/Lap Belt(s),M,1d117c04-e297-4900-bbf1-41ee48003fce,Head On Left Turn,N,Non Intersection,Left Turn Lane,Daylight,No Defects,"Two-way, Divided, Unprotected (painted >4 feet) Median",Dry,Clear,Six o'clock,Passenger Car,Functional,N,Backing,2015-03-08 13:05,43,39.30898708,-76.67007565
6139,N,Apparently Normal,No Misuse,N,No Injury,0f20fa64-6cfa-49cf-907c-82d17b9d42ba,D,ADJ0470002,Shoulder/Lap Belt(s),M,50ebb07a-b144-4d4d-833a-e61d9081b545,Single Vehicle ,N,Non Intersection,Right Turn Lane,Dark Lights On,No Defects,"Two-way, Divided, Positive Median Barrier",Ice,Clear,Twelve o'clock,Passenger Car,Disabling,N,Moving Constant Speed,2015-01-07 03:00,38,39.26918745,-76.63366199
6140,Y,Apparently Normal,No Misuse,N,No Injury,56977153-a6e6-4493-97c2-8fd40cbdb89c,D,ADJ047000F,Shoulder/Lap Belt(s),M,fff5cfe8-e6ef-49e8-b49c-9dd1ee495963,Same Movement Angle,N,Intersection,Right Turn Lane,Dark Lights On,No Defects,"Two-way, Not Divided",Dry,Clear,Nine o'clock,Passenger Car,Functional,N,Moving Constant Speed,2015-03-17 19:30,52,39.27665005,-76.61554098
6141,N,Apparently Normal,No Misuse,Y,No Injury,4a4dff64-abc4-4288-b25a-3e5f0bd3f17d,D,ADJ047000F,Shoulder/Lap Belt(s),M,6a64902d-5f84-44b3-8480-086aac584993,Same Movement Angle,N,Intersection,Right Turn Lane,Dark Lights On,No Defects,"Two-way, Not Divided",Dry,Clear,Twelve o'clock,Passenger Car,Functional,N,Starting From Lane,2015-03-17 19:30,31,39.27665005,-76.61554098
6142,N,Apparently Normal,No Misuse,Y,No Injury,2f0f4666-4e03-4f6a-a1d2-2998a4718da4,D,ADJ0610009,Shoulder/Lap Belt(s),M,e5a157ea-6074-4646-9b4d-da34f5b1b08a,Same Movement Angle,N,Intersection,Right Turn Lane,Daylight,No Defects,"Two-way, Divided, Positive Median Barrier",Dry,Clear,Twelve o'clock,(Sport) Utility Vehicle,Disabling,N,Moving Constant Speed,2015-02-28 15:00,46,39.28336446,-76.62637174
6143,N,Apparently Normal,No Misuse,N,Possible Incapacitating Injury,af0b8f90-1655-438d-9448-499b89f7ffea,D,ADJ0610009,Shoulder/Lap Belt(s),M,503e1acf-61d1-4f7b-a832-bcb1c4db9a79,Same Movement Angle,N,Intersection,Right Turn Lane,Daylight,No Defects,"Two-way, Divided, Positive Median Barrier",Dry,Clear,Two o'clock,Passenger Car,Disabling,N,Making Left Turn,2015-02-28 15:00,33,39.28336446,-76.62637174
6144,N,Apparently Normal,No Misuse,N,No Injury,ff2ce32f-f308-4230-8d9f-2f04a819d9a0,D,ADJ061000B,Shoulder/Lap Belt(s),M,cacd6b0a-4a65-4e31-adc6-193a28eb255c,Same Movement Angle,N,Intersection,Left Turn Lane,Daylight,No Defects,One-way Trafficway,Wet,Raining,Twelve o'clock,Passenger Car,Functional,N,Moving Constant Speed,2015-03-01 11:45,45,39.28595122,-76.62900567
6145,N,Apparently Normal,No Misuse,Y,No Injury,0a56990b-344a-413c-b6cf-e9344a31ecb6,D,ADJ061000F,Shoulder/Lap Belt(s),M,b6ef748d-520d-403c-827c-15baea471bfb,Same Direction Rear End,N,Non Intersection,Left Turn Lane,Dark Lights On,No Defects,"Two-way, Not Divided",Dry,Clear,Twelve o'clock,Pickup Truck,Functional,Y,Moving Constant Speed,2015-03-15 20:00,61,39.28718021,-76.63802326
6146,N,Apparently Normal,No Misuse,N,No Injury,9b72592d-b355-4932-8098-f1434ecc43ea,D,ADJ0630002,Shoulder/Lap Belt(s),M,73061cd2-d7d3-4f00-b4f6-9b025c03a99d,Same Direction Rear End,N,Non Intersection,Right Turn Lane,Daylight,No Defects,"Two-way, Divided, Positive Median Barrier",Dry,Clear,Six o'clock,(Sport) Utility Vehicle,Superficial,N,Stopped in Traffic Lane,2015-02-23 12:09,21,39.28986528,-76.6274929
6147,N,Ill,No Misuse,Y,Possible Incapacitating Injury,c4b71ab4-650a-4191-a6df-099a17c07ffc,D,ADJ0630002,Shoulder/Lap Belt(s),M,8136b3b4-09f2-46b7-8efa-87a40db7c835,Same Direction Rear End,N,Non Intersection,Right Turn Lane,Daylight,No Defects,"Two-way, Divided, Positive Median Barrier",Dry,Clear,Twelve o'clock,Passenger Car,Superficial,N,Slowing or Stopping,2015-02-23 12:09,58,39.28986528,-76.6274929
6148,N,Apparently Normal,No Misuse,N,No Injury,064a386f-78a5-45e8-a04b-55c8b094dd04,D,ADJ0630003,Shoulder/Lap Belt(s),M,8d0e7d79-71bd-436e-979e-931a4a775059,Same Direction Sideswipe,N,Non Intersection,Right Turn Lane,Daylight,No Defects,"Two-way, Divided, Positive Median Barrier",Wet,Raining,Three o'clock,Van,Superficial,N,Stopped in Traffic Lane,2015-03-04 15:55,60,39.30247022,-76.62609547
6149,Y,Apparently Normal,No Misuse,N,No Injury,cfcaeb06-9c4d-46be-b721-1ea80f844289,D,ADJ069000C,Shoulder/Lap Belt(s),M,3a2a64bc-c669-44c4-ba99-b5523e40d42f,Same Direction Both Left Turn,N,Intersection Related,Acceleration Lane,Daylight,No Defects,"Two-way, Divided, Positive Median Barrier",Dry,Clear,Eleven o'clock,"Medium/Heavy Truck 2 axles (10,000 lbs (4,536 kg) or less)",Superficial,N,Starting From Parked,2015-03-16 11:40,44,39.28439004,-76.6133523
6150,N,Apparently Normal,No Misuse,N,No Injury,8046dab0-0b4d-41b8-859f-dbff5c50d321,D,ADJ0890001,Shoulder/Lap Belt(s),M,82b7da2c-e8c7-4e37-bc7f-5ccbc98b561f,Same Direction Rear End,N,Non Intersection,Left Turn Lane,Dark Lights On,No Defects,"Two-way, Divided, Positive Median Barrier",Dry,Clear,Six o'clock,Passenger Car,Superficial,N,Moving Constant Speed,2015-01-15 18:57,46,39.32524751,-76.67492911
6151,Y,Apparently Normal,No Misuse,N,No Injury,4143b83f-afe2-4aee-b927-26059ce01521,D,ADJ1000005,Shoulder/Lap Belt(s),M,47d6caff-efad-4038-9f0d-fc2148e1b554,Same Movement Angle,N,Intersection,Left Turn Lane,Dark Lights On,No Defects,One-way Trafficway,Dry,Clear,Twelve o'clock,Van,Functional,N,Moving Constant Speed,2015-02-10 23:58,39,39.29865426,-76.61411673
6152,N,Apparently Normal,No Misuse,Y,No Injury,3b644e09-e97a-4ced-8397-5104c2288e39,D,ADJ1000005,Shoulder/Lap Belt(s),M,0f043678-6ab2-434f-8b66-a364ee1db1d3,Same Movement Angle,N,Intersection,Left Turn Lane,Dark Lights On,No Defects,One-way Trafficway,Dry,Clear,Eight o'clock,Passenger Car,Disabling,N,Moving Constant Speed,2015-02-10 23:58,35,39.29865426,-76.61411673
6153,N,Apparently Normal,No Misuse,N,No Injury,e48320f5-d4fe-4d7b-a4ac-0eebf550e7f8,D,ADJ1000006,Shoulder/Lap Belt(s),M,cb706266-b1be-4b1d-ab56-a6c6335a840c,Same Direction Rear End,N,Intersection Related,Right Turn Lane,Dark Lights On,No Defects,One-way Trafficway,Dry,Clear,Six o'clock,Passenger Car,Superficial,N,Stopped in Traffic Lane,2015-02-25 00:15,32,39.29499429,-76.61822923
6154,N,Apparently Normal,No Misuse,N,No Injury,1e2981f5-dc8a-4d3d-9ac1-3a6309bfdb1f,D,ADJ1000009,Shoulder/Lap Belt(s),M,da9d9940-73c9-46e8-9808-7200dd7655fe,Same Direction Rear End Right Turn,N,Intersection Related,Deceleration Lane,Dark Lights On,No Defects,One-way Trafficway,Dry,Clear,Six o'clock,(Sport) Utility Vehicle,Superficial,N,Making Right Turn,2015-03-21 00:35,58,39.28624342,-76.62206948
6155,N,Apparently Normal,No Misuse,Y,No Injury,6e3a3376-f7b5-4c2a-857f-43bc3edb2adb,D,ADJ108000J,Shoulder/Lap Belt(s),M,d76896e1-ad37-4379-8b81-9631ee451af3,Single Vehicle ,N,Intersection,Left Turn Lane,Daylight,No Defects,"Two-way, Not Divided",Dry,Clear,Twelve o'clock,Pickup Truck,Superficial,N,Making Left Turn,2015-03-16 11:35,56,39.35303256,-76.69795454
6156,N,Apparently Normal,No Misuse,N,No Injury,7fe4abd4-7aec-4e7d-8cf5-056d1aa548a8,D,ADJ1160002,Shoulder/Lap Belt(s),M,d55f67a7-a81a-449e-a616-88fe758f4a59,Same Movement Angle,N,Intersection Related,Right Turn Lane,Dark Lights On,No Defects,"Two-way, Not Divided",Dry,Clear,Eleven o'clock,Passenger Car,Disabling,N,Moving Constant Speed,2015-01-10 18:55,53,39.35231909,-76.59846067
6157,N,Apparently Normal,No Misuse,Y,No Injury,adb57a7f-5f5c-4de3-bf7e-6f45f61b3701,D,ADJ1160002,Shoulder/Lap Belt(s),M,a4e038f4-43eb-4c48-8c3d-d9367bdb17b1,Same Movement Angle,N,Intersection Related,Right Turn Lane,Dark Lights On,No Defects,"Two-way, Not Divided",Dry,Clear,One o'clock,Passenger Car,Disabling,N,Moving Constant Speed,2015-01-10 18:55,22,39.35231909,-76.59846067
6158,N,Apparently Normal,No Misuse,N,No Injury,f201d7e2-ca36-4f58-8420-d2e2c5eda6c8,D,ADJ1240001,Shoulder/Lap Belt(s),M,bcb27cd6-1387-4d7c-8ba6-dba98e840f31,Angle Meets Right Turn,N,Intersection Related,Right Turn Lane,Dark Lights On,No Defects,"Two-way, Not Divided",Ice,Sleet,One o'clock,Passenger Car,Superficial,N,Moving Constant Speed,2015-01-29 01:00,37,39.28812288,-76.64863005
6159,N,Apparently Normal,No Misuse,N,No Injury,8f966ba5-56a1-449c-94ab-39e195d12000,D,ADJ1240006,Shoulder/Lap Belt(s),M,96e4c406-b645-4a5b-bfc6-89a497999c65,Same Direction Rear End,N,Intersection Related,Right Turn Lane,Daylight,No Defects,"Two-way, Divided, Unprotected (painted >4 feet) Median",Ice,Snow,Six o'clock,Passenger Car,Disabling,N,Stopped in Traffic Lane,2015-02-28 10:30,59,39.26473941,-76.65472806
6160,N,Apparently Normal,No Misuse,N,No Injury,6b07cec8-f4a2-4322-9d9b-d9be2e5226f7,D,ADJ1240007,Shoulder/Lap Belt(s),M,546790f1-f4be-4c44-a6aa-d06b751764ed,Same Movement Angle,N,Intersection Related,Right Turn Lane,Daylight,No Defects,"Two-way, Not Divided",Wet,Raining,Two o'clock,Passenger Car,Functional,N,Moving Constant Speed,2015-03-04 11:35,63,39.28490072,-76.67104661
6161,N,Apparently Normal,No Misuse,Y,No Injury,35bb0c9d-94de-4bdb-aabe-1adbd1abcae6,D,ADJ1410004,Shoulder/Lap Belt(s),M,cc93e29e-a4de-4655-a77b-26e85645ba0a,Same Direction Rear End,N,Intersection Related,Right Turn Lane,Dark Lights On,No Defects,"Two-way, Divided, Positive Median Barrier",Wet,Clear,Twelve o'clock,Truck Tractor,Superficial,N,Slowing or Stopping,2015-01-30 06:13,36,39.29011974,-76.62764311