KEY_INDEX,CDL_FLAG,CONDITION_CODE,EQUIP_PROB_CODE,FAULT_FLAG,INJ_SEVER_CODE,PERSON_ID,PERSON_TYPE,REPORT_NO,SAF_EQUIP_CODE,SEX_CODE,VEHICLE_ID,COLLISION_TYPE_CODE,C_M_ZONE_FLAG,JUNCTION_CODE,LANE_CODE,LIGHT_CODE,RD_COND_CODE,RD_DIV_CODE,SURF_COND_CODE,WEATHER_CODE,AREA_DAMAGED_CODE_MAIN,BODY_TYPE_CODE,DAMAGE_CODE,HIT_AND_RUN_FLAG,MOVEMENT_CODE,TIME,AGE,LATITUDE,LONGITUDE
6221,N,Apparently Normal,No Misuse,N,No Injury,f7db164e-0b00-4b0c-b22d-abc27fc970ed,D,ADJ3750002,Shoulder/Lap Belt(s),M,c6d47557-29df-4007-b307-188137f02a13,Same Movement Angle,N,Intersection,Right Turn Lane,Daylight,Loose Surface Material,One-way Trafficway,Snow,Clear,Seven o'clock,Passenger Car,Functional,N,Moving Constant Speed,2015-02-23 13:50,37,39.33765403,-76.68704331
6222,N,Apparently Normal,No Misuse,Y,No Injury,f962b273-8ce4-4f77-b977-02db42aec756,D,ADJ386000B,Shoulder/Lap Belt(s),M,1b6fb66e-ffc0-4a3f-802c-9df64df46587,Same Direction Right Turn,N,Intersection,Right Turn Lane,Daylight,No Defects,"Two-way, Not Divided",Dry,Cloudy,Ten o'clock,Passenger Car,Disabling,N,Changing Lanes,2015-03-03 15:00,58,39.27395912,-76.56912804
6223,N,Apparently Normal,No Misuse,N,No Injury,63fcce2e-d376-4312-968c-e3052d49f97f,D,ADJ3900006,Shoulder/Lap Belt(s),M,abe3652f-b26e-4e39-8607-1c83b9a74eb1,Same Direction Sideswipe,N,Non Intersection,Right Turn Lane,Daylight,No Defects,"Two-way, Divided, Unprotected (painted >4 feet) Median",Dry,Clear,One o'clock,Passenger Car,Functional,N,Moving Constant Speed,2015-01-20 14:50,43,39.26804325,-76.65094882
6224,N,Apparently Normal,No Misuse,N,No Injury,5175f4d2-5afc-4930-bb49-ae1585ac33ce,D,ADJ390000D,Shoulder/Lap Belt(s),M,302f2632-626f-4ffd-beb8-06124454ff61,Same Direction Rear End,N,Non Intersection,Right Turn Lane,Daylight,No Defects,"Two-way, Divided, Unprotected (painted >4 feet) Median",Dry,Clear,Six o'clock,Pickup Truck,Superficial,N,Stopped in Traffic Lane,2015-02-08 10:30,39,39.30899213,-76.66982621
6225,N,Apparently Normal,No Misuse,N,No Injury,c7d534f9-14d0-4e97-a32c-6e50edad514f,D,ADJ3930002,Shoulder/Lap Belt(s),M,c98e04fc-1851-43df-aea2-6fa7805126c2,Same Movement Angle,N,Intersection Related,Right Turn Lane,Daylight,No Defects,"Two-way, Divided, Positive Median Barrier",Dry,Clear,Twelve o'clock,Passenger Car,Disabling,N,Moving Constant Speed,2015-01-22 09:30,44,39.29312557,-76.66246891
6226,N,Apparently Normal,No Misuse,Y,No Injury,4a76c292-787d-4394-9887-e80dc513c807,D,ADJ3930002,Shoulder/Lap Belt(s),M,08e5e8b6-f785-4ede-a82a-c659a664bdaf,Same Movement Angle,N,Intersection Related,Right Turn Lane,Daylight,No Defects,"Two-way, Divided, Positive Median Barrier",Dry,Clear,Nine o'clock,Passenger Car,Disabling,N,Moving Constant Speed,2015-01-22 09:30,27,39.29312557,-76.66246891
6227,N,Apparently Normal,No Misuse,N,No Injury,af0d7a45-e1e0-4dde-8b74-67fd4ede90a1,D,ADJ3930003,Shoulder/Lap Belt(s),M,e9ed81f6-3d74-4454-aea5-8ff05128a7ef,Same Direction Rear End,N,Non Intersection,Right Turn Lane,Daylight,No Defects,"Two-way, Not Divided",Dry,Clear,Six o'clock,Passenger Car,Superficial,N,Slowing or Stopping,2015-02-05 11:50,58,39.31024472,-76.6382432
6228,N,Apparently Normal,No Misuse,N,No Injury,ee245c54-02e1-4c18-88b6-c052227e9b2f,D,ADJ3930006,Shoulder/Lap Belt(s),M,6428d815-5bec-4758-a1df-1495b3f5b1a4,Same Direction Rear End,N,Non Intersection,Right Turn Lane,Daylight,No Defects,"Two-way, Not Divided",Dry,Clear,Six o'clock,Passenger Car,Functional,N,Slowing or Stopping,2015-03-23 15:50,43,39.28947206,-76.67246819
6229,N,Apparently Normal,No Misuse,Y,No Injury,5e3fcfcf-5cfb-45ef-b454-634b1196ad4f,D,ADJ3930006,Shoulder/Lap Belt(s),M,6a9e66d4-93d2-4372-9671-29ec8bb89abf,Same Direction Rear End,N,Non Intersection,Right Turn Lane,Daylight,No Defects,"Two-way, Not Divided",Dry,Clear,Twelve o'clock,Passenger Car,Functional,N,Moving Constant Speed,2015-03-23 15:50,23,39.28947206,-76.67246819
6230,N,Apparently Normal,No Misuse,N,No Injury,4898f08f-e630-4024-8566-1feb4de15c2e,D,ADJ4060001,Shoulder/Lap Belt(s),M,dbd4747d-a757-459b-bd1a-ecbb5189fbb9,Same Movement Angle,N,Intersection,Right Turn Lane,Dusk,No Defects,"Two-way, Divided, Positive Median Barrier",Wet,Cloudy,Five o'clock,Police Vehicle/Emergency,Functional,N,Making Left Turn,2015-01-06 17:03,27,39.2969408,-76.5297237
6231,N,Apparently Normal,No Misuse,N,No Injury,bf1dd677-aea4-41d2-a916-ad792ca0c66e,D,ADJ4060003,Shoulder/Lap Belt(s),M,fbd41b8d-4c9b-4b03-9b81-9225edf1d8c0,Same Direction Rear End,N,Intersection,Right Turn Lane,Daylight,No Defects,"Two-way, Divided, Positive Median Barrier",Dry,Clear,Six o'clock,Passenger Car,Functional,N,Stopped in Traffic Lane,2015-01-08 16:00,45,39.28739612,-76.54826045
6232,N,Apparently Normal,No Misuse,N,No Injury,ebef2b2e-1385-49f3-aefa-a048744ef25c,D,ADJ4060003,Shoulder/Lap Belt(s),M,3c07c90e-f9aa-4292-9ad2-837d03438fc4,Same Direction Rear End,N,Intersection,Right Turn Lane,Daylight,No Defects,"Two-way, Divided, Positive Median Barrier",Dry,Clear,Six o'clock,Passenger Car,Functional,N,Stopped in Traffic Lane,2015-01-08 16:00,34,39.28739612,-76.54826045
6233,N,Apparently Normal,No Misuse,N,No Injury,7f8ac1cc-ca00-4d8e-acba-2340c52df02a,D,ADJ4060008,Shoulder/Lap Belt(s),M,b001339f-441a-4196-af66-87985224fb68,Same Direction Rear End,N,Intersection,Left Turn Lane,Daylight,No Defects,"Two-way, Divided, Positive Median Barrier",Dry,Clear,Six o'clock,Passenger Car,Functional,N,Stopped in Traffic Lane,2015-03-08 09:30,59,39.27254873,-76.5308395
6234,N,Apparently Normal,No Misuse,Y,No Injury,503cb4a2-bdba-4e19-9299-2de8fe7ef34a,D,ADJ4120006,Shoulder/Lap Belt(s),M,17833579-d714-4c2a-9b18-96b84a58c0aa,Angle Meets Left Turn Head On,N,Intersection,Right Turn Lane,Daylight,No Defects,"Two-way, Not Divided",Dry,Clear,Eleven o'clock,Passenger Car,Functional,N,Accelerating,2015-02-05 16:34,23,39.33332237,-76.6470167
6235,N,Apparently Normal,No Misuse,N,Possible Incapacitating Injury,faaf4bb5-4a31-4c98-bac8-6060d89a033f,D,ADJ4120006,Shoulder/Lap Belt(s),M,d46ee54f-2925-4fe3-b9a4-616aa5b43939,Angle Meets Left Turn Head On,N,Intersection,Right Turn Lane,Daylight,No Defects,"Two-way, Not Divided",Dry,Clear,One o'clock,Passenger Car,Functional,N,Moving Constant Speed,2015-02-05 16:34,55,39.33332237,-76.6470167
6236,N,Apparently Normal,No Misuse,N,No Injury,4f36c6f4-3eb8-432a-b930-130e3410b0dc,D,ADJ4120008,Shoulder/Lap Belt(s),M,d14cd50e-6167-450f-8cc3-dbf03297ef7e,Same Direction Rear End Left Turn,N,Intersection Related,Right Turn Lane,Daylight,No Defects,"Two-way, Not Divided",Dry,Cloudy,Six o'clock,(Sport) Utility Vehicle,No Damage,N,Stopped in Traffic Lane,2015-02-16 08:00,63,39.35292886,-76.66660219
6237,N,Apparently Normal,No Misuse,N,No Injury,6deb1163-92ea-4b8a-a1fb-cf9667a780fa,D,ADJ4190002,Shoulder/Lap Belt(s),M,78934321-b756-489b-979a-c1b5999907dd,Same Movement Angle,N,Intersection,Right Turn Lane,Daylight,No Defects,"Two-way, Not Divided",Wet,Raining,Four o'clock,Passenger Car,Superficial,N,Moving Constant Speed,2015-01-24 15:00,53,39.34556566,-76.60418987
6238,N,Apparently Normal,No Misuse,N,No Injury,8ede5e66-fb7c-4e2d-9f8d-73b90713b12d,D,ADJ4240006,Shoulder/Lap Belt(s),M,6dba8a29-21a2-4e82-8822-4cecd44df2d8,Head On Left Turn,N,Intersection,Right Turn Lane,Dark Lights On,No Defects,"Two-way, Not Divided",Dry,Clear,Twelve o'clock,Passenger Car,Disabling,N,Moving Constant Speed,2015-01-22 18:45,30,39.29211257,-76.57620907
6239,N,Apparently Normal,No Misuse,Y,No Injury,11385aba-5409-4bf2-863d-46fff59cfe4f,D,ADJ4240006,Shoulder/Lap Belt(s),M,b872e3e1-911b-46f9-b8f4-7df891d48ad0,Head On Left Turn,N,Intersection,Right Turn Lane,Dark Lights On,No Defects,"Two-way, Not Divided",Dry,Clear,Twelve o'clock,Passenger Car,Disabling,N,Making Left Turn,2015-01-22 18:45,66,39.29211257,-76.57620907
6240,N,Apparently Normal,No Misuse,N,No Injury,7bcc1a10-63cb-46ca-8189-4986a73937cf,D,ADJ424000G,Shoulder/Lap Belt(s),M,b1a4eca9-cbdd-4791-bff8-7d1db5ee5e0b,Same Movement Angle,N,Intersection,Left Turn Lane,Daylight,No Defects,"Two-way, Not Divided",Ice,Clear,Twelve o'clock,Passenger Car,Functional,N,Moving Constant Speed,2015-03-02 08:15,28,39.29561649,-76.58066154
6241,N,Apparently Normal,No Misuse,Y,No Injury,ba66a20d-e384-4448-9764-6a603ba44f06,D,ADJ424000G,Shoulder/Lap Belt(s),M,6c78ad7e-7e5d-4a44-a449-ee00f5c3eec0,Same Movement Angle,N,Intersection,Left Turn Lane,Daylight,No Defects,"Two-way, Not Divided",Ice,Clear,Eight o'clock,(Sport) Utility Vehicle,Functional,N,Moving Constant Speed,2015-03-02 08:15,24,39.29561649,-76.58066154
6242,N,Apparently Normal,No Misuse,Y,No Injury,358b8d29-fac3-424e-8a96-82e8e68b29f0,D,ADJ424000H,Shoulder/Lap Belt(s),M,7a8fcc86-c830-40b7-be7d-546d0e98ef77,Single Vehicle ,N,Alley,Right Turn Lane,Dark Lights On,No Defects,"Two-way, Not Divided",Wet,Raining,Twelve o'clock,Passenger Car,No Damage,N,Accelerating,2015-03-14 19:20,24,39.28243021,-76.59732342
6243,N,Apparently Normal,No Misuse,N,No Injury,ac41efed-17ca-488b-9d28-0393df7b7609,D,ADJ4290001,Shoulder/Lap Belt(s),M,b0b63fba-0edf-44d7-ad71-32482373a7a3,Same Movement Angle,N,Intersection Related,Left Turn Lane,Daylight,No Defects,"Two-way, Divided, Positive Median Barrier",Snow,Snow,Twelve o'clock,Recreational Vehicle,Destroyed,N,Moving Constant Speed,2015-01-06 08:31,29,39.31433708,-76.66606307
6244,N,Apparently Normal,No Misuse,Y,No Injury,5a51c744-8a14-4e54-878a-69b6ab50c2da,D,ADJ4290001,Shoulder/Lap Belt(s),M,14f782fe-5837-46c0-89bf-ceee10d39ad8,Same Movement Angle,N,Intersection Related,Left Turn Lane,Daylight,No Defects,"Two-way, Divided, Positive Median Barrier",Snow,Snow,Nine o'clock,(Sport) Utility Vehicle,Disabling,N,Moving Constant Speed,2015-01-06 08:31,41,39.31433708,-76.66606307
6245,N,Apparently Normal,No Misuse,N,No Injury,044689b2-ba71-47e1-b328-28110d394ce9,D,ADJ4320002,Shoulder/Lap Belt(s),M,f46e49aa-6756-4a9a-9f25-213f9aa46de7,Same Direction Left Turn,N,Intersection Related,Right Turn Lane,Daylight,No Defects,"Two-way, Not Divided",Wet,Clear,Three o'clock,Passenger Car,Disabling,N,Moving Constant Speed,2015-01-22 09:45,18,39.31758051,-76.66014612
6246,N,Apparently Normal,No Misuse,N,No Injury,dd7ec8c3-0ff6-4486-815f-ab3916a7338c,D,ADJ4420003,Shoulder/Lap Belt(s),M,327b1e23-3575-4e21-a96d-0c32b5207c6c,Same Direction Rear End,N,Intersection,Right Turn Lane,Daylight,No Defects,One-way Trafficway,Dry,Clear,Six o'clock,Truck Tractor,Superficial,Y,Stopped in Traffic Lane,2015-03-17 10:30,56,39.28691656,-76.60429716
6247,N,Apparently Normal,No Misuse,N,No Injury,8efd4818-c12f-4a3a-984a-2bc0c6aaa9dc,D,ADJ4430002,Shoulder/Lap Belt(s),M,ef0b010e-0af0-4bb1-809e-98fdcd35e0a1,Same Direction Sideswipe,N,Intersection,Right Turn Lane,Daylight,No Defects,"Two-way, Not Divided",Dry,Cloudy,Two o'clock,"Cargo Van/Light Truck 2 axles (10,000 lbs (4,536 kg) or less)",Disabling,N,Moving Constant Speed,2015-01-09 15:15,47,39.29473845,-76.57346115
6248,N,Apparently Normal,No Misuse,Y,No Injury,774fa720-a07b-4b9b-96ac-7d89eb4f1791,D,ADJ4430002,Shoulder/Lap Belt(s),M,24c1f179-b68e-4164-b705-e68b847d1e28,Same Direction Sideswipe,N,Intersection,Right Turn Lane,Daylight,No Defects,"Two-way, Not Divided",Dry,Cloudy,Twelve o'clock,Passenger Car,Disabling,N,Moving Constant Speed,2015-01-09 15:15,55,39.29473845,-76.57346115
6249,N,Apparently Normal,No Misuse,Y,No Injury,d0bcc4dd-c5bd-4dff-a7c2-44d57f1cfe6d,D,ADJ4430009,Shoulder/Lap Belt(s),M,93976ad7-7b3e-49c3-943f-ba4ca77a23e5,Single Vehicle ,N,Non Intersection,Right Turn Lane,Daylight,No Defects,One-way Trafficway,Wet,Raining,One o'clock,"Cargo Van/Light Truck 2 axles (10,000 lbs (4,536 kg) or less)",Superficial,N,Moving Constant Speed,2015-03-27 09:45,32,39.29301971,-76.57066226
6250,N,Apparently Normal,No Misuse,N,No Injury,018ce872-e6f6-40e1-b019-a16432d2e671,D,ADJ4470003,Shoulder/Lap Belt(s),M,641b2cda-c30f-4189-8a8a-8bcc2a972af0,Same Movement Angle,N,Intersection,Right Turn Lane,Dark Lights On,No Defects,"Two-way, Divided, Unprotected (painted >4 feet) Median",Wet,Snow,Twelve o'clock,Van,Disabling,N,Moving Constant Speed,2015-01-29 17:15,55,39.31530056,-76.67270422
6251,N,Apparently Normal,No Misuse,Y,No Injury,df5ffe68-720e-4a88-808e-a4ab66b4e4cd,D,ADJ4470003,Shoulder/Lap Belt(s),M,525d3fb6-604c-4cfd-b8f6-7f38fdecfefb,Same Movement Angle,N,Intersection,Right Turn Lane,Dark Lights On,No Defects,"Two-way, Divided, Unprotected (painted >4 feet) Median",Wet,Snow,One o'clock,(Sport) Utility Vehicle,Disabling,N,Moving Constant Speed,2015-01-29 17:15,40,39.31530056,-76.67270422
6252,Y,Apparently Normal,No Misuse,N,No Injury,3cd4fd94-1b56-43a3-b0f6-dbdca70011c3,D,ADJ4470007,Shoulder/Lap Belt(s),M,22bb8f39-1702-4990-bb18-190981f88926,Same Movement Angle,N,Intersection,Right Turn Lane,Dark Lights On,No Defects,"Two-way, Not Divided",Ice,Clear,Six o'clock,"Other Light Trucks (10,000 lbs (4,536 kg))",No Damage,N,Making Left Turn,2015-03-02 05:30,38,39.3289365,-76.65661097
6253,Y,Apparently Normal,No Misuse,N,No Injury,85b70eac-56ca-4fdf-b5e3-10d3cd80e811,D,ADJ4540001,Shoulder/Lap Belt(s),M,e3fb67da-1e15-4b6c-ac9a-867c6190cf8e,Same Direction Right Turn,N,Intersection Related,Right Turn Lane,Daylight,No Defects,"Two-way, Divided, Positive Median Barrier",Dry,Clear,Eight o'clock,"Other Light Trucks (10,000 lbs (4,536 kg))",No Damage,N,Moving Constant Speed,2015-01-29 16:10,54,39.32792597,-76.58368707
6254,N,Apparently Normal,No Misuse,Y,No Injury,e42fb24f-c633-47bd-bc64-e8701be3c02d,D,ADJ4540001,Shoulder/Lap Belt(s),M,cde634de-1b9c-49ae-8923-832d0798b58d,Same Direction Right Turn,N,Intersection Related,Right Turn Lane,Daylight,No Defects,"Two-way, Divided, Positive Median Barrier",Dry,Clear,Two o'clock,Passenger Car,Superficial,N,Moving Constant Speed,2015-01-29 16:10,73,39.32792597,-76.58368707
6255,N,Apparently Normal,No Misuse,N,No Injury,527df24d-150b-4d9f-8a31-b36206b2539c,D,ADJ4550004,Shoulder/Lap Belt(s),M,a9fe3ea8-e183-48d9-b730-6afacf7ead42,Same Direction Rear End,N,Non Intersection,Right Turn Lane,Dark Lights On,No Defects,"Two-way, Not Divided",Dry,Clear,Six o'clock,Passenger Car,Superficial,N,Stopped in Traffic Lane,2015-02-06 18:07,40,39.29311727,-76.66234016
6256,N,Apparently Normal,No Misuse,N,No Injury,54ac2bcb-6243-46e6-99e7-f1d38cedf52f,D,ADJ4560001,Shoulder/Lap Belt(s),M,b081db70-cdeb-4e17-85c4-66106fe101d7,Same Direction Rear End,N,Intersection Related,Right Turn Lane,Dark Lights On,No Defects,"Two-way, Not Divided",Dry,Clear,Six o'clock,Passenger Car,Superficial,N,Stopped in Traffic Lane,2015-01-01 21:00,25,39.29561234,-76.58200264
6257,N,Apparently Normal,No Misuse,N,No Injury,6a45636d-6ec9-4a25-849d-03957dfb4214,D,ADJ4620003,Shoulder/Lap Belt(s),M,ee0cd6b5-aba8-43a3-b837-d8d5fa1c7150,Same Direction Sideswipe,Y,Non Intersection,Right Turn Lane,Daylight,Shoulder Defect,"Two-way, Divided, Positive Median Barrier",Dry,Clear,Seven o'clock,Passenger Car,Functional,N,Moving Constant Speed,2015-02-06 10:50,76,39.27277973,-76.53128542
6258,Y,Apparently Normal,No Misuse,Y,No Injury,e9860dfd-4f19-422a-a795-11ba7adc0f24,D,ADJ4620003,Shoulder/Lap Belt(s),M,5be3ba1e-c6ce-4bdc-bcb3-593636e95607,Same Direction Sideswipe,Y,Non Intersection,Right Turn Lane,Daylight,Shoulder Defect,"Two-way, Divided, Positive Median Barrier",Dry,Clear,One o'clock,"Medium/Heavy Truck 2 axles (10,000 lbs (4,536 kg) or less)",Superficial,N,Changing Lanes,2015-02-06 10:50,30,39.27277973,-76.53128542
6259,N,Apparently Normal,No Misuse,Y,No Injury,06733ce2-90c5-4df9-90af-ac01945261de,D,ADJ4620005,Shoulder/Lap Belt(s),M,71b0352e-94ed-4447-8d47-d888adf648fe,Same Direction Left Turn,N,Non Intersection,Right Turn Lane,Daylight,No Defects,"Two-way, Not Divided",Dry,Clear,Ten o'clock,Passenger Car,Functional,N,Making U Turn,2015-02-27 17:30,26,39.28008,-76.55448586
6260,N,Apparently Normal,No Misuse,N,No Injury,be408f2a-a775-49d0-8276-1fe748016c55,D,ADJ4740002,Shoulder/Lap Belt(s),M,4d31bb27-768f-4ae4-aa49-9465bf501119,Same Direction Left Turn,N,Non Intersection,Left Turn Lane,Daylight,No Defects,"Two-way, Divided, Positive Median Barrier",Wet,Cloudy,Two o'clock,(Sport) Utility Vehicle,Superficial,N,Moving Constant Speed,2015-01-24 12:43,66,39.28081445,-76.55759051
6261,N,Apparently Normal,No Misuse,N,No Injury,e2565c4c-8759-41e2-9580-4599e611c70d,D,ADJ4740007,Shoulder/Lap Belt(s),M,62bf035a-c717-4a02-8a4a-a214ae735944,Same Direction Rear End,N,Intersection Related,Right Turn Lane,Dusk,No Defects,One-way Trafficway,Dry,Clear,Six o'clock,Passenger Car,Superficial,N,Slowing or Stopping,2015-02-13 18:07,44,39.28625224,-76.55125111
6262,N,Apparently Normal,No Misuse,Y,No Injury,4997de0e-6c6e-41ff-9265-d27c808c4f87,D,ADJ4740007,Shoulder/Lap Belt(s),M,4149ae7f-0af1-4fc4-9013-601ecbe12351,Same Direction Rear End,N,Intersection Related,Right Turn Lane,Dusk,No Defects,One-way Trafficway,Dry,Clear,Twelve o'clock,Passenger Car,Superficial,N,Moving Constant Speed,2015-02-13 18:07,44,39.28625224,-76.55125111
6263,N,Apparently Normal,No Misuse,N,No Injury,291d4e6e-7295-404a-9a5a-3c423d3051c2,D,ADJ475000D,Shoulder/Lap Belt(s),M,fd6adf9d-9826-42ca-9fd7-b69b5d3012c4,Same Direction Rear End,N,Intersection,Right Turn Lane,Daylight,No Defects,"Two-way, Divided, Positive Median Barrier",Dry,Clear,Six o'clock,(Sport) Utility Vehicle,Superficial,N,Stopped in Traffic Lane,2015-03-11 12:45,72,39.32820411,-76.61581188
6264,N,Had Been Drinking,No Misuse,Y,No Injury,2a7fc8e8-f8d3-4645-a0eb-1d56108039b1,D,ADJ4870005,Shoulder/Lap Belt(s),M,47b7f3a1-d038-4b6d-a06e-d6229c283bd1,Opposite Direction Both Left Turn,N,Non Intersection,Right Turn Lane,Dark Lights On,No Defects,"Two-way, Not Divided",Wet,Foggy,Seven o'clock,Passenger Car,Superficial,N,Moving Constant Speed,2015-03-07 00:50,29,39.35169606,-76.57491222
6265,N,Apparently Normal,No Misuse,Y,No Injury,e37db81d-5663-49d8-8a41-59f838231558,D,ADJ4890009,Shoulder/Lap Belt(s),M,86001e70-90e2-48d6-abdd-7e6bcc0c5fc3,Head On,N,Intersection Related,Left Turn Lane,Daylight,No Defects,"Two-way, Not Divided",Wet,Cloudy,Twelve o'clock,Passenger Car,Disabling,N,Making Right Turn,2015-01-27 10:30,27,39.26453175,-76.65485144
6266,N,Apparently Normal,No Misuse,N,No Injury,0cd51cb9-a2d2-4e4e-90a4-3a9f31b58868,D,ADJ492000B,Shoulder/Lap Belt(s),M,4fb3daf4-e307-4093-92fa-2f9a54d42e85,Same Direction Both Left Turn,N,Non Intersection,Right Turn Lane,Daylight,No Defects,One-way Trafficway,Dry,Clear,Ten o'clock,Passenger Car,Superficial,N,Moving Constant Speed,2015-03-17 18:20,59,39.3094478,-76.66115999
6267,N,Apparently Normal,No Misuse,N,No Injury,efe4210b-c7ac-46cc-b1b9-9934a8d9e8e1,D,ADJ5040001,Shoulder/Lap Belt(s),M,23355db2-d13c-43b1-977c-af0fa82e0bf7,Same Direction Rear End,N,Non Intersection,Left Turn Lane,Dark Lights On,No Defects,"Two-way, Divided, Positive Median Barrier",Dry,Clear,Six o'clock,Passenger Car,Superficial,N,Moving Constant Speed,2015-01-17 20:37,51,39.29379763,-76.68355644
6268,N,Had Been Drinking,No Misuse,Y,No Injury,16ba0699-b120-4884-878e-a5f7ae2f23e7,D,ADJ5040001,Shoulder/Lap Belt(s),M,2b1ff9ee-0b00-4cbc-9fbb-86b403f4acd9,Same Direction Rear End,N,Non Intersection,Left Turn Lane,Dark Lights On,No Defects,"Two-way, Divided, Positive Median Barrier",Dry,Clear,Twelve o'clock,Passenger Car,Superficial,N,Moving Constant Speed,2015-01-17 20:37,39,39.29379763,-76.68355644
6269,N,Apparently Normal,No Misuse,N,No Injury,10fa6396-98ca-40cb-bc29-7cfa2767cc7b,D,ADJ5040004,Shoulder/Lap Belt(s),M,35855e48-15ea-448c-8d5c-12bab099f9a3,Opposite Direction Sideswipe,N,Non Intersection,Right Turn Lane,Daylight,No Defects,"Two-way, Not Divided",Dry,Clear,Five o'clock,Passenger Car,Superficial,N,Slowing or Stopping,2015-02-16 15:00,51,39.31123148,-76.70132741
6270,Y,Apparently Normal,No Misuse,N,No Injury,424a0953-77e3-46b3-913a-763c18a050e2,D,ADJ5060002,Shoulder/Lap Belt(s),M,d91cefca-9c85-40b3-b285-cdf15153b634,Same Direction Both Left Turn,N,Non Intersection,Right Turn Lane,Daylight,No Defects,One-way Trafficway,Snow,Snow,Seven o'clock,Van,Functional,N,Skidding,2015-03-05 14:18,53,39.25443187,-76.63694233
6271,N,Apparently Normal,No Misuse,Y,No Injury,3df380be-bb3e-4be7-ad09-26e357958f4b,D,ADJ5060002,Shoulder/Lap Belt(s),M,e6205459-b552-4bb3-b668-324283df09d5,Same Direction Both Left Turn,N,Non Intersection,Right Turn Lane,Daylight,No Defects,One-way Trafficway,Snow,Snow,Five o'clock,Passenger Car,Disabling,N,Skidding,2015-03-05 14:18,28,39.25443187,-76.63694233
6272,N,Apparently Normal,No Misuse,N,No Injury,976b7ce4-e558-4775-a65c-e2ac94345807,D,ADJ5090002,Shoulder/Lap Belt(s),M,a8ac8f45-29be-4758-a5e4-c679fdb1122c,Same Direction Right Turn,N,Non Intersection,Right Turn Lane,Dusk,No Defects,"Two-way, Not Divided",Dry,Clear,One o'clock,"Medium/Heavy Truck 2 axles (10,000 lbs (4,536 kg) or less)",Superficial,N,Making Right Turn,2015-01-13 16:44,48,39.26646301,-76.5686506
6273,Y,Apparently Normal,No Misuse,N,No Injury,d9186944-969c-4762-8ac2-2856088d0688,D,ADJ5090006,Shoulder/Lap Belt(s),M,52b12caf-cf9e-452c-b3ab-e16e7c6b636a,Same Direction Sideswipe,Y,Intersection Related,Right Turn Lane,Daylight,Shoulder Defect,"Two-way, Not Divided",Dry,Clear,Eleven o'clock,"Medium/Heavy Truck 2 axles (10,000 lbs (4,536 kg) or less)",Functional,N,Stopped in Traffic Lane,2015-02-27 13:35,56,39.26194212,-76.54252857
6274,N,Apparently Normal,No Misuse,Y,No Injury,fef1fcc7-e5a3-4b2b-b771-60f0255785d8,D,ADJ509000B,Shoulder/Lap Belt(s),M,2dc7b39a-333d-48a7-824e-f9ce62d42d55,Single Vehicle ,N,Interchange Related,Right Turn Lane,Daylight,No Defects,"Two-way, Divided, Positive Median Barrier",Snow,Sleet,Ten o'clock,Passenger Car,Disabling,N,Making Right Turn,2015-03-01 11:30,33,39.28734785,-76.55407548
6275,N,Apparently Normal,No Misuse,N,No Injury,3145c211-05bf-46dc-8242-3eb1b8ded6b7,D,ADJ5140004,Shoulder/Lap Belt(s),M,166b0e2d-2791-4594-99b8-b7af09c796c0,Same Direction Rear End,N,Intersection Related,Left Turn Lane,Daylight,No Defects,One-way Trafficway,Dry,Clear,Six o'clock,Passenger Car,Functional,N,Slowing or Stopping,2015-03-11 10:25,44,39.28632319,-76.61954418
6276,N,Apparently Normal,No Misuse,Y,No Injury,55f55efa-915b-49a0-8325-62482b30b82d,D,ADJ5140004,Shoulder/Lap Belt(s),M,bd640ef6-f6fe-4103-90ba-d22d0a0c132a,Same Direction Rear End,N,Intersection Related,Left Turn Lane,Daylight,No Defects,One-way Trafficway,Dry,Clear,Twelve o'clock,Passenger Car,Disabling,N,Moving Constant Speed,2015-03-11 10:25,32,39.28632319,-76.61954418
6277,N,Apparently Normal,No Misuse,N,No Injury,fbdeb6c4-d03d-4835-b522-c6c76bc52202,D,ADJ517000B,Shoulder/Lap Belt(s),M,e025fba6-e081-470f-bebb-e4d2f03367ee,Same Direction Rear End,N,Non Intersection,Right Turn Lane,Dark Lights On,No Defects,"Two-way, Divided, Positive Median Barrier",Snow,Snow,Twelve o'clock,Station Wagon,Disabling,N,Moving Constant Speed,2015-02-21 19:00,55,39.26660006,-76.66751146
6278,N,Apparently Normal,No Misuse,N,No Injury,5ee65683-99c0-4d2b-8c8e-c759e9823bd0,D,ADJ531000C,Lap Belt Only,M,84c19ab3-f892-4aaa-85ec-1a82f1155c8e,Same Movement Angle,N,Intersection,Shoulder Area,Dark Lights On,No Defects,"Two-way, Divided, Positive Median Barrier",Dry,Clear,Ten o'clock,(Sport) Utility Vehicle,Superficial,N,Accelerating,2015-02-03 18:59,57,39.32580979,-76.55161053
6279,N,Apparently Normal,No Misuse,Y,No Injury,4828de20-c49c-4bc2-a08e-4ef61d36e0fd,D,ADJ531000D,Lap Belt Only,M,e0c8f457-4c8e-4128-aa03-b8f32b709314,Same Direction Sideswipe,N,Non Intersection,Left Turn Lane,Dark No Lights,No Defects,"Two-way, Not Divided",Dry,Clear,Three o'clock,Fire Vehicle/Emergency,No Damage,N,Stopped in Traffic Lane,2015-02-03 22:00,37,39.32195464,-76.55345589
6280,N,Apparently Normal,No Misuse,N,No Injury,78546f19-afac-42a2-b303-867903d0accf,D,ADJ531000N,Shoulder/Lap Belt(s),M,667022e9-16f8-4152-aa69-1aad691556ac,Same Direction Rear End,N,Non Intersection,Left Turn Lane,Daylight,No Defects,"Two-way, Divided, Unprotected (painted >4 feet) Median",Dry,Clear,Six o'clock,Passenger Car,Superficial,N,Moving Constant Speed,2015-02-12 11:00,49,39.31874462,-76.54007971