KEY_INDEX,CDL_FLAG,CONDITION_CODE,EQUIP_PROB_CODE,FAULT_FLAG,INJ_SEVER_CODE,PERSON_ID,PERSON_TYPE,REPORT_NO,SAF_EQUIP_CODE,SEX_CODE,VEHICLE_ID,COLLISION_TYPE_CODE,C_M_ZONE_FLAG,JUNCTION_CODE,LANE_CODE,LIGHT_CODE,RD_COND_CODE,RD_DIV_CODE,SURF_COND_CODE,WEATHER_CODE,AREA_DAMAGED_CODE_MAIN,BODY_TYPE_CODE,DAMAGE_CODE,HIT_AND_RUN_FLAG,MOVEMENT_CODE,TIME,AGE,LATITUDE,LONGITUDE
6281,N,Apparently Normal,No Misuse,Y,No Injury,2a169c9b-6997-449e-bed1-bcb200612fd1,D,ADJ531000N,Shoulder/Lap Belt(s),M,a256d0ec-561e-48d3-b8ff-d745f9215dbd,Same Direction Rear End,N,Non Intersection,Left Turn Lane,Daylight,No Defects,"Two-way, Divided, Unprotected (painted >4 feet) Median",Dry,Clear,Twelve o'clock,Passenger Car,Superficial,N,Moving Constant Speed,2015-02-12 11:00,28,39.31874462,-76.54007971
6282,N,Apparently Normal,No Misuse,N,No Injury,1ee97032-5fba-453d-8d2e-6ce047bc9efc,D,ADJ531000Q,Shoulder/Lap Belt(s),M,41a984b4-ca71-435e-b0f0-217a4ad7a183,Same Direction Rear End,N,Intersection,Left Turn Lane,Daylight,No Defects,"Two-way, Divided, Positive Median Barrier",Snow,Cloudy,Six o'clock,Pickup Truck,Superficial,N,Accelerating,2015-02-17 13:00,56,39.30696982,-76.55926287
6283,N,Apparently Normal,No Misuse,Y,No Injury,7203a18f-89a3-40d8-8eb4-1f9b25893b57,D,ADJ531000Q,Shoulder/Lap Belt(s),M,ad814342-ff11-4d23-b331-20dcbdc08d25,Same Direction Rear End,N,Intersection,Left Turn Lane,Daylight,No Defects,"Two-way, Divided, Positive Median Barrier",Snow,Cloudy,Twelve o'clock,Passenger Car,Functional,N,Accelerating,2015-02-17 13:00,50,39.30696982,-76.55926287
6284,N,Apparently Normal,No Misuse,N,No Injury,bbd5aa4a-3514-4770-9ad9-1622ff6b0d5b,D,ADJ531000T,Shoulder/Lap Belt(s),M,9cfa7be3-f804-46ed-9ebb-4d0be940d992,Same Movement Angle,N,Intersection,Left Turn Lane,Daylight,No Defects,"Two-way, Divided, Positive Median Barrier",Wet,Clear,Nine o'clock,Passenger Car,Disabling,N,Accelerating,2015-02-18 14:35,40,39.309857,-76.530498
6285,N,Apparently Normal,No Misuse,Y,No Injury,c7e89c13-2a2d-4ea4-a20f-f45f24b16f1c,D,ADJ531000T,Shoulder/Lap Belt(s),M,c78cc753-5da1-45f2-9906-da929b92985e,Same Movement Angle,N,Intersection,Left Turn Lane,Daylight,No Defects,"Two-way, Divided, Positive Median Barrier",Wet,Clear,Twelve o'clock,Passenger Car,Disabling,N,Moving Constant Speed,2015-02-18 14:35,55,39.309857,-76.530498
6286,N,Apparently Normal,No Misuse,N,No Injury,020da3f5-a6cc-44fe-8a29-8be196550f68,D,ADJ531000Z,Shoulder/Lap Belt(s),M,cdc4fc29-2693-469f-a7ec-f522bc797470,Same Direction Rear End,N,Non Intersection,Acceleration Lane,Daylight,No Defects,"Two-way, Divided, Unprotected (painted >4 feet) Median",Snow,Snow,Six o'clock,Pickup Truck,Superficial,N,Parked  ,2015-03-05 11:15,30,39.3314749,-76.56113505
6287,N,Apparently Normal,No Misuse,Y,No Injury,a0551c08-9eef-435f-a821-77cd0acbb088,D,ADJ531000Z,Shoulder/Lap Belt(s),M,8f6cddbc-87e3-4800-9793-9f4cd0bd8155,Same Direction Rear End,N,Non Intersection,Acceleration Lane,Daylight,No Defects,"Two-way, Divided, Unprotected (painted >4 feet) Median",Snow,Snow,Twelve o'clock,Passenger Car,Disabling,N,Moving Constant Speed,2015-03-05 11:15,28,39.3314749,-76.56113505
6288,N,Apparently Normal,No Misuse,N,No Injury,059e4c34-9465-4dd6-8e0a-c1cf3e5ef373,D,ADJ5350004,Shoulder/Lap Belt(s),M,9e1db0cc-22c2-4d51-bc21-06879dca7d6a,Head On Left Turn,N,Intersection,Right Turn Lane,Daylight,No Defects,"Two-way, Not Divided",Dry,Clear,Twelve o'clock,Passenger Car,Disabling,N,Moving Constant Speed,2015-02-11 13:55,47,39.29474157,-76.65635079
6289,N,Apparently Normal,No Misuse,Y,Possible Incapacitating Injury,ce3a8425-f15c-46b8-b933-5d2959227442,D,ADJ5350004,Shoulder/Lap Belt(s),M,2abc0a94-386f-4f74-90ab-914a585389fd,Head On Left Turn,N,Intersection,Right Turn Lane,Daylight,No Defects,"Two-way, Not Divided",Dry,Clear,Three o'clock,Passenger Car,Disabling,N,Moving Constant Speed,2015-02-11 13:55,35,39.29474157,-76.65635079
6290,Y,Apparently Normal,No Misuse,Y,No Injury,71c5e255-9104-4f59-b62c-b3c0001b8772,D,ADJ5390005,Shoulder/Lap Belt(s),M,5f4e3814-be20-4afd-a4f7-837bef35aed5,Single Vehicle ,Y,Intersection,Right Turn Lane,Daylight,No Defects,"Two-way, Divided, Unprotected (painted >4 feet) Median",Ice,Clear,Six o'clock,"Medium/Heavy Truck 2 axles (10,000 lbs (4,536 kg) or less)",No Damage,N,Backing,2015-02-25 11:47,27,39.28062967,-76.6600965
6291,N,Apparently Normal,No Misuse,N,No Injury,3efbe370-65d0-40d5-b601-9af1020fad89,D,ADJ5400001,Shoulder/Lap Belt(s),M,74aa8fd2-8797-46d8-b99b-446a1c854101,Same Direction Right Turn,N,Non Intersection,Right Turn Lane,Dusk,No Defects,"Two-way, Divided, Positive Median Barrier",Ice,Cloudy,Ten o'clock,Pickup Truck,Functional,N,Moving Constant Speed,2015-01-05 18:00,41,39.34636217,-76.56633854
6292,N,Apparently Normal,No Misuse,N,No Injury,ea9002d7-ad69-49d5-8a1e-9ccbc636769a,D,ADJ540000K,Shoulder/Lap Belt(s),M,16a6b6b4-0098-44fa-944e-d549996e090b,Same Direction Sideswipe,N,Non Intersection,Right Turn Lane,Daylight,No Defects,"Two-way, Divided, Positive Median Barrier",Dry,Cloudy,Nine o'clock,Passenger Car,Superficial,N,Moving Constant Speed,2015-02-26 15:30,44,39.34031346,-76.59345031
6293,N,Apparently Normal,No Misuse,N,No Injury,dcf542da-9ee5-42c2-abc1-f9f529f34a41,D,ADJ540000W,Shoulder/Lap Belt(s),M,e49a217a-c745-4147-bf34-9afd36537ab6,Same Movement Angle,N,Intersection,Right Turn Lane,Dark No Lights,No Defects,One-way Trafficway,Dry,Cloudy,Twelve o'clock,(Sport) Utility Vehicle,Functional,N,Moving Constant Speed,2015-03-20 23:40,41,39.35069302,-76.55191898
6294,N,Apparently Normal,No Misuse,N,No Injury,d10de34f-0194-41b5-9153-44514aa093f6,D,ADJ540000X,Shoulder/Lap Belt(s),M,622119fb-5ccf-4d24-b895-51cfe31247b8,Same Direction Rear End,N,Intersection,Right Turn Lane,Daylight,No Defects,"Two-way, Not Divided",Dry,Cloudy,Six o'clock,(Sport) Utility Vehicle,Superficial,N,Slowing or Stopping,2015-03-25 19:00,53,39.35125717,-76.53463483
6295,N,Apparently Normal,No Misuse,N,No Injury,94d7bc41-5363-4fa9-b8fd-72fa55e23c18,D,ADJ5440001,Shoulder/Lap Belt(s),M,c84d3f49-c9f1-440d-b63c-d4e7c4a018b0,Single Vehicle ,N,Non Intersection,Acceleration Lane,Daylight,No Defects,"Two-way, Divided, Positive Median Barrier",Dry,Clear,Twelve o'clock,(Sport) Utility Vehicle,No Damage,N,Slowing or Stopping,2015-02-11 09:00,63,39.36500282,-76.61015779
6296,N,Apparently Normal,No Misuse,N,No Injury,fc061080-23ae-4a98-b050-9a90b467d4b2,D,ADJ5440008,Shoulder/Lap Belt(s),M,b61e9e40-3151-4bf9-9755-9690a1737a6c,Same Direction Left Turn,N,Non Intersection,Right Turn Lane,Daylight,No Defects,"Two-way, Divided, Positive Median Barrier",Dry,Clear,Twelve o'clock,Passenger Car,Superficial,N,Moving Constant Speed,2015-03-23 18:00,37,39.34553247,-76.64695501
6297,N,Apparently Normal,No Misuse,N,No Injury,fe24cffa-cc4a-46b7-89d2-3560832a5f1f,D,ADJ5470009,Shoulder/Lap Belt(s),M,40d10812-a1af-48db-8a30-923c71a302e2,Same Direction Rear End,N,Non Intersection,Left Turn Lane,Daylight,No Defects,"Two-way, Divided, Positive Median Barrier",Snow,Snow,Six o'clock,Passenger Car,Superficial,N,Stopped in Traffic Lane,2015-01-06 10:00,57,39.31095032,-76.62338376
6298,N,Apparently Normal,No Misuse,N,No Injury,3abcd216-56ae-491c-b354-7bf78639aab6,D,ADJ5470012,Shoulder/Lap Belt(s),M,1025f5df-de88-4ad7-a309-7cddbc610b64,Same Movement Angle,N,Intersection,Right Turn Lane,Daylight,No Defects,"Two-way, Divided, Positive Median Barrier",Dry,Clear,Eight o'clock,Passenger Car,Disabling,Y,Moving Constant Speed,2015-02-12 14:10,37,39.31045225,-76.63409114
6299,N,Apparently Normal,No Misuse,Y,No Injury,4aa5cdf9-a7c9-488e-8944-75ea418f1dd3,D,ADJ547001J,Shoulder/Lap Belt(s),M,3e43ed94-c8ef-4450-9af6-be2bfa33813a,Same Direction Sideswipe,N,Non Intersection,Right Turn Lane,Daylight,No Defects,One-way Trafficway,Dry,Clear,Four o'clock,Passenger Car,Superficial,N,Moving Constant Speed,2015-02-23 10:25,27,39.29124487,-76.61122799
6300,N,Apparently Normal,No Misuse,N,No Injury,3a0bb1a0-1a3f-4667-8570-9ae788e3310d,D,ADJ547001R,Shoulder/Lap Belt(s),M,b0271db1-27c1-4eaf-af85-98d449e6dd9f,Same Movement Angle,N,Intersection,Left Turn Lane,Daylight,No Defects,One-way Trafficway,Dry,Clear,Twelve o'clock,Passenger Car,Disabling,N,Moving Constant Speed,2015-03-02 13:04,36,39.29476129,-76.62401676
6301,N,Apparently Normal,No Misuse,Y,No Injury,e9a05a8d-382e-4f2c-9f70-7e5f664d6e2a,D,ADJ547001R,Shoulder/Lap Belt(s),M,9ef29328-cd70-4d43-ba43-1f0b7565178a,Same Movement Angle,N,Intersection,Left Turn Lane,Daylight,No Defects,One-way Trafficway,Dry,Clear,Twelve o'clock,Passenger Car,Disabling,N,Moving Constant Speed,2015-03-02 13:04,21,39.29476129,-76.62401676
6302,N,Apparently Normal,No Misuse,N,No Injury,e8ead175-621d-442c-a0b7-f5e88c1434a8,D,ADJ5470020,Shoulder/Lap Belt(s),M,1fa6462b-8163-4097-8f50-79955cacacc6,Same Movement Angle,N,Intersection Related,Right Turn Lane,Daylight,No Defects,One-way Trafficway,Wet,Raining,Ten o'clock,Passenger Car,No Damage,N,Making Left Turn,2015-03-03 13:15,33,39.28776979,-76.61360979
6303,N,Apparently Normal,No Misuse,N,No Injury,e589a01e-f49e-4438-8dd2-3c79fe0815d5,D,ADJ5470025,Shoulder/Lap Belt(s),M,e39073bc-2c5b-468c-80bb-cbe679882557,Same Movement Angle,N,Intersection,Right Turn Lane,Dark Lights On,No Defects,One-way Trafficway,Wet,Raining,Nine o'clock,Passenger Car,Superficial,N,Accelerating,2015-03-14 00:45,38,39.29876323,-76.61158204
6304,N,Apparently Normal,No Misuse,Y,No Injury,dcc303d8-b307-49d3-8e64-c5a2ad24745a,D,ADJ547002P,Shoulder/Lap Belt(s),M,9bd86392-058e-446a-82ed-91d3b4d0be0a,Single Vehicle ,N,Non Intersection,Left Turn Lane,Dark - Unknown Lighting,No Defects,One-way Trafficway,Dry,Clear,Twelve o'clock,Passenger Car,No Damage,N,Backing,2015-03-28 00:55,27,39.30227512,-76.61869526
6305,N,Apparently Normal,No Misuse,N,No Injury,f2a8fe62-22c9-42da-8730-574369dffcac,D,ADJ547002S,Shoulder/Lap Belt(s),M,02d934d1-e17e-4387-8708-4e9fca40ee00,Same Direction Both Left Turn,N,Intersection,Left Turn Lane,Daylight,No Defects,One-way Trafficway,Dry,Clear,Twelve o'clock,Passenger Car,Superficial,N,Making Right Turn,2015-03-31 17:00,61,39.29486923,-76.62402749
6306,N,Apparently Normal,No Misuse,N,No Injury,b43cb936-9219-4089-b28e-a895c1560e69,D,ADJ5530004,Shoulder/Lap Belt(s),M,4c02b744-9385-4752-8e00-9f96ddcaa6f1,Same Direction Sideswipe,N,Non Intersection,Right Turn Lane,Dark Lights On,No Defects,"Two-way, Not Divided",Wet,Snow,Nine o'clock,Passenger Car,Superficial,N,Moving Constant Speed,2015-01-21 18:42,43,39.25023462,-76.6472286
6307,N,Apparently Normal,No Misuse,Y,No Injury,1c4df7fd-38c0-4ff9-b2a8-eac9ae5a6f10,D,ADJ5530004,Shoulder/Lap Belt(s),M,8fa46a4c-6d01-448d-8c12-71b97c22b601,Same Direction Sideswipe,N,Non Intersection,Right Turn Lane,Dark Lights On,No Defects,"Two-way, Not Divided",Wet,Snow,One o'clock,(Sport) Utility Vehicle,Superficial,N,Making Left Turn,2015-01-21 18:42,54,39.25023462,-76.6472286
6308,N,Apparently Normal,No Misuse,N,No Injury,e8c7021a-709e-4bcb-a105-c383d68169ec,D,ADJ5530005,Shoulder/Lap Belt(s),M,4b03a746-5fb2-465c-8e32-6be26c28aabe,Same Direction Rear End,N,Intersection,Right Turn Lane,Dark Lights On,No Defects,"Two-way, Not Divided",Wet,Raining,Six o'clock,(Sport) Utility Vehicle,Functional,N,Stopped in Traffic Lane,2015-01-23 23:49,49,39.25131053,-76.64689064
6309,N,Apparently Normal,No Misuse,N,No Injury,6a20861a-9ec3-4f0d-8545-b1ec737216f1,D,ADJ5530006,Shoulder/Lap Belt(s),M,169e6118-f15b-48fb-b7c1-6b5416df5486,Same Direction Sideswipe,N,Non Intersection,Left Turn Lane,Dark Lights On,No Defects,"Two-way, Divided, Positive Median Barrier",Dry,Clear,Two o'clock,(Sport) Utility Vehicle,Superficial,N,Moving Constant Speed,2015-02-04 20:27,48,39.25226181,-76.639992
6310,N,Apparently Normal,No Misuse,N,No Injury,2d3e833b-11b2-4238-86d9-08e98597ae71,D,ADJ569000C,Shoulder/Lap Belt(s),M,f2926ff8-33b9-4578-80f0-526985910826,Same Direction Sideswipe,N,Intersection,Right Turn Lane,Daylight,No Defects,One-way Trafficway,Dry,Clear,One o'clock,"Cargo Van/Light Truck 2 axles (10,000 lbs (4,536 kg) or less)",Superficial,N,Moving Constant Speed,2015-03-18 09:30,55,39.29425065,-76.61424279
6311,N,Apparently Normal,No Misuse,N,No Injury,422d8ba3-688c-40e6-9ede-b6d177e2d1d4,D,ADJ5790004,Shoulder/Lap Belt(s),M,fb95e5f7-49e8-4d38-be64-64873b79cb2d,Same Movement Angle,N,Intersection,Right Turn Lane,Daylight,No Defects,"Two-way, Not Divided",Dry,Cloudy,Five o'clock,Passenger Car,Superficial,N,Accelerating,2015-02-19 13:11,31,39.35966913,-76.70327067
6312,N,Apparently Normal,No Misuse,N,No Injury,4e8a4348-1bf7-496c-9b19-858547f11498,D,ADJ5790004,Shoulder/Lap Belt(s),M,ad655386-4e07-49ab-a910-4d60768f88f9,Same Movement Angle,N,Intersection,Right Turn Lane,Daylight,No Defects,"Two-way, Not Divided",Dry,Cloudy,Twelve o'clock,Passenger Car,Functional,N,Stopped in Traffic Lane,2015-02-19 13:11,17,39.35966913,-76.70327067
6313,N,Apparently Normal,No Misuse,N,Possible Incapacitating Injury,8eb0c628-0f57-4eaf-be06-7a10aa40503b,D,ADJ5790007,Shoulder/Lap Belt(s),M,e2036ea6-d523-43b3-905b-a355199513b6,Same Direction Rear End,N,Non Intersection,Left Turn Lane,Daylight,No Defects,"Two-way, Divided, Positive Median Barrier",Dry,Cloudy,Six o'clock,Passenger Car,Functional,N,Slowing or Stopping,2015-02-27 13:45,23,39.34543291,-76.67163134
6314,N,Apparently Normal,No Misuse,N,No Injury,57250755-cee4-4142-a63d-f6b621019ad5,D,ADJ5910001,Shoulder/Lap Belt(s),M,2a4a4c98-0c4a-43b1-b67c-d5b8d9172add,Opposite Direction Sideswipe,N,Non Intersection,Right Turn Lane,Daylight,No Defects,"Two-way, Not Divided",Snow,Snow,One o'clock,Passenger Car,Functional,Y,Moving Constant Speed,2015-02-21 16:30,30,39.31439519,-76.63281441
6315,N,Apparently Normal,No Misuse,N,No Injury,234bbbdd-539c-4f89-8c1a-3fa6fb3ef3af,D,ADJ6000003,Shoulder/Lap Belt(s),M,6666209c-355b-4ee7-a9e2-801f2e8fa994,Same Direction Sideswipe,N,Intersection,Left Turn Lane,Daylight,No Defects,"Two-way, Divided, Positive Median Barrier",Dry,Clear,Ten o'clock,Passenger Car,Superficial,N,Moving Constant Speed,2015-03-18 08:00,28,39.29067608,-76.60633564
6316,N,Apparently Normal,No Misuse,Y,No Injury,88b89799-3449-4815-9f4b-835ea42448bc,D,ADJ6020001,Shoulder/Lap Belt(s),M,3456bbc4-9124-4e84-9caa-ecdc39b252f2,Same Direction Rear End,N,Intersection Related,Left Turn Lane,Daylight,No Defects,One-way Trafficway,Wet,Raining,Twelve o'clock,Passenger Car,Functional,N,Moving Constant Speed,2015-01-12 14:00,81,39.2869311,-76.60677552
6317,N,Apparently Normal,No Misuse,N,No Injury,950e6201-cac1-460c-936b-43d881897dbd,D,ADJ6130001,Shoulder/Lap Belt(s),M,b52e8fca-b653-4e0c-a4c8-cc5acdbfbbcf,Same Movement Angle,N,Intersection,Right Turn Lane,Dark Lights On,No Defects,"Two-way, Not Divided",Ice,Sleet,Twelve o'clock,Recreational Vehicle,Superficial,N,Moving Constant Speed,2015-02-10 00:07,25,39.35849119,-76.57232523
6318,N,Apparently Normal,No Misuse,Y,No Injury,204f6f4c-7921-4ec5-95cf-b2210d729d53,D,ADJ6240007,Shoulder/Lap Belt(s),M,ba6da56d-4778-47f9-93e4-90e8cba63b63,Same Direction Rear End,N,Non Intersection,Right Turn Lane,Daylight,No Defects,"Two-way, Divided, Unprotected (painted >4 feet) Median",Dry,Clear,Twelve o'clock,Passenger Car,Functional,N,Moving Constant Speed,2015-03-09 12:20,23,39.32258558,-76.57236546
6319,N,Apparently Normal,No Misuse,N,Possible Incapacitating Injury,8f4b1429-01dc-4585-b688-168ef98244fe,D,ADJ6240007,Shoulder/Lap Belt(s),M,fe71ccf3-cf94-4e21-8d51-c9168a8538a4,Same Direction Rear End,N,Non Intersection,Right Turn Lane,Daylight,No Defects,"Two-way, Divided, Unprotected (painted >4 feet) Median",Dry,Clear,Six o'clock,Passenger Car,Functional,N,Slowing or Stopping,2015-03-09 12:20,54,39.32258558,-76.57236546
6320,N,Apparently Normal,No Misuse,N,No Injury,424550a5-68dd-476f-a6eb-cd35b03eb9d8,D,ADJ6260002,Shoulder/Lap Belt(s),M,cfaea819-e2bc-40b7-ac49-4a45b29de03e,Angle Meets Right Turn,N,Alley,Right Turn Lane,Daylight,No Defects,"Two-way, Not Divided",Dry,Clear,Twelve o'clock,Passenger Car,Superficial,N,Moving Constant Speed,2015-01-22 10:00,38,39.36898001,-76.58701301
6321,N,Apparently Normal,No Misuse,N,No Injury,eed04c4d-92fb-4226-a9d8-6c7c166e41dc,D,ADJ6260003,Shoulder/Lap Belt(s),M,2a5bb796-fef3-42bb-b030-616d0adca8de,Single Vehicle ,N,Intersection,Right Turn Lane,Daylight,No Defects,One-way Trafficway,Dry,Clear,Three o'clock,Passenger Car,Superficial,N,Accelerating,2015-01-22 08:30,31,39.34832021,-76.57039404
6322,N,Apparently Normal,No Misuse,Y,No Injury,9cb360db-a5c6-46de-afd9-3ff8cfa91e4e,D,ADJ6290001,Shoulder/Lap Belt(s),M,54141fd7-d186-4b63-8caa-f96e5d99244b,Single Vehicle ,N,Intersection,Right Turn Lane,Dark Lights On,No Defects,"Two-way, Not Divided",Dry,Clear,Twelve o'clock,Pickup Truck,No Damage,N,Making Left Turn,2015-01-13 17:41,52,39.29603216,-76.56964503
6323,Y,Apparently Normal,No Misuse,N,No Injury,f96503bc-225a-425e-b5b1-9aed368df859,D,ADJ6290006,Shoulder Belt Only,M,f358145b-8e35-4cf2-94f7-870a5d75596c,Same Direction Left Turn,N,Non Intersection,Right Turn Lane,Daylight,No Defects,One-way Trafficway,Dry,Clear,Eight o'clock,Truck Tractor,Superficial,N,Changing Lanes,2015-02-10 16:05,44,39.27943222,-76.54995561
6324,N,Apparently Normal,No Misuse,Y,No Injury,45f20729-6036-4270-adb2-1845beff5336,D,ADJ642000M,Shoulder/Lap Belt(s),M,ea0fc4ae-0229-41b2-a0d7-5450c4c76770,Single Vehicle ,N,Non Intersection,Right Turn Lane,Dark Lights On,No Defects,"Two-way, Not Divided",Dry,Clear,Twelve o'clock,Passenger Car,Disabling,N,Moving Constant Speed,2015-03-12 21:40,22,39.3383469,-76.54106341
6325,N,Apparently Normal,No Misuse,N,No Injury,081bb4bd-e139-4bf0-99d3-8651eaad4d9b,D,ADJ6430003,Shoulder/Lap Belt(s),M,e05a843e-0c15-47bc-a6ed-f98643593a5e,Same Direction Rear End,N,Intersection Related,Left Turn Lane,Daylight,No Defects,"Two-way, Not Divided",Dry,Clear,Six o'clock,Passenger Car,Functional,N,Stopped in Traffic Lane,2015-01-11 10:40,50,39.35223613,-76.56154543
6326,N,Apparently Normal,No Misuse,Y,No Injury,1a5f30a8-aba4-4daa-ac1e-5a4cda3f12c1,D,ADJ6430003,Shoulder/Lap Belt(s),M,a8510369-1346-4e55-bc79-34bd149bc643,Same Direction Rear End,N,Intersection Related,Left Turn Lane,Daylight,No Defects,"Two-way, Not Divided",Dry,Clear,Twelve o'clock,Passenger Car,Superficial,N,Slowing or Stopping,2015-01-11 10:40,21,39.35223613,-76.56154543
6327,Y,Apparently Normal,No Misuse,N,No Injury,04e6ecf8-9ed1-4352-88c5-bd619bb39ba8,D,ADJ6490003,Shoulder/Lap Belt(s),M,d59f3e4d-0267-4d81-b0e3-3cd4b39b4b20,Same Direction Rear End,N,Intersection Related,Right Turn Lane,Daylight,No Defects,"Two-way, Divided, Unprotected (painted >4 feet) Median",Dry,Clear,One o'clock,"Cargo Van/Light Truck 2 axles (10,000 lbs (4,536 kg) or less)",Superficial,N,Stopped in Traffic Lane,2015-03-02 16:42,29,39.27346079,-76.6713953
6328,Y,Apparently Asleep,No Misuse,Y,No Injury,27737519-5c84-4ae4-b5ce-5d518644da08,D,ADJ6490003,Shoulder/Lap Belt(s),M,d77cea7e-8194-4f2e-aa0c-81f578d411c8,Same Direction Rear End,N,Intersection Related,Right Turn Lane,Daylight,No Defects,"Two-way, Divided, Unprotected (painted >4 feet) Median",Dry,Clear,Five o'clock,Passenger Car,Superficial,N,Backing,2015-03-02 16:42,50,39.27346079,-76.6713953
6329,N,Apparently Normal,No Misuse,N,No Injury,22d058dc-9ae0-4778-b587-c7dd78a6dfb7,D,ADJ6730003,Shoulder/Lap Belt(s),M,3793055e-96f4-4180-9a00-792a21dcbb5d,Same Movement Angle,N,Intersection,Right Turn Lane,Dark Lights On,No Defects,"Two-way, Not Divided",Dry,Clear,Four o'clock,Passenger Car,Disabling,N,Moving Constant Speed,2015-02-07 22:10,26,39.30795355,-76.58147693
6330,N,Apparently Normal,No Misuse,N,No Injury,87983cda-adb6-48ba-85cd-53c0a67b71d9,D,ADJ6960001,Shoulder/Lap Belt(s),M,57373fcf-7d78-4dca-9f69-42696ac7fb51,Same Direction Rear End,N,Non Intersection,Acceleration Lane,Daylight,No Defects,"Two-way, Divided, Positive Median Barrier",Dry,Clear,Six o'clock,Passenger Car,Functional,N,Moving Constant Speed,2015-02-11 09:11,50,39.32612309,-76.63841486
6331,N,Apparently Normal,No Misuse,Y,No Injury,a6f04efc-525c-485d-ab54-f416795c5853,D,ADJ6960001,Shoulder/Lap Belt(s),M,a86ca0e3-4f82-4003-9146-bcb073575eaa,Same Direction Rear End,N,Non Intersection,Acceleration Lane,Daylight,No Defects,"Two-way, Divided, Positive Median Barrier",Dry,Clear,Twelve o'clock,Passenger Car,Disabling,N,Moving Constant Speed,2015-02-11 09:11,40,39.32612309,-76.63841486
6332,Y,Apparently Normal,No Misuse,N,No Injury,73cf10c7-8368-4ea7-b895-cfad5f470814,D,ADJ7110002,Shoulder/Lap Belt(s),M,cf6aae6f-0962-4fe0-9f0f-eb0e2547d6db,Same Movement Angle,N,Intersection,Right Turn Lane,Daylight,No Defects,"Two-way, Not Divided with a Continuous Left Turn Lane",Dry,Clear,Eleven o'clock,(Sport) Utility Vehicle,Disabling,N,Accelerating,2015-02-20 07:20,34,39.23853555,-76.60955429
6333,N,Apparently Normal,No Misuse,Y,No Injury,ed304903-e240-499c-a35c-5b2f3363cb36,D,ADJ7110002,Shoulder/Lap Belt(s),M,a006c219-95a8-40b4-b534-f750277f69a3,Same Movement Angle,N,Intersection,Right Turn Lane,Daylight,No Defects,"Two-way, Not Divided with a Continuous Left Turn Lane",Dry,Clear,Five o'clock,Passenger Car,Disabling,N,Moving Constant Speed,2015-02-20 07:20,31,39.23853555,-76.60955429
6334,N,Apparently Normal,No Misuse,N,No Injury,5026fb55-1607-4a71-a8b4-1c4f9e2703b2,D,ADJ7140003,Shoulder/Lap Belt(s),M,4103e8d9-f23c-4783-bd20-84c3d7e8fd89,Same Movement Angle,N,Intersection Related,Right Turn Lane,Daylight,No Defects,"Two-way, Not Divided",Dry,Clear,Twelve o'clock,Passenger Car,Superficial,N,Accelerating,2015-03-23 15:20,53,39.29525116,-76.64406359
6335,N,Apparently Normal,No Misuse,Y,No Injury,43cc45ab-8d70-4710-af3a-d691dd51bfa3,D,ADJ7170002,Lap Belt Only,M,9f8a0c7e-7a78-4c0d-a420-0f864a7188be,Same Movement Angle,N,Intersection Related,Right Turn Lane,Daylight,No Defects,"Two-way, Not Divided",Dry,Clear,One o'clock,Passenger Car,Functional,N,Making Left Turn,2015-02-19 17:40,55,39.31012228,-76.64038494
6336,N,Apparently Normal,No Misuse,N,No Injury,6cc2df6a-8365-4952-b519-16f07db12889,D,ADJ7220001,Shoulder/Lap Belt(s),M,28834767-df01-495e-bf85-bc983ebec271,Same Direction Left Turn,N,Intersection,Right Turn Lane,Daylight,No Defects,"Two-way, Not Divided",Dry,Clear,Twelve o'clock,Passenger Car,Disabling,N,Moving Constant Speed,2015-02-16 12:01,32,39.31714682,-76.67683482
6337,N,Apparently Normal,No Misuse,Y,No Injury,5aafcf39-1aa3-4f05-bc16-bd6746cdc1ec,D,ADX0070004,Shoulder/Lap Belt(s),M,da102819-6b38-41da-b16d-1e27e420ba23,Single Vehicle ,N,Non Intersection,Right Turn Lane,Dark Lights On,No Defects,One-way Trafficway,Dry,Clear,Twelve o'clock,Passenger Car,Disabling,N,Moving Constant Speed,2015-02-06 22:31,23,39.28527028,-76.62236452
6338,N,Apparently Normal,No Misuse,N,No Injury,fb269562-8ac2-402f-82f5-00699190d006,D,AE26320013,Shoulder/Lap Belt(s),M,3bafd14c-b2f7-4469-a43c-9ede1565f185,Single Vehicle ,N,Non Intersection,Right Turn Lane,Daylight,No Defects,"Two-way, Not Divided",Dry,Clear,Two o'clock,"Cargo Van/Light Truck 2 axles (10,000 lbs (4,536 kg) or less)",No Damage,N,Slowing or Stopping,2015-01-28 08:09,70,39.33924306,-76.43692732
6339,N,Apparently Normal,No Misuse,N,No Injury,7dba09f1-00cf-407c-8d63-5e80f9e0ea6c,D,AE2638001D,Shoulder/Lap Belt(s),M,4b6e69a6-e30b-4d54-a4d2-a0968f69e4ef,Same Direction Rear End,N,Non Intersection,Right Turn Lane,Dark No Lights,No Defects,"Two-way, Not Divided",Ice,Sleet,One o'clock,Van,Disabling,N,Moving Constant Speed,2015-03-03 18:07,51,39.24770469,-76.49037838
6340,N,Apparently Normal,No Misuse,N,No Injury,0ad4b8b2-d1ff-49b1-b702-7ae047a4ffdb,D,AE28880008,Shoulder/Lap Belt(s),M,14231d4c-ee56-4f4a-946f-6f65dfb24444,Same Direction Rear End Left Turn,N,Intersection Related,Right Turn Lane,Dark Lights On,No Defects,"Two-way, Not Divided",Dry,Clear,Six o'clock,(Sport) Utility Vehicle,Superficial,N,Slowing or Stopping,2015-02-20 02:10,48,39.2714259,-76.50851011