KEY_INDEX,CDL_FLAG,CONDITION_CODE,EQUIP_PROB_CODE,FAULT_FLAG,INJ_SEVER_CODE,PERSON_ID,PERSON_TYPE,REPORT_NO,SAF_EQUIP_CODE,SEX_CODE,VEHICLE_ID,COLLISION_TYPE_CODE,C_M_ZONE_FLAG,JUNCTION_CODE,LANE_CODE,LIGHT_CODE,RD_COND_CODE,RD_DIV_CODE,SURF_COND_CODE,WEATHER_CODE,AREA_DAMAGED_CODE_MAIN,BODY_TYPE_CODE,DAMAGE_CODE,HIT_AND_RUN_FLAG,MOVEMENT_CODE,TIME,AGE,LATITUDE,LONGITUDE
6341,N,Apparently Normal,No Misuse,Y,No Injury,6039a30c-a0f9-4b02-b818-25e94ea672bb,D,AE2888000B,Shoulder/Lap Belt(s),M,e884f0b6-5d3c-43cb-ab98-5fe1d46feb21,Same Direction Rear End,N,Non Intersection,Right Turn Lane,Dark Lights On,No Defects,"Two-way, Not Divided",Dry,Clear,Two o'clock,Passenger Car,Disabling,N,Moving Constant Speed,2015-03-29 02:05,26,39.27263023,-76.52402401
6342,N,Apparently Normal,No Misuse,N,No Injury,ca0a5366-c1dd-43b0-bd06-fcc7a8c173c4,D,AE29380007,Shoulder/Lap Belt(s),M,df2fbbe6-8e4d-4f2d-a754-49af64049606,Head On Left Turn,N,Non Intersection,Right Turn Lane,Daylight,No Defects,"Two-way, Not Divided",Snow,Snow,Seven o'clock,Van,Disabling,N,Moving Constant Speed,2015-01-06 09:12,80,39.29863039,-76.52673841
6343,N,Apparently Normal,No Misuse,Y,No Injury,2cf12c67-30bc-4d5f-b87a-fe54200a4434,D,AE29380007,Shoulder/Lap Belt(s),M,3087422a-4bbb-4535-9bda-0468252f463c,Head On Left Turn,N,Non Intersection,Right Turn Lane,Daylight,No Defects,"Two-way, Not Divided",Snow,Snow,Eleven o'clock,(Sport) Utility Vehicle,Functional,N,Moving Constant Speed,2015-01-06 09:12,37,39.29863039,-76.52673841
6344,N,Apparently Normal,No Misuse,N,No Injury,4afbda0d-54c3-4da9-803e-bf4179db3a7d,D,AE2938000B,Shoulder/Lap Belt(s),M,c52944bd-9a8d-4deb-8dee-630888203a91,Single Vehicle ,N,Intersection,Right Turn Lane,Daylight,No Defects,"Two-way, Not Divided",Dry,Cloudy,One o'clock,Passenger Car,No Damage,N,Moving Constant Speed,2015-01-20 15:58,25,39.25800245,-76.51683837
6345,N,Apparently Normal,No Misuse,N,No Injury,7b49c1dc-2fce-4908-867a-ec5ea83a44a6,D,AE2938000H,Shoulder/Lap Belt(s),M,0cae9ef4-e06e-4e04-974d-a3c9087c37f0,Same Direction Rear End,N,Non Intersection,Left Turn Lane,Dark - Unknown Lighting,No Defects,"Two-way, Divided, Positive Median Barrier",Snow,Snow,Six o'clock,Van,Superficial,N,Moving Constant Speed,2015-02-21 19:15,45,39.34618793,-76.50650382
6346,N,Apparently Normal,No Misuse,Y,No Injury,4e73d058-20ff-4d76-be5f-98257d572cdf,D,AE32510004,Shoulder/Lap Belt(s),M,f6f0eb77-789b-4658-acfa-c66cbc55b340,Single Vehicle ,N,Non Intersection,Right Turn Lane,Dark No Lights,No Defects,"Two-way, Divided, Unprotected (painted >4 feet) Median",Dry,Clear,Nine o'clock,Passenger Car,Disabling,N,Slowing or Stopping,2015-02-01 00:26,21,39.46063308,-76.46085262
6347,N,Apparently Normal,No Misuse,N,No Injury,b01c571a-2da9-4393-9ad5-4119671ad05b,D,AE33980009,Shoulder/Lap Belt(s),M,cfaee48e-62d6-4857-8d46-98f53f3985d3,Same Direction Sideswipe,N,Non Intersection,Left Turn Lane,Daylight,No Defects,"Two-way, Divided, Positive Median Barrier",Dry,Clear,Five o'clock,Passenger Car,Superficial,N,Moving Constant Speed,2015-02-20 14:06,64,39.31207096,-76.52628779
6348,N,Apparently Normal,No Misuse,N,No Injury,394268cb-8697-40e8-8eff-3d8c38dea5aa,D,AE33980009,Shoulder/Lap Belt(s),M,068cde24-b26e-442d-bf0b-f67bbef31230,Same Direction Sideswipe,N,Non Intersection,Left Turn Lane,Daylight,No Defects,"Two-way, Divided, Positive Median Barrier",Dry,Clear,Five o'clock,Pickup Truck,Superficial,Y,Moving Constant Speed,2015-02-20 14:06,64,39.31207096,-76.52628779
6349,N,Apparently Normal,No Misuse,Y,No Injury,4c91f8bb-9162-4ec2-a0af-5163a113157e,D,AE33980009,Shoulder/Lap Belt(s),M,e52b34ad-372c-4ebc-b04a-15f7b84759dd,Same Direction Sideswipe,N,Non Intersection,Left Turn Lane,Daylight,No Defects,"Two-way, Divided, Positive Median Barrier",Dry,Clear,Twelve o'clock,Passenger Car,Functional,N,Changing Lanes,2015-02-20 14:06,46,39.31207096,-76.52628779
6350,Y,Apparently Normal,No Misuse,N,No Injury,81cc82ee-ecd9-42c6-97de-e948f3984154,D,AE3438002P,Shoulder/Lap Belt(s),M,3710fc84-0d0e-4b5f-949c-275fde10abc5,Head On Left Turn,N,Intersection,Left Turn Lane,Daylight,No Defects,"Two-way, Not Divided",Dry,Clear,Eleven o'clock,Pickup Truck,Disabling,N,Moving Constant Speed,2015-03-09 09:18,29,39.4006158,-76.59147486
6351,N,Apparently Normal,No Misuse,Y,No Injury,db0e377a-6be6-4d28-9fc2-b001ec085a76,D,AE3438002P,Shoulder/Lap Belt(s),M,046b471e-4955-481d-958f-c743fd3adf8d,Head On Left Turn,N,Intersection,Left Turn Lane,Daylight,No Defects,"Two-way, Not Divided",Dry,Clear,Twelve o'clock,Passenger Car,Disabling,N,Making Left Turn,2015-03-09 09:18,59,39.4006158,-76.59147486
6352,N,Apparently Normal,No Misuse,N,No Injury,907c8e6e-6bee-431c-8c3c-857d779edf1b,D,AE3438002S,Shoulder/Lap Belt(s),M,b1f8eccf-a765-42f9-9c7e-7e350132881e,Same Direction Left Turn,N,Non Intersection,Right Turn Lane,Daylight,No Defects,One-way Trafficway,Dry,Clear,Twelve o'clock,Passenger Car,Disabling,N,Moving Constant Speed,2015-03-30 17:58,22,39.40010335,-76.59874499
6353,N,Apparently Normal,No Misuse,Y,No Injury,7014ce5d-3961-49ef-a8d4-b72c550e2da8,D,AE3438002S,Shoulder/Lap Belt(s),M,8fa794c6-c6f4-452d-897e-9d0a0af3807d,Same Direction Left Turn,N,Non Intersection,Right Turn Lane,Daylight,No Defects,One-way Trafficway,Dry,Clear,Eight o'clock,Station Wagon,Disabling,N,Changing Lanes,2015-03-30 17:58,22,39.40010335,-76.59874499
6354,N,Apparently Normal,No Misuse,N,No Injury,b04de834-48a2-40a9-8575-ba9bdab67ed1,D,AE3472000R,Shoulder/Lap Belt(s),M,79f99bfd-4a7c-497b-8882-965b241eda4e,Same Direction Rear End,N,Non Intersection,Left Turn Lane,Daylight,No Defects,"Two-way, Divided, Positive Median Barrier",Dry,Clear,Six o'clock,Pickup Truck,Superficial,N,Stopped in Traffic Lane,2015-03-29 18:32,55,39.35245183,-76.4547801
6355,N,Influenced by Medications and/or Drugs and/or Alcohol,No Misuse,Y,Incapacitating/Disabled Injury,9a6ae5bd-8fa3-44ef-b8df-a9142e5345c8,D,AE3472000R,Shoulder/Lap Belt(s),M,185934dd-7394-4ee1-af48-6c88540ac22a,Same Direction Rear End,N,Non Intersection,Left Turn Lane,Daylight,No Defects,"Two-way, Divided, Positive Median Barrier",Dry,Clear,Twelve o'clock,Pickup Truck,Destroyed,N,Skidding,2015-03-29 18:32,65,39.35245183,-76.4547801
6356,Y,Apparently Normal,No Misuse,Y,No Injury,0d7836f6-a97b-44eb-aa5b-a62da4dea79d,D,AE34810007,Shoulder/Lap Belt(s),M,9a2dc427-384a-46d4-979f-da0fae41cb2f,Single Vehicle ,N,Non Intersection,Right Turn Lane,Daylight,No Defects,"Two-way, Not Divided",Dry,Clear,Twelve o'clock,"Medium/Heavy Truck 2 axles (10,000 lbs (4,536 kg) or less)",Destroyed,N,Moving Constant Speed,2015-03-30 08:50,24,39.60848204,-76.57658458
6357,N,Apparently Normal,No Misuse,Y,Incapacitating/Disabled Injury,eb57f772-ed7d-40c8-b125-6bd19d340294,D,AE35000019,Shoulder/Lap Belt(s),M,12e248cd-4dc6-4506-be44-1da155332bd8,Angle Meets Left Turn Head On,N,Intersection,Right Turn Lane,Dark Lights On,No Defects,"Two-way, Divided, Unprotected (painted >4 feet) Median",Dry,Clear,Nine o'clock,Passenger Car,Disabling,N,Making Left Turn,2015-01-30 22:02,49,39.34659656,-76.73834324
6358,N,Apparently Normal,No Misuse,Y,No Injury,d8789581-444a-4078-bc1b-19d153bee37c,D,AE3510000B,Shoulder/Lap Belt(s),M,a9d55171-1050-477a-a798-9961d340d69f,Single Vehicle ,N,Non Intersection,Right Turn Lane,Daylight,No Defects,"Two-way, Not Divided",Dry,Clear,Four o'clock,Passenger Car,Disabling,N,Moving Constant Speed,2015-03-06 17:50,20,39.58998921,-76.69064283
6359,N,Apparently Normal,No Misuse,N,No Injury,05b24941-27fd-4f72-81b6-4b71e0f09b95,D,AE3523000F,Shoulder/Lap Belt(s),M,f1b6431b-5431-458a-a707-07b7f1ee54e9,Single Vehicle ,N,Non Intersection,Right Turn Lane,Dark No Lights,No Defects,"Two-way, Not Divided",Dry,Clear,Twelve o'clock,Police Vehicle/Non Emergency,Functional,N,Moving Constant Speed,2015-03-25 02:26,47,39.44913489,-76.47233248
6360,N,Apparently Normal,No Misuse,N,No Injury,1ce40b0c-6bd1-415a-8672-a13382fed1e7,D,AE36150007,Shoulder/Lap Belt(s),M,c5ea9013-daf9-46f7-96a5-e10a6f338a69,Same Movement Angle,N,Intersection,Right Turn Lane,Dark Lights On,No Defects,"Two-way, Not Divided",Dry,Clear,Two o'clock,Passenger Car,Superficial,N,Moving Constant Speed,2015-03-07 01:53,21,39.31217887,-76.52719975
6361,N,Apparently Normal,No Misuse,Y,No Injury,dcd858ca-4f95-4516-8bc2-7ac81bb184c9,D,AE36270005,Shoulder/Lap Belt(s),M,8ecb7508-c02a-4545-9c57-142825f7aede,Single Vehicle ,N,Non Intersection,Right Turn Lane,Dark Lights On,No Defects,"Two-way, Divided, Positive Median Barrier",Wet,Raining,Eight o'clock,Police Vehicle/Non Emergency,Functional,N,Moving Constant Speed,2015-03-16 22:24,46,39.33215643,-76.48792148
6362,N,Apparently Normal,No Misuse,Y,No Injury,3741fe76-c9a3-4cd1-af92-f2028db6e495,D,AE36870005,Shoulder/Lap Belt(s),M,378bd8cc-601e-494e-a51a-26e015a6cbf0,Single Vehicle ,N,Non Intersection,Right Turn Lane,Dark Lights On,No Defects,"Two-way, Divided, Unprotected (painted >4 feet) Median",Ice,Clear,Twelve o'clock,Passenger Car,Disabling,N,Moving Constant Speed,2015-01-08 00:30,20,39.34582702,-76.85566574
6363,N,Apparently Normal,No Misuse,Y,No Injury,2abbb696-983e-4022-af9f-c651184d7136,D,AE36870006,Shoulder/Lap Belt(s),M,11bea63c-2a36-43fb-89a6-588c19ce07b1,Single Vehicle ,N,Non Intersection,Right Turn Lane,Dark No Lights,No Defects,"Two-way, Divided, Unprotected (painted >4 feet) Median",Ice,Raining,Five o'clock,(Sport) Utility Vehicle,Disabling,N,Moving Constant Speed,2015-01-11 23:51,34,39.33124358,-76.81655645
6364,N,Apparently Normal,No Misuse,Y,No Injury,99fa3151-42b9-4691-a935-384beb4789d0,D,AE36870007,Shoulder/Lap Belt(s),M,c4749e5e-e776-43ab-9a41-b70a30cecdd3,Single Vehicle ,N,Non Intersection,Right Turn Lane,Dark No Lights,No Defects,"Two-way, Not Divided",Ice,Wintry Mix,Eleven o'clock,Passenger Car,Disabling,N,Moving Constant Speed,2015-01-24 01:47,54,39.35536373,-76.81623459
6365,N,Apparently Normal,No Misuse,Y,No Injury,bb1a4c27-a3d0-4694-b7e9-159a89a86019,D,AE37270009,Shoulder/Lap Belt(s),M,11449a36-573b-4283-ae84-21262d88b2b5,Single Vehicle ,N,Residential Driveway,Right Turn Lane,Dark No Lights,No Defects,"Two-way, Not Divided",Ice,Wintry Mix,Underside,(Sport) Utility Vehicle,Functional,N,Skidding,2015-02-09 23:42,47,39.51312952,-76.6396594
6366,N,Apparently Normal,No Misuse,N,No Injury,26d9c64d-848e-4e8b-b0a5-5f3c0f99d22e,D,AE3770001S,Shoulder/Lap Belt(s),M,545b9fb1-1752-4cf6-84d6-7731c46bd2b8,Same Movement Angle,N,Crossover Related,Right Turn Lane,Daylight,No Defects,"Two-way, Divided, Unprotected (painted >4 feet) Median",Dry,Clear,Seven o'clock,Passenger Car,Functional,N,Moving Constant Speed,2015-03-30 17:15,60,39.27821348,-76.4805159
6367,N,Apparently Normal,No Misuse,N,No Injury,a4afbcc8-6f77-4342-8a8d-5508e8e301cc,D,AE3788001C,Shoulder/Lap Belt(s),M,31fb8c82-3d06-49af-8109-965f02c9b4bc,Same Direction Rear End,N,Intersection Related,Right Turn Lane,Daylight,No Defects,"Two-way, Divided, Positive Median Barrier",Dry,Clear,Six o'clock,Truck Tractor,Superficial,N,Stopped in Traffic Lane,2015-02-23 14:38,42,39.32835349,-76.75788313
6368,N,Apparently Normal,No Misuse,Y,No Injury,dcbf2f21-df8f-46a8-8356-48a20ea473d7,D,AE3788001C,Shoulder/Lap Belt(s),M,e4e3e3f0-8b8b-495a-ac97-99febaac5f01,Same Direction Rear End,N,Intersection Related,Right Turn Lane,Daylight,No Defects,"Two-way, Divided, Positive Median Barrier",Dry,Clear,Twelve o'clock,"Cargo Van/Light Truck 2 axles (10,000 lbs (4,536 kg) or less)",Disabling,N,Moving Constant Speed,2015-02-23 14:38,65,39.32835349,-76.75788313
6369,N,Apparently Normal,No Misuse,Y,No Injury,50b79d0f-cca5-451e-8e7c-61866af2f8e9,D,AE3788001J,Shoulder/Lap Belt(s),M,0cfe8862-ee25-47e1-9603-399f3f37dadb,Head On,N,Non Intersection,Right Turn Lane,Daylight,No Defects,"Two-way, Not Divided",Wet,Clear,Eight o'clock,"Medium/Heavy Truck 2 axles (10,000 lbs (4,536 kg) or less)",No Damage,N,Moving Constant Speed,2015-03-02 06:44,50,39.31032773,-76.79237366
6370,N,Apparently Normal,No Misuse,Y,No Injury,ab5165ce-913d-4806-935f-837af4b00306,D,AE3788001T,Shoulder/Lap Belt(s),M,598b9d27-34ec-4967-8488-4d92354f5155,Head On Left Turn,N,Intersection,Right Turn Lane,Dark Lights On,No Defects,"Two-way, Divided, Positive Median Barrier",Dry,Clear,One o'clock,Passenger Car,Disabling,N,Making Left Turn,2015-03-17 20:02,67,39.31202888,-76.75483562
6371,N,Apparently Normal,No Misuse,Y,No Injury,18ded122-0cd4-44c1-bc7e-066b1356e775,D,AE3788001T,Shoulder/Lap Belt(s),M,38a0f3d2-6fef-4345-aa8b-1474a2b04035,Head On Left Turn,N,Intersection,Right Turn Lane,Dark Lights On,No Defects,"Two-way, Divided, Positive Median Barrier",Dry,Clear,Twelve o'clock,Passenger Car,Disabling,N,Moving Constant Speed,2015-03-17 20:02,30,39.31202888,-76.75483562
6372,N,Apparently Normal,No Misuse,N,No Injury,992a9b6a-6313-44b8-a25c-2048322ab889,D,AE3788001Y,Shoulder/Lap Belt(s),M,60f41d81-5bd1-49db-9572-518568e16d50,Same Direction Rear End,N,Intersection Related,Left Turn Lane,Daylight,No Defects,"Two-way, Not Divided",Dry,Clear,Six o'clock,Passenger Car,Superficial,N,Accelerating,2015-03-23 11:30,61,39.31231998,-76.74387932
6373,N,Apparently Normal,No Misuse,Y,No Injury,e11abff5-f58f-434a-a43e-cba037353563,D,AE3788001Y,Shoulder/Lap Belt(s),M,c284da84-7999-4127-8bd5-2b7d4a6f357c,Same Direction Rear End,N,Intersection Related,Left Turn Lane,Daylight,No Defects,"Two-way, Not Divided",Dry,Clear,Twelve o'clock,Passenger Car,Superficial,N,Slowing or Stopping,2015-03-23 11:30,30,39.31231998,-76.74387932
6374,N,Apparently Normal,No Misuse,Y,No Injury,114877a7-ad91-4442-a4f4-a851ebeec3dc,D,AE37880021,Shoulder/Lap Belt(s),M,fc173f56-e2f5-4eff-8e64-67d13adefa7e,Same Movement Angle,N,Intersection,Left Turn Lane,Daylight,No Defects,"Two-way, Divided, Positive Median Barrier",Dry,Clear,Twelve o'clock,Pickup Truck,Disabling,N,Moving Constant Speed,2015-03-30 13:50,67,39.3127076,-76.74676958
6375,N,Apparently Normal,No Misuse,N,Possible Incapacitating Injury,724f54aa-092b-4987-9503-d4cf3622a84f,D,AE37880021,Shoulder/Lap Belt(s),M,dcdedbab-ccd2-45c1-b8d5-1386bc0ad18c,Same Movement Angle,N,Intersection,Left Turn Lane,Daylight,No Defects,"Two-way, Divided, Positive Median Barrier",Dry,Clear,Ten o'clock,Passenger Car,Disabling,N,Making Left Turn,2015-03-30 13:50,46,39.3127076,-76.74676958
6376,N,Apparently Normal,No Misuse,Y,No Injury,9c08233b-fc4f-42ca-b9bc-462e0a62a76b,D,AE37980004,Shoulder/Lap Belt(s),M,3317ff9d-b747-4756-8ff9-1261b95dca5d,Single Vehicle ,N,Non Intersection,Left Turn Lane,Daylight,No Defects,"Two-way, Not Divided",Snow,Snow,Twelve o'clock,Passenger Car,Disabling,N,Slowing or Stopping,2015-01-06 08:00,21,39.39268501,-76.60287023
6377,N,Apparently Normal,No Misuse,N,No Injury,1b14e679-d6f4-4342-ab84-4ac3f485c2ce,D,AE37980008,Shoulder/Lap Belt(s),M,4046dbff-68ce-41b8-b59f-38d2f41cddfc,Same Direction Sideswipe,N,Non Intersection,Right Turn Lane,Daylight,No Defects,"Two-way, Not Divided",Ice,Clear,One o'clock,Passenger Car,Functional,N,Moving Constant Speed,2015-02-06 11:51,63,39.38180584,-76.6539824
6378,N,Apparently Normal,No Misuse,Y,No Injury,c412e71b-a226-4345-a967-08eb947f938f,D,AE37980008,Shoulder/Lap Belt(s),M,fe3c9c22-4c8a-471b-b537-b0e9aa3f82f6,Same Direction Sideswipe,N,Non Intersection,Right Turn Lane,Daylight,No Defects,"Two-way, Not Divided",Ice,Clear,Eleven o'clock,Passenger Car,Disabling,N,Slowing or Stopping,2015-02-06 11:51,24,39.38180584,-76.6539824
6379,N,Apparently Normal,No Misuse,Y,No Injury,b6b0c611-0dd0-493d-98da-3af7763780f5,D,AE38030008,Shoulder/Lap Belt(s),M,0ccc90a1-55c8-4f04-9601-2246e5e69f08,Single Vehicle ,N,Intersection Related,Right Turn Lane,Dark Lights On,No Defects,"Two-way, Not Divided",Dry,Clear,One o'clock,Passenger Car,Disabling,N,Making Left Turn,2015-02-05 02:00,19,39.43324304,-76.63706303
6380,N,Apparently Normal,No Misuse,Y,No Injury,2b1cca78-718e-44e7-86d0-8f8b11342aad,D,AE3803000C,Shoulder/Lap Belt(s),M,51bb3b7a-74fd-4e02-9112-1c8924dbfcce,Single Vehicle ,N,Non Intersection,Left Turn Lane,Daylight,No Defects,"Two-way, Not Divided",Ice,Sleet,Twelve o'clock,(Sport) Utility Vehicle,Disabling,N,Moving Constant Speed,2015-02-10 09:05,24,39.45362504,-76.64980888
6381,N,Apparently Normal,No Misuse,N,No Injury,795a85d9-9d15-4a0f-83b9-8dcddf37ad8d,D,AE38400007,Shoulder/Lap Belt(s),M,b8406179-ec2d-425d-a61f-4dc165632167,Same Direction Rear End,N,Non Intersection,Right Turn Lane,Dark No Lights,No Defects,"Two-way, Not Divided",Ice,Clear,Six o'clock,Passenger Car,Destroyed,N,Moving Constant Speed,2015-03-10 02:34,35,39.39059555,-76.77588344
6382,N,Apparently Normal,No Misuse,Y,No Injury,75156376-f68b-4f13-ae84-76d51d975c01,D,AE38680007,Shoulder/Lap Belt(s),M,c0794392-49af-4dda-a740-320543352265,Single Vehicle ,N,Non Intersection,Right Turn Lane,Dark No Lights,No Defects,"Two-way, Not Divided",Ice,Clear,Twelve o'clock,Pickup Truck,Disabling,N,Moving Constant Speed,2015-01-19 02:25,47,39.41444654,-76.40585661
6383,N,Apparently Normal,No Misuse,N,Non-incapacitating Injury,0688fa09-b3dd-4682-a72b-6969cca1ab2e,D,AE38680008,Shoulder/Lap Belt(s),M,bea0fb34-ec08-4240-ae14-be62df4d62e2,Head On,N,Intersection,Right Turn Lane,Dark Lights On,No Defects,"Two-way, Not Divided",Wet,Raining,Twelve o'clock,Passenger Car,Disabling,N,Moving Constant Speed,2015-01-24 06:05,27,39.38438482,-76.49774909
6384,N,Apparently Normal,No Misuse,Y,No Injury,4518712d-1018-4c39-99e5-51c9a2bf8439,D,AE39120004,Shoulder/Lap Belt(s),M,f7110ca9-826b-4882-afc9-5ce297294f0a,Single Vehicle ,N,Non Intersection,Right Turn Lane,Dark Lights On,No Defects,"Two-way, Divided, Unprotected (painted >4 feet) Median",Wet,Raining,Eleven o'clock,Van,Disabling,N,Moving Constant Speed,2015-01-04 02:00,28,39.37386928,-76.56552315
6385,N,Apparently Normal,No Misuse,Y,No Injury,be62cbb0-485b-4fee-91d8-8c07719660d4,D,AE39390004,Shoulder/Lap Belt(s),M,b2a75b60-c42d-4cb9-a537-91a4320e7acd,Single Vehicle ,N,Non Intersection,Right Turn Lane,Daylight,No Defects,"Two-way, Not Divided",Snow,Snow,Ten o'clock,Pickup Truck,Disabling,N,Slowing or Stopping,2015-01-06 15:40,35,39.54426088,-76.70889258
6386,N,Apparently Normal,No Misuse,N,No Injury,e80a4470-8337-4f5d-87be-8d51c844dc88,D,AE39780010,Shoulder/Lap Belt(s),M,594c3158-0c34-43ec-ba71-f29787a196a3,Opposite Direction Sideswipe,N,Non Intersection,Right Turn Lane,Dark No Lights,Foreign Material,"Two-way, Not Divided",Ice,Sleet,Ten o'clock,Passenger Car,Functional,N,Moving Constant Speed,2015-02-09 21:30,55,39.59449507,-76.7997551
6387,N,Apparently Normal,No Misuse,Y,No Injury,021b250c-313f-495e-8471-623238e0eaaa,D,AE39780010,Shoulder/Lap Belt(s),M,30f47e91-33f5-495a-a633-0c3a9e519829,Opposite Direction Sideswipe,N,Non Intersection,Right Turn Lane,Dark No Lights,Foreign Material,"Two-way, Not Divided",Ice,Sleet,Six o'clock,Police Vehicle/Non Emergency,Disabling,N,Moving Constant Speed,2015-02-09 21:30,31,39.59449507,-76.7997551
6388,N,Apparently Normal,No Misuse,Y,No Injury,4745e29f-7031-4468-b135-b88feab31eab,D,AE40480006,Shoulder/Lap Belt(s),M,7e748d15-2b49-4468-89fe-cde3d24b5c2e,Head On,N,Non Intersection,Right Turn Lane,Dark Lights On,Foreign Material,"Two-way, Not Divided",Ice,Severe Winds,Twelve o'clock,Pickup Truck,Disabling,N,Moving Constant Speed,2015-02-15 01:44,28,39.26263782,-76.49405837
6389,N,Apparently Normal,No Misuse,Y,No Injury,4ba98cb5-3f6c-4b9a-823b-fcebf19423b3,D,AE40520007,Shoulder/Lap Belt(s),M,1fc96ce1-9edc-4159-b505-5424d0292f23,Single Vehicle ,N,Intersection,Right Turn Lane,Daylight,No Defects,"Two-way, Divided, Unprotected (painted >4 feet) Median",Wet,Raining,Twelve o'clock,Pickup Truck,Disabling,N,Moving Constant Speed,2015-02-02 09:52,20,39.6593239,-76.80249029
6390,N,Apparently Normal,No Misuse,N,No Injury,2842eb5c-4d2f-4ca8-a7df-58c8b9a030b0,D,AE4083000N,Shoulder/Lap Belt(s),M,0a8dbd0c-ae78-4c4d-8866-6e4c0c409e96,Same Direction Sideswipe,N,Intersection,Right Turn Lane,Dark Lights On,No Defects,"Two-way, Not Divided with a Continuous Left Turn Lane",Dry,Clear,One o'clock,Police Vehicle/Emergency,Superficial,N,Making Left Turn,2015-03-02 21:51,26,39.39461688,-76.49284601
6391,N,Apparently Normal,No Misuse,Y,No Injury,5a14e0b6-47a9-466e-b11e-f2cf3870a5b7,D,AE4083000S,Shoulder/Lap Belt(s),M,f2845904-3f4c-45f4-942c-3d3b2a3f59c4,Opposite Direction Sideswipe,N,Intersection,Right Turn Lane,Dark Lights On,No Defects,"Two-way, Not Divided",Wet,Snow,Twelve o'clock,Passenger Car,Functional,Y,Making Right Turn,2015-03-20 04:40,26,39.36061479,-76.72501802
6392,N,Apparently Normal,No Misuse,N,No Injury,a7704fdf-3a2b-4612-9af7-eae1c59fb92d,D,AE41340010,Shoulder/Lap Belt(s),M,99804c38-a261-47cb-a219-59feadc326e9,Same Direction Rear End,N,Non Intersection,Left Turn Lane,Daylight,No Defects,"Two-way, Divided, Positive Median Barrier",Dry,Clear,Six o'clock,Pickup Truck,Functional,N,Stopped in Traffic Lane,2015-02-23 16:40,26,39.32030504,-76.45390034
6393,N,Apparently Normal,No Misuse,Y,No Injury,8856f438-7d5b-4507-b446-f217cdda3953,D,AE41340010,Shoulder/Lap Belt(s),M,f2c44b35-7f6a-4003-a9a6-5bab7401f10a,Same Direction Rear End,N,Non Intersection,Left Turn Lane,Daylight,No Defects,"Two-way, Divided, Positive Median Barrier",Dry,Clear,Twelve o'clock,(Sport) Utility Vehicle,Disabling,N,Moving Constant Speed,2015-02-23 16:40,54,39.32030504,-76.45390034
6394,Y,Apparently Normal,No Misuse,N,No Injury,e8c45bc6-93c1-426b-9aab-8b23855eaa7b,D,AE42640009,Shoulder/Lap Belt(s),M,04115ad4-cc8a-473f-8653-8a007f9ab5ae,Same Direction Sideswipe,N,Intersection,Right Turn Lane,Dark Lights On,No Defects,"Two-way, Not Divided",Slush,Sleet,Twelve o'clock,"Medium/Heavy Truck 2 axles (10,000 lbs (4,536 kg) or less)",Superficial,N,Moving Constant Speed,2015-02-22 01:27,51,39.40245989,-76.58517838
6395,N,Apparently Normal,No Misuse,Y,No Injury,59d03a95-b4af-4c0b-9a6c-32245a8a7ecc,D,AE42640009,Shoulder/Lap Belt(s),M,4cbf12d9-f59f-455b-b92f-77ff6ab980c7,Same Direction Sideswipe,N,Intersection,Right Turn Lane,Dark Lights On,No Defects,"Two-way, Not Divided",Slush,Sleet,Twelve o'clock,Passenger Car,Functional,N,Skidding,2015-02-22 01:27,22,39.40245989,-76.58517838
6396,N,Apparently Normal,No Misuse,Y,No Injury,ca70e2a4-daa2-4485-bfdb-6e50d14b54c8,D,AE42790002,Shoulder/Lap Belt(s),M,0f1f9771-c485-4b0d-9b0f-73711773eaab,Single Vehicle ,N,Non Intersection,Right Turn Lane,Dark No Lights,No Defects,"Two-way, Divided, Positive Median Barrier",Snow,Snow,Twelve o'clock,Passenger Car,Disabling,N,Moving Constant Speed,2015-01-06 07:00,46,39.513361,-76.662962
6397,N,Apparently Normal,No Misuse,N,No Injury,ad8fa9b4-5299-45db-a7b0-5be2a7a9df79,D,AE42790014,Shoulder/Lap Belt(s),M,b1436759-7c3d-4c62-bd27-4976ef152fdb,Single Vehicle ,N,Non Intersection,Right Turn Lane,Dark No Lights,No Defects,"Two-way, Not Divided",Wet,Sleet,Two o'clock,"Medium/Heavy Truck 2 axles (10,000 lbs (4,536 kg) or less)",Superficial,N,Moving Constant Speed,2015-01-29 19:05,55,39.420197,-76.605776
6398,N,Apparently Normal,No Misuse,N,No Injury,f267d276-228b-4baa-97a3-6d83f198bf62,D,AE4311000D,Shoulder/Lap Belt(s),M,25c54709-0485-4dd7-a132-f95491415f1b,Same Direction Both Left Turn,N,Non Intersection,Left Turn Lane,Daylight,No Defects,"Two-way, Not Divided",Dry,Clear,Nine o'clock,Passenger Car,Functional,N,Making Left Turn,2015-02-15 12:00,64,39.41617059,-76.62945896
6399,N,Apparently Normal,No Misuse,Y,No Injury,638b1cb3-2213-48a1-9c09-69d0d0b2fa4c,D,AE4311000F,Shoulder/Lap Belt(s),M,86c186ce-ea31-4009-974d-2a899f1486a3,Single Vehicle ,N,Intersection,Right Turn Lane,Daylight,No Defects,"Two-way, Not Divided",Snow,Snow,One o'clock,Passenger Car,Disabling,N,Making Left Turn,2015-02-26 07:47,51,39.46745821,-76.80271626