KEY_INDEX,CDL_FLAG,CONDITION_CODE,EQUIP_PROB_CODE,FAULT_FLAG,INJ_SEVER_CODE,PERSON_ID,PERSON_TYPE,REPORT_NO,SAF_EQUIP_CODE,SEX_CODE,VEHICLE_ID,COLLISION_TYPE_CODE,C_M_ZONE_FLAG,JUNCTION_CODE,LANE_CODE,LIGHT_CODE,RD_COND_CODE,RD_DIV_CODE,SURF_COND_CODE,WEATHER_CODE,AREA_DAMAGED_CODE_MAIN,BODY_TYPE_CODE,DAMAGE_CODE,HIT_AND_RUN_FLAG,MOVEMENT_CODE,TIME,AGE,LATITUDE,LONGITUDE
6400,N,Apparently Normal,No Misuse,N,No Injury,978e9717-d277-4434-ad7a-55c7f90e7cbf,D,AE4311000G,Shoulder/Lap Belt(s),M,07871a25-8332-4ec4-915b-6570d1bc348f,Single Vehicle ,N,Non Intersection,Right Turn Lane,Daylight,No Defects,"Two-way, Not Divided",Dry,Clear,Seven o'clock,Pickup Truck,Functional,N,Moving Constant Speed,2015-03-17 13:36,67,39.59610719,-76.81453943
6401,N,Apparently Normal,No Misuse,N,No Injury,8e6ec620-73c0-4d34-ad6c-13d389aa4bfe,D,AE44240007,Shoulder/Lap Belt(s),M,ee6fe0fe-d8e0-4091-be6c-5f7e18300ca2,Same Direction Left Turn,N,Non Intersection,Right Turn Lane,Daylight,No Defects,"Two-way, Not Divided",Dry,Clear,One o'clock,Pickup Truck,Disabling,N,Moving Constant Speed,2015-02-11 07:08,34,39.36212451,-76.77788973
6402,N,Apparently Normal,No Misuse,Y,No Injury,d05aca8b-cd43-4f2a-8757-e214152ddf88,D,AE44240007,Shoulder/Lap Belt(s),M,6f9809a5-cbf7-457a-a4cc-8784d68789b9,Same Direction Left Turn,N,Non Intersection,Right Turn Lane,Daylight,No Defects,"Two-way, Not Divided",Dry,Clear,Eleven o'clock,Passenger Car,Disabling,N,Changing Lanes,2015-02-11 07:08,27,39.36212451,-76.77788973
6403,N,Apparently Normal,No Misuse,N,No Injury,bed4a5f8-d21f-4394-aa84-08eb82017d33,D,AE44240009,Shoulder/Lap Belt(s),M,fbb33b7b-aed1-45e8-b64d-4e5faa031fa8,Same Direction Rear End,N,Non Intersection,Right Turn Lane,Daylight,No Defects,"Two-way, Not Divided",Dry,Clear,Six o'clock,Pickup Truck,Functional,N,Stopped in Traffic Lane,2015-02-13 08:47,66,39.32589071,-76.75915718
6404,N,Apparently Normal,No Misuse,Y,No Injury,4016d025-a06e-4899-b89d-5fdeb79e105a,D,AE44240009,Shoulder/Lap Belt(s),M,a6dbc169-e726-4262-8306-368fdc776b6f,Same Direction Rear End,N,Non Intersection,Right Turn Lane,Daylight,No Defects,"Two-way, Not Divided",Dry,Clear,Twelve o'clock,Passenger Car,Disabling,N,Slowing or Stopping,2015-02-13 08:47,23,39.32589071,-76.75915718
6405,N,Apparently Normal,No Misuse,N,No Injury,529d2855-e96d-4f81-b9f8-ba98a2c33504,D,AE4424000H,Shoulder/Lap Belt(s),M,da93e2b0-af01-43b9-bc16-76eca8ea89a0,Same Direction Left Turn,N,Non Intersection,Right Turn Lane,Daylight,No Defects,"Two-way, Not Divided",Dry,Clear,Eleven o'clock,"Cargo Van/Light Truck 2 axles (10,000 lbs (4,536 kg) or less)",Disabling,N,Making Left Turn,2015-02-24 10:10,57,39.32526826,-76.74010277
6406,N,Apparently Normal,No Misuse,Y,No Injury,2fc358af-8c5b-4914-8afb-d7d031313f1a,D,AE4424000H,Shoulder/Lap Belt(s),M,213c03e5-bc8f-46d4-9038-efd50abc2849,Same Direction Left Turn,N,Non Intersection,Right Turn Lane,Daylight,No Defects,"Two-way, Not Divided",Dry,Clear,One o'clock,Passenger Car,Functional,N,Moving Constant Speed,2015-02-24 10:10,45,39.32526826,-76.74010277
6407,N,Apparently Normal,No Misuse,Y,No Injury,ad45aa0a-a52d-47d4-b978-8db4b044a361,D,AE4424000L,Shoulder/Lap Belt(s),M,edddfc27-dc80-4ef1-8af8-d810ca8cde59,Single Vehicle ,N,Non Intersection,Right Turn Lane,Daylight,No Defects,"Two-way, Not Divided",Snow,Snow,Eleven o'clock,Passenger Car,Disabling,N,Moving Constant Speed,2015-02-26 07:00,25,39.33677029,-76.7927599
6408,N,Apparently Normal,No Misuse,N,No Injury,26900c8d-45fc-48ba-8354-37f90f6dd71f,D,AE4424000N,Shoulder/Lap Belt(s),M,618992c9-8b9d-4edc-81aa-489b8ce10d58,Same Direction Rear End,N,Non Intersection,Right Turn Lane,Daylight,No Defects,"Two-way, Not Divided",Ice,Clear,Six o'clock,Pickup Truck,Superficial,N,Parked  ,2015-03-06 10:09,51,39.3297249,-76.72941685
6409,N,Apparently Normal,No Misuse,Y,No Injury,b41d3078-5cf9-4174-bd31-0650c9d063e0,D,AE4424000N,Shoulder/Lap Belt(s),M,695f5524-4730-4fd1-95a3-98875da83257,Same Direction Rear End,N,Non Intersection,Right Turn Lane,Daylight,No Defects,"Two-way, Not Divided",Ice,Clear,Twelve o'clock,Passenger Car,Disabling,N,Slowing or Stopping,2015-03-06 10:09,36,39.3297249,-76.72941685
6410,N,Apparently Normal,No Misuse,N,No Injury,fa3594b6-d926-4dd4-82fa-dde354f739f6,D,AE4424000R,Shoulder/Lap Belt(s),M,93d8a0be-48ab-479c-a673-0d72954322bd,Same Direction Sideswipe,N,Intersection,Right Turn Lane,Daylight,No Defects,"Two-way, Not Divided",Dry,Clear,Ten o'clock,"Other Light Trucks (10,000 lbs (4,536 kg))",Superficial,N,Stopped in Traffic Lane,2015-03-13 17:17,52,39.35087554,-76.7502737
6411,N,Apparently Normal,No Misuse,Y,No Injury,da167a43-4769-4a99-90fb-959b596eaea4,D,AE4424000R,Shoulder/Lap Belt(s),M,0abf5408-b213-4228-b48b-a633ac3fefd5,Same Direction Sideswipe,N,Intersection,Right Turn Lane,Daylight,No Defects,"Two-way, Not Divided",Dry,Clear,Two o'clock,Ambulance/Non Emergency,Superficial,N,Passing,2015-03-13 17:17,28,39.35087554,-76.7502737
6412,N,Apparently Normal,No Misuse,N,No Injury,1a86e0a5-e3aa-4869-96c4-71b174b277cd,D,AE44920003,Shoulder/Lap Belt(s),M,ed4b2316-e014-4017-bb42-1d9d4c3ef6e7,Same Direction Right Turn,N,Intersection,Left Turn Lane,Dark Lights On,No Defects,"Two-way, Not Divided",Wet,Cloudy,Seven o'clock,(Sport) Utility Vehicle,Superficial,N,Starting From Lane,2015-03-11 05:50,62,39.39521799,-76.60370171
6413,N,Apparently Normal,No Misuse,N,No Injury,6d98a375-8674-4e47-b852-f92843c35056,D,AE4519000F,Shoulder/Lap Belt(s),M,167990f3-3049-4768-a0cf-38427e0163db,Same Movement Angle,N,Intersection Related,Right Turn Lane,Daylight,No Defects,"Two-way, Not Divided",Dry,Clear,Twelve o'clock,Passenger Car,Disabling,N,Moving Constant Speed,2015-01-28 14:20,26,39.28035405,-76.50372505
6414,N,Apparently Normal,No Misuse,Y,No Injury,e3bdc164-ed36-4862-b0a6-dd1787f7f99a,D,AE4519000F,Shoulder/Lap Belt(s),M,00e940cb-c0ba-4681-b5d8-47c318e7802e,Same Movement Angle,N,Intersection Related,Right Turn Lane,Daylight,No Defects,"Two-way, Not Divided",Dry,Clear,Eleven o'clock,Van,Disabling,N,Making Left Turn,2015-01-28 14:20,69,39.28035405,-76.50372505
6415,Y,Apparently Normal,No Misuse,N,No Injury,0af5f7e3-1d4c-44e9-be99-779cebd678e9,D,AE4519000G,Shoulder/Lap Belt(s),M,7ca253fd-05b8-4732-a0b3-dcc458298683,Same Direction Right Turn,N,Non Intersection,Right Turn Lane,Daylight,No Defects,"Two-way, Not Divided",Dry,Clear,Four o'clock,Transit Bus,Superficial,N,Making Right Turn,2015-01-28 16:10,63,39.27159201,-76.47117376
6416,Y,Apparently Normal,No Misuse,Y,No Injury,1eeb0549-dab2-49d1-a85c-f32b4fe4fde5,D,AE4519000G,Shoulder/Lap Belt(s),M,f373639c-a70f-462e-a66f-2876d35149be,Same Direction Right Turn,N,Non Intersection,Right Turn Lane,Daylight,No Defects,"Two-way, Not Divided",Dry,Clear,Eleven o'clock,Truck Tractor,Functional,N,Making Right Turn,2015-01-28 16:10,67,39.27159201,-76.47117376
6417,N,Apparently Normal,No Misuse,Y,No Injury,7b86122c-3fc9-441a-a70a-140556034a64,D,AE4519000J,Shoulder/Lap Belt(s),M,42abc9b7-5225-467c-9d54-62026d85e7c6,Same Direction Right Turn,N,Intersection Related,Right Turn Lane,Daylight,No Defects,"Two-way, Not Divided",Dry,Clear,Eleven o'clock,(Sport) Utility Vehicle,Superficial,N,Making Right Turn,2015-02-11 12:30,32,39.27283787,-76.51787639
6418,N,Apparently Normal,No Misuse,N,No Injury,a7995d0b-f14d-40b4-943c-5c06ff523da2,D,AE45210007,Shoulder/Lap Belt(s),M,1cd10390-63ee-45cb-a0ed-92d75932246f,Same Direction Rear End,N,Non Intersection,Right Turn Lane,Daylight,No Defects,"Two-way, Not Divided",Dry,Clear,Six o'clock,Pickup Truck,Superficial,N,Moving Constant Speed,2015-01-19 08:35,48,39.2380702,-76.68321848
6419,N,Apparently Normal,No Misuse,Y,No Injury,4b284c0d-e226-4fbd-85df-5a6257229220,D,AE45220006,Shoulder/Lap Belt(s),M,4a09b339-3904-4c8d-860c-e32a286210dc,Single Vehicle ,N,Non Intersection,Right Turn Lane,Dark Lights On,"Holes, Ruts, Etc.","Two-way, Divided, Positive Median Barrier",Wet,Clear,Ten o'clock,Passenger Car,Destroyed,N,Moving Constant Speed,2015-03-05 03:25,31,39.39720368,-76.40562057
6420,N,Apparently Normal,No Misuse,Y,No Injury,cd241f1a-f1dd-45d2-9a10-4b95bba01d69,D,AE45220007,Shoulder/Lap Belt(s),M,d8c8d591-e451-4648-ada5-eff102484765,Single Vehicle ,N,Intersection Related,Right Turn Lane,Dark Lights On,No Defects,"Two-way, Not Divided",Wet,Raining,Twelve o'clock,(Sport) Utility Vehicle,Destroyed,N,Moving Constant Speed,2015-03-13 00:18,32,39.35288323,-76.43677711
6421,N,Apparently Normal,No Misuse,N,No Injury,f13e97b0-aa72-4714-aeda-acb90e3da2a4,D,AE4538000D,Shoulder/Lap Belt(s),M,03d17cb7-95b3-4d6d-8345-a65219e51ee3,Same Direction Sideswipe,N,Intersection Related,Left Turn Lane,Dark Lights On,No Defects,"Two-way, Divided, Positive Median Barrier",Wet,Raining,Eight o'clock,Passenger Car,Superficial,N,Moving Constant Speed,2015-03-04 19:50,65,39.22247939,-76.70001984
6422,N,Apparently Normal,No Misuse,Y,No Injury,b8382879-8dff-43ab-8993-3e46e6844069,D,AE4546000T,Shoulder/Lap Belt(s),M,625acfbc-be2e-4020-af10-5bfb9218804d,Same Movement Angle,N,Commercial Driveway,Right Turn Lane,Daylight,No Defects,"Two-way, Not Divided",Wet,Clear,Eleven o'clock,Passenger Car,Disabling,N,Making Left Turn,2015-03-06 16:16,68,39.4420594,-76.80877805
6423,N,Apparently Normal,No Misuse,N,Possible Incapacitating Injury,6924c421-4d1c-48b1-9630-5d5bf5cfbe31,D,AE4546000T,Shoulder/Lap Belt(s),M,7fb504ac-0e1e-4f9d-93d8-4c1dfcfec4d4,Same Movement Angle,N,Commercial Driveway,Right Turn Lane,Daylight,No Defects,"Two-way, Not Divided",Wet,Clear,One o'clock,Passenger Car,Disabling,N,Moving Constant Speed,2015-03-06 16:16,22,39.4420594,-76.80877805
6424,N,Apparently Normal,No Misuse,N,No Injury,7db0b0b3-d261-41b5-8abf-c4d0d6bde36c,D,AE45500003,Shoulder/Lap Belt(s),M,f11eb78c-25b0-4f17-8617-283253185abf,Same Direction Rear End Right Turn,N,Intersection,Right Turn Lane,Dark Lights On,No Defects,"Two-way, Not Divided",Wet,Cloudy,Five o'clock,Passenger Car,Functional,N,Making Right Turn,2015-03-07 22:18,26,39.31910983,-76.51167512
6425,N,Apparently Normal,No Misuse,N,No Injury,eda8e483-c053-4132-96c7-9de026cc4aa5,D,AE4552000C,Shoulder/Lap Belt(s),M,2a562398-719a-4c67-8073-6db848434ebf,Same Direction Sideswipe,N,Non Intersection,Left Turn Lane,Dark Lights On,No Defects,"Two-way, Divided, Unprotected (painted >4 feet) Median",Dry,Cloudy,Three o'clock,Passenger Car,Superficial,N,Moving Constant Speed,2015-01-19 19:43,37,39.27253056,-76.50256634
6426,N,Had Been Drinking,No Misuse,Y,No Injury,effe4e55-0d3e-434f-a762-6ccc8c9b5016,D,AE4552000C,Shoulder/Lap Belt(s),M,987d839c-31fa-446c-bef1-3ecbf8a17910,Same Direction Sideswipe,N,Non Intersection,Left Turn Lane,Dark Lights On,No Defects,"Two-way, Divided, Unprotected (painted >4 feet) Median",Dry,Cloudy,Ten o'clock,Pickup Truck,Superficial,Y,Moving Constant Speed,2015-01-19 19:43,52,39.27253056,-76.50256634
6427,N,Apparently Normal,No Misuse,N,No Injury,c0d828ab-0b55-498f-af03-6523bab4bc82,D,AE45620003,Shoulder/Lap Belt(s),M,a033ce11-c4e8-4e9e-8292-bd4caa90ce63,Same Direction Rear End,N,Non Intersection,Right Turn Lane,Daylight,No Defects,"Two-way, Not Divided",Ice,Clear,Six o'clock,Passenger Car,Disabling,N,Stopped in Traffic Lane,2015-03-09 08:11,18,39.39227251,-76.60012364
6428,N,Apparently Normal,No Misuse,Y,No Injury,b27863f2-2e3c-43cb-9361-1f6611d79af0,D,AE45620003,Shoulder/Lap Belt(s),M,80642f96-c2d2-4e19-a9c3-8064b29dac4e,Same Direction Rear End,N,Non Intersection,Right Turn Lane,Daylight,No Defects,"Two-way, Not Divided",Ice,Clear,Twelve o'clock,Passenger Car,Disabling,N,Slowing or Stopping,2015-03-09 08:11,18,39.39227251,-76.60012364
6429,N,Apparently Normal,No Misuse,Y,No Injury,880ce8cb-e17a-45ea-9797-fadf01d9434f,D,AE46000009,Shoulder/Lap Belt(s),M,0ace5f9a-9b27-40a4-8901-04db9dc6c89a,Single Vehicle ,N,Non Intersection,Right Turn Lane,Dark Lights On,No Defects,"Two-way, Divided, Positive Median Barrier",Wet,Raining,Eleven o'clock,Passenger Car,Disabling,N,Entering Traffic Lane,2015-01-04 21:20,22,39.3679142,-76.51548386
6430,N,Apparently Normal,No Misuse,N,No Injury,2943aeda-66e1-4724-801d-e39796a280d0,D,AE46530003,Shoulder/Lap Belt(s),M,0bb21960-dcca-407c-951e-3e0ed21c4a0f,Same Movement Angle,N,Intersection,Right Turn Lane,Dark Lights On,No Defects,"Two-way, Divided, Positive Median Barrier",Dry,Clear,Nine o'clock,Passenger Car,Disabling,N,Accelerating,2015-02-04 23:17,61,39.41338557,-76.63041115
6431,N,Apparently Normal,No Misuse,Y,No Injury,35ff94c6-52f6-496e-b8d0-0b69dcc9af2c,D,AE46530003,Shoulder/Lap Belt(s),M,47c09254-1a10-446b-b97b-35f646d085b6,Same Movement Angle,N,Intersection,Right Turn Lane,Dark Lights On,No Defects,"Two-way, Divided, Positive Median Barrier",Dry,Clear,Twelve o'clock,Passenger Car,Disabling,N,Moving Constant Speed,2015-02-04 23:17,25,39.41338557,-76.63041115
6432,N,Apparently Normal,No Misuse,N,No Injury,5bba17ac-6472-4c81-93fc-4b449f2c6e7e,D,AE4696000X,Shoulder/Lap Belt(s),M,6a5cb0e8-b7b2-4c27-bcaf-a66d38325b2d,Head On Left Turn,N,Non Intersection,Acceleration Lane,Daylight,No Defects,"Two-way, Not Divided",Dry,Clear,Twelve o'clock,Police Vehicle/Non Emergency,Functional,N,Moving Constant Speed,2015-03-16 17:30,40,39.37425079,-76.50855303
6433,N,Apparently Normal,No Misuse,Y,No Injury,97aaaa33-2ec7-499e-b553-d8fcf4b79d0a,D,AE4696000X,Shoulder/Lap Belt(s),M,177de349-fb56-4274-8353-8602d42f396c,Head On Left Turn,N,Non Intersection,Acceleration Lane,Daylight,No Defects,"Two-way, Not Divided",Dry,Clear,Three o'clock,(Sport) Utility Vehicle,Functional,N,Making Left Turn,2015-03-16 17:30,31,39.37425079,-76.50855303
6434,N,Apparently Normal,No Misuse,N,No Injury,c9d38dd1-6968-44cf-97eb-6b7c90ce09c4,D,AE47140009,Shoulder/Lap Belt(s),M,28b0cebe-b1f5-42ee-befb-902ecd64c0a1,Head On Left Turn,N,Non Intersection,Right Turn Lane,Daylight,No Defects,"Two-way, Divided, Unprotected (painted >4 feet) Median",Wet,Raining,Twelve o'clock,(Sport) Utility Vehicle,Disabling,N,Moving Constant Speed,2015-01-03 12:48,45,39.4375685,-76.65028095
6435,N,Apparently Normal,No Misuse,Y,No Injury,898427ea-004c-4c2c-a4a6-2696b1321031,D,AE47140009,Shoulder/Lap Belt(s),M,781b9cac-bca0-4d80-81bc-b7629ad87d54,Head On Left Turn,N,Non Intersection,Right Turn Lane,Daylight,No Defects,"Two-way, Divided, Unprotected (painted >4 feet) Median",Wet,Raining,Twelve o'clock,Passenger Car,Disabling,N,Making Left Turn,2015-01-03 12:48,17,39.4375685,-76.65028095
6436,N,Apparently Normal,No Misuse,N,No Injury,0e243728-8edc-4bc9-b44f-a3fb8f020e37,D,AE4714000B,Shoulder/Lap Belt(s),M,77af0abe-fbae-45bb-a80a-c9b93a5dfa29,Same Movement Angle,N,Intersection,Right Turn Lane,Daylight,No Defects,"Two-way, Divided, Unprotected (painted >4 feet) Median",Wet,Raining,Twelve o'clock,Passenger Car,Disabling,N,Moving Constant Speed,2015-01-03 12:35,53,39.4461689,-76.61536932
6437,N,Apparently Normal,No Misuse,Y,No Injury,06d9d06b-2133-4c6a-a9b4-34691088399f,D,AE4714000B,Shoulder/Lap Belt(s),M,21efceb4-dd2b-4984-9a2b-6f7d1c430e49,Same Movement Angle,N,Intersection,Right Turn Lane,Daylight,No Defects,"Two-way, Divided, Unprotected (painted >4 feet) Median",Wet,Raining,Two o'clock,(Sport) Utility Vehicle,Functional,N,Moving Constant Speed,2015-01-03 12:35,57,39.4461689,-76.61536932
6438,N,Apparently Normal,No Misuse,Y,No Injury,6c48d4e3-3183-4eaa-87c7-b76a836907c7,D,AE47270018,Shoulder/Lap Belt(s),M,7a307c13-7d03-4bc6-828a-0fe91047613b,Single Vehicle ,N,Non Intersection,Right Turn Lane,Daylight,No Defects,"Two-way, Not Divided",Snow,Snow,Eleven o'clock,(Sport) Utility Vehicle,Disabling,N,Moving Constant Speed,2015-01-06 08:50,32,39.43852139,-76.53113723
6439,N,Apparently Normal,No Misuse,Y,No Injury,dd55c611-2be8-4143-a3f5-54a257704c28,D,AE47270024,Shoulder/Lap Belt(s),M,eb20155a-d228-4157-b68f-589a08aa01b4,Single Vehicle ,N,Non Intersection,Right Turn Lane,Daylight,No Defects,"Two-way, Not Divided",Ice,Cloudy,Nine o'clock,Van,Disabling,N,Moving Constant Speed,2015-03-10 07:43,56,39.47035702,-76.54466629
6440,N,Apparently Normal,No Misuse,N,No Injury,d44f00a4-b9c6-4130-a44f-020f6b50cf8c,D,AE47270026,Shoulder/Lap Belt(s),M,a1af5fab-5950-4cec-8c48-7c08670280c3,Head On Left Turn,N,Intersection,Right Turn Lane,Dark Lights On,No Defects,"Two-way, Not Divided",Dry,Clear,Twelve o'clock,Passenger Car,Destroyed,N,Moving Constant Speed,2015-03-19 19:45,25,39.40420082,-76.54048204
6441,N,Apparently Normal,No Misuse,Y,No Injury,a711a618-eda8-47d6-86d4-47488c34ba36,D,AE47270026,Shoulder/Lap Belt(s),M,226bdd07-5678-45c5-ba9e-4e88b71a09dc,Head On Left Turn,N,Intersection,Right Turn Lane,Dark Lights On,No Defects,"Two-way, Not Divided",Dry,Clear,Twelve o'clock,Passenger Car,Destroyed,N,Making Left Turn,2015-03-19 19:45,18,39.40420082,-76.54048204
6442,N,Apparently Normal,No Misuse,Y,No Injury,99963de0-6725-4601-b926-03fdcf793682,D,AE47320009,Shoulder/Lap Belt(s),M,8fd379f4-de86-40fa-99b4-dd1a5b8d7ce9,Single Vehicle ,N,Intersection,Right Turn Lane,Dawn,No Defects,"Two-way, Not Divided",Ice,Clear,One o'clock,Passenger Car,Disabling,N,Moving Constant Speed,2015-03-02 06:38,24,39.44429646,-76.819067
6443,N,Apparently Normal,No Misuse,N,No Injury,1a440358-99b0-4e73-8df2-0ed563757dff,D,AE47700003,Shoulder/Lap Belt(s),M,2e9a6196-7a1c-4226-b2a8-c7eded8e42d0,Same Direction Right Turn,N,Non Intersection,Left Turn Lane,Daylight,No Defects,"Two-way, Divided, Positive Median Barrier",Dry,Clear,Twelve o'clock,Passenger Car,Destroyed,N,Moving Constant Speed,2015-01-06 13:55,21,39.40367025,-76.39684439
6444,N,Apparently Normal,No Misuse,Y,No Injury,7cc1cf51-6cf1-4f66-adec-58e281d1a3c4,D,AE47700003,Shoulder/Lap Belt(s),M,a6c04681-7feb-4c43-a867-3f4e4a8a59fd,Same Direction Right Turn,N,Non Intersection,Left Turn Lane,Daylight,No Defects,"Two-way, Divided, Positive Median Barrier",Dry,Clear,One o'clock,Passenger Car,Disabling,N,Making Right Turn,2015-01-06 13:55,36,39.40367025,-76.39684439
6445,N,Apparently Normal,No Misuse,Y,No Injury,24932649-ed55-4f68-b3e8-a2ead056b103,D,AE47700005,Shoulder/Lap Belt(s),M,8054f36b-8795-417e-9ff4-000807fc99b5,Single Vehicle ,N,Non Intersection,Right Turn Lane,Dark No Lights,No Defects,"Two-way, Not Divided",Ice,Clear,Twelve o'clock,Passenger Car,Destroyed,N,Moving Constant Speed,2015-03-02 20:06,22,39.36386644,-76.37594461
6446,N,Apparently Normal,No Misuse,Y,No Injury,fe164661-22d4-49b5-9aac-4fb37e33a124,D,AE47740005,Shoulder/Lap Belt(s),M,ad2625ec-4645-40cf-a45d-cb58c8602f78,Single Vehicle ,N,Non Intersection,Right Turn Lane,Dark Lights On,Loose Surface Material,"Two-way, Divided, Positive Median Barrier",Snow,Blowing Snow,Four o'clock,(Sport) Utility Vehicle,Disabling,N,Moving Constant Speed,2015-02-15 00:10,27,39.35369625,-76.40909672
6447,N,Apparently Normal,No Misuse,N,No Injury,f2449b38-f67f-4021-b109-f787c9f74397,D,AE47820006,Shoulder/Lap Belt(s),M,c05f9ca2-3da9-4425-b123-9d76b9478a1f,Single Vehicle ,N,Non Intersection,Deceleration Lane,Dark No Lights,No Defects,"Two-way, Divided, Positive Median Barrier",Snow,Snow,Five o'clock,Passenger Car,Disabling,N,Moving Constant Speed,2015-02-14 20:50,58,39.40808044,-76.39051437
6448,N,Apparently Normal,No Misuse,N,No Injury,d9f66bb7-02a9-4f09-bbab-c7e82972585d,D,AE47920006,Shoulder/Lap Belt(s),M,8cdbedaf-b45e-4c59-ba71-1a491b590fe3,Same Direction Rear End,N,Non Intersection,Right Turn Lane,Daylight,No Defects,"Two-way, Not Divided",Ice,Sleet,Six o'clock,Passenger Car,Destroyed,N,Slowing or Stopping,2015-01-18 09:01,66,39.41305401,-76.51041985
6449,N,Apparently Normal,No Misuse,N,No Injury,ea85b158-9a9b-4a70-969a-405725b4aa66,D,AE47920006,Shoulder/Lap Belt(s),M,af6e4e4a-1bae-485d-abbf-0236107631ab,Same Direction Rear End,N,Non Intersection,Right Turn Lane,Daylight,No Defects,"Two-way, Not Divided",Ice,Sleet,Six o'clock,Passenger Car,Functional,N,Moving Constant Speed,2015-01-18 09:01,47,39.41305401,-76.51041985
6450,N,Apparently Normal,No Misuse,Y,No Injury,90c16e85-9d93-4cf9-b6d3-1a5ce0a88188,D,AE4839000C,Shoulder/Lap Belt(s),M,2fd5850e-088a-420e-92f5-d3004b650e4b,Single Vehicle ,N,Intersection Related,Right Turn Lane,Dark No Lights,No Defects,One-way Trafficway,Dry,Clear,One o'clock,Passenger Car,Disabling,N,Moving Constant Speed,2015-02-18 01:42,42,39.32330957,-76.47724628
6451,N,Apparently Normal,No Misuse,N,No Injury,d85aff33-9803-4ec7-b904-2bb5b87dedc3,D,AE4877000B,Shoulder/Lap Belt(s),M,5d8507b0-ae69-41b6-988a-a29b3f01809c,Head On Left Turn,N,Intersection,Left Turn Lane,Dark Lights On,No Defects,"Two-way, Not Divided",Wet,Snow,Four o'clock,Pickup Truck,Disabling,N,Making Left Turn,2015-01-26 20:59,43,39.39902764,-76.58687353
6452,N,Apparently Normal,No Misuse,N,No Injury,2ef8c936-2c43-4468-8720-1b1cf41fa1ed,D,AE4880004L,Shoulder/Lap Belt(s),M,797e6e8e-7b16-40ba-a813-cc2c600c64d7,Angle Meets Left Turn Head On,N,Intersection,Right Turn Lane,Daylight,No Defects,"Two-way, Divided, Positive Median Barrier",Dry,Cloudy,Eight o'clock,Van,Superficial,N,Making Left Turn,2015-01-23 13:56,54,39.338379,-76.483245
6453,N,Apparently Normal,No Misuse,N,No Injury,94967881-e49d-4673-a38f-1d6a71691d0f,D,AE4880004Y,Shoulder/Lap Belt(s),M,aefb0c52-0797-4d86-95fb-1e90065d6b8c,Same Direction Right Turn,N,Commercial Driveway,Left Turn Lane,Daylight,No Defects,"Two-way, Not Divided",Wet,Raining,Seven o'clock,Passenger Car,Superficial,N,Moving Constant Speed,2015-02-09 16:54,37,39.355166,-76.459841
6454,N,Had Been Drinking,No Misuse,Y,No Injury,e502ce2b-39fb-43ac-ba07-fb794a364153,D,AE4880004Y,Shoulder/Lap Belt(s),M,1fe63725-7a83-424a-a201-77dd87e62363,Same Direction Right Turn,N,Commercial Driveway,Left Turn Lane,Daylight,No Defects,"Two-way, Not Divided",Wet,Raining,One o'clock,Pickup Truck,Superficial,N,Making Right Turn,2015-02-09 16:54,45,39.355166,-76.459841
6455,N,Apparently Normal,No Misuse,N,No Injury,407d22b2-8023-4bc3-a961-5d60e828790f,D,AE4880004Z,Shoulder/Lap Belt(s),M,2d860282-34df-4ffd-8c49-1a249c2ad3d0,Same Movement Angle,N,Intersection,Right Turn Lane,Daylight,No Defects,"Two-way, Not Divided",Dry,Clear,Twelve o'clock,Passenger Car,Disabling,N,Moving Constant Speed,2015-02-11 15:09,21,39.352394,-76.465388
6456,N,Apparently Normal,No Misuse,Y,No Injury,5d23cfff-8a22-4baf-a1b4-c3e12ea8f6a8,D,AE4880004Z,Shoulder/Lap Belt(s),M,1cba58da-04aa-42c6-a87f-e117faf0e0c8,Same Movement Angle,N,Intersection,Right Turn Lane,Daylight,No Defects,"Two-way, Not Divided",Dry,Clear,Eleven o'clock,Passenger Car,Disabling,N,Making Left Turn,2015-02-11 15:09,28,39.352394,-76.465388
6457,N,Apparently Normal,No Misuse,N,No Injury,07ee0a17-2878-4cd3-8b3d-b00911f2c241,D,AE4880005L,Shoulder/Lap Belt(s),M,c1802023-8d11-47e8-9669-dfc525bd339a,Same Direction Rear End,N,Intersection Related,Right Turn Lane,Dark Lights On,No Defects,"Two-way, Divided, Positive Median Barrier",Ice,Wintry Mix,Six o'clock,(Sport) Utility Vehicle,Superficial,N,Stopped in Traffic Lane,2015-03-03 20:34,37,39.379205,-76.459903
6458,N,Apparently Normal,No Misuse,N,No Injury,f649203e-d5a9-40fd-89a6-a457d904786c,D,AE4880005M,Shoulder/Lap Belt(s),M,e1aae90b-5b65-406d-9fed-2e76dc9d6a3e,Single Vehicle ,N,Non Intersection,Left Turn Lane,Dark Lights On,No Defects,"Two-way, Divided, Positive Median Barrier",Wet,Wintry Mix,One o'clock,Passenger Car,Functional,N,Moving Constant Speed,2015-03-03 20:50,45,39.367047,-76.448962
6459,N,Apparently Normal,No Misuse,N,No Injury,8577faac-701b-4739-b257-d63d1919368f,D,AE48870008,Shoulder/Lap Belt(s),M,b3b16b29-3bda-463e-96f8-bd800a5537af,Head On Left Turn,N,Intersection,Acceleration Lane,Daylight,No Defects,"Two-way, Not Divided",Dry,Clear,Five o'clock,Passenger Car,Functional,N,Making Left Turn,2015-02-05 17:05,66,39.37680517,-76.50577426
6460,N,Apparently Normal,No Misuse,N,No Injury,777da7f3-8395-44fc-842d-facc85c82140,D,AE48870009,Shoulder/Lap Belt(s),M,f8dae8b8-e26e-4828-af0a-877b1062cc42,Same Movement Angle,N,Intersection,Right Turn Lane,Daylight,No Defects,"Two-way, Not Divided",Wet,Clear,Twelve o'clock,Passenger Car,Disabling,N,Moving Constant Speed,2015-02-22 13:59,28,39.36156252,-76.49130106