KEY_INDEX,CDL_FLAG,CONDITION_CODE,EQUIP_PROB_CODE,FAULT_FLAG,INJ_SEVER_CODE,PERSON_ID,PERSON_TYPE,REPORT_NO,SAF_EQUIP_CODE,SEX_CODE,VEHICLE_ID,COLLISION_TYPE_CODE,C_M_ZONE_FLAG,JUNCTION_CODE,LANE_CODE,LIGHT_CODE,RD_COND_CODE,RD_DIV_CODE,SURF_COND_CODE,WEATHER_CODE,AREA_DAMAGED_CODE_MAIN,BODY_TYPE_CODE,DAMAGE_CODE,HIT_AND_RUN_FLAG,MOVEMENT_CODE,TIME,AGE,LATITUDE,LONGITUDE
6461,N,Apparently Normal,No Misuse,Y,No Injury,56416867-b105-496c-9b02-3a99e0b8a5aa,D,AE48870009,Shoulder/Lap Belt(s),M,f7266b2d-764e-4025-b6e0-478182138991,Same Movement Angle,N,Intersection,Right Turn Lane,Daylight,No Defects,"Two-way, Not Divided",Wet,Clear,Eleven o'clock,Pickup Truck,Functional,N,Skidding,2015-02-22 13:59,52,39.36156252,-76.49130106
6462,N,Apparently Normal,No Misuse,Y,No Injury,4b1d5dd2-fbcd-4480-9e22-4f47458efc24,D,AE4897000C,Shoulder/Lap Belt(s),M,cc3b4f78-c333-443c-8b08-4d253747b6a4,Single Vehicle ,N,Non Intersection,Right Turn Lane,Dark Lights On,No Defects,"Two-way, Not Divided",Ice,Raining,Four o'clock,"Other Light Trucks (10,000 lbs (4,536 kg))",Superficial,N,Moving Constant Speed,2015-03-04 19:52,55,39.40065259,-76.6030097
6463,Y,Apparently Normal,No Misuse,Y,No Injury,a25d1b87-ffa4-4f8e-a1d9-6f78908d1939,D,AE49110009,Shoulder/Lap Belt(s),M,814b55cf-a5f2-4513-a3ef-78c9041d1d76,Single Vehicle ,N,Non Intersection,Right Turn Lane,Daylight,No Defects,"Two-way, Divided, Unprotected (painted >4 feet) Median",Wet,Clear,Twelve o'clock,Passenger Car,Disabling,Y,Negotiating a Curve,2015-03-07 09:50,38,39.32789082,-76.52307987
6464,N,Apparently Normal,No Misuse,Y,No Injury,0164d873-00d6-4a82-b3fc-f9099b3cf509,D,AE49330005,Shoulder/Lap Belt(s),M,ce478386-d02d-4344-b1e8-8b54a36b3ca7,Same Direction Sideswipe,N,Non Intersection,Right Turn Lane,Dark No Lights,No Defects,"Two-way, Not Divided",Dry,Clear,One o'clock,(Sport) Utility Vehicle,Disabling,N,Moving Constant Speed,2015-01-01 05:00,46,39.40018073,-76.47147954
6465,N,Apparently Normal,No Misuse,N,No Injury,315d62a8-e94f-456d-be7e-2d21ae14769c,D,AE49440005,Shoulder/Lap Belt(s),M,bd4645ed-3642-4e13-a4e3-41fde7276dc7,Same Direction Rear End,N,Non Intersection,Right Turn Lane,Dark Lights On,No Defects,"Two-way, Not Divided",Dry,Clear,Eight o'clock,Passenger Car,Disabling,N,Moving Constant Speed,2015-01-10 20:47,28,39.30465779,-76.44872904
6466,N,Apparently Normal,No Misuse,Y,No Injury,8e09d77e-4daf-4952-afcf-35f3a5cc5bac,D,AE49440005,Shoulder/Lap Belt(s),M,5e3ac245-d348-44a5-bea8-db2ff300083f,Same Direction Rear End,N,Non Intersection,Right Turn Lane,Dark Lights On,No Defects,"Two-way, Not Divided",Dry,Clear,One o'clock,Passenger Car,Disabling,N,Moving Constant Speed,2015-01-10 20:47,30,39.30465779,-76.44872904
6467,N,Apparently Normal,No Misuse,N,No Injury,eddfc2d8-b46b-48ad-9f43-89f6d8561cda,D,AE49630005,Shoulder/Lap Belt(s),M,3948036f-8f5b-4a14-acc9-ffe414611bf9,Same Movement Angle,N,Intersection,Right Turn Lane,Daylight,No Defects,One-way Trafficway,Dry,Clear,Three o'clock,Passenger Car,Superficial,N,Accelerating,2015-01-27 07:20,49,39.27205713,-76.73145533
6468,N,Apparently Normal,No Misuse,N,No Injury,342d68b7-35be-46ec-a991-aeda1725c5ba,D,AE49730007,Shoulder/Lap Belt(s),M,014e323c-37fa-4db2-8613-ec6dfb969e84,Single Vehicle ,N,Intersection Related,Right Turn Lane,Dark Lights On,No Defects,"Two-way, Not Divided",Wet,Clear,Twelve o'clock,Police Vehicle/Emergency,Disabling,N,Moving Constant Speed,2015-03-14 23:40,37,39.33389911,-76.47670984
6469,N,Apparently Normal,No Misuse,N,No Injury,c0d3d6f0-27ad-41d2-bac7-b7507f5c17e5,D,AE50010004,Shoulder/Lap Belt(s),M,cdea00f2-2111-416a-8d7e-100d1fb9122b,Opposite Direction Sideswipe,Y,Intersection,Right Turn Lane,Dusk,No Defects,"Two-way, Not Divided",Wet,Clear,Ten o'clock,Passenger Car,Superficial,N,Moving Constant Speed,2015-01-06 17:30,59,39.24500019,-76.64088249
6470,N,Apparently Normal,No Misuse,Y,No Injury,1cd20865-b429-4b65-a92b-676ac841a02d,D,AE50090008,Shoulder/Lap Belt(s),M,f5f59703-0689-4e58-858b-fd7e1cf2877e,Single Vehicle ,N,Non Intersection,Right Turn Lane,Dark Lights On,No Defects,"Two-way, Not Divided",Slush,Wintry Mix,Eleven o'clock,Pickup Truck,Disabling,N,Moving Constant Speed,2015-02-02 02:09,19,39.23434734,-76.44997358
6471,N,Apparently Normal,No Misuse,N,No Injury,f1e24b77-5e5f-4754-a4f1-788fba55bc51,D,AE50170005,Shoulder/Lap Belt(s),M,47205fc2-0e9e-42ff-9a66-710986124531,Same Movement Angle,N,Non Intersection,Right Turn Lane,Daylight,No Defects,"Two-way, Divided, Positive Median Barrier",Dry,Clear,One o'clock,Passenger Car,Functional,N,Making Right Turn,2015-02-23 13:08,25,39.36291668,-76.78263724
6472,N,Apparently Normal,No Misuse,Y,No Injury,0bed335e-3ed6-49c8-90fe-bf4d95ba7013,D,AE5023000B,Shoulder/Lap Belt(s),M,0fb11ec3-6798-440e-9ab0-c2a8ab499871,Same Direction Sideswipe,N,Non Intersection,Right Turn Lane,Dark Lights On,No Defects,"Two-way, Not Divided",Dry,Clear,One o'clock,Passenger Car,Disabling,N,Accelerating,2015-03-12 01:01,25,39.38975808,-76.521492
6473,N,Apparently Normal,No Misuse,N,No Injury,1e60d538-d2ae-412e-bbc0-b476633e9b4d,D,AE5057000B,Shoulder/Lap Belt(s),M,e843e70c-5d42-4ecd-8341-88364d300389,Same Direction Rear End,N,Non Intersection,Right Turn Lane,Daylight,Foreign Material,"Two-way, Not Divided",Snow,Blowing Snow,Six o'clock,Pickup Truck,Superficial,N,Slowing or Stopping,2015-03-06 07:25,36,39.23864357,-76.69105053
6474,N,Apparently Normal,No Misuse,Y,No Injury,b51db933-685b-42a1-b736-79fa02682976,D,AE5057000B,Shoulder/Lap Belt(s),M,0946c990-e7d2-4f83-836f-a53bd5cd9234,Same Direction Rear End,N,Non Intersection,Right Turn Lane,Daylight,Foreign Material,"Two-way, Not Divided",Snow,Blowing Snow,Twelve o'clock,Passenger Car,Disabling,N,Slowing or Stopping,2015-03-06 07:25,20,39.23864357,-76.69105053
6475,N,Apparently Normal,No Misuse,N,No Injury,ea3deccd-4f40-4b80-a02a-309f9ec2c273,D,AE5059000D,Shoulder/Lap Belt(s),M,5d1d1352-a846-4a32-bc62-06b963bfcd2a,Same Movement Angle,N,Intersection,Right Turn Lane,Daylight,No Defects,"Two-way, Divided, Positive Median Barrier",Dry,Clear,Twelve o'clock,Passenger Car,Disabling,N,Moving Constant Speed,2015-02-19 14:21,62,39.43948255,-76.82421684
6476,N,Apparently Normal,No Misuse,Y,No Injury,22e89e9f-c28e-49ae-b99d-649a8ce2af5e,D,AE5059000D,Shoulder/Lap Belt(s),M,3b3715a0-d02b-4004-8b81-87ba3171fb3f,Same Movement Angle,N,Intersection,Right Turn Lane,Daylight,No Defects,"Two-way, Divided, Positive Median Barrier",Dry,Clear,Twelve o'clock,Passenger Car,Disabling,N,Moving Constant Speed,2015-02-19 14:21,33,39.43948255,-76.82421684
6477,N,Apparently Normal,No Misuse,N,No Injury,33eb22c1-8a45-4ace-8311-687226e9d06e,D,AE5069000H,Shoulder/Lap Belt(s),M,67409fdb-33b8-46c1-b1a7-2af24adce1b2,Same Movement Angle,N,Intersection,Right Turn Lane,Dark Lights On,No Defects,"Two-way, Not Divided",Snow,Snow,Twelve o'clock,Pickup Truck,Functional,N,Accelerating,2015-02-21 18:30,54,39.38123365,-76.8231976
6478,N,Apparently Normal,No Misuse,N,No Injury,14b5020e-8136-4489-b7cf-83274e49e94a,D,AE51410009,Shoulder/Lap Belt(s),M,4a2780ed-8dde-4e2e-a19f-f7ca6ecdec6b,Head On Left Turn,N,Intersection,Right Turn Lane,Dark Lights On,No Defects,"Two-way, Not Divided",Dry,Clear,Twelve o'clock,Passenger Car,Disabling,N,Moving Constant Speed,2015-03-06 22:01,22,39.38156535,-76.53616905
6479,N,Had Been Drinking,No Misuse,Y,No Injury,3bae2f7f-566e-48eb-a9d1-7b47e2a2834c,D,AE51410009,Shoulder/Lap Belt(s),M,d4cf483c-929d-4840-9d16-38d8826b4000,Head On Left Turn,N,Intersection,Right Turn Lane,Dark Lights On,No Defects,"Two-way, Not Divided",Dry,Clear,Five o'clock,Pickup Truck,Functional,N,Making Left Turn,2015-03-06 22:01,57,39.38156535,-76.53616905
6480,N,Apparently Normal,No Misuse,Y,No Injury,0c3fad91-b80e-477c-b205-0e0a361d2a2f,D,AE51480007,Shoulder/Lap Belt(s),M,3f335038-89fb-45a1-bd90-6d7493948874,Single Vehicle ,N,Non Intersection,Right Turn Lane,Daylight,No Defects,"Two-way, Not Divided",Ice,Snow,Underside,Passenger Car,Disabling,N,Slowing or Stopping,2015-01-06 11:28,66,39.63569563,-76.81595564
6481,N,Apparently Normal,No Misuse,Y,No Injury,1046d08c-d12e-4096-9d0a-444691787285,D,AE5148000G,Shoulder/Lap Belt(s),M,a9067bbc-92c8-4cf5-abc2-6697145fc47e,Single Vehicle ,N,Non Intersection,Right Turn Lane,Dark Lights On,No Defects,"Two-way, Not Divided with a Continuous Left Turn Lane",Ice,Clear,Twelve o'clock,Police Vehicle/Emergency,Superficial,N,Moving Constant Speed,2015-03-11 06:26,51,39.44129713,-76.78125858
6482,N,Apparently Normal,No Misuse,N,No Injury,25502d8a-e80d-4a6e-a321-a672f8cb2243,D,AE51490005,Shoulder/Lap Belt(s),M,de32e12d-a643-46c7-9c53-521135030494,Same Direction Rear End,N,Intersection,Right Turn Lane,Daylight,No Defects,"Two-way, Not Divided",Snow,Snow,Six o'clock,(Sport) Utility Vehicle,Superficial,N,Stopped in Traffic Lane,2015-03-20 10:15,56,39.28920634,-76.73135877
6483,N,Apparently Normal,No Misuse,Y,No Injury,2a606321-9f1b-411c-9b69-7525263a0a5a,D,AE51490005,Shoulder/Lap Belt(s),M,21ea31ef-1b2e-46a5-b95e-c5f856683dea,Same Direction Rear End,N,Intersection,Right Turn Lane,Daylight,No Defects,"Two-way, Not Divided",Snow,Snow,Twelve o'clock,Passenger Car,Superficial,Y,Moving Constant Speed,2015-03-20 10:15,31,39.28920634,-76.73135877
6484,N,Apparently Normal,No Misuse,N,No Injury,1082cd2a-5f60-4ff2-b8b2-1f86fcdb77e3,D,AE51610003,Shoulder/Lap Belt(s),M,22b94340-6c92-49f7-969b-eee87890e679,Head On,N,Non Intersection,Right Turn Lane,Dark Lights On,No Defects,"Two-way, Divided, Unprotected (painted >4 feet) Median",Dry,Clear,Twelve o'clock,Pickup Truck,Disabling,N,Moving Constant Speed,2015-01-23 05:05,56,39.30083054,-76.51552677
6485,N,Apparently Normal,No Misuse,Y,Possible Incapacitating Injury,4f8ee3b9-3f70-47ff-a5e9-21eefeca7cb2,D,AE51610003,Shoulder/Lap Belt(s),M,69ef9aa3-0674-477c-9176-f1736d19a1fd,Head On,N,Non Intersection,Right Turn Lane,Dark Lights On,No Defects,"Two-way, Divided, Unprotected (painted >4 feet) Median",Dry,Clear,Three o'clock,Passenger Car,Destroyed,N,Moving Constant Speed,2015-01-23 05:05,21,39.30083054,-76.51552677
6486,N,Apparently Normal,No Misuse,Y,No Injury,6df912dd-970e-49df-8243-6d0fcfca261b,D,AE51760005,Shoulder/Lap Belt(s),M,4b80c2cc-b348-4e7d-ba7d-fc13dad9ca67,Single Vehicle ,N,Non Intersection,Right Turn Lane,Dark Lights On,No Defects,"Two-way, Not Divided",Dry,Clear,One o'clock,Passenger Car,Disabling,N,Moving Constant Speed,2015-01-28 23:15,22,39.39561181,-76.51257098
6487,N,Apparently Normal,No Misuse,Y,No Injury,435fb146-e2cf-4c40-9656-9d4e6c0127c6,D,AE5177000J,Shoulder/Lap Belt(s),M,7f7856f7-db6d-4a04-99b2-d4e2cf8c6eba,Same Movement Angle,N,Intersection,Left Turn Lane,Daylight,No Defects,"Two-way, Not Divided",Dry,Clear,Twelve o'clock,Pickup Truck,Functional,N,Moving Constant Speed,2015-01-28 14:16,29,39.40155624,-76.58837557
6488,N,Apparently Normal,No Misuse,Y,Non-incapacitating Injury,3d4efde9-5036-45fc-b42b-cfea4004eeea,D,AE5177000J,Shoulder/Lap Belt(s),M,c15cde36-7127-44bf-9f89-4870354e426a,Same Movement Angle,N,Intersection,Left Turn Lane,Daylight,No Defects,"Two-way, Not Divided",Dry,Clear,Four o'clock,Police Vehicle/Emergency,Disabling,N,Accelerating,2015-01-28 14:16,35,39.40155624,-76.58837557
6489,N,Apparently Normal,No Misuse,N,Non-incapacitating Injury,9f5549db-6500-47b9-9a5e-176277b417ab,D,AE5177000K,Shoulder/Lap Belt(s),M,f0715046-667a-4713-b2a4-4a59cff2d175,Head On Left Turn,N,Non Intersection,Left Turn Lane,Daylight,No Defects,"Two-way, Divided, Positive Median Barrier",Wet,Clear,Ten o'clock,(Sport) Utility Vehicle,Destroyed,N,Moving Constant Speed,2015-02-15 12:10,23,39.36969331,-76.51376188
6490,N,Apparently Normal,No Misuse,Y,No Injury,9aa43b1b-6604-4187-b0fa-22bbd5203f78,D,AE51910007,Shoulder/Lap Belt(s),M,37a8fe8e-7f95-4375-a2b1-52244978f486,Single Vehicle ,N,Non Intersection,Right Turn Lane,Dark No Lights,No Defects,"Two-way, Not Divided",Dry,Clear,Twelve o'clock,Passenger Car,Disabling,N,Moving Constant Speed,2015-03-29 04:11,60,39.48725058,-76.56787813
6491,N,Apparently Normal,No Misuse,Y,No Injury,cdf1a2a4-d62f-4d6b-805b-74494446323f,D,AE5193000N,Shoulder/Lap Belt(s),M,c4ac3741-2d71-4f20-a1c4-588dc4b34184,Single Vehicle ,N,Intersection,Right Turn Lane,Dark Lights On,No Defects,"Two-way, Not Divided",Ice,Wintry Mix,One o'clock,Passenger Car,Disabling,N,Moving Constant Speed,2015-02-28 01:00,19,39.50155722,-76.78125858
6492,N,Apparently Normal,No Misuse,Y,No Injury,65d4802e-9c1f-4e52-9dce-248e51da7e93,D,AE5198000B,Shoulder/Lap Belt(s),M,2a9bf32b-7b1d-4e5d-a50e-88d7fac250e3,Single Vehicle ,N,Non Intersection,Right Turn Lane,Dark Lights On,No Defects,"Two-way, Divided, Positive Median Barrier",Wet,Foggy,Underside,Van,Disabling,N,Moving Constant Speed,2015-03-14 21:55,38,39.37699592,-76.50603175
6493,N,Apparently Normal,No Misuse,N,No Injury,b80340ad-742e-4e3f-99d3-a2b2f0bc8bb6,D,AE52020008,Shoulder/Lap Belt(s),M,f7a491c1-6947-439f-9d74-bdf86b5b30ce,Same Direction Rear End,N,Intersection Related,Right Turn Lane,Dark Lights On,No Defects,"Two-way, Divided, Unprotected (painted >4 feet) Median",Dry,Clear,Six o'clock,Passenger Car,Functional,N,Slowing or Stopping,2015-03-21 22:54,24,39.48766459,-76.65688992
6494,N,Apparently Normal,No Misuse,Y,No Injury,77e8ec6c-c1ee-44c2-9746-e79fde27ef5d,D,AE52020008,Shoulder/Lap Belt(s),M,a6f6ceae-76a5-4953-95e0-3faca6e4ec97,Same Direction Rear End,N,Intersection Related,Right Turn Lane,Dark Lights On,No Defects,"Two-way, Divided, Unprotected (painted >4 feet) Median",Dry,Clear,Twelve o'clock,Police Vehicle/Emergency,Functional,N,Slowing or Stopping,2015-03-21 22:54,37,39.48766459,-76.65688992
6495,N,Apparently Normal,No Misuse,N,No Injury,21fbeb86-2196-4d21-b703-c182d1620469,D,AE5207000F,Shoulder/Lap Belt(s),M,e6b6cd3f-35c8-4a71-a67a-7c48bca85812,Same Direction Rear End,N,Intersection Related,Left Turn Lane,Dusk,No Defects,"Two-way, Not Divided",Snow,Snow,Four o'clock,Pickup Truck,Functional,N,Moving Constant Speed,2015-02-21 17:40,18,39.40499665,-76.47297621
6496,N,Apparently Normal,No Misuse,Y,No Injury,f7053dfe-1884-4258-b4c8-72f243e71867,D,AE5207000F,Shoulder/Lap Belt(s),M,b2a3de15-ecc5-4097-bd6a-65f13368670d,Same Direction Rear End,N,Intersection Related,Left Turn Lane,Dusk,No Defects,"Two-way, Not Divided",Snow,Snow,Six o'clock,"Other Light Trucks (10,000 lbs (4,536 kg))",Superficial,N,Backing,2015-02-21 17:40,54,39.40499665,-76.47297621
6497,N,Apparently Normal,No Misuse,Y,No Injury,92c2dd58-a7f4-47eb-a862-125f90190802,D,AE5209000D,Shoulder/Lap Belt(s),M,ed9b5a64-0fba-44b3-8e07-ca21581e1c93,Same Direction Rear End,N,Non Intersection,Right Turn Lane,Daylight,No Defects,"Two-way, Not Divided",Dry,Clear,Twelve o'clock,Passenger Car,Functional,N,Moving Constant Speed,2015-02-27 14:26,62,39.30336269,-76.75406098
6498,N,Apparently Normal,No Misuse,Y,No Injury,7f380a4a-02cd-4831-81c1-08dcec8dac1d,D,AE52130005,Shoulder/Lap Belt(s),M,e29f23a6-b25c-4ae6-b015-d7f97cb16e51,Same Direction Right Turn,N,Non Intersection,Right Turn Lane,Dark Lights On,No Defects,"Two-way, Not Divided",Ice,Wintry Mix,Twelve o'clock,Passenger Car,Disabling,N,Moving Constant Speed,2015-03-01 19:43,28,39.2575,-76.513351
6499,N,Apparently Normal,No Misuse,Y,No Injury,98b0b7d8-23f3-4085-8809-fa720209bd1b,D,AE52150006,Shoulder/Lap Belt(s),M,f5fba800-7835-428d-813f-87b493137390,Single Vehicle ,N,Non Intersection,Right Turn Lane,Dark Lights On,No Defects,"Two-way, Not Divided",Dry,Clear,Twelve o'clock,Passenger Car,Disabling,Y,Making Left Turn,2015-02-27 02:41,18,39.3460137,-76.45003796
6500,N,Apparently Normal,No Misuse,N,No Injury,29991f3b-8fb2-4202-94c5-84b9ce5eeffc,D,AE5226000D,Shoulder/Lap Belt(s),M,cb63a5b4-495f-4102-b685-ed59eb9fb954,Same Movement Angle,N,Crossover Related,Right Turn Lane,Dark Lights On,No Defects,"Two-way, Divided, Positive Median Barrier",Dry,Clear,Nine o'clock,Passenger Car,Superficial,N,Moving Constant Speed,2015-03-21 23:40,29,39.31688535,-76.51610613
6501,N,Apparently Normal,No Misuse,Y,No Injury,e13f1b98-917d-44b2-85d6-cd08ac7a893c,D,AE5228000D,Shoulder/Lap Belt(s),M,d0823a13-ec0a-469b-b1ad-46d5a654ce95,Single Vehicle ,N,Non Intersection,Left Turn Lane,Dark Lights On,No Defects,"Two-way, Divided, Unprotected (painted >4 feet) Median",Dry,Clear,Seven o'clock,(Sport) Utility Vehicle,Functional,N,Making Right Turn,2015-02-26 19:19,67,39.37759303,-76.50493741
6502,N,Apparently Normal,No Misuse,Y,No Injury,3e3d08d3-e335-476a-a00e-f43eb3e276f7,D,AE52460005,Shoulder Belt Only,M,eb46fcad-2636-4476-8036-1146a3e2059e,Single Vehicle ,N,Non Intersection,Right Turn Lane,Daylight,No Defects,"Two-way, Not Divided",Wet,Raining,Three o'clock,Van,Disabling,N,Moving Constant Speed,2015-01-03 09:21,47,39.4214088,-76.50324225
6503,N,Apparently Normal,No Misuse,N,No Injury,21e81440-3228-4cf1-9503-a93c43e60b69,D,AE5246000F,Shoulder/Lap Belt(s),M,e160c4a8-aab7-43ae-89d7-e847f7a6060a,Same Direction Sideswipe,N,Non Intersection,Left Turn Lane,Daylight,No Defects,"Two-way, Divided, Positive Median Barrier",Snow,Snow,Seven o'clock,(Sport) Utility Vehicle,Superficial,N,Moving Constant Speed,2015-02-21 15:30,60,39.39739437,-76.60651803
6504,Y,Apparently Normal,No Misuse,N,No Injury,6ce1f716-6d1d-4a00-977d-098ead57c78b,D,AE5249000B,Shoulder/Lap Belt(s),M,f8f2bd20-a766-43d9-b846-72ef7984399e,Same Direction Rear End,N,Non Intersection,Left Turn Lane,Daylight,No Defects,"Two-way, Not Divided",Dry,Clear,Six o'clock,Truck Tractor,Functional,N,Slowing or Stopping,2015-03-30 15:19,25,39.29601503,-76.50771618
6505,Y,Apparently Normal,No Misuse,Y,No Injury,22df3139-1d8a-44aa-8146-bb61294edbc0,D,AE5249000B,Shoulder/Lap Belt(s),M,074b4e01-6c61-41e1-9600-24da0bcb4552,Same Direction Rear End,N,Non Intersection,Left Turn Lane,Daylight,No Defects,"Two-way, Not Divided",Dry,Clear,Two o'clock,Truck Tractor,Disabling,N,Moving Constant Speed,2015-03-30 15:19,71,39.29601503,-76.50771618
6506,N,Apparently Normal,No Misuse,Y,No Injury,1e7facba-f76e-47db-a546-5f8910d81e35,D,AE52530007,Shoulder/Lap Belt(s),M,eda87a7c-e2e9-44da-96e3-cbb4b156a7a8,Single Vehicle ,N,Non Intersection,Right Turn Lane,Dark Lights On,No Defects,"Two-way, Not Divided",Ice,Clear,Two o'clock,Pickup Truck,Disabling,N,Moving Constant Speed,2015-01-19 07:15,25,39.4636233,-76.83327734
6507,N,Apparently Normal,No Misuse,Y,No Injury,2cc268f7-2d00-4da9-85a3-1e96e67a486b,D,AE5254000Q,Shoulder/Lap Belt(s),M,9ae91014-4a26-4c20-863d-ec3064b256c2,Single Vehicle ,N,Non Intersection,Right Turn Lane,Daylight,No Defects,"Two-way, Not Divided",Dry,Clear,One o'clock,(Sport) Utility Vehicle,Disabling,N,Moving Constant Speed,2015-03-22 12:43,42,39.49620913,-76.70338869
6508,N,Apparently Normal,No Misuse,N,No Injury,981d4615-c8c1-4d3f-a2ad-dfbf3765f528,D,AE5265000G,Shoulder/Lap Belt(s),M,9e8bd0dc-cfdc-4f12-92c5-2a5314773429,Same Direction Rear End,N,Non Intersection,Left Turn Lane,Dark Lights On,No Defects,"Two-way, Not Divided",Dry,Clear,Six o'clock,Passenger Car,Superficial,N,Accelerating,2015-02-13 21:26,70,39.40579248,-76.77887678
6509,N,Apparently Normal,No Misuse,Y,No Injury,ae4ce3fa-05f8-4a65-8c3a-b087c5d0fdbc,D,AE5296000C,Shoulder/Lap Belt(s),M,4f57f1ed-192d-433c-bfe9-d540db44c3ef,Single Vehicle ,N,Non Intersection,Right Turn Lane,Dark Lights On,No Defects,"Two-way, Not Divided",Ice,Clear,Twelve o'clock,Passenger Car,Disabling,N,Moving Constant Speed,2015-01-24 20:43,18,39.39906081,-76.82649136
6510,N,Apparently Normal,No Misuse,N,No Injury,3136f7e0-5a62-44d4-905c-6e686093f59f,D,AE5297000L,Shoulder/Lap Belt(s),M,11cc5b32-504e-4a55-ab79-ae6275c85788,Same Direction Rear End,N,Non Intersection,Right Turn Lane,Daylight,No Defects,"Two-way, Not Divided",Dry,Clear,Six o'clock,Passenger Car,Superficial,N,Moving Constant Speed,2015-03-24 08:12,23,39.45461913,-76.41804457
6511,N,Apparently Normal,No Misuse,Y,No Injury,94b5a0d1-f156-4db1-84e6-0b434238549b,D,AE5297000L,Shoulder/Lap Belt(s),M,b9f92d0c-b9ee-47da-b6b9-885a63f83d34,Same Direction Rear End,N,Non Intersection,Right Turn Lane,Daylight,No Defects,"Two-way, Not Divided",Dry,Clear,Twelve o'clock,Passenger Car,Superficial,N,Moving Constant Speed,2015-03-24 08:12,46,39.45461913,-76.41804457
6512,N,Apparently Normal,No Misuse,N,No Injury,3c4cd3c6-e672-4672-8fcc-f90fb393cf6a,D,AE53020009,Shoulder/Lap Belt(s),M,fdbfdd7b-5d92-4a31-b7fb-8ea7b0622860,Same Movement Angle,N,Non Intersection,Right Turn Lane,Dark Lights On,No Defects,"Two-way, Not Divided",Dry,Clear,Twelve o'clock,Passenger Car,Disabling,N,Moving Constant Speed,2015-02-18 00:20,49,39.242183,-76.649482
6513,N,Apparently Normal,No Misuse,Y,No Injury,8f54fe7d-e9ab-48a5-b025-f4141ea3769f,D,AE53020009,Shoulder/Lap Belt(s),M,bc859204-3f2f-4d51-8ac7-e48c345d8460,Same Movement Angle,N,Non Intersection,Right Turn Lane,Dark Lights On,No Defects,"Two-way, Not Divided",Dry,Clear,One o'clock,Passenger Car,Disabling,N,Making Left Turn,2015-02-18 00:20,27,39.242183,-76.649482
6514,N,Apparently Normal,No Misuse,Y,No Injury,98e05078-aa96-46fd-8c3a-8264eadeab14,D,AE53050006,Shoulder/Lap Belt(s),M,997610d8-e5e9-4be8-a387-975fadac3f2e,Same Movement Angle,N,Intersection,Right Turn Lane,Dark Lights On,No Defects,"Two-way, Not Divided",Dry,Clear,Twelve o'clock,(Sport) Utility Vehicle,Disabling,N,Moving Constant Speed,2015-02-05 18:04,48,39.26663329,-76.49534583
6515,Y,Apparently Normal,No Misuse,Y,No Injury,fdbb5db3-51e4-4f71-8a93-561a8b2f3dfc,D,AE53070004,Shoulder/Lap Belt(s),M,2e7c3393-9d92-41ae-a040-2364056ce5ce,Single Vehicle ,N,Non Intersection,Acceleration Lane,Dark Lights On,No Defects,"Two-way, Divided, Positive Median Barrier",Ice,Cloudy,Non-collision,(Sport) Utility Vehicle,Superficial,N,Moving Constant Speed,2015-01-19 00:08,26,39.30216719,-76.71209514
6516,N,Apparently Normal,No Misuse,N,No Injury,85401361-c585-40ec-bb13-0cdb8c18e7bb,D,AE53090008,Shoulder/Lap Belt(s),M,40b42dd9-f4c5-4f48-bdcb-90a5f19d9d24,Same Movement Angle,N,Intersection,Right Turn Lane,Daylight,No Defects,"Two-way, Not Divided with a Continuous Left Turn Lane",Wet,Snow,Eight o'clock,Passenger Car,Disabling,N,Starting From Lane,2015-01-26 09:25,26,39.34763988,-76.74134731
6517,N,Apparently Normal,No Misuse,Y,No Injury,5fa8ac38-9950-4884-82df-b278c8ed4c11,D,AE53090009,Shoulder/Lap Belt(s),M,38c980ce-8ca5-4d92-bfd2-3961a8fa8107,Same Direction Rear End,N,Non Intersection,Right Turn Lane,Dark Lights On,No Defects,"Two-way, Not Divided with a Continuous Left Turn Lane",Dry,Clear,Twelve o'clock,Passenger Car,Functional,N,Moving Constant Speed,2015-02-06 22:15,25,39.35637996,-76.76583052
6518,N,Apparently Normal,No Misuse,N,Possible Incapacitating Injury,6bf6c07c-90dc-4e2f-a9f7-77939d9768de,D,AE53090009,Shoulder/Lap Belt(s),M,1bc94861-c964-406c-9dac-b34ab4b52393,Same Direction Rear End,N,Non Intersection,Right Turn Lane,Dark Lights On,No Defects,"Two-way, Not Divided with a Continuous Left Turn Lane",Dry,Clear,Six o'clock,(Sport) Utility Vehicle,Functional,N,Stopped in Traffic Lane,2015-02-06 22:15,52,39.35637996,-76.76583052
6519,Y,Apparently Normal,No Misuse,N,No Injury,67f1af14-4803-480f-95cc-9a0fde1ea529,D,AE5310000C,Shoulder/Lap Belt(s),M,0807cc48-649e-4340-bc00-96d8c0a39c9c,Same Direction Right Turn,N,Intersection,Left Turn Lane,Daylight,No Defects,"Two-way, Not Divided",Dry,Clear,Nine o'clock,Passenger Car,Disabling,N,Stopped in Traffic Lane,2015-02-20 12:15,52,39.31381414,-76.52166367
6520,N,Apparently Normal,No Misuse,N,No Injury,ead34d65-6926-47f9-b778-a1b7527d7d5e,D,AE53160006,Shoulder/Lap Belt(s),M,a3095254-f299-49f3-8401-dde2931fd231,Same Direction Rear End,N,Non Intersection,Right Turn Lane,Daylight,No Defects,"Two-way, Not Divided",Dry,Clear,Six o'clock,Passenger Car,Functional,N,Stopped in Traffic Lane,2015-01-11 16:20,32,39.42783169,-76.79036736