KEY_INDEX,CDL_FLAG,CONDITION_CODE,EQUIP_PROB_CODE,FAULT_FLAG,INJ_SEVER_CODE,PERSON_ID,PERSON_TYPE,REPORT_NO,SAF_EQUIP_CODE,SEX_CODE,VEHICLE_ID,COLLISION_TYPE_CODE,C_M_ZONE_FLAG,JUNCTION_CODE,LANE_CODE,LIGHT_CODE,RD_COND_CODE,RD_DIV_CODE,SURF_COND_CODE,WEATHER_CODE,AREA_DAMAGED_CODE_MAIN,BODY_TYPE_CODE,DAMAGE_CODE,HIT_AND_RUN_FLAG,MOVEMENT_CODE,TIME,AGE,LATITUDE,LONGITUDE
6581,N,Apparently Normal,No Misuse,Y,No Injury,81a999fa-ce2a-41b5-a8c2-e3b5b76528ca,D,AE55880009,Shoulder/Lap Belt(s),M,f052200d-aafd-4db5-9f6b-cecca05ae563,Same Movement Angle,N,Intersection,Left Turn Lane,Dark Lights On,No Defects,"Two-way, Divided, Unprotected (painted >4 feet) Median",Wet,Raining,Four o'clock,Passenger Car,Functional,N,Moving Constant Speed,2015-02-09 19:05,28,39.38287559,-76.57095194
6582,N,Apparently Normal,No Misuse,N,No Injury,23942001-d22a-4251-a9e0-bd57e36c2378,D,AE56000009,Shoulder/Lap Belt(s),M,09e0f2e2-000d-47c6-a6a3-cc301e8691e4,Same Direction Rear End,N,Intersection,Left Turn Lane,Dark Lights On,No Defects,"Two-way, Not Divided",Wet,Raining,Six o'clock,Passenger Car,Superficial,N,Slowing or Stopping,2015-01-03 19:13,60,39.39892816,-76.58680916
6583,N,Apparently Normal,No Misuse,Y,No Injury,746ccb23-3a30-4a30-831e-9a3039c76e2c,D,AE56000009,Shoulder/Lap Belt(s),M,d9107596-15fe-4d3d-a823-a4862b989918,Same Direction Rear End,N,Intersection,Left Turn Lane,Dark Lights On,No Defects,"Two-way, Not Divided",Wet,Raining,Twelve o'clock,Passenger Car,Disabling,N,Slowing or Stopping,2015-01-03 19:13,30,39.39892816,-76.58680916
6584,N,Apparently Normal,No Misuse,N,No Injury,923ea1b8-4353-42a7-afe5-2f8ec50cde23,D,AE5604000D,Shoulder/Lap Belt(s),M,2fab5e31-a64e-4c04-a531-6f4a04ee7f52,Same Direction Sideswipe,N,Non Intersection,Right Turn Lane,Daylight,No Defects,One-way Trafficway,Dry,Clear,Ten o'clock,Passenger Car,Superficial,N,Parked  ,2015-03-13 17:56,46,39.35752891,-76.74902916
6585,N,Apparently Normal,No Misuse,Y,No Injury,a3a854b8-db04-42bb-83ab-1c759db8a2ce,D,AE5604000D,Shoulder/Lap Belt(s),M,fada0857-b7bd-45a5-95e2-cc0dda0eb678,Same Direction Sideswipe,N,Non Intersection,Right Turn Lane,Daylight,No Defects,One-way Trafficway,Dry,Clear,Two o'clock,Passenger Car,Superficial,Y,Moving Constant Speed,2015-03-13 17:56,49,39.35752891,-76.74902916
6586,N,Apparently Normal,No Misuse,Y,No Injury,ec8c4edb-418d-4de2-9037-6c8706d77d00,D,AE5608000C,Shoulder Belt Only,M,79b0fc29-e459-40e0-8d32-f93f4da032ca,Single Vehicle ,N,Non Intersection,Right Turn Lane,Dark No Lights,No Defects,"Two-way, Not Divided",Dry,Clear,Twelve o'clock,Passenger Car,Functional,Y,Moving Constant Speed,2015-03-18 03:00,57,39.30413478,-76.71714306
6587,N,Apparently Normal,No Misuse,Y,No Injury,b39b304c-c937-4a58-a9a2-c3891934acf4,D,AE56130002,Shoulder/Lap Belt(s),M,166fed03-df4b-48cd-97a3-1cdb08efbdf5,Single Vehicle ,N,Non Intersection,Right Turn Lane,Dark No Lights,No Defects,"Two-way, Not Divided",Wet,Raining,Eleven o'clock,Passenger Car,Disabling,N,Moving Constant Speed,2015-01-17 00:35,23,39.33847967,-76.86007261
6588,N,Apparently Normal,No Misuse,N,No Injury,e4bf6f09-3e3a-4f29-8177-a93ab9df3c15,D,AE56300009,Shoulder/Lap Belt(s),M,bee400f7-9cbc-40f1-b698-a6dca2512639,Same Direction Sideswipe,N,Non Intersection,Acceleration Lane,Daylight,No Defects,"Two-way, Divided, Positive Median Barrier",Dry,Clear,Nine o'clock,Passenger Car,Superficial,N,Moving Constant Speed,2015-01-02 15:48,27,39.28718021,-76.7334938
6589,N,Had Been Drinking,No Misuse,Y,No Injury,fb6e0eb5-02dc-454e-9642-d954a2d33347,D,AE5645001K,Shoulder/Lap Belt(s),M,eed0e2b2-e51b-4a16-bd17-cda61809b8f9,Same Direction Rear End,N,Non Intersection,Acceleration Lane,Daylight,No Defects,"Two-way, Divided, Positive Median Barrier",Dry,Clear,Twelve o'clock,Passenger Car,Functional,N,Changing Lanes,2015-02-23 12:59,43,39.24577291,-76.67274714
6590,N,Apparently Normal,No Misuse,N,No Injury,c97a3715-184b-4135-ab9c-2f68c9a6c9b2,D,AE5645001Q,Shoulder/Lap Belt(s),M,6761138f-8a66-472b-9204-55596ef8c8e0,Head On,N,Non Intersection,Right Turn Lane,Dawn,No Defects,"Two-way, Not Divided",Wet,Cloudy,Twelve o'clock,Passenger Car,Disabling,N,Moving Constant Speed,2015-03-04 06:37,66,39.26932035,-76.69178545
6591,N,Apparently Normal,No Misuse,Y,No Injury,435f30d4-7f2e-46e7-b6c1-54df7398403f,D,AE5645001Q,Shoulder/Lap Belt(s),M,5ecf30d5-9b1a-4b38-8b17-980a6aa04343,Head On,N,Non Intersection,Right Turn Lane,Dawn,No Defects,"Two-way, Not Divided",Wet,Cloudy,Eleven o'clock,Passenger Car,Disabling,N,Changing Lanes,2015-03-04 06:37,43,39.26932035,-76.69178545
6592,N,Apparently Normal,No Misuse,Y,No Injury,95cd2d00-4e19-4161-9128-14c26afe4262,D,AE56750003,Shoulder/Lap Belt(s),M,7024e2a9-8820-4025-919f-f981582feeec,Single Vehicle ,N,Non Intersection,Right Turn Lane,Dark Lights On,No Defects,"Two-way, Not Divided",Snow,Snow,Twelve o'clock,Passenger Car,Disabling,N,Slowing or Stopping,2015-01-06 17:53,21,39.35995117,-76.7415297
6593,N,Apparently Normal,No Misuse,N,No Injury,0d2f1033-69a8-4101-a03b-8b1c20635df2,D,AE56950004,Shoulder/Lap Belt(s),M,c4febe55-54c9-4546-a025-0d35e9b77272,Same Direction Rear End,N,Intersection Related,Right Turn Lane,Dark Lights On,No Defects,"Two-way, Not Divided",Ice,Blowing Snow,Five o'clock,Passenger Car,Superficial,N,Slowing or Stopping,2015-02-19 01:29,34,39.37877065,-76.58364415
6594,N,Apparently Normal,No Misuse,Y,No Injury,db21bede-e247-4d07-976f-260085fedb7c,D,AE57140008,Shoulder/Lap Belt(s),M,6d6350cb-336e-4242-85f1-28981d9161d8,Single Vehicle ,N,Intersection,Right Turn Lane,Daylight,No Defects,"Two-way, Not Divided",Ice,Wintry Mix,Twelve o'clock,Passenger Car,Disabling,N,Slowing or Stopping,2015-01-18 11:11,74,39.38838993,-76.58106923
6595,N,Apparently Normal,No Misuse,Y,No Injury,82f6cd2a-f905-45be-8171-2e226fc3b60c,D,AE57260005,Shoulder/Lap Belt(s),M,6edaf9e4-b85f-42bb-a1d0-bb9478b12ce8,Same Direction Rear End,N,Non Intersection,Right Turn Lane,Daylight,No Defects,"Two-way, Divided, Positive Median Barrier",Dry,Clear,Twelve o'clock,Pickup Truck,Superficial,Y,Moving Constant Speed,2015-01-02 15:02,24,39.28337691,-76.75145388
6596,N,Apparently Normal,No Misuse,N,Possible Incapacitating Injury,ef39481b-0674-4ff2-b0c4-24e7d198fec3,D,AE57260005,Shoulder/Lap Belt(s),M,3eadaaca-855b-4b1c-8dbb-5394108b993f,Same Direction Rear End,N,Non Intersection,Right Turn Lane,Daylight,No Defects,"Two-way, Divided, Positive Median Barrier",Dry,Clear,Six o'clock,Passenger Car,Functional,N,Moving Constant Speed,2015-01-02 15:02,29,39.28337691,-76.75145388
6597,N,Apparently Normal,No Misuse,N,No Injury,76631c5c-5edf-43b6-a550-85b019dbde26,D,AE5728000L,Shoulder/Lap Belt(s),M,7f2f733d-ca4f-480a-b9b6-464ea219ddf9,Same Direction Rear End,N,Intersection,Left Turn Lane,Daylight,No Defects,"Two-way, Divided, Positive Median Barrier",Dry,Clear,Six o'clock,Passenger Car,Superficial,N,Moving Constant Speed,2015-03-19 12:51,21,39.25125653,-76.66922808
6598,N,Apparently Normal,No Misuse,Y,No Injury,aa214902-7958-4337-bb2f-cd0bb4996ee0,D,AE57350004,Shoulder/Lap Belt(s),M,603470f9-f27a-46d7-9d6f-1e7cc8900364,Same Direction Sideswipe,N,Non Intersection,Right Turn Lane,Dark No Lights,No Defects,"Two-way, Not Divided",Dry,Clear,One o'clock,Passenger Car,Disabling,N,Moving Constant Speed,2015-01-17 20:01,57,39.37534554,-76.70173645
6599,N,Apparently Normal,No Misuse,N,No Injury,c3c3f4bd-220d-4d2d-81d6-db810b657ba2,D,AE57460008,Shoulder/Lap Belt(s),M,25dfd2ff-ebfb-43cf-b335-d65fba71b334,Same Movement Angle,N,Intersection,Left Turn Lane,Daylight,No Defects,"Two-way, Divided, Unprotected (painted >4 feet) Median",Wet,Raining,One o'clock,Passenger Car,Disabling,N,Moving Constant Speed,2015-03-03 16:42,56,39.39625022,-76.75103545
6600,N,Apparently Normal,No Misuse,Y,No Injury,600c57a7-f500-4a50-94ef-b838058a0e39,D,AE57460008,Shoulder/Lap Belt(s),M,79c4e0cd-7901-42e1-bb1c-67aa56bdd243,Same Movement Angle,N,Intersection,Left Turn Lane,Daylight,No Defects,"Two-way, Divided, Unprotected (painted >4 feet) Median",Wet,Raining,One o'clock,Passenger Car,Disabling,N,Moving Constant Speed,2015-03-03 16:42,23,39.39625022,-76.75103545
6601,N,Apparently Normal,No Misuse,N,No Injury,afbf71b9-34ae-42e6-9319-6b652f67a70f,D,AE57510008,Shoulder/Lap Belt(s),M,8a23b5df-11eb-4c24-8763-486eb087f98e,Same Direction Rear End,N,Non Intersection,Right Turn Lane,Daylight,No Defects,"Two-way, Divided, Unprotected (painted >4 feet) Median",Ice,Raining,Six o'clock,Passenger Car,Functional,N,Moving Constant Speed,2015-01-18 09:30,34,39.38075266,-76.71207905
6602,N,Apparently Normal,No Misuse,Y,No Injury,0cb4ba6d-ba24-4a5d-9202-e13969d3ec86,D,AE57510008,Shoulder/Lap Belt(s),M,70034308-094c-4ec6-a1f1-1675fe23b697,Same Direction Rear End,N,Non Intersection,Right Turn Lane,Daylight,No Defects,"Two-way, Divided, Unprotected (painted >4 feet) Median",Ice,Raining,Twelve o'clock,Passenger Car,Functional,N,Moving Constant Speed,2015-01-18 09:30,19,39.38075266,-76.71207905
6603,N,Apparently Normal,No Misuse,N,No Injury,bf8d17f2-83b3-4773-bc74-327a3a57d82d,D,AE5751000C,Shoulder/Lap Belt(s),M,9927f2de-451c-4e30-803b-9c44d3a6f586,Head On,N,Non Intersection,Left Turn Lane,Daylight,No Defects,"Two-way, Divided, Unprotected (painted >4 feet) Median",Dry,Clear,Twelve o'clock,Passenger Car,Superficial,N,Slowing or Stopping,2015-03-08 08:30,26,39.41308716,-76.68225288
6604,N,Apparently Normal,No Misuse,N,No Injury,9a451170-b803-40b9-bf32-344600dd2514,D,AE5767000B,Shoulder/Lap Belt(s),M,1f6d7265-3c29-445d-8812-a583d282e0fb,Same Movement Angle,N,Intersection,Right Turn Lane,Daylight,No Defects,"Two-way, Divided, Positive Median Barrier",Snow,Snow,Three o'clock,Passenger Car,Superficial,N,Making Left Turn,2015-01-06 07:40,50,39.28626678,-76.73868656
6605,N,Apparently Normal,No Misuse,Y,No Injury,708b10ef-7588-45f2-b3a2-0c6873db4cae,D,AE5767000B,Shoulder/Lap Belt(s),M,b91d9d2e-5bd5-45e8-bf7a-4a9a439fb1c3,Same Movement Angle,N,Intersection,Right Turn Lane,Daylight,No Defects,"Two-way, Divided, Positive Median Barrier",Snow,Snow,Twelve o'clock,Passenger Car,Disabling,N,Moving Constant Speed,2015-01-06 07:40,23,39.28626678,-76.73868656
6606,N,Apparently Normal,No Misuse,N,No Injury,ddb5c297-d0a1-4d5a-bc9c-1f5d0e730218,D,AE5767000F,Shoulder/Lap Belt(s),M,642264a4-46e0-4ac8-8183-0d4e6dcb9c6e,Opposite Direction Sideswipe,N,Non Intersection,Right Turn Lane,Dawn,No Defects,"Two-way, Not Divided",Wet,Raining,Eleven o'clock,Passenger Car,Functional,N,Moving Constant Speed,2015-03-14 07:15,32,39.23959918,-76.64682627
6607,N,Apparently Normal,No Misuse,N,No Injury,2dafa771-7c8e-4181-bf75-24020be3f6fb,D,AE5767000G,Shoulder/Lap Belt(s),M,2e5e15e3-c300-4c2b-ab59-08c99261419b,Same Direction Rear End,N,Non Intersection,Right Turn Lane,Daylight,No Defects,"Two-way, Divided, Unprotected (painted >4 feet) Median",Dry,Clear,Six o'clock,Passenger Car,Superficial,N,Slowing or Stopping,2015-03-27 17:28,49,39.24450165,-76.6407752
6608,N,Apparently Normal,No Misuse,N,No Injury,ca9750d6-9072-4e75-b06f-181e7a5de226,D,AE5767000G,Shoulder/Lap Belt(s),M,99eb9265-f998-4221-afe9-e5f0d7a42157,Same Direction Rear End,N,Non Intersection,Right Turn Lane,Daylight,No Defects,"Two-way, Divided, Unprotected (painted >4 feet) Median",Dry,Clear,Twelve o'clock,Passenger Car,Superficial,N,Slowing or Stopping,2015-03-27 17:28,23,39.24450165,-76.6407752
6609,N,Apparently Normal,No Misuse,N,No Injury,1808b075-4e00-4f61-84e0-06835caf0d14,D,AE57700007,Shoulder/Lap Belt(s),M,6ef662de-42b7-4fd2-9ec9-0bf7a0c99a43,Same Direction Rear End,N,Non Intersection,Right Turn Lane,Daylight,No Defects,"Two-way, Not Divided",Dry,Clear,Six o'clock,Passenger Car,Superficial,N,Making Left Turn,2015-01-13 15:39,53,39.26151639,-76.51297331
6610,N,Apparently Normal,No Misuse,N,No Injury,2ad162a8-3f00-4cec-9b86-64f756c1ac88,D,AE57820005,Shoulder/Lap Belt(s),M,d50bfdcf-f090-4d0d-b264-7598a8926ce7,Head On,N,Intersection,Right Turn Lane,Daylight,No Defects,"Two-way, Not Divided",Snow,Snow,Twelve o'clock,Pickup Truck,Functional,Y,Slowing or Stopping,2015-01-06 09:20,64,39.33455468,-76.44963026
6611,N,Apparently Normal,No Misuse,Y,No Injury,59c1e9bc-6cda-4b45-99af-3f2b8c8010e5,D,AE57820005,Shoulder/Lap Belt(s),M,6b9987b8-e7c2-46f3-916d-46341f30f8a6,Head On,N,Intersection,Right Turn Lane,Daylight,No Defects,"Two-way, Not Divided",Snow,Snow,Twelve o'clock,Passenger Car,Disabling,N,Skidding,2015-01-06 09:20,26,39.33455468,-76.44963026
6612,N,Apparently Normal,No Misuse,N,No Injury,87a0c11a-ac9a-4980-8118-1a02c446317f,D,AE57850007,Shoulder/Lap Belt(s),M,50567d66-16a8-403e-be97-743dd3d4ff98,Same Direction Sideswipe,N,Non Intersection,Right Turn Lane,Daylight,No Defects,"Two-way, Divided, Positive Median Barrier",Dry,Clear,One o'clock,Passenger Car,Superficial,N,Moving Constant Speed,2015-01-23 07:40,45,39.31663634,-76.4598012
6613,Y,Apparently Normal,No Misuse,Y,No Injury,b1345f6a-84ef-498b-b760-819024add5e7,D,AE57850009,Shoulder/Lap Belt(s),M,641938fe-3086-4eca-9f3c-397cc07ca34d,Same Direction Sideswipe,N,Non Intersection,Right Turn Lane,Daylight,No Defects,"Two-way, Not Divided",Dry,Clear,One o'clock,Passenger Car,Functional,Y,Moving Constant Speed,2015-02-10 15:11,53,39.27967306,-76.40967607
6614,N,Apparently Normal,No Misuse,N,No Injury,cd7ead46-be1a-45fa-b93e-1de01593e262,D,AE5797000D,Shoulder/Lap Belt(s),M,e6a6aced-6de4-4f77-9467-935b27eb6add,Same Direction Rear End,N,Non Intersection,Right Turn Lane,Daylight,No Defects,"Two-way, Not Divided",Wet,Clear,Six o'clock,(Sport) Utility Vehicle,Disabling,N,Stopped in Traffic Lane,2015-02-17 13:55,46,39.36403234,-76.71290517
6615,N,Apparently Normal,No Misuse,N,No Injury,8dda36df-2955-44a9-a6de-ea408618801e,D,AE5797000D,Shoulder/Lap Belt(s),M,24e291bf-cc54-4af7-8e38-107ef708be7f,Same Direction Rear End,N,Non Intersection,Right Turn Lane,Daylight,No Defects,"Two-way, Not Divided",Wet,Clear,Six o'clock,(Sport) Utility Vehicle,Functional,N,Making Left Turn,2015-02-17 13:55,35,39.36403234,-76.71290517
6616,N,Apparently Normal,No Misuse,Y,No Injury,823c6f49-fac3-48e4-a83e-bd05fa43a0af,D,AE5797000D,Shoulder/Lap Belt(s),M,023a0427-bce9-473a-9118-dfad89c7f66e,Same Direction Rear End,N,Non Intersection,Right Turn Lane,Daylight,No Defects,"Two-way, Not Divided",Wet,Clear,Twelve o'clock,Passenger Car,Disabling,N,Moving Constant Speed,2015-02-17 13:55,28,39.36403234,-76.71290517
6617,N,Apparently Normal,No Misuse,N,No Injury,0c6ea276-90b7-4677-904a-d6431c0cf526,D,AE5797000K,Shoulder/Lap Belt(s),M,d7cb8b77-2ba5-4482-98d8-07ed4a4bc5d0,Same Direction Rear End,N,Non Intersection,Left Turn Lane,Dark Lights On,No Defects,"Two-way, Not Divided",Wet,Clear,Six o'clock,Passenger Car,Functional,N,Stopped in Traffic Lane,2015-03-06 19:17,65,39.39012292,-76.74553156
6618,N,Apparently Normal,No Misuse,Y,No Injury,0b0ff43b-7c3d-4d87-87ec-2b53001dba83,D,AJ01190004,Shoulder/Lap Belt(s),M,0eb1e5e9-1a15-44a7-bf2d-010e78ce6571,Single Vehicle ,N,Intersection,Right Turn Lane,Daylight,No Defects,"Two-way, Not Divided",Ice,Raining,Four o'clock,Fire Vehicle/Emergency,Functional,N,Moving Constant Speed,2015-01-18 07:50,24,39.53645039,-76.34708405
6619,N,Apparently Normal,No Misuse,N,No Injury,5cf47087-a693-461a-aa22-bd17d94c21d1,D,AJ0133000B,Shoulder/Lap Belt(s),M,2df6c8c1-e850-4dbb-b2f4-74ff83a7d7e8,Same Direction Rear End,N,Intersection Related,Right Turn Lane,Daylight,No Defects,"Two-way, Not Divided",Ice,Wintry Mix,Six o'clock,Fire Vehicle/Emergency,Superficial,N,Parked  ,2015-01-19 07:50,35,39.53745984,-76.34804964
6620,N,Apparently Normal,No Misuse,Y,No Injury,787db91b-89b6-4afe-bf15-05b471f0d204,D,AJ0133000B,Shoulder/Lap Belt(s),M,589f837a-4fe9-440e-9502-8bc2bcd00ef7,Same Direction Rear End,N,Intersection Related,Right Turn Lane,Daylight,No Defects,"Two-way, Not Divided",Ice,Wintry Mix,Twelve o'clock,Fire Vehicle/Emergency,Superficial,N,Moving Constant Speed,2015-01-19 07:50,48,39.53745984,-76.34804964
6621,N,Apparently Normal,No Misuse,Y,No Injury,939ba6b8-1660-4798-b993-218f8377ca19,D,AK00580007,Shoulder/Lap Belt(s),M,4148bf13-f701-4f5b-bd9c-ae470b73b475,Single Vehicle ,N,Non Intersection,Right Turn Lane,Daylight,No Defects,"Two-way, Divided, Positive Median Barrier",Slush,Sleet,Twelve o'clock,Station Wagon,Functional,N,Moving Constant Speed,2015-01-14 10:22,68,38.31529593,-75.21748781
6622,N,Apparently Normal,No Misuse,Y,No Injury,0d6d47d5-85bb-4727-84ab-a3cc35991206,D,AL14450002,Shoulder/Lap Belt(s),M,df7ccdc3-ccfa-4053-937b-cd898c81887e,Same Direction Rear End,N,Intersection,Right Turn Lane,Daylight,No Defects,"Two-way, Not Divided",Dry,Clear,Twelve o'clock,Pickup Truck,Disabling,N,Moving Constant Speed,2015-01-19 16:06,31,38.99522309,-76.91438198
6623,N,Apparently Normal,No Misuse,N,Non-incapacitating Injury,6b299e07-e039-4fa7-b15c-3df2f82b891a,D,AL14450002,Shoulder/Lap Belt(s),M,2a800075-be05-4344-b199-3552fbfdbfa0,Same Direction Rear End,N,Intersection,Right Turn Lane,Daylight,No Defects,"Two-way, Not Divided",Dry,Clear,Twelve o'clock,Passenger Car,Disabling,N,Stopped in Traffic Lane,2015-01-19 16:06,24,38.99522309,-76.91438198
6624,N,Apparently Normal,No Misuse,N,No Injury,50abc69f-9dd3-421a-bb41-9e33d9dc7a93,D,AM02810003,Shoulder/Lap Belt(s),M,168bc7fd-9120-433c-bb5e-844538c81743,Single Vehicle ,N,Non Intersection,Right Turn Lane,Dark Lights On,Foreign Material,"Two-way, Not Divided with a Continuous Left Turn Lane",Dry,Clear,Underside,Police Vehicle/Non Emergency,Functional,N,Moving Constant Speed,2015-01-31 06:17,34,38.93953381,-76.93061471
6625,N,Apparently Normal,No Misuse,N,No Injury,c9b3463c-d4db-4178-8b4e-8fb8624bd777,D,AM03230006,Shoulder/Lap Belt(s),M,95d66d15-6c3b-4cbb-a5ec-0eab280d4dcf,Same Movement Angle,N,Alley,Right Turn Lane,Dark Lights On,No Defects,"Two-way, Not Divided",Ice,Snow,Six o'clock,Van,No Damage,N,Moving Constant Speed,2015-01-07 18:36,77,38.93865966,-76.93608373
6626,N,Apparently Normal,No Misuse,N,No Injury,9e3bfdc7-4e08-4d28-8365-29626b26d7ee,D,AM03230006,Shoulder/Lap Belt(s),M,56927a59-3378-4023-a5f0-9e2061ae9f31,Same Movement Angle,N,Alley,Right Turn Lane,Dark Lights On,No Defects,"Two-way, Not Divided",Ice,Snow,Eight o'clock,Passenger Car,Functional,N,Moving Constant Speed,2015-01-07 18:36,50,38.93865966,-76.93608373
6627,N,Apparently Normal,No Misuse,N,No Injury,bd1113df-8ef2-47c6-8e79-577321eb4fcd,D,AM03230009,Shoulder/Lap Belt(s),M,35293df1-f434-4626-ba51-18ae3e01346a,Same Direction Rear End,N,Intersection,Right Turn Lane,Dawn,No Defects,One-way Trafficway,Dry,Clear,Six o'clock,Passenger Car,Functional,N,Stopped in Traffic Lane,2015-01-31 07:00,33,38.93962977,-76.94126308
6628,N,Apparently Normal,No Misuse,Y,No Injury,692d7d61-8da3-4103-81e5-bf766acfcd92,D,AM0323000C,Shoulder/Lap Belt(s),M,68e6045e-a351-4166-b7e0-ebaa23bdc0c1,Head On Left Turn,N,Commercial Driveway,Acceleration Lane,Daylight,No Defects,"Two-way, Divided, Positive Median Barrier",Dry,Clear,Twelve o'clock,Passenger Car,Destroyed,N,Accelerating,2015-03-09 07:38,24,38.93887246,-76.92394674
6629,N,Apparently Normal,No Misuse,N,Possible Incapacitating Injury,38f81c6e-7052-48b0-8c7c-9e03afd19f7a,D,AM0323000C,Shoulder/Lap Belt(s),M,d281ec07-bdae-4e8d-9219-2d25a597b328,Head On Left Turn,N,Commercial Driveway,Acceleration Lane,Daylight,No Defects,"Two-way, Divided, Positive Median Barrier",Dry,Clear,Twelve o'clock,(Sport) Utility Vehicle,Destroyed,N,Moving Constant Speed,2015-03-09 07:38,36,38.93887246,-76.92394674
6630,N,Apparently Normal,No Misuse,Y,No Injury,d21532ed-0635-4200-8976-11bc44b8515a,D,AP01270006,Shoulder Belt Only,M,5030fbfe-ef9e-4257-9580-e108ebc9d31c,Single Vehicle ,N,Non Intersection,Right Turn Lane,Dark No Lights,No Defects,"Two-way, Not Divided",Dry,Clear,Roof Top,Passenger Car,Disabling,N,Moving Constant Speed,2015-03-31 05:30,21,39.32323487,-77.61657357
6631,N,Apparently Normal,No Misuse,N,No Injury,d1437826-45cd-475a-9efa-a7a5ea9c6027,D,AZ1674000F,Shoulder/Lap Belt(s),M,41264611-9ee6-4736-aef4-a037badd8e8b,Head On Left Turn,N,Intersection,Acceleration Lane,Dark Lights On,No Defects,"Two-way, Divided, Positive Median Barrier",Wet,Raining,Twelve o'clock,Station Wagon,Functional,N,Moving Constant Speed,2015-01-03 17:19,36,38.93414274,-76.91466093
6632,N,Apparently Normal,No Misuse,Y,No Injury,0707903e-6b56-4736-85f5-f37debcaf0be,D,AZ1674000F,Shoulder/Lap Belt(s),M,14a0197b-3d9a-4cb6-ad96-110af83658d9,Head On Left Turn,N,Intersection,Acceleration Lane,Dark Lights On,No Defects,"Two-way, Divided, Positive Median Barrier",Wet,Raining,Three o'clock,Passenger Car,Functional,N,Making Left Turn,2015-01-03 17:19,37,38.93414274,-76.91466093
6633,N,Apparently Normal,No Misuse,N,No Injury,dad88e02-7ae3-4c1b-a43c-e68e8a5081eb,D,BE0071000B,Shoulder/Lap Belt(s),M,a977bce3-7b7e-4754-9b66-a18dd99a4902,Head On Left Turn,N,Intersection,Right Turn Lane,Dark Lights On,No Defects,"Two-way, Not Divided",Dry,Cloudy,Twelve o'clock,Passenger Car,Disabling,N,Moving Constant Speed,2015-02-15 18:06,37,38.85524943,-76.90103531
6634,N,Apparently Normal,No Misuse,Y,No Injury,23c3f0ed-e1d3-4b04-910d-86cb10f05b7c,D,BJ00820001,Shoulder/Lap Belt(s),M,b3a3ca22-ca22-40ba-a683-c7cc593de65e,Single Vehicle ,N,Intersection,Right Turn Lane,Dark Lights On,No Defects,"Two-way, Not Divided",Dry,Clear,Seven o'clock,Passenger Car,Functional,N,Backing,2015-01-19 20:03,22,38.77586703,-76.06687903
6635,N,Apparently Normal,No Misuse,N,No Injury,1a5a6348-ed6a-4f41-a317-35e22c14f1c3,D,BJ00860001,Shoulder/Lap Belt(s),M,1c4e0065-8c46-42b8-8903-a24790ff4915,Head On,N,Non Intersection,Right Turn Lane,Dark Lights On,No Defects,"Two-way, Not Divided",Dry,Clear,Twelve o'clock,Police Vehicle/Emergency,No Damage,N,Slowing or Stopping,2015-03-31 21:30,28,38.77671495,-76.06874317
6636,Y,Apparently Normal,No Misuse,Y,No Injury,736162de-bd33-4aac-8eda-f7a7f13a5087,D,BJ01590004,Shoulder/Lap Belt(s),M,03446ab6-4247-48e1-9aac-1ab3b9b6bcf8,Single Vehicle ,N,Intersection,Right Turn Lane,Daylight,No Defects,"Two-way, Not Divided",Dry,Clear,Non-collision,Truck Tractor,No Damage,N,Making Right Turn,2015-01-20 09:32,30,38.76936774,-76.06055975
6637,N,Apparently Normal,No Misuse,N,No Injury,473e5afd-9ef8-4e43-945b-a826a9c842e7,D,BJ01830003,Shoulder/Lap Belt(s),M,880d2c67-1553-48f0-a4d2-55e03ca9603f,Same Direction Rear End,N,Non Intersection,Left Turn Lane,Daylight,No Defects,"Two-way, Divided, Positive Median Barrier",Dry,Cloudy,Six o'clock,Passenger Car,Functional,N,Slowing or Stopping,2015-02-07 10:43,54,38.8124929,-76.05991602
6638,N,Apparently Normal,No Misuse,Y,Possible Incapacitating Injury,7b1f9069-1212-491f-a5b0-dcf256dea36a,D,BJ01830003,Shoulder/Lap Belt(s),M,0beb678f-558e-4cf5-a650-fd68d276766a,Same Direction Rear End,N,Non Intersection,Left Turn Lane,Daylight,No Defects,"Two-way, Divided, Positive Median Barrier",Dry,Cloudy,Twelve o'clock,Passenger Car,Disabling,N,Accelerating,2015-02-07 10:43,72,38.8124929,-76.05991602
6639,N,Apparently Normal,No Misuse,N,No Injury,cde63548-cf98-4a13-8178-e719107135c8,D,BK0231000G,Shoulder/Lap Belt(s),M,8fec5857-349e-4f7f-b077-1d82ecc787b3,Single Vehicle ,N,Non Intersection,Left Turn Lane,Dark Lights On,No Defects,"Two-way, Divided, Positive Median Barrier",Wet,Raining,Twelve o'clock,Passenger Car,Disabling,N,Moving Constant Speed,2015-03-10 20:05,22,39.59816568,-75.81783056
6640,N,Apparently Normal,No Misuse,Y,No Injury,f9f875d6-2cfb-4cee-a658-85f20ca89eaf,D,BS02730005,Shoulder/Lap Belt(s),M,f7b938c4-d2e3-40f4-b9e3-f2f3a3959fc3,Same Direction Sideswipe,N,Non Intersection,Left Turn Lane,Daylight,No Defects,"Two-way, Not Divided",Dry,Clear,Eleven o'clock,Passenger Car,Disabling,N,Changing Lanes,2015-01-16 12:45,21,39.40687015,-77.38703012
6641,N,Apparently Normal,No Misuse,N,Possible Incapacitating Injury,8f0f028c-7b0b-4daa-9abf-da684b59ad65,D,BS02730005,Shoulder/Lap Belt(s),M,ab88b4a0-7d91-4ae1-b03a-65f42a1157ca,Same Direction Sideswipe,N,Non Intersection,Left Turn Lane,Daylight,No Defects,"Two-way, Not Divided",Dry,Clear,Three o'clock,Pickup Truck,Destroyed,N,Moving Constant Speed,2015-01-16 12:45,26,39.40687015,-77.38703012