KEY_INDEX,CDL_FLAG,CONDITION_CODE,EQUIP_PROB_CODE,FAULT_FLAG,INJ_SEVER_CODE,PERSON_ID,PERSON_TYPE,REPORT_NO,SAF_EQUIP_CODE,SEX_CODE,VEHICLE_ID,COLLISION_TYPE_CODE,C_M_ZONE_FLAG,JUNCTION_CODE,LANE_CODE,LIGHT_CODE,RD_COND_CODE,RD_DIV_CODE,SURF_COND_CODE,WEATHER_CODE,AREA_DAMAGED_CODE_MAIN,BODY_TYPE_CODE,DAMAGE_CODE,HIT_AND_RUN_FLAG,MOVEMENT_CODE,TIME,AGE,LATITUDE,LONGITUDE
6702,N,Apparently Normal,No Misuse,N,No Injury,0ee976b3-02c0-455b-8401-9c5eff85b608,D,CB5543000D,Shoulder/Lap Belt(s),M,c945a91b-8ec0-4d5b-a244-5ea29c403eb3,Head On,N,Intersection,Right Turn Lane,Daylight,No Defects,"Two-way, Divided, Unprotected (painted >4 feet) Median",Slush,Raining,Twelve o'clock,Passenger Car,Disabling,N,Moving Constant Speed,2015-03-01 16:43,53,39.24767977,-76.84318006
6703,N,Apparently Normal,No Misuse,Y,No Injury,e62ab56b-83a1-433f-a1ba-de46a63be761,D,CB5543000D,Shoulder/Lap Belt(s),M,24f9948b-aebc-4e03-92a0-d3074275c57d,Head On,N,Intersection,Right Turn Lane,Daylight,No Defects,"Two-way, Divided, Unprotected (painted >4 feet) Median",Slush,Raining,Twelve o'clock,Passenger Car,Destroyed,N,Moving Constant Speed,2015-03-01 16:43,20,39.24767977,-76.84318006
6704,N,Apparently Normal,No Misuse,Y,No Injury,f2b812c1-c305-4d79-adf2-bec16c453763,D,CB5641000P,Shoulder/Lap Belt(s),M,cdb103b9-f25f-48e3-aaef-28eb7a6a7a1d,Single Vehicle ,N,Non Intersection,Left Turn Lane,Daylight,No Defects,"Two-way, Divided, Positive Median Barrier",Wet,Raining,Twelve o'clock,Passenger Car,Disabling,N,Moving Constant Speed,2015-03-25 09:40,28,39.21842322,-76.84054613
6705,N,Apparently Normal,No Misuse,Y,No Injury,5c3bf99b-096f-4b1e-b2e8-b1cd727247d0,D,CB56440002,Shoulder/Lap Belt(s),M,81da9430-a2ae-48ec-b990-8cf75ca756b4,Single Vehicle ,N,Non Intersection,Right Turn Lane,Daylight,No Defects,"Two-way, Not Divided",Ice,Wintry Mix,One o'clock,Passenger Car,Disabling,N,Moving Constant Speed,2015-01-13 08:56,19,39.14791811,-76.94047451
6706,N,Apparently Normal,No Misuse,Y,No Injury,5b553895-ab80-4636-8813-49140b114b21,D,CB5718000F,Shoulder/Lap Belt(s),M,3c882344-7939-4471-96a5-1a398da597f9,Single Vehicle ,N,Non Intersection,Right Turn Lane,Dark No Lights,No Defects,"Two-way, Not Divided",Ice,Wintry Mix,One o'clock,Pickup Truck,Disabling,N,Skidding,2015-03-01 18:30,43,39.32945103,-76.9000268
6707,N,Apparently Normal,No Misuse,Y,No Injury,4330e870-85c7-4e78-a68b-28376975232c,D,CB57310003,Shoulder/Lap Belt(s),M,4ddf2e16-81cf-484b-8b9d-7a095bfd1a2e,Same Direction Rear End,N,Intersection Related,Right Turn Lane,Dark Lights On,No Defects,"Two-way, Not Divided",Dry,Clear,Twelve o'clock,Passenger Car,Superficial,N,Slowing or Stopping,2015-01-03 21:37,26,39.27709749,-76.82568267
6708,N,Had Been Drinking,No Misuse,N,Non-incapacitating Injury,36599fb6-33b8-4fcc-bce6-184973d53827,D,CB57310003,Shoulder/Lap Belt(s),M,40db3d14-2ad2-4320-bf4b-fb342658af06,Same Direction Rear End,N,Intersection Related,Right Turn Lane,Dark Lights On,No Defects,"Two-way, Not Divided",Dry,Clear,Six o'clock,Passenger Car,Superficial,N,Stopped in Traffic Lane,2015-01-03 21:37,32,39.27709749,-76.82568267
6709,N,Apparently Normal,No Misuse,N,Non-incapacitating Injury,5da2bf3f-a974-4c9f-bd27-5597f8b21f86,D,CB57310004,Shoulder/Lap Belt(s),M,c96ef996-e5d2-4d56-9d62-11e0f81d7e00,Same Direction Rear End,N,Non Intersection,Right Turn Lane,Dark Lights On,No Defects,"Two-way, Divided, Positive Median Barrier",Dry,Clear,Six o'clock,Passenger Car,Superficial,N,Slowing or Stopping,2015-01-16 20:51,21,39.29388946,-76.82552576
6710,N,Apparently Normal,No Misuse,N,No Injury,4b2b531a-bbe1-409f-b9ac-1248c6c1bfdf,D,CB57670005,Shoulder/Lap Belt(s),M,e2eae13a-fbf1-4733-87a0-d5166c18054c,Angle Meets Left Turn Head On,N,Intersection,Right Turn Lane,Dark No Lights,No Defects,"Two-way, Not Divided",Wet,Raining,One o'clock,Passenger Car,Disabling,N,Moving Constant Speed,2015-03-04 18:32,32,39.31350167,-77.02064667
6711,N,Apparently Normal,No Misuse,Y,No Injury,cfa72967-31bb-4900-998f-f0a374978c75,D,CB57750001,Shoulder/Lap Belt(s),M,6346f3af-3443-47f6-9832-aced7bddc7ff,Single Vehicle ,N,Non Intersection,Right Turn Lane,Dark - Unknown Lighting,No Defects,"Two-way, Not Divided",Wet,Wintry Mix,Twelve o'clock,Pickup Truck,Superficial,N,Moving Constant Speed,2015-01-26 17:00,73,39.14825925,-76.93709493
6712,N,Apparently Normal,No Misuse,Y,No Injury,a8c728fb-59f8-4c50-8fa2-bc97e3c29a2e,D,CB5783000D,Shoulder/Lap Belt(s),M,81a7034d-357b-410a-919c-e8b5f727b23b,Single Vehicle ,N,Intersection,Right Turn Lane,Dark Lights On,No Defects,"Two-way, Divided, Unprotected (painted >4 feet) Median",Dry,Clear,Twelve o'clock,Passenger Car,Disabling,N,Making Left Turn,2015-01-08 18:52,63,39.15402503,-76.778512
6713,N,Apparently Normal,No Misuse,N,No Injury,69059d3d-101e-485b-9cff-813e469bc132,D,CB5812000B,Shoulder/Lap Belt(s),M,46802446-cc23-48ba-a71f-a8d04b6ee9eb,Single Vehicle ,N,Residential Driveway,Right Turn Lane,Daylight,No Defects,"Two-way, Not Divided",Dry,Clear,Twelve o'clock,Passenger Car,Disabling,N,Moving Constant Speed,2015-02-09 14:20,25,39.19655075,-76.84935451
6714,N,Apparently Normal,No Misuse,Y,No Injury,2f86528f-f41e-4043-9dd7-4ede02b12e4c,D,CB5824000B,Shoulder/Lap Belt(s),M,f2d451e2-bddf-49ee-a358-780ba1f42ca4,Single Vehicle ,N,Non Intersection,Left Turn Lane,Daylight,No Defects,"Two-way, Divided, Positive Median Barrier",Dry,Cloudy,Twelve o'clock,Passenger Car,Functional,N,Moving Constant Speed,2015-01-14 14:50,20,39.20661908,-76.93991661
6715,N,Apparently Normal,No Misuse,N,No Injury,239a1ef9-4ebd-40e2-ba86-4a7214b3eb0b,D,CB5843000C,Shoulder/Lap Belt(s),M,ba72af25-021f-44b9-9ad1-8b42e03c5f13,Same Direction Rear End,N,Non Intersection,Left Turn Lane,Dark Lights On,No Defects,One-way Trafficway,Dry,Clear,Six o'clock,(Sport) Utility Vehicle,Functional,N,Slowing or Stopping,2015-02-12 17:58,49,39.24789164,-76.81762934
6716,N,Apparently Normal,No Misuse,Y,No Injury,9724c805-5e3f-4bce-932b-b2a74604b78b,D,CB5843000C,Shoulder/Lap Belt(s),M,d1a5203d-1725-4d75-abed-6f3f834a26db,Same Direction Rear End,N,Non Intersection,Left Turn Lane,Dark Lights On,No Defects,One-way Trafficway,Dry,Clear,Twelve o'clock,Passenger Car,Disabling,N,Moving Constant Speed,2015-02-12 17:58,17,39.24789164,-76.81762934
6717,N,Apparently Normal,No Misuse,Y,No Injury,11bb4dcc-b0ed-44cb-b30f-e73faccb387f,D,CB5848000D,Shoulder/Lap Belt(s),M,3c1c4677-ad73-4a36-afc7-5796390f1552,Same Direction Rear End,N,Non Intersection,Right Turn Lane,Daylight,No Defects,"Two-way, Not Divided",Wet,Clear,Twelve o'clock,(Sport) Utility Vehicle,Disabling,N,Slowing or Stopping,2015-03-02 09:51,46,39.27742242,-76.81302667
6718,N,Apparently Normal,No Misuse,Y,No Injury,156e8c75-1283-4161-bedd-679cfc3ba479,D,CBPD0059000L,Shoulder/Lap Belt(s),M,12bdef91-ea78-4d10-bb63-b4847d27c0a1,Single Vehicle ,N,Non Intersection,Left Turn Lane,Dark Lights On,No Defects,"Two-way, Divided, Unprotected (painted >4 feet) Median",Snow,Snow,Twelve o'clock,Passenger Car,Disabling,N,Moving Constant Speed,2015-02-14 20:00,45,38.93596206,-76.73859
6719,N,Apparently Normal,No Misuse,Y,No Injury,78e7245f-5219-49f4-b863-493a87f93672,D,CBPD0061000B,Shoulder/Lap Belt(s),M,e5658618-312a-4fa1-abcb-f14c943ec53d,Head On,N,Non Intersection,Right Turn Lane,Dark Lights On,No Defects,"Two-way, Not Divided",Dry,Clear,Twelve o'clock,Passenger Car,Disabling,N,Making Right Turn,2015-02-07 23:47,34,38.97854425,-76.75593853
6720,N,Apparently Normal,No Misuse,N,No Injury,3a6164a5-cd52-45b4-8f65-237d60d56fc7,D,CBPD0063000G,Shoulder/Lap Belt(s),M,dc31dace-2774-494a-8368-9e9ae122bc18,Head On,N,Non Intersection,Right Turn Lane,Daylight,No Defects,"Two-way, Not Divided",Snow,Snow,Twelve o'clock,Passenger Car,Disabling,N,Moving Constant Speed,2015-01-21 14:39,64,38.97331463,-76.75167918
6721,N,Apparently Normal,No Misuse,Y,No Injury,03481779-062b-4e91-bdec-ecd426fcee16,D,CBPD0063000G,Shoulder/Lap Belt(s),M,cece19a7-7136-4014-b50d-f941f219d848,Head On,N,Non Intersection,Right Turn Lane,Daylight,No Defects,"Two-way, Not Divided",Snow,Snow,Twelve o'clock,Passenger Car,Disabling,N,Moving Constant Speed,2015-01-21 14:39,20,38.97331463,-76.75167918
6722,N,Apparently Normal,No Misuse,N,No Injury,c7932e65-9e51-4954-97e0-c3614e76a1fc,D,CBPD0063000H,Shoulder/Lap Belt(s),M,b88274b9-0c36-46cf-9537-a77224574cde,Same Direction Rear End,N,Intersection Related,Deceleration Lane,Dark Lights On,No Defects,"Two-way, Divided, Positive Median Barrier",Dry,Clear,Six o'clock,Passenger Car,Disabling,N,Stopped in Traffic Lane,2015-01-30 20:49,28,38.95622183,-76.74527407
6723,N,Apparently Normal,No Misuse,Y,No Injury,6f6e7c89-0ab2-4385-8d7a-cf26dca70bb2,D,CBPD0063000H,Shoulder/Lap Belt(s),M,c4738ac9-e3b4-40b1-9df1-63887b40082a,Same Direction Rear End,N,Intersection Related,Deceleration Lane,Dark Lights On,No Defects,"Two-way, Divided, Positive Median Barrier",Dry,Clear,Twelve o'clock,(Sport) Utility Vehicle,Superficial,N,Slowing or Stopping,2015-01-30 20:49,57,38.95622183,-76.74527407
6724,N,Apparently Normal,No Misuse,N,No Injury,1bbd8f6f-4d94-47a7-aa29-46a943f90b24,D,CBPD00720008,Shoulder/Lap Belt(s),M,cbabd5e4-d74a-407b-beeb-b7853dbec161,Same Movement Angle,N,Intersection,Acceleration Lane,Dark Lights On,No Defects,"Two-way, Not Divided",Wet,Raining,Eleven o'clock,Passenger Car,Disabling,N,Moving Constant Speed,2015-01-03 17:30,35,38.93510248,-76.71940684
6725,N,Apparently Normal,No Misuse,Y,No Injury,19bc5d2d-20b7-4272-927d-a95e9f996983,D,CBPD00720008,Shoulder/Lap Belt(s),M,55838427-c7c9-4991-a608-4c31f09d4191,Same Movement Angle,N,Intersection,Acceleration Lane,Dark Lights On,No Defects,"Two-way, Not Divided",Wet,Raining,Twelve o'clock,Passenger Car,Disabling,N,Accelerating,2015-01-03 17:30,19,38.93510248,-76.71940684
6726,N,Apparently Normal,No Misuse,Y,No Injury,02122126-da7d-4411-9f98-372dafd9dc0b,D,CBPD0072000C,Shoulder/Lap Belt(s),M,e6b8ac85-e371-4cd8-8d8d-57f83c3d7583,Single Vehicle ,N,Intersection,Deceleration Lane,Daylight,No Defects,"Two-way, Divided, Unprotected (painted >4 feet) Median",Dry,Cloudy,Twelve o'clock,Pickup Truck,No Damage,N,Accelerating,2015-02-16 12:30,20,38.94063534,-76.72722816
6727,N,Apparently Normal,No Misuse,N,No Injury,b8b99b5d-3247-4062-b9dd-5a53f59686da,D,CBPD00750004,Shoulder/Lap Belt(s),M,a827eb3e-e96b-44c4-afe9-bae3f896bce6,Single Vehicle ,N,Intersection Related,Right Turn Lane,Daylight,No Defects,"Two-way, Not Divided",Dry,Clear,Twelve o'clock,Pickup Truck,Superficial,N,Moving Constant Speed,2015-03-22 16:45,28,38.96111067,-76.73250675
6728,N,Apparently Normal,No Misuse,Y,No Injury,5641e7f1-7dac-4ca8-866d-3ecb8d5895ee,D,CBPD0078000C,Shoulder/Lap Belt(s),M,2c264e0d-029a-4437-8662-e1bbb7c7c0fe,Single Vehicle ,N,Non Intersection,Acceleration Lane,Dark Lights On,No Defects,"Two-way, Divided, Positive Median Barrier",Ice,Sleet,Four o'clock,Pickup Truck,Functional,N,Moving Constant Speed,2015-03-01 21:52,51,38.94497453,-76.72376275
6729,N,Apparently Normal,No Misuse,Y,No Injury,49dfd32c-0661-4436-b13a-762b3ce0f1e4,D,CC0219000C,Shoulder/Lap Belt(s),M,6fecc9ce-0801-4878-9f8b-811a9a47daf6,Single Vehicle ,N,Intersection Related,Right Turn Lane,Daylight,No Defects,"Two-way, Divided, Positive Median Barrier",Dry,Clear,Twelve o'clock,Passenger Car,Disabling,N,Moving Constant Speed,2015-03-11 13:19,24,38.97893625,-76.95433617
6730,N,Apparently Normal,No Misuse,Y,No Injury,140591a9-f002-48b6-a41a-02f2865b6e11,D,CD06140005,Shoulder/Lap Belt(s),M,d351b20e-a6ea-4a57-aeed-7a55ceeb847f,Head On Left Turn,Y,Intersection,Right Turn Lane,Daylight,No Defects,"Two-way, Not Divided",Wet,Clear,Six o'clock,Pickup Truck,No Damage,N,Backing,2015-01-09 12:00,24,38.52090675,-76.98040724
6731,N,Apparently Normal,No Misuse,N,No Injury,5a34e786-1edb-403d-924c-12eedc6d827b,D,CD0616000G,Shoulder/Lap Belt(s),M,ce7020a1-b782-44f0-ad95-bf47272da78d,Same Direction Rear End,N,Intersection Related,Right Turn Lane,Daylight,No Defects,"Two-way, Not Divided",Wet,Cloudy,Six o'clock,Passenger Car,Functional,N,Stopped in Traffic Lane,2015-02-23 07:58,26,38.52951852,-76.97847605
6732,N,Apparently Normal,No Misuse,N,No Injury,fb2dbaa6-dd27-4da4-85c2-fb2a23ad87d7,D,CD0616000N,Shoulder/Lap Belt(s),M,9a527a85-f018-4d59-89ef-af224016657a,Same Movement Angle,N,Intersection,Left Turn Lane,Daylight,No Defects,"Two-way, Divided, Positive Median Barrier",Wet,Raining,Twelve o'clock,Van,Disabling,N,Moving Constant Speed,2015-03-14 17:21,26,38.5560524,-76.98227406
6733,N,Apparently Normal,No Misuse,N,No Injury,334144b9-bc31-44c5-9ef0-7e385f371de7,D,CD0630000D,Shoulder/Lap Belt(s),M,da68bd54-b0da-431a-826d-e23d3fe9551d,Same Direction Rear End,N,Non Intersection,Right Turn Lane,Daylight,No Defects,"Two-way, Not Divided",Dry,Cloudy,Six o'clock,(Sport) Utility Vehicle,Superficial,N,Stopped in Traffic Lane,2015-03-19 17:21,17,38.52989621,-76.97331011
6734,N,Apparently Normal,No Misuse,Y,No Injury,89b0bd22-a355-4a67-bd4b-4d065f2af37d,D,CD0630000D,Shoulder/Lap Belt(s),M,20f6a71b-4790-4f47-9a8f-af433593cb14,Same Direction Rear End,N,Non Intersection,Right Turn Lane,Daylight,No Defects,"Two-way, Not Divided",Dry,Cloudy,One o'clock,Van,Disabling,N,Moving Constant Speed,2015-03-19 17:21,61,38.52989621,-76.97331011
6735,N,Apparently Normal,No Misuse,Y,No Injury,b6402cc1-42b9-4a1d-9f35-639ffa1892eb,D,CE10890002,Shoulder/Lap Belt(s),M,94244b5d-0990-4b9c-886a-4b57e7ca3713,Same Direction Rear End,N,Non Intersection,Right Turn Lane,Dark Lights On,No Defects,"Two-way, Not Divided",Dry,Clear,Five o'clock,Police Vehicle/Non Emergency,Superficial,N,Backing,2015-03-07 02:56,54,39.08083613,-76.8771261
6736,N,Apparently Normal,No Misuse,Y,No Injury,a2f72812-759a-46be-9cdf-d6f1b288210c,D,CE25300003,Shoulder/Lap Belt(s),M,0c912f12-b2d8-4f76-80ee-1125572e7688,Single Vehicle ,N,Non Intersection,Acceleration Lane,Dark Lights On,No Defects,"Two-way, Divided, Positive Median Barrier",Dry,Clear,One o'clock,Police Vehicle/Non Emergency,Superficial,N,Moving Constant Speed,2015-02-06 00:00,25,39.08776913,-76.85349584
6737,N,Apparently Normal,No Misuse,N,No Injury,5c93fc76-d9c7-4a32-8a72-73d926e6b683,D,CE38600003,Shoulder/Lap Belt(s),M,584a3c10-28ea-4a7d-adc3-8c792acc5640,Angle Meets Right Turn,N,Intersection,Left Turn Lane,Dark Lights On,No Defects,"Two-way, Not Divided",Dry,Clear,Twelve o'clock,Truck Tractor,Functional,N,Moving Constant Speed,2015-02-03 22:58,29,39.0930576,-76.855158
6738,N,Apparently Normal,No Misuse,Y,Possible Incapacitating Injury,6f25188e-c352-4201-9b98-3035b1f33fa7,D,CE38600003,Shoulder/Lap Belt(s),M,464c5236-85a9-46fb-8cd0-38ee7601d2ec,Angle Meets Right Turn,N,Intersection,Left Turn Lane,Dark Lights On,No Defects,"Two-way, Not Divided",Dry,Clear,Five o'clock,Passenger Car,Disabling,N,Right Turn on Red,2015-02-03 22:58,39,39.0930576,-76.855158
6739,N,Apparently Normal,No Misuse,N,No Injury,6f9c96e6-96f6-4e2b-868e-e95e70c11282,D,CE41150004,Shoulder/Lap Belt(s),M,ad5b9314-9723-487c-a9cb-c5ad44a0fd8c,Head On Left Turn,N,Intersection Related,Left Turn Lane,Daylight,No Defects,"Two-way, Not Divided",Dry,Clear,Nine o'clock,Passenger Car,Functional,N,Making Left Turn,2015-02-18 12:42,51,39.09388127,-76.85463309
6740,N,Apparently Normal,No Misuse,N,No Injury,b22cd3e4-4e4a-4147-91bb-3784eb3b10ec,D,CE42610003,Shoulder/Lap Belt(s),M,531756ff-8205-4c48-a46c-31a54b5932bf,Same Direction Rear End,N,Non Intersection,Right Turn Lane,Dark Lights On,No Defects,"Two-way, Not Divided",Dry,Clear,Six o'clock,(Sport) Utility Vehicle,Functional,N,Moving Constant Speed,2015-02-08 01:31,28,39.10006781,-76.85322762
6741,N,Apparently Normal,No Misuse,N,No Injury,619af53e-7131-4efd-af92-1a7e3bd4936f,D,CE42610004,Shoulder/Lap Belt(s),M,39092d12-589a-4df9-91da-62c4dd5c547f,Same Movement Angle,N,Intersection,Right Turn Lane,Dark Lights On,No Defects,"Two-way, Not Divided",Dry,Clear,Twelve o'clock,Passenger Car,Disabling,N,Moving Constant Speed,2015-02-13 20:59,54,39.08290153,-76.86520636
6742,N,Apparently Normal,No Misuse,Y,No Injury,4df4d6b2-736f-487f-bdfb-cdd72b2430c1,D,CE42610004,Shoulder/Lap Belt(s),M,ba94fa7f-b2f7-4990-bcfe-9e72d33b3a95,Same Movement Angle,N,Intersection,Right Turn Lane,Dark Lights On,No Defects,"Two-way, Not Divided",Dry,Clear,One o'clock,Passenger Car,Functional,N,Accelerating,2015-02-13 20:59,56,39.08290153,-76.86520636
6743,N,Apparently Normal,No Misuse,Y,No Injury,59067070-45bd-4017-92de-8a52970d5e16,D,CE43950002,Shoulder/Lap Belt(s),M,cebb319b-49c9-4b6d-8ea0-e8cdee0287f8,Same Direction Rear End,N,Non Intersection,Right Turn Lane,Daylight,No Defects,"Two-way, Not Divided",Dry,Clear,Twelve o'clock,Passenger Car,Disabling,N,Moving Constant Speed,2015-01-10 09:18,27,39.10371661,-76.88129157
6744,N,Apparently Normal,No Misuse,N,No Injury,3bf23bef-9d22-48c0-81cf-40230fa2ebf6,D,CE4515000D,Shoulder/Lap Belt(s),M,87fc98ef-3047-42d0-9700-578a66a926fb,Same Direction Rear End,N,Non Intersection,Right Turn Lane,Dark Lights On,No Defects,"Two-way, Divided, Unprotected (painted >4 feet) Median",Wet,Raining,Six o'clock,Pickup Truck,Superficial,N,Slowing or Stopping,2015-03-31 20:04,31,39.08512093,-76.86173558
6745,N,Apparently Normal,No Misuse,Y,No Injury,62321ae7-891e-41d7-8182-c5e22b5702ae,D,CE4515000D,Shoulder/Lap Belt(s),M,a512007f-4497-450b-b73e-2064c3750c52,Same Direction Rear End,N,Non Intersection,Right Turn Lane,Dark Lights On,No Defects,"Two-way, Divided, Unprotected (painted >4 feet) Median",Wet,Raining,Twelve o'clock,"Other Light Trucks (10,000 lbs (4,536 kg))",Disabling,N,Moving Constant Speed,2015-03-31 20:04,36,39.08512093,-76.86173558
6746,N,Apparently Normal,No Misuse,Y,No Injury,68f3cd18-68d0-4b90-8999-223803c801ce,D,CE45170006,Shoulder/Lap Belt(s),M,2ed12526-5c27-4472-a097-2075d6b53df8,Same Direction Left Turn,N,Intersection Related,Right Turn Lane,Dark Lights On,No Defects,One-way Trafficway,Wet,Clear,Eleven o'clock,Van,Disabling,N,Changing Lanes,2015-01-06 23:50,48,39.09732015,-76.85067415
6747,N,Apparently Normal,No Misuse,N,Possible Incapacitating Injury,1c3889e5-2292-416a-b33a-0ea47407b5b2,D,CE45170006,Shoulder/Lap Belt(s),M,3d31b962-46b0-4317-90f2-6fc39d25eae0,Same Direction Left Turn,N,Intersection Related,Right Turn Lane,Dark Lights On,No Defects,One-way Trafficway,Wet,Clear,One o'clock,Passenger Car,Disabling,N,Moving Constant Speed,2015-01-06 23:50,23,39.09732015,-76.85067415
6748,N,Apparently Normal,No Misuse,Y,No Injury,d7925ea1-dc1d-4935-8a3e-a643041eb1f9,D,CE45170007,Shoulder/Lap Belt(s),M,450b31a4-bcbf-4733-8295-4800e93485e5,Same Direction Right Turn,N,Non Intersection,Right Turn Lane,Daylight,No Defects,"Two-way, Not Divided",Dry,Clear,Five o'clock,Transit Bus,Superficial,N,Starting From Parked,2015-01-14 10:04,64,39.09339831,-76.86076999
6749,N,Apparently Normal,No Misuse,N,Non-incapacitating Injury,0ce4b106-b3f1-4a8a-baa9-57f812afd561,D,CE4578000C,Shoulder/Lap Belt(s),M,10f504b6-c70a-4f7e-841f-ee859b4d9038,Head On Left Turn,N,Intersection,Right Turn Lane,Daylight,No Defects,"Two-way, Not Divided",Dry,Clear,Twelve o'clock,(Sport) Utility Vehicle,Disabling,N,Moving Constant Speed,2015-02-28 15:13,65,39.09428928,-76.87562943
6750,N,Apparently Normal,No Misuse,N,No Injury,9c86da7b-956e-4f74-9859-b5080b63a088,D,CE4578000J,Shoulder/Lap Belt(s),M,3c0830ec-71ea-447b-a711-d80c3b59e41f,Same Direction Right Turn,N,Non Intersection,Right Turn Lane,Daylight,No Defects,"Two-way, Not Divided",Dry,Clear,Nine o'clock,Passenger Car,Superficial,N,Moving Constant Speed,2015-03-31 12:20,44,39.09651249,-76.84947252
6751,N,Apparently Normal,No Misuse,Y,No Injury,e7613472-366e-44cc-90c5-66ae8cb1070f,D,CP00720006,Shoulder/Lap Belt(s),M,1c549f56-a419-4bae-b437-57addafcbc62,Same Direction Sideswipe,N,Non Intersection,Right Turn Lane,Dark Lights On,No Defects,"Two-way, Not Divided",Dry,Clear,One o'clock,Passenger Car,Disabling,N,Moving Constant Speed,2015-03-08 01:48,45,38.93734739,-76.96088076
6752,N,Apparently Normal,No Misuse,Y,No Injury,c712aa99-da85-414d-8826-8868fe534305,D,CP01350009,Shoulder/Lap Belt(s),M,b04d0894-e18b-46d3-bf24-6f29a1df8c94,Single Vehicle ,N,Non Intersection,Right Turn Lane,Daylight,No Defects,"Two-way, Divided, Positive Median Barrier",Wet,Cloudy,One o'clock,Passenger Car,Disabling,N,Slowing or Stopping,2015-01-06 13:14,28,38.94906315,-76.96764529
6753,N,Apparently Normal,No Misuse,Y,No Injury,02d463f6-1807-452a-8220-8b5c9a24bf0b,D,CT8267000L,Shoulder/Lap Belt(s),M,55c70131-c8cd-46be-b20c-eda21470d01b,Single Vehicle ,N,Intersection Related,Right Turn Lane,Dark Lights On,No Defects,"Two-way, Not Divided",Ice,"Blowing Sand, Soil, Dirt",Five o'clock,(Sport) Utility Vehicle,Superficial,N,Backing,2015-02-15 06:25,26,38.40085605,-75.06018162
6754,N,Apparently Normal,No Misuse,Y,No Injury,145ff13b-dbd0-4f23-9425-aa4e973045f0,D,CT82740016,Shoulder/Lap Belt(s),M,d1fdf982-03c9-4f08-8b39-f6fa244aea29,Single Vehicle ,N,Intersection,Acceleration Lane,Daylight,No Defects,"Two-way, Divided, Positive Median Barrier",Dry,Clear,Four o'clock,Police Vehicle/Non Emergency,Superficial,N,Making Right Turn,2015-03-13 16:30,43,38.3425103,-75.08172512
6755,N,Apparently Normal,No Misuse,Y,No Injury,67a8afcf-623d-4665-b7dd-876533343bfb,D,CT82930002,Shoulder/Lap Belt(s),M,4f7c4c41-de9d-476d-9d6d-3e62469f0d5d,Single Vehicle ,N,Intersection,Acceleration Lane,Daylight,No Defects,One-way Trafficway,Wet,Raining,One o'clock,Pickup Truck,Superficial,N,Making Left Turn,2015-01-12 12:26,36,38.33191108,-75.08595228
6756,N,Apparently Normal,No Misuse,N,No Injury,15874984-0136-4b71-ae4e-4f677e6a9383,D,CTX308001W,Shoulder/Lap Belt(s),M,102eebb1-3a95-4fde-88b1-f0167b625aa2,Angle Meets Left Turn,N,Intersection,Deceleration Lane,Daylight,No Defects,"Two-way, Divided, Positive Median Barrier",Dry,Clear,One o'clock,Pickup Truck,Disabling,N,Making U Turn,2015-03-17 16:47,32,38.387231,-75.06592502
6757,N,Apparently Normal,No Misuse,Y,No Injury,6d2682c9-8b72-4f5f-903d-fcc5c8191aa8,D,CTX308001W,Shoulder/Lap Belt(s),M,7645e26a-50c9-4373-bd01-c70d3d1d57ba,Angle Meets Left Turn,N,Intersection,Deceleration Lane,Daylight,No Defects,"Two-way, Divided, Positive Median Barrier",Dry,Clear,Eleven o'clock,Passenger Car,Disabling,N,Accelerating,2015-03-17 16:47,17,38.387231,-75.06592502
6758,N,Apparently Normal,No Misuse,N,No Injury,ab4861d7-2fda-4574-a231-b84f9da7c5b1,D,CW00220001,Shoulder/Lap Belt(s),M,302e67de-9e7e-4b78-b13b-9e68ebb1a719,Same Direction Right Turn,N,Non Intersection,Left Turn Lane,Daylight,No Defects,"Two-way, Not Divided",Dry,Clear,Ten o'clock,Passenger Car,Disabling,N,Moving Constant Speed,2015-01-23 12:10,49,39.5721365,-76.0687834
6759,N,Apparently Normal,No Misuse,Y,No Injury,19ad43ee-7af0-456b-a91a-97fecc74be74,D,CW00220001,Shoulder/Lap Belt(s),M,0e48cfbd-e018-4852-ab9d-39dd3a2eb123,Same Direction Right Turn,N,Non Intersection,Left Turn Lane,Daylight,No Defects,"Two-way, Not Divided",Dry,Clear,Two o'clock,Passenger Car,Functional,N,Changing Lanes,2015-01-23 12:10,51,39.5721365,-76.0687834
6760,N,Apparently Normal,No Misuse,N,No Injury,b8d84933-f0f7-4522-955c-3b543d976c1c,D,CW00250001,Shoulder/Lap Belt(s),M,c27ee5e8-6ea2-4ea1-a234-bda118ae9dde,Same Movement Angle,N,Crossover Related,Right Turn Lane,Daylight,No Defects,"Two-way, Divided, Positive Median Barrier",Dry,Clear,Twelve o'clock,Passenger Car,Functional,N,Moving Constant Speed,2015-01-08 16:15,30,39.5752625,-76.05628967
6761,N,Apparently Normal,No Misuse,Y,No Injury,a34c47ea-8a30-4001-a51d-d52b8d5a85f4,D,CW00250001,Shoulder/Lap Belt(s),M,6fadad54-ee33-41b6-9ae0-89a2b83aaa5e,Same Movement Angle,N,Crossover Related,Right Turn Lane,Daylight,No Defects,"Two-way, Divided, Positive Median Barrier",Dry,Clear,Eleven o'clock,(Sport) Utility Vehicle,Disabling,N,Starting From Lane,2015-01-08 16:15,80,39.5752625,-76.05628967