KEY_INDEX,CDL_FLAG,CONDITION_CODE,EQUIP_PROB_CODE,FAULT_FLAG,INJ_SEVER_CODE,PERSON_ID,PERSON_TYPE,REPORT_NO,SAF_EQUIP_CODE,SEX_CODE,VEHICLE_ID,COLLISION_TYPE_CODE,C_M_ZONE_FLAG,JUNCTION_CODE,LANE_CODE,LIGHT_CODE,RD_COND_CODE,RD_DIV_CODE,SURF_COND_CODE,WEATHER_CODE,AREA_DAMAGED_CODE_MAIN,BODY_TYPE_CODE,DAMAGE_CODE,HIT_AND_RUN_FLAG,MOVEMENT_CODE,TIME,AGE,LATITUDE,LONGITUDE
6762,N,Apparently Normal,No Misuse,Y,No Injury,1c441d58-ba14-4cdd-9e77-2089e65aa0bc,D,CX01290002,Shoulder/Lap Belt(s),M,8aa881ed-9b6f-4ea8-b4d8-e4fac09ed90e,Single Vehicle ,N,Non Intersection,Right Turn Lane,Dark Lights On,No Defects,"Two-way, Divided, Positive Median Barrier",Dry,Clear,Twelve o'clock,Pickup Truck,Disabling,N,Moving Constant Speed,2015-03-18 00:00,52,38.05495125,-75.54358006
6763,N,Apparently Normal,No Misuse,N,No Injury,cf7db59e-5c2d-4eb8-9714-f216f112df2e,D,DA17750002,Shoulder/Lap Belt(s),M,5a67c7a7-f115-400b-8fe2-35812892dfdf,Head On Left Turn,N,Intersection,Right Turn Lane,Dark Lights On,No Defects,"Two-way, Divided, Positive Median Barrier",Ice,Foggy,Eleven o'clock,Police Vehicle/Emergency,Functional,N,Stopped in Traffic Lane,2015-01-21 23:52,32,38.84874066,-76.92467093
6764,N,Apparently Normal,No Misuse,N,No Injury,cd6b269f-63cc-4b97-98b1-7947dce02042,D,DA17750003,Shoulder/Lap Belt(s),M,cb578fab-2173-4268-a239-656641f651a4,Head On Left Turn,N,Intersection,Right Turn Lane,Daylight,No Defects,"Two-way, Not Divided",Dry,Clear,Twelve o'clock,Police Vehicle/Emergency,Functional,N,Making Left Turn,2015-02-28 09:42,27,38.87255868,-76.92687035
6765,N,Apparently Normal,No Misuse,Y,No Injury,29cd6656-a4a0-4fbe-a4ef-a9f0b8712859,D,DA17750003,Shoulder/Lap Belt(s),M,2a1bc93e-d6e3-44fa-b6ca-130f2222e568,Head On Left Turn,N,Intersection,Right Turn Lane,Daylight,No Defects,"Two-way, Not Divided",Dry,Clear,Twelve o'clock,(Sport) Utility Vehicle,Functional,N,Starting From Lane,2015-02-28 09:42,49,38.87255868,-76.92687035
6766,N,Apparently Normal,No Misuse,Y,No Injury,81ab797b-c334-46e9-bf59-031f98983abb,D,DA18900002,Shoulder/Lap Belt(s),M,a8deae4e-0fea-45b0-89e1-504fa97cd2b1,Single Vehicle ,N,Non Intersection,Right Turn Lane,Daylight,No Defects,"Two-way, Not Divided",Wet,Raining,Six o'clock,"Medium/Heavy Truck 2 axles (10,000 lbs (4,536 kg) or less)",Superficial,N,Backing,2015-01-13 09:46,30,38.79235937,-77.01145649
6767,N,Apparently Normal,No Misuse,N,No Injury,a788bb60-2296-44f1-8690-f8b52f7d3198,D,DA20680005,Shoulder/Lap Belt(s),M,d8605b6d-1161-4390-afe8-98869379e9f5,Single Vehicle ,N,Intersection,Right Turn Lane,Dark No Lights,No Defects,"Two-way, Not Divided",Dry,Clear,Eleven o'clock,Police Vehicle/Non Emergency,Functional,N,Moving Constant Speed,2015-03-09 06:00,37,38.74847732,-76.76012278
6768,N,Apparently Normal,No Misuse,N,No Injury,b7f82087-9e28-4861-befb-1f8148e734b9,D,DA2260000C,Shoulder/Lap Belt(s),M,85a9d5d8-1af1-4103-b332-ec260896f9e7,Head On Left Turn,N,Non Intersection,Right Turn Lane,Dark No Lights,No Defects,"Two-way, Divided, Positive Median Barrier",Dry,Cloudy,Six o'clock,Passenger Car,Functional,N,Moving Constant Speed,2015-03-19 20:39,41,38.85057889,-76.95491552
6769,N,Apparently Normal,No Misuse,N,Incapacitating/Disabled Injury,255eea26-d100-45fe-acb0-8db654de566a,D,DA2260000C,Shoulder/Lap Belt(s),M,00d8a9b6-6dbc-4c0b-881b-1ef855f57938,Head On Left Turn,N,Non Intersection,Right Turn Lane,Dark No Lights,No Defects,"Two-way, Divided, Positive Median Barrier",Dry,Cloudy,Twelve o'clock,Passenger Car,Disabling,N,Moving Constant Speed,2015-03-19 20:39,43,38.85057889,-76.95491552
6770,N,Apparently Normal,No Misuse,N,Fatal Injury,2308ffc5-abb1-4ad3-a0a0-bc38f6d1ceca,D,DA2260000C,Shoulder/Lap Belt(s),M,719195f7-bcb8-43f0-9e2d-4baf1c71a1df,Head On Left Turn,N,Non Intersection,Right Turn Lane,Dark No Lights,No Defects,"Two-way, Divided, Positive Median Barrier",Dry,Cloudy,Twelve o'clock,Passenger Car,Destroyed,N,Moving Constant Speed,2015-03-19 20:39,61,38.85057889,-76.95491552
6771,N,Apparently Normal,No Misuse,Y,No Injury,eeac3bc6-44d1-4d06-9158-b43383183523,D,DA24040003,Shoulder/Lap Belt(s),M,b3fa9336-8e65-42d2-a12b-9ed932ec6731,Single Vehicle ,N,Non Intersection,Right Turn Lane,Daylight,No Defects,"Two-way, Not Divided",Snow,Snow,Twelve o'clock,Passenger Car,Disabling,N,Moving Constant Speed,2015-03-05 10:51,38,38.69562581,-76.82473183
6772,N,Apparently Normal,No Misuse,N,No Injury,4f6fa96a-8d25-4908-acaa-ebca9a9761d3,D,DA25240004,Shoulder/Lap Belt(s),M,8b2c3777-8513-48ee-974b-3740414249d9,Same Direction Left Turn,N,Commercial Driveway,Right Turn Lane,Daylight,No Defects,"Two-way, Not Divided",Dry,Clear,Twelve o'clock,Fire Vehicle/Emergency,Functional,N,Slowing or Stopping,2015-01-07 09:41,28,38.78642608,-76.89777911
6773,N,Apparently Normal,No Misuse,Y,Possible Incapacitating Injury,e27a8d87-2f8a-410b-96f6-e8b9cb31acf4,D,DA25240004,Shoulder/Lap Belt(s),M,a62acf81-2931-4471-aee5-0f7d44273d1b,Same Direction Left Turn,N,Commercial Driveway,Right Turn Lane,Daylight,No Defects,"Two-way, Not Divided",Dry,Clear,Six o'clock,Passenger Car,Destroyed,N,Making Left Turn,2015-01-07 09:41,78,38.78642608,-76.89777911
6774,N,Apparently Normal,No Misuse,N,No Injury,28ce118e-8f92-484e-8db9-8c87dba55d67,D,DA25240005,Shoulder/Lap Belt(s),M,eaf107b8-6c7a-47f3-9ae7-3ce8a76e3d1c,Single Vehicle ,N,Non Intersection,Right Turn Lane,Dark No Lights,No Defects,"Two-way, Not Divided",Dry,Clear,Twelve o'clock,Police Vehicle/Non Emergency,Functional,N,Moving Constant Speed,2015-02-25 02:55,36,38.74468468,-76.89714342
6775,N,Apparently Normal,No Misuse,N,No Injury,b3d42ea9-1ce8-4b5f-906f-367bd57bc2d7,D,DA25740001,Shoulder/Lap Belt(s),M,c71d5df3-9218-462b-9871-8e42f8c477a9,Single Vehicle ,N,Non Intersection,Right Turn Lane,Dawn,No Defects,"Two-way, Not Divided",Dry,Clear,Twelve o'clock,Police Vehicle/Emergency,Superficial,N,Moving Constant Speed,2015-01-02 05:11,26,38.71384449,-76.87962055
6776,N,Apparently Normal,No Misuse,N,No Injury,38a18b0f-e7af-4986-8afa-948d8432179f,D,DA27770003,Shoulder/Lap Belt(s),M,4181302e-14db-4a46-87cc-380513226397,Same Movement Angle,N,Intersection,Right Turn Lane,Daylight,No Defects,"Two-way, Not Divided",Dry,Clear,Twelve o'clock,Passenger Car,Disabling,N,Moving Constant Speed,2015-01-16 08:58,27,38.93269893,-76.93102241
6777,N,Apparently Normal,No Misuse,Y,No Injury,5b37fec7-ee93-4aec-ad1c-2db592b7c7b5,D,DA27770003,Shoulder/Lap Belt(s),M,b9b11117-4dba-42a8-8f32-e9f25b32f9aa,Same Movement Angle,N,Intersection,Right Turn Lane,Daylight,No Defects,"Two-way, Not Divided",Dry,Clear,Eight o'clock,Van,Disabling,N,Accelerating,2015-01-16 08:58,35,38.93269893,-76.93102241
6778,N,Apparently Normal,No Misuse,N,No Injury,9f4861c6-001c-4131-8e34-ce671e095666,D,DA28090004,Shoulder/Lap Belt(s),M,566b5cff-aeda-4bb6-8420-49ff48066d25,Same Direction Sideswipe,N,Non Intersection,Right Turn Lane,Dark Lights On,No Defects,"Two-way, Not Divided",Ice,Severe Winds,Four o'clock,Police Vehicle/Emergency,Functional,N,Accelerating,2015-02-15 02:34,33,38.95128363,-76.87939659
6779,N,Apparently Normal,No Misuse,N,No Injury,c84c2a7e-8954-4ab5-bb3b-2b69d694495e,D,DA28090005,Shoulder/Lap Belt(s),M,c1cb103c-55c0-427d-bb1d-d2ebf87e39ca,Single Vehicle ,N,Non Intersection,Left Turn Lane,Dark Lights On,No Defects,"Two-way, Divided, Positive Median Barrier",Ice,Severe Winds,Seven o'clock,Police Vehicle/Emergency,Functional,N,Moving Constant Speed,2015-02-15 04:22,30,39.01329017,-76.90561652
6780,N,Apparently Normal,No Misuse,N,No Injury,81f2c214-94ec-40ee-8fdd-53141842febe,D,DA2810000L,Shoulder/Lap Belt(s),M,db15dda9-dea7-4f1c-a5e0-b917d2f96b89,Same Direction Sideswipe,N,Non Intersection,Acceleration Lane,Daylight,No Defects,"Two-way, Divided, Positive Median Barrier",Ice,Cloudy,Five o'clock,"Cargo Van/Light Truck 2 axles (10,000 lbs (4,536 kg) or less)",Functional,N,Moving Constant Speed,2015-02-22 08:26,26,38.94703556,-76.82461381
6781,N,Apparently Normal,No Misuse,Y,No Injury,3325a3ff-ee89-4d2e-87b6-02d9869db91a,D,DA2810000L,Shoulder/Lap Belt(s),M,1c1a5396-f62d-4884-8946-4a33c642c135,Same Direction Sideswipe,N,Non Intersection,Acceleration Lane,Daylight,No Defects,"Two-way, Divided, Positive Median Barrier",Ice,Cloudy,One o'clock,Passenger Car,Disabling,N,Moving Constant Speed,2015-02-22 08:26,18,38.94703556,-76.82461381
6782,N,Apparently Normal,No Misuse,N,No Injury,249ee0c2-524a-4c7c-87f7-481427af9091,D,DA28410003,Shoulder/Lap Belt(s),M,b378919f-1585-466d-9c74-d623ec01ce30,Same Direction Right Turn,N,Non Intersection,Left Turn Lane,Daylight,No Defects,"Two-way, Divided, Positive Median Barrier",Dry,Clear,Seven o'clock,Police Vehicle/Non Emergency,Superficial,N,Moving Constant Speed,2015-03-18 10:08,42,38.82449674,-76.88206673
6783,N,Apparently Normal,No Misuse,Y,No Injury,5b71c159-6ed3-4fdd-9694-3b57c666566a,D,DA28410003,Shoulder/Lap Belt(s),M,cb49a395-63e6-4931-bba0-86354089129d,Same Direction Right Turn,N,Non Intersection,Left Turn Lane,Daylight,No Defects,"Two-way, Divided, Positive Median Barrier",Dry,Clear,One o'clock,Passenger Car,Superficial,N,Moving Constant Speed,2015-03-18 10:08,53,38.82449674,-76.88206673
6784,N,Apparently Normal,No Misuse,N,No Injury,11a78d2c-5ab7-4a1c-a722-311d23b30d79,D,DA3020000J,Shoulder/Lap Belt(s),M,5601fb82-1b2a-4b5c-9cee-0fed9982fb40,Same Direction Left Turn,N,Non Intersection,Right Turn Lane,Daylight,No Defects,"Two-way, Not Divided",Dry,Clear,One o'clock,Passenger Car,Destroyed,N,Moving Constant Speed,2015-03-15 18:30,20,38.78546015,-76.89793468
6785,N,Apparently Normal,No Misuse,N,No Injury,d73a8578-20f4-4d77-be9e-f56075bdb21b,D,DA3090001B,Shoulder/Lap Belt(s),M,1730c860-3bcd-4881-a407-b0f287403bcc,Head On,N,Non Intersection,Left Turn Lane,Dusk,No Defects,"Two-way, Divided, Positive Median Barrier",Dry,Clear,One o'clock,Passenger Car,Disabling,N,Moving Constant Speed,2015-01-28 18:41,69,38.88841066,-76.90654993
6786,N,Apparently Normal,No Misuse,N,Non-incapacitating Injury,08e0779e-7d95-424d-bc6a-7ef4ff83b470,D,DA3090001B,Shoulder/Lap Belt(s),M,93ddcb73-0e7b-44e5-a406-2dc62b4217d2,Head On,N,Non Intersection,Left Turn Lane,Dusk,No Defects,"Two-way, Divided, Positive Median Barrier",Dry,Clear,Twelve o'clock,Pickup Truck,Disabling,N,Moving Constant Speed,2015-01-28 18:41,45,38.88841066,-76.90654993
6787,N,Had Been Drinking,No Misuse,Y,Non-incapacitating Injury,98a825b9-c4da-4b25-b2ba-643feda52f44,D,DA3090001B,Shoulder/Lap Belt(s),M,40c77045-1c76-4c3f-9e31-00ea3fea8a37,Head On,N,Non Intersection,Left Turn Lane,Dusk,No Defects,"Two-way, Divided, Positive Median Barrier",Dry,Clear,Twelve o'clock,Passenger Car,Disabling,Y,Moving Constant Speed,2015-01-28 18:41,70,38.88841066,-76.90654993
6788,N,Apparently Normal,No Misuse,N,No Injury,396b51be-c093-4379-a5c7-70f9f1b6988b,D,DA31240005,Shoulder/Lap Belt(s),M,8b321431-8912-4b2e-b010-ec9ef81e2b30,Same Direction Rear End,N,Non Intersection,Right Turn Lane,Daylight,No Defects,"Two-way, Divided, Positive Median Barrier",Ice,Clear,Six o'clock,Van,Superficial,N,Stopped in Traffic Lane,2015-01-08 16:10,26,38.96030145,-76.86457872
6789,N,Apparently Normal,No Misuse,Y,No Injury,03eba81b-5e57-4d51-8203-e5dd34ef2a71,D,DA31240005,Shoulder/Lap Belt(s),M,59939caf-61be-41f2-adf3-bd2bfc0e9913,Same Direction Rear End,N,Non Intersection,Right Turn Lane,Daylight,No Defects,"Two-way, Divided, Positive Median Barrier",Ice,Clear,Twelve o'clock,Passenger Car,Disabling,N,Slowing or Stopping,2015-01-08 16:10,32,38.96030145,-76.86457872
6790,N,Apparently Normal,No Misuse,N,No Injury,0e66a315-ffe6-4e1d-a77d-12ca5c77e860,D,DA31330001,Shoulder/Lap Belt(s),M,46e53fee-fd1c-4726-bfbf-2199dd790aab,Same Direction Rear End,N,Non Intersection,Right Turn Lane,Dark - Unknown Lighting,No Defects,"Two-way, Divided, Unprotected (painted >4 feet) Median",Snow,Snow,Six o'clock,(Sport) Utility Vehicle,Superficial,N,Moving Constant Speed,2015-02-16 18:20,54,38.96116073,-76.85743332
6791,N,Apparently Normal,No Misuse,Y,No Injury,a94da0d5-7a81-412f-a654-373a0a7e481f,D,DA31330001,Shoulder/Lap Belt(s),M,3142c2ac-2f8b-44ea-88d3-13e72ad55857,Same Direction Rear End,N,Non Intersection,Right Turn Lane,Dark - Unknown Lighting,No Defects,"Two-way, Divided, Unprotected (painted >4 feet) Median",Snow,Snow,Twelve o'clock,Passenger Car,Functional,N,Accelerating,2015-02-16 18:20,62,38.96116073,-76.85743332
6792,N,Apparently Normal,No Misuse,Y,No Injury,ecfdc40c-605a-4411-9f10-7138c23e612c,D,DA32000002,Shoulder/Lap Belt(s),M,7b5cfa5c-ac38-4c3f-b2c0-bbe428d0bb2e,Same Movement Angle,N,Non Intersection,Right Turn Lane,Dark Lights On,No Defects,"Two-way, Not Divided",Dry,Clear,Eleven o'clock,(Sport) Utility Vehicle,Superficial,N,Making Left Turn,2015-03-07 19:43,27,38.80339673,-76.98873281
6793,Y,Apparently Normal,No Misuse,N,No Injury,0d6f58d3-6443-4c35-980b-6c038e6ffdc3,D,DA33770003,Shoulder/Lap Belt(s),M,23e9ce19-ef4d-4ce0-b4ea-c1b59fc67dab,Same Direction Both Left Turn,N,Intersection Related,Right Turn Lane,Dark Lights On,No Defects,"Two-way, Divided, Positive Median Barrier",Dry,Clear,Twelve o'clock,Transit Bus,Superficial,N,Making Left Turn,2015-01-22 19:04,35,38.97186328,-76.97986007
6794,N,Apparently Normal,No Misuse,Y,No Injury,92380d6b-ecc0-4a09-bece-87e7e4228ddf,D,DA33770003,Shoulder/Lap Belt(s),M,802ba751-c5b5-4c7e-8055-2dfd2a8cd28f,Same Direction Both Left Turn,N,Intersection Related,Right Turn Lane,Dark Lights On,No Defects,"Two-way, Divided, Positive Median Barrier",Dry,Clear,Nine o'clock,Passenger Car,Disabling,N,Making Left Turn,2015-01-22 19:04,29,38.97186328,-76.97986007
6795,N,Apparently Normal,No Misuse,N,No Injury,30cd66b6-91f0-44b1-8dc3-d34c4878a373,D,DA33770006,Shoulder/Lap Belt(s),M,ee2c8bf6-39bb-420c-aeb3-8900dfd5738d,Same Movement Angle,N,Intersection,Right Turn Lane,Daylight,No Defects,"Two-way, Divided, Unprotected (painted >4 feet) Median",Dry,Clear,Twelve o'clock,Passenger Car,Disabling,N,Slowing or Stopping,2015-02-01 11:51,51,38.97715973,-76.96991444
6796,N,Apparently Normal,No Misuse,Y,No Injury,a2264efa-d4e2-4c1f-a259-7a1c04f6d0dc,D,DA33770006,Shoulder/Lap Belt(s),M,c4d0d5a8-758e-459f-9d2c-bf737d944376,Same Movement Angle,N,Intersection,Right Turn Lane,Daylight,No Defects,"Two-way, Divided, Unprotected (painted >4 feet) Median",Dry,Clear,One o'clock,Passenger Car,Disabling,N,Starting From Lane,2015-02-01 11:51,47,38.97715973,-76.96991444
6797,N,Apparently Normal,No Misuse,N,No Injury,e560eac1-6d69-444f-81d5-9ee18f1e94bc,D,DA3377000F,Shoulder/Lap Belt(s),M,aee259e0-2658-4d24-ac68-c6b655e73a1e,Same Movement Angle,N,Non Intersection,Right Turn Lane,Dark Lights On,No Defects,"Two-way, Divided, Positive Median Barrier",Dry,Clear,One o'clock,Passenger Car,Destroyed,N,Moving Constant Speed,2015-03-27 22:20,33,38.98429056,-76.96996808
6798,N,Had Been Drinking,No Misuse,Y,No Injury,8fa90956-022d-412a-89c3-d68df0ca884d,D,DA3377000F,Shoulder/Lap Belt(s),M,b4a2f810-4121-4b47-8f74-93a2ad53ba80,Same Movement Angle,N,Non Intersection,Right Turn Lane,Dark Lights On,No Defects,"Two-way, Divided, Positive Median Barrier",Dry,Clear,Twelve o'clock,Passenger Car,Destroyed,N,Accelerating,2015-03-27 22:20,31,38.98429056,-76.96996808
6799,N,Apparently Normal,No Misuse,Y,No Injury,32add09e-099c-4656-b881-4a0aca6c08e4,D,DA33820005,Shoulder/Lap Belt(s),M,396d76d9-f81c-44ff-9ed1-dfe455a7e765,Single Vehicle ,N,Non Intersection,Deceleration Lane,Dark No Lights,No Defects,"Two-way, Divided, Positive Median Barrier",Wet,Raining,Twelve o'clock,Passenger Car,Disabling,N,Moving Constant Speed,2015-01-24 00:00,34,38.79480111,-76.9984746
6800,N,Apparently Normal,No Misuse,Y,No Injury,ad77885c-4452-4e27-833f-c89c7d2804d4,D,DA34220004,Shoulder/Lap Belt(s),M,cd2e9a9b-d6f9-4bd9-b54f-dae09a3fc774,Same Movement Angle,N,Intersection,Right Turn Lane,Daylight,No Defects,"Two-way, Divided, Positive Median Barrier",Wet,Clear,Twelve o'clock,Passenger Car,Destroyed,N,Moving Constant Speed,2015-03-08 15:15,24,38.83083221,-76.95222259
6801,N,Apparently Normal,No Misuse,N,Non-incapacitating Injury,8c580d9d-7109-4b12-972e-3e53a2b64175,D,DA34220004,Shoulder/Lap Belt(s),M,93041140-d3c3-46ea-b963-f3d0f34a1d21,Same Movement Angle,N,Intersection,Right Turn Lane,Daylight,No Defects,"Two-way, Divided, Positive Median Barrier",Wet,Clear,Two o'clock,Passenger Car,Destroyed,N,Moving Constant Speed,2015-03-08 15:15,38,38.83083221,-76.95222259
6802,N,Apparently Normal,No Misuse,N,No Injury,a0817ea6-8e92-467c-a137-f865d07cb600,D,DA34470003,Shoulder/Lap Belt(s),M,6a428e21-1c73-4710-a8b5-ccc2dd4f488a,Same Direction Rear End,N,Intersection Related,Right Turn Lane,Dark Lights On,No Defects,"Two-way, Not Divided",Dry,Clear,Six o'clock,Passenger Car,Superficial,N,Stopped in Traffic Lane,2015-01-25 03:44,51,39.07384415,-76.84799194
6803,N,Apparently Normal,No Misuse,N,No Injury,ac4eda85-752f-4511-84e6-f1d221f48a3c,D,DA35420002,Shoulder/Lap Belt(s),M,819d3f6c-6429-4c0b-a0bd-6cb0201e37b7,Same Direction Sideswipe,N,Non Intersection,Left Turn Lane,Daylight,No Defects,"Two-way, Divided, Positive Median Barrier",Dry,Clear,Two o'clock,"Cargo Van/Light Truck 2 axles (10,000 lbs (4,536 kg) or less)",Superficial,Y,Moving Constant Speed,2015-01-05 16:15,26,39.05798364,-76.83972001
6804,Y,Apparently Normal,No Misuse,Y,No Injury,7b57d0fc-bc1f-4eb3-b9c3-c9559366ad29,D,DA35420007,Shoulder/Lap Belt(s),M,e2f364dd-629a-402f-a8f7-ddd3d54caef8,Single Vehicle ,N,Non Intersection,Acceleration Lane,Daylight,No Defects,"Two-way, Divided, Positive Median Barrier",Ice,Clear,Twelve o'clock,Passenger Car,Superficial,N,Skidding,2015-02-15 09:21,43,39.07392744,-76.84812069
6805,N,Apparently Normal,No Misuse,N,No Injury,0d4926a9-961f-4631-a403-9c0a374e820c,D,DA35610003,Shoulder/Lap Belt(s),M,a0f9b117-610b-4a61-91a1-40917ed39b67,Angle Meets Right Turn,N,Non Intersection,Right Turn Lane,Dark No Lights,No Defects,"Two-way, Not Divided",Wet,Cloudy,One o'clock,Pickup Truck,Functional,N,Accelerating,2015-03-31 20:15,45,38.85321916,-76.81545138
6806,N,Apparently Normal,No Misuse,Y,No Injury,90f0fa24-de7b-4a4a-b06e-c9d4e2b0e58c,D,DA35610003,Shoulder/Lap Belt(s),M,1b92a2ee-8acd-412b-80c2-324449dba8ab,Angle Meets Right Turn,N,Non Intersection,Right Turn Lane,Dark No Lights,No Defects,"Two-way, Not Divided",Wet,Cloudy,Twelve o'clock,Passenger Car,Functional,N,Moving Constant Speed,2015-03-31 20:15,54,38.85321916,-76.81545138
6807,N,Apparently Normal,No Misuse,N,No Injury,f740cb1b-6943-4880-9edd-1b4189b1e771,D,DA35670004,Shoulder/Lap Belt(s),M,2dbe69f8-961f-4b9f-adca-2a915b37b4fe,Same Direction Rear End,N,Non Intersection,Right Turn Lane,Dusk,No Defects,"Two-way, Not Divided",Dry,Clear,Six o'clock,(Sport) Utility Vehicle,No Damage,N,Slowing or Stopping,2015-01-20 20:44,29,39.07652609,-76.86983585
6808,N,Apparently Normal,No Misuse,Y,No Injury,57f48322-26c2-4fe9-b520-b8c2feec303a,D,DA35880005,Shoulder/Lap Belt(s),M,ee273c6c-14a4-4176-b8b2-693f399d6587,Single Vehicle ,N,Intersection,Right Turn Lane,Daylight,No Defects,"Two-way, Not Divided",Snow,Snow,Twelve o'clock,(Sport) Utility Vehicle,Disabling,N,Slowing or Stopping,2015-03-05 10:45,23,38.74094623,-76.83243513
6809,N,Apparently Normal,No Misuse,N,No Injury,97e1f88b-1a4f-4d78-997f-e5394a50bbfc,D,DA35890004,Shoulder/Lap Belt(s),M,28a20289-653f-46be-a48d-3d1be5e706ff,Same Direction Rear End,N,Intersection,Right Turn Lane,Daylight,No Defects,"Two-way, Divided, Unprotected (painted >4 feet) Median",Dry,Clear,Twelve o'clock,Fire Vehicle/Emergency,Superficial,N,Slowing or Stopping,2015-02-15 15:12,56,38.79243463,-76.9864583
6810,N,Apparently Normal,No Misuse,Y,No Injury,29488510-cfee-4485-80db-08c2c910a52f,D,DA35890004,Shoulder/Lap Belt(s),M,667df4ab-010a-4c47-80d0-808f70d5e05f,Same Direction Rear End,N,Intersection,Right Turn Lane,Daylight,No Defects,"Two-way, Divided, Unprotected (painted >4 feet) Median",Dry,Clear,Six o'clock,Passenger Car,Superficial,N,Backing,2015-02-15 15:12,23,38.79243463,-76.9864583
6811,N,Apparently Normal,No Misuse,N,No Injury,28f4b98a-dc1a-46fb-b006-56e8bd111f48,D,DA35990004,Shoulder/Lap Belt(s),M,9ba2d974-06c3-474e-a2a5-5569a251c0e9,Single Vehicle ,N,Non Intersection,Left Turn Lane,Dark Lights On,No Defects,"Two-way, Divided, Positive Median Barrier",Dry,Clear,Ten o'clock,Passenger Car,Superficial,N,Moving Constant Speed,2015-03-22 01:12,56,38.99024487,-76.98745608
6812,Y,Apparently Normal,No Misuse,N,No Injury,34c715c8-1108-44d7-9dd5-20cfcc477d57,D,DA35990005,Shoulder/Lap Belt(s),M,7f9923fa-042e-4460-98c0-0f09ec942b22,Same Direction Rear End,N,Non Intersection,Acceleration Lane,Dark Lights On,No Defects,"Two-way, Divided, Positive Median Barrier",Dry,Clear,Six o'clock,Transit Bus,Superficial,N,Slowing or Stopping,2015-03-22 23:33,59,38.99357206,-76.61315918
6813,N,Apparently Normal,No Misuse,Y,No Injury,13192ee4-cfca-4012-ad32-91cf0e742fb2,D,DA35990005,Shoulder/Lap Belt(s),M,cd05ef90-a507-4103-8295-780372929cb7,Same Direction Rear End,N,Non Intersection,Acceleration Lane,Dark Lights On,No Defects,"Two-way, Divided, Positive Median Barrier",Dry,Clear,Twelve o'clock,Passenger Car,Disabling,N,Accelerating,2015-03-22 23:33,39,38.99357206,-76.61315918
6814,N,Apparently Normal,No Misuse,N,No Injury,ece601f1-47b7-40e2-b78d-8f381666c0d9,D,DA36010003,Shoulder/Lap Belt(s),M,6b7034f9-af88-404f-b02c-33fb0aa54c48,Same Direction Right Turn,N,Intersection,Left Turn Lane,Dark Lights On,No Defects,"Two-way, Divided, Positive Median Barrier",Wet,Raining,Eleven o'clock,Passenger Car,Functional,N,Moving Constant Speed,2015-01-03 18:10,56,38.85331107,-76.90974712
6815,N,Apparently Normal,No Misuse,Y,No Injury,1f19fbd2-02ba-4655-8b5d-9b982a7deaa1,D,DA36010003,Shoulder/Lap Belt(s),M,50d7915f-d4fb-43e1-9188-3397e22e5659,Same Direction Right Turn,N,Intersection,Left Turn Lane,Dark Lights On,No Defects,"Two-way, Divided, Positive Median Barrier",Wet,Raining,One o'clock,Passenger Car,Functional,N,Accelerating,2015-01-03 18:10,30,38.85331107,-76.90974712
6816,N,Apparently Normal,No Misuse,N,No Injury,4f28e760-5131-48b8-8a6d-740564cd00da,D,DA36100004,Shoulder/Lap Belt(s),M,21f4dfbb-b418-4cda-bb1a-ab088881f3be,Same Direction Left Turn,N,Non Intersection,Left Turn Lane,Daylight,No Defects,"Two-way, Divided, Unprotected (painted >4 feet) Median",Dry,Clear,One o'clock,(Sport) Utility Vehicle,Superficial,N,Moving Constant Speed,2015-01-15 08:10,54,38.87364872,-76.93268001
6817,N,Apparently Normal,No Misuse,Y,No Injury,fa45af34-1be6-449c-885d-e069b2a92f7f,D,DA3617000C,Shoulder/Lap Belt(s),M,0ed9d4e4-7dae-4619-94c3-a9b0fed76ebc,Same Direction Rear End,Y,Intersection Related,Right Turn Lane,Dark No Lights,"Holes, Ruts, Etc.","Two-way, Divided, Positive Median Barrier",Dry,Cloudy,Twelve o'clock,Passenger Car,Destroyed,N,Moving Constant Speed,2015-03-21 02:55,54,38.82554364,-76.92457974
6818,N,Apparently Normal,No Misuse,N,Possible Incapacitating Injury,98a29533-00d8-4867-86f5-b99995d5edb9,D,DA3617000C,Shoulder/Lap Belt(s),M,2a3aa6a8-7232-48ce-a239-02fee528ec2b,Same Direction Rear End,Y,Intersection Related,Right Turn Lane,Dark No Lights,"Holes, Ruts, Etc.","Two-way, Divided, Positive Median Barrier",Dry,Cloudy,Six o'clock,(Sport) Utility Vehicle,Functional,N,Stopped in Traffic Lane,2015-03-21 02:55,37,38.82554364,-76.92457974
6819,N,Apparently Normal,No Misuse,Y,No Injury,c25edcd5-a4f4-4dc5-a688-459cc74131f0,D,DA3617000D,Shoulder/Lap Belt(s),M,b5499298-70fa-4703-ba00-e06c0cc45074,Same Direction Rear End,N,Intersection Related,Left Turn Lane,Dark No Lights,No Defects,"Two-way, Divided, Positive Median Barrier",Dry,Cloudy,Twelve o'clock,(Sport) Utility Vehicle,Disabling,N,Moving Constant Speed,2015-03-22 05:14,68,38.82570036,-76.92510009