KEY_INDEX,CDL_FLAG,CONDITION_CODE,EQUIP_PROB_CODE,FAULT_FLAG,INJ_SEVER_CODE,PERSON_ID,PERSON_TYPE,REPORT_NO,SAF_EQUIP_CODE,SEX_CODE,VEHICLE_ID,COLLISION_TYPE_CODE,C_M_ZONE_FLAG,JUNCTION_CODE,LANE_CODE,LIGHT_CODE,RD_COND_CODE,RD_DIV_CODE,SURF_COND_CODE,WEATHER_CODE,AREA_DAMAGED_CODE_MAIN,BODY_TYPE_CODE,DAMAGE_CODE,HIT_AND_RUN_FLAG,MOVEMENT_CODE,TIME,AGE,LATITUDE,LONGITUDE
6820,N,Apparently Normal,No Misuse,N,Possible Incapacitating Injury,ac411532-61c7-4ce4-b779-51ec7407b5bf,D,DA3617000D,Shoulder/Lap Belt(s),M,924fe7b9-ed92-4e52-a5ee-183033b4bf4d,Same Direction Rear End,N,Intersection Related,Left Turn Lane,Dark No Lights,No Defects,"Two-way, Divided, Positive Median Barrier",Dry,Cloudy,Six o'clock,Passenger Car,Destroyed,N,Slowing or Stopping,2015-03-22 05:14,60,38.82570036,-76.92510009
6821,Y,Apparently Normal,No Misuse,N,No Injury,39af4fe9-f898-4e7f-8e6d-8bca92523667,D,DA3621000B,Shoulder/Lap Belt(s),M,ff3cc0bf-b53b-4bcb-bbd4-7bba33eddcfa,Single Vehicle ,N,Intersection,Right Turn Lane,Dark Lights On,No Defects,"Two-way, Not Divided",Dry,Clear,Twelve o'clock,Transit Bus,Superficial,N,Moving Constant Speed,2015-02-23 18:43,35,38.84869888,-76.76725745
6822,N,Apparently Normal,No Misuse,Y,No Injury,bcb0657c-b64e-4e03-9c98-8c9143e8e161,D,DA3621000C,Shoulder/Lap Belt(s),M,d027def8-792e-4232-8462-95ae20216886,Head On Left Turn,N,Intersection,Right Turn Lane,Dawn,No Defects,"Two-way, Not Divided",Wet,Clear,Twelve o'clock,Passenger Car,Disabling,N,Making Left Turn,2015-03-08 18:36,20,38.88755885,-76.75835252
6823,N,Apparently Normal,No Misuse,N,Non-incapacitating Injury,3b12a925-402a-4591-8abf-2c9751d64c81,D,DA3621000C,Shoulder/Lap Belt(s),M,d1908eac-5363-4f07-a923-1cf833b80f4b,Head On Left Turn,N,Intersection,Right Turn Lane,Dawn,No Defects,"Two-way, Not Divided",Wet,Clear,Twelve o'clock,Passenger Car,Disabling,N,Moving Constant Speed,2015-03-08 18:36,50,38.88755885,-76.75835252
6824,N,Apparently Normal,No Misuse,N,No Injury,09078e7b-da8d-48bb-b4e6-9634feab0160,D,DA3624000B,Shoulder/Lap Belt(s),M,c02bc68c-9605-4a00-887f-aac7514e15ad,Same Direction Rear End,N,Intersection,Right Turn Lane,Dark Lights On,No Defects,"Two-way, Not Divided",Dry,Clear,Six o'clock,Passenger Car,Functional,N,Slowing or Stopping,2015-02-24 18:59,68,38.9610773,-76.90764427
6825,N,Apparently Normal,No Misuse,Y,No Injury,44b4eeaa-c953-4928-87cb-d558ac7aef59,D,DA3624000B,Shoulder/Lap Belt(s),M,d61811ae-5ec3-4f45-8d47-23cfed7621ef,Same Direction Rear End,N,Intersection,Right Turn Lane,Dark Lights On,No Defects,"Two-way, Not Divided",Dry,Clear,Twelve o'clock,Passenger Car,Functional,N,Moving Constant Speed,2015-02-24 18:59,24,38.9610773,-76.90764427
6826,N,Apparently Normal,No Misuse,N,No Injury,5fda4492-e892-43fc-8677-b9ef858124ba,D,DA3624000D,Shoulder/Lap Belt(s),M,38931a55-20a6-4d2d-a2ac-d45e5f8a7fa9,Opposite Direction Sideswipe,N,Intersection Related,Right Turn Lane,Dark Lights On,"Holes, Ruts, Etc.","Two-way, Not Divided",Dry,Cloudy,Eight o'clock,Passenger Car,Disabling,N,Moving Constant Speed,2015-03-27 20:20,85,38.94759461,-76.92749262
6827,N,Apparently Normal,No Misuse,Y,No Injury,bd9835b1-cd81-4e21-ad92-95e286c2227e,D,DA3624000D,Shoulder/Lap Belt(s),M,d1f9a71b-695a-4c6b-8344-26b5e7d595a0,Opposite Direction Sideswipe,N,Intersection Related,Right Turn Lane,Dark Lights On,"Holes, Ruts, Etc.","Two-way, Not Divided",Dry,Cloudy,Twelve o'clock,Passenger Car,Disabling,Y,Moving Constant Speed,2015-03-27 20:20,31,38.94759461,-76.92749262
6828,N,Apparently Normal,No Misuse,N,No Injury,4f30cabd-f509-461d-95e7-ed33fbf97ebc,D,DA3625000D,Shoulder/Lap Belt(s),M,00bf591a-b1e9-454b-bb7c-a7b90a4950df,Same Direction Rear End,N,Non Intersection,Left Turn Lane,Dark No Lights,Loose Surface Material,"Two-way, Divided, Positive Median Barrier",Dry,Clear,Twelve o'clock,Passenger Car,Disabling,N,Moving Constant Speed,2015-02-19 04:08,26,38.92492857,-76.92845821
6829,N,Apparently Normal,No Misuse,Y,No Injury,f9d243c0-96b1-4218-9116-73695fa22a2b,D,DA36270006,Shoulder/Lap Belt(s),M,cd6a1d01-c702-4571-a5b2-6e60e8f23a3c,Same Movement Angle,N,Intersection,Right Turn Lane,Dark No Lights,No Defects,"Two-way, Divided, Unprotected (painted >4 feet) Median",Ice,Raining,Twelve o'clock,Pickup Truck,No Damage,N,Slowing or Stopping,2015-03-03 18:34,47,38.77384391,-76.79145232
6830,N,Apparently Normal,No Misuse,Y,No Injury,d69f8c12-18c6-4256-87fb-2183447c5103,D,DA36350007,Shoulder/Lap Belt(s),M,02e3e8f5-775c-4d94-8dbe-c0a50e59c7a3,Single Vehicle ,N,Non Intersection,Right Turn Lane,Dark Lights On,No Defects,"Two-way, Not Divided",Dry,Clear,Twelve o'clock,Police Vehicle/Non Emergency,Superficial,N,Moving Constant Speed,2015-02-06 00:40,53,38.86716252,-76.81022644
6831,N,Apparently Normal,No Misuse,Y,No Injury,b4a43e10-b118-4074-af21-65cd3bad627f,D,DA3636000F,Shoulder/Lap Belt(s),M,0514c7d8-5210-4352-809e-0ca25fd2a5de,Single Vehicle ,N,Non Intersection,Right Turn Lane,Dark No Lights,No Defects,"Two-way, Divided, Unprotected (painted >4 feet) Median",Snow,Snow,Twelve o'clock,Pickup Truck,Disabling,N,Moving Constant Speed,2015-01-06 05:38,31,38.74497965,-76.7606163
6832,N,Apparently Normal,No Misuse,Y,No Injury,fa8e463e-de96-4f99-976d-4643f48e2a42,D,DA36480007,Shoulder/Lap Belt(s),M,eb77e973-f52c-4e58-b87b-97e1d3542cbc,Single Vehicle ,N,Non Intersection,Right Turn Lane,Dark Lights On,"Holes, Ruts, Etc.","Two-way, Not Divided",Dry,Clear,Four o'clock,Fire Vehicle/Emergency,Superficial,N,Moving Constant Speed,2015-02-03 18:15,31,38.95537083,-76.94028676
6833,Y,Apparently Normal,No Misuse,Y,No Injury,42787604-56a5-4931-b9a0-63b46d86c0bd,D,DA36490006,Shoulder/Lap Belt(s),M,6852323b-c7c0-4ca9-9e1d-7ea1d3698d37,Single Vehicle ,N,Non Intersection,Right Turn Lane,Dark Lights On,No Defects,"Two-way, Divided, Unprotected (painted >4 feet) Median",Dry,Clear,Twelve o'clock,(Sport) Utility Vehicle,Disabling,N,Accelerating,2015-03-22 19:49,76,38.87312667,-76.80519462
6834,N,Apparently Normal,No Misuse,Y,No Injury,12702b07-8805-4984-9b54-2a217d10416a,D,DA36490007,Shoulder/Lap Belt(s),M,fb374fe7-116e-4942-b584-491bb9fae31b,Single Vehicle ,N,Non Intersection,Right Turn Lane,Dark Lights On,No Defects,"Two-way, Not Divided",Dry,Clear,Twelve o'clock,(Sport) Utility Vehicle,Functional,N,Moving Constant Speed,2015-03-23 20:54,42,38.84570749,-76.78518534
6835,Y,Apparently Normal,No Misuse,N,No Injury,41872b39-8136-4f55-bf5f-de804579dd8d,D,DA36500008,Shoulder/Lap Belt(s),M,9b1a097f-0a83-422d-b05c-ba5b010d2b8d,Same Direction Right Turn,N,Non Intersection,Left Turn Lane,Daylight,No Defects,"Two-way, Divided, Positive Median Barrier",Dry,Cloudy,Eleven o'clock,"Medium/Heavy Truck 2 axles (10,000 lbs (4,536 kg) or less)",Superficial,N,Moving Constant Speed,2015-01-29 16:34,33,38.91881851,-76.93075418
6836,N,Apparently Normal,No Misuse,N,No Injury,c48e7ca8-c898-4e07-84f8-b5ee2e404a29,D,DA36650007,Shoulder/Lap Belt(s),M,bda10941-af75-4de7-8a96-01b6449c51e9,Same Direction Rear End,N,Intersection Related,Right Turn Lane,Dawn,No Defects,"Two-way, Divided, Unprotected (painted >4 feet) Median",Snow,Blowing Snow,Six o'clock,"Cargo Van/Light Truck 2 axles (10,000 lbs (4,536 kg) or less)",Superficial,N,Slowing or Stopping,2015-01-09 06:45,25,38.90726473,-76.90277338
6837,N,Apparently Normal,No Misuse,Y,No Injury,f22353c7-2d7a-4184-a379-31895263d5d0,D,DA36650007,Shoulder/Lap Belt(s),M,c09e4081-8437-4d32-b398-2f4f04c627f0,Same Direction Rear End,N,Intersection Related,Right Turn Lane,Dawn,No Defects,"Two-way, Divided, Unprotected (painted >4 feet) Median",Snow,Blowing Snow,Twelve o'clock,Passenger Car,Disabling,N,Moving Constant Speed,2015-01-09 06:45,38,38.90726473,-76.90277338
6838,N,Apparently Normal,No Misuse,Y,No Injury,91883a8c-28ae-4deb-b8b5-f42769180552,D,DA36800009,Shoulder/Lap Belt(s),M,76eec520-521f-45e3-8301-b6335bcd5245,Same Direction Rear End,N,Intersection,Left Turn Lane,Daylight,No Defects,"Two-way, Divided, Positive Median Barrier",Wet,Cloudy,Twelve o'clock,Passenger Car,Functional,N,Slowing or Stopping,2015-02-10 13:30,30,38.96524007,-76.79302812
6839,N,Apparently Normal,No Misuse,N,Possible Incapacitating Injury,8c554c35-9ece-483c-9a79-d22b991093ec,D,DA36800009,Shoulder/Lap Belt(s),M,421fbb9c-04d0-4e3b-a1c5-d80a74112375,Same Direction Rear End,N,Intersection,Left Turn Lane,Daylight,No Defects,"Two-way, Divided, Positive Median Barrier",Wet,Cloudy,Six o'clock,Passenger Car,Disabling,N,Slowing or Stopping,2015-02-10 13:30,20,38.96524007,-76.79302812
6840,N,Apparently Normal,No Misuse,N,No Injury,a0f93d2a-726b-4d49-9b47-6c5d573a07b6,D,DA3689000H,Shoulder/Lap Belt(s),M,66907d53-2f3b-4b78-b45b-be0fcdc479b4,Same Direction Sideswipe,N,Non Intersection,Right Turn Lane,Daylight,No Defects,"Two-way, Divided, Positive Median Barrier",Wet,Severe Winds,Seven o'clock,(Sport) Utility Vehicle,Superficial,N,Parking  ,2015-02-15 12:52,34,38.99289663,-76.98599696
6841,N,Apparently Normal,No Misuse,N,No Injury,f3862ae1-d2d4-47f5-92ea-f4251b02166d,D,DA3689000M,Shoulder/Lap Belt(s),M,7468a703-5d6c-4212-9f41-9bf50c3566cb,Same Direction Rear End,N,Intersection Related,Right Turn Lane,Daylight,No Defects,"Two-way, Divided, Positive Median Barrier",Slush,Clear,Six o'clock,Passenger Car,Functional,N,Slowing or Stopping,2015-03-06 10:38,21,38.98484931,-76.96433544
6842,N,Apparently Normal,No Misuse,Y,No Injury,cdbf3d21-0b65-4b25-a4c5-70d3b1f71657,D,DA3689000M,Shoulder/Lap Belt(s),M,8b2cebf6-2b8a-42db-8043-10cb09cc6000,Same Direction Rear End,N,Intersection Related,Right Turn Lane,Daylight,No Defects,"Two-way, Divided, Positive Median Barrier",Slush,Clear,Twelve o'clock,Pickup Truck,Functional,N,Moving Constant Speed,2015-03-06 10:38,42,38.98484931,-76.96433544
6843,N,Apparently Normal,No Misuse,N,No Injury,58e7d024-2882-426e-9a23-ba2c26556fe2,D,DA36980007,Shoulder/Lap Belt(s),M,eca21aea-9ab7-4308-88df-d0a36895d58d,Same Direction Rear End,N,Non Intersection,Right Turn Lane,Daylight,No Defects,"Two-way, Divided, Unprotected (painted >4 feet) Median",Dry,Clear,Six o'clock,Passenger Car,Functional,N,Slowing or Stopping,2015-03-29 09:20,25,39.00597051,-76.9672966
6844,N,Apparently Normal,No Misuse,N,Possible Incapacitating Injury,0db59a0d-32a1-450f-863b-938e2d228c1b,D,DA36980007,Shoulder/Lap Belt(s),M,f03c3450-b8c7-4a44-a00d-f10c78429859,Same Direction Rear End,N,Non Intersection,Right Turn Lane,Daylight,No Defects,"Two-way, Divided, Unprotected (painted >4 feet) Median",Dry,Clear,Six o'clock,Passenger Car,Functional,N,Slowing or Stopping,2015-03-29 09:20,46,39.00597051,-76.9672966
6845,N,Apparently Normal,No Misuse,N,No Injury,67c42b88-60ad-4ff2-8c32-b0755a49bf03,D,DA37000007,Shoulder/Lap Belt(s),M,8a095458-5f5d-4db1-bf4c-5ee5f3b49d46,Same Direction Both Left Turn,N,Non Intersection,Right Turn Lane,Dark Lights On,No Defects,"Two-way, Not Divided",Dry,Clear,One o'clock,Van,Superficial,N,Moving Constant Speed,2015-02-07 18:35,57,38.96287925,-76.9064641
6846,N,Apparently Normal,No Misuse,N,No Injury,92e718a8-8324-4c6c-9bf7-d06dc467f874,D,DA37000009,Shoulder/Lap Belt(s),M,1d8c48c8-712d-4e55-9920-ddf3fee74634,Same Movement Angle,N,Intersection,Right Turn Lane,Daylight,No Defects,"Two-way, Divided, Unprotected (painted >4 feet) Median",Snow,Snow,Eight o'clock,(Sport) Utility Vehicle,Disabling,N,Moving Constant Speed,2015-02-17 11:01,65,38.97517882,-76.88245833
6847,Y,Apparently Normal,No Misuse,Y,No Injury,9577c41d-7f0e-485c-ac32-cfb1890bb5b3,D,DA3700000C,Shoulder/Lap Belt(s),M,ee6678ba-a7e7-4e66-a222-715e353534cc,Same Direction Sideswipe,N,Non Intersection,Right Turn Lane,Dark Lights On,No Defects,"Two-way, Not Divided",Dry,Clear,Five o'clock,Fire Vehicle/Emergency,Superficial,N,Slowing or Stopping,2015-02-23 22:22,50,38.96222021,-76.93244934
6848,N,Apparently Normal,No Misuse,N,No Injury,deafaebd-051c-42cb-b74b-4264ac75e22c,D,DA37010006,Shoulder/Lap Belt(s),M,5a5d36a0-4873-4417-8c7d-e68fdb5279a0,Same Movement Angle,N,Intersection,Right Turn Lane,Dark Lights On,No Defects,"Two-way, Not Divided",Dry,Clear,Eight o'clock,Passenger Car,Disabling,N,Moving Constant Speed,2015-03-24 00:08,40,38.90511071,-76.91577673
6849,N,Apparently Normal,No Misuse,N,No Injury,7b6491ff-6dc8-4f3d-b7ce-0ba6e270d947,D,DA37060005,Shoulder/Lap Belt(s),M,f1012cf1-2c81-42bc-be7d-ce440ba05875,Head On,N,Intersection,Right Turn Lane,Daylight,No Defects,"Two-way, Not Divided",Wet,Wintry Mix,Eight o'clock,Passenger Car,Functional,N,Slowing or Stopping,2015-01-26 15:00,31,38.94887541,-76.92637682
6850,N,Apparently Normal,No Misuse,Y,No Injury,0320675d-1c8c-4cf5-a4cd-758cc970e988,D,DA37130004,Shoulder/Lap Belt(s),M,e3be8604-9256-4c21-9962-e45d3136f620,Single Vehicle ,N,Non Intersection,Right Turn Lane,Dark Lights On,No Defects,"Two-way, Not Divided",Ice,Clear,Twelve o'clock,Passenger Car,Destroyed,N,Accelerating,2015-01-19 05:25,22,39.00979717,-76.74862146
6851,N,Apparently Normal,No Misuse,N,No Injury,3c689dbf-8972-4c75-b318-0e6524c97448,D,DA37160003,Shoulder/Lap Belt(s),M,d8bbeaca-7c97-4717-b4e0-7fd97f4aff5c,Same Direction Left Turn,N,Non Intersection,Right Turn Lane,Dark Lights On,No Defects,"Two-way, Not Divided",Dry,Clear,Eleven o'clock,Fire Vehicle/Emergency,Superficial,N,Starting From Parked,2015-02-10 17:35,29,38.8371039,-76.956701
6852,N,Apparently Normal,No Misuse,Y,No Injury,6df7a482-4c11-480a-8033-3af6d328bb43,D,DA37160003,Shoulder/Lap Belt(s),M,1ffe18c1-7218-466e-ae2f-7019f9e27385,Same Direction Left Turn,N,Non Intersection,Right Turn Lane,Dark Lights On,No Defects,"Two-way, Not Divided",Dry,Clear,Five o'clock,Passenger Car,Superficial,N,Moving Constant Speed,2015-02-10 17:35,23,38.8371039,-76.956701
6853,N,Apparently Normal,No Misuse,Y,No Injury,c2eb7ace-2901-4ca3-8e58-70871078db6a,D,DA37170005,Shoulder/Lap Belt(s),M,f84ce6b2-f30f-45d3-8f9e-f2ace4f628c2,Single Vehicle ,N,Non Intersection,Left Turn Lane,Dark Lights On,No Defects,"Two-way, Divided, Positive Median Barrier",Dry,Clear,Twelve o'clock,Passenger Car,No Damage,N,Moving Constant Speed,2015-01-28 22:39,32,38.83285477,-76.94098949
6854,N,Apparently Normal,No Misuse,N,No Injury,f695f728-4bda-4c05-b24e-faa940ce0fc4,D,DA37170006,Shoulder/Lap Belt(s),M,5273c729-6473-4e25-9406-74e925127fc5,Head On,N,Non Intersection,Right Turn Lane,Dark Lights On,No Defects,"Two-way, Not Divided",Dry,Clear,Twelve o'clock,(Sport) Utility Vehicle,Disabling,N,Moving Constant Speed,2015-01-12 22:55,42,38.80256062,-76.92469239
6855,N,Apparently Normal,No Misuse,Y,No Injury,9fff6897-7e6e-486e-bee2-10b583e52ad3,D,DA37170006,Shoulder/Lap Belt(s),M,9738657d-7647-4ad7-8482-4b618cdc63fb,Head On,N,Non Intersection,Right Turn Lane,Dark Lights On,No Defects,"Two-way, Not Divided",Dry,Clear,Twelve o'clock,Pickup Truck,Disabling,N,Moving Constant Speed,2015-01-12 22:55,59,38.80256062,-76.92469239
6856,N,Apparently Normal,No Misuse,N,No Injury,fdbb2d0a-de98-45d6-8321-f9f23b6f5f84,D,DA37200004,Shoulder/Lap Belt(s),M,7f52a22c-33d1-45c5-b492-161b264fa05f,Same Direction Rear End Right Turn,N,Intersection Related,Right Turn Lane,Dark Lights On,No Defects,"Two-way, Divided, Positive Median Barrier",Dry,Clear,Seven o'clock,Passenger Car,Disabling,N,Moving Constant Speed,2015-01-19 23:00,25,39.07588476,-76.92357659
6857,N,Apparently Normal,No Misuse,Y,No Injury,98e4023a-f310-4c07-b36a-8dcdd3aff128,D,DA37260005,Shoulder/Lap Belt(s),M,a9c18bee-9015-4508-b63f-d29d4c512734,Single Vehicle ,N,Non Intersection,Left Turn Lane,Daylight,No Defects,"Two-way, Divided, Unprotected (painted >4 feet) Median",Dry,Clear,One o'clock,Transit Bus,Superficial,N,Moving Constant Speed,2015-01-05 13:32,35,38.957198,-76.94012
6858,Y,Apparently Normal,No Misuse,N,No Injury,1b027a32-3482-481c-94f0-ff5c92a43377,D,DA37320004,Lap Belt Only,M,44f85357-3a66-447e-bfea-60684dc86a88,Same Movement Angle,N,Intersection,Right Turn Lane,Dark - Unknown Lighting,No Defects,"Two-way, Not Divided",Slush,Clear,Four o'clock,Other Bus,Superficial,N,Moving Constant Speed,2015-01-28 06:00,65,38.84899133,-76.90300941
6859,N,Apparently Normal,No Misuse,Y,No Injury,e63b7acd-d8a6-404b-af4c-1eb5f4115c69,D,DA37320004,Shoulder/Lap Belt(s),M,2bdf9a3b-5ac8-4340-8539-24dae6700231,Same Movement Angle,N,Intersection,Right Turn Lane,Dark - Unknown Lighting,No Defects,"Two-way, Not Divided",Slush,Clear,Twelve o'clock,Passenger Car,Disabling,N,Moving Constant Speed,2015-01-28 06:00,35,38.84899133,-76.90300941
6860,N,Apparently Normal,No Misuse,Y,No Injury,211bdf77-bcfb-476d-a510-9603a69f74cf,D,DA37340002,Shoulder/Lap Belt(s),M,88622adf-3146-4a58-b37f-3be6223b4fe8,Single Vehicle ,N,Interchange Related,Shoulder Area,Dark Lights On,No Defects,One-way Trafficway,Dry,Cloudy,One o'clock,Passenger Car,Disabling,N,Moving Constant Speed,2015-01-03 06:31,26,38.99521475,-76.90031648
6861,N,Apparently Normal,No Misuse,N,No Injury,f5899a9c-9dfd-4e76-a9f2-4231bb31fd2c,D,DA37470008,Shoulder/Lap Belt(s),M,0c07e24b-f352-4a7d-a019-fb2aa7ff52d9,Opposite Direction Sideswipe,N,Intersection Related,Right Turn Lane,Daylight,No Defects,"Two-way, Not Divided",Dry,Clear,Twelve o'clock,(Sport) Utility Vehicle,Disabling,N,Moving Constant Speed,2015-01-17 16:20,35,39.00092635,-76.94108605
6862,N,Apparently Normal,No Misuse,Y,No Injury,dbb43ce3-c2a1-4f49-8853-ef5fe539aece,D,DA37470008,Shoulder/Lap Belt(s),M,e74b05e5-3a4c-43c3-bc83-4adae1311bbd,Opposite Direction Sideswipe,N,Intersection Related,Right Turn Lane,Daylight,No Defects,"Two-way, Not Divided",Dry,Clear,One o'clock,Passenger Car,Disabling,N,Accelerating,2015-01-17 16:20,22,39.00092635,-76.94108605
6863,N,Apparently Normal,No Misuse,N,No Injury,a22e994b-bf13-4b1c-bb2f-b261a1024d12,D,DA3747000B,Shoulder/Lap Belt(s),M,7f889693-365b-4eba-9056-1ea48728f44a,Same Movement Angle,N,Intersection Related,Left Turn Lane,Dark Lights On,No Defects,"Two-way, Not Divided",Dry,Clear,Twelve o'clock,Passenger Car,Disabling,N,Making Right Turn,2015-02-27 03:00,19,38.97672602,-76.92332983
6864,N,Apparently Normal,No Misuse,Y,No Injury,9c7179f1-a266-44e7-a9cb-ea76a127934d,D,DA3747000D,Lap Belt Only,M,7c1c9870-84bc-49ce-a7d4-d3128327e08c,Same Direction Sideswipe,N,Non Intersection,Right Turn Lane,Daylight,No Defects,"Two-way, Not Divided",Dry,Cloudy,Four o'clock,Fire Vehicle/Emergency,Functional,N,Slowing or Stopping,2015-03-24 15:04,40,38.95713955,-76.87916994
6865,N,Apparently Normal,No Misuse,N,No Injury,c68bc471-189e-49a6-bd05-900a0af8a716,D,DA37560009,Shoulder/Lap Belt(s),M,1e09de53-80b8-4487-9553-1f959718ce44,Head On,N,Non Intersection,Left Turn Lane,Daylight,No Defects,"Two-way, Divided, Unprotected (painted >4 feet) Median",Dry,Cloudy,Twelve o'clock,Passenger Car,Disabling,N,Slowing or Stopping,2015-03-21 09:10,51,38.99141232,-76.83610439
6866,Y,Apparently Normal,No Misuse,Y,Non-incapacitating Injury,a649725a-6115-42fd-85d8-77cbe032a520,D,DA37560009,Shoulder/Lap Belt(s),M,226c8197-86d9-4ff0-8d06-85750d5efd34,Head On,N,Non Intersection,Left Turn Lane,Daylight,No Defects,"Two-way, Divided, Unprotected (painted >4 feet) Median",Dry,Cloudy,Twelve o'clock,Passenger Car,Disabling,N,Moving Constant Speed,2015-03-21 09:10,41,38.99141232,-76.83610439
6867,N,Apparently Normal,No Misuse,Y,No Injury,26faccb3-bfc7-451c-8295-d616fc5c45ac,D,DA3759000B,Shoulder/Lap Belt(s),M,e0e9a1c8-380c-4bc8-aaf7-bf3b857b56c0,Single Vehicle ,N,Intersection,Right Turn Lane,Daylight,No Defects,"Two-way, Not Divided",Dry,Clear,Twelve o'clock,Passenger Car,Disabling,N,Moving Constant Speed,2015-03-09 15:48,38,38.97,-76.85
6868,N,Apparently Normal,No Misuse,Y,No Injury,8b71989d-1b36-4298-8ca5-bf38d93616d1,D,DA37700008,Shoulder/Lap Belt(s),M,060a44cb-59d2-4330-b8c9-d8b47d7e62dd,Same Direction Rear End,N,Non Intersection,Acceleration Lane,Daylight,No Defects,"Two-way, Divided, Positive Median Barrier",Dry,Clear,One o'clock,Pickup Truck,Superficial,N,Moving Constant Speed,2015-01-10 13:50,36,38.88811002,-76.88022137
6869,N,Apparently Normal,No Misuse,N,Possible Incapacitating Injury,1597a276-71ef-4f59-9277-070af97be2aa,D,DA37700008,Shoulder/Lap Belt(s),M,841e34e0-ca1f-42d4-a586-e71e48db9626,Same Direction Rear End,N,Non Intersection,Acceleration Lane,Daylight,No Defects,"Two-way, Divided, Positive Median Barrier",Dry,Clear,Six o'clock,Passenger Car,Superficial,N,Slowing or Stopping,2015-01-10 13:50,85,38.88811002,-76.88022137
6870,N,Apparently Normal,No Misuse,Y,No Injury,c2a8e681-6cd7-41b6-824b-7eed12e54f3b,D,DA37720003,Shoulder/Lap Belt(s),M,cad1cbbb-383d-496d-9080-b2ae156c437c,Single Vehicle ,N,Non Intersection,Right Turn Lane,Dark Lights On,No Defects,"Two-way, Divided, Positive Median Barrier",Dry,Clear,Eleven o'clock,Passenger Car,Disabling,N,Moving Constant Speed,2015-01-01 05:00,21,38.82000808,-76.88827872
6871,N,Apparently Normal,No Misuse,N,No Injury,35b0f20a-f936-4c38-84ae-a540aed1fc45,D,DA37760009,Shoulder/Lap Belt(s),M,09b8d5a4-f643-44b9-9489-a137153c83a0,Same Direction Rear End Left Turn,N,Intersection Related,Right Turn Lane,Dark Lights On,No Defects,"Two-way, Not Divided",Wet,Raining,Six o'clock,Van,Superficial,N,Making Left Turn,2015-01-21 18:20,61,38.98623368,-76.82123423
6872,N,Apparently Normal,No Misuse,N,No Injury,5e69b515-e581-457d-b21a-44ff4c6396c9,D,DA37800007,Shoulder/Lap Belt(s),M,2b5778ae-fe38-4221-9d31-e6c3ef64b6ee,Head On Left Turn,N,Intersection,Right Turn Lane,Daylight,No Defects,"Two-way, Divided, Unprotected (painted >4 feet) Median",Snow,Clear,Eleven o'clock,Passenger Car,Disabling,N,Stopped in Traffic Lane,2015-03-02 09:01,40,39.03324447,-76.84124351
6873,N,Apparently Normal,No Misuse,N,No Injury,89270485-15be-4aaa-93a9-d588296c6dc0,D,DA3782000B,Shoulder/Lap Belt(s),M,8050f141-4373-4373-8421-7154e0f2bf01,Same Direction Rear End,N,Intersection Related,Acceleration Lane,Dark Lights On,No Defects,"Two-way, Divided, Positive Median Barrier",Dry,Clear,Six o'clock,(Sport) Utility Vehicle,Superficial,N,Stopped in Traffic Lane,2015-03-16 22:24,31,39.05138515,-76.92461729
6874,N,Apparently Normal,No Misuse,Y,No Injury,904dae78-1bc0-403d-a7e9-cdecf8bab940,D,DA3782000B,Shoulder/Lap Belt(s),M,3574fb2b-6059-4629-956d-4733db763fda,Same Direction Rear End,N,Intersection Related,Acceleration Lane,Dark Lights On,No Defects,"Two-way, Divided, Positive Median Barrier",Dry,Clear,Twelve o'clock,(Sport) Utility Vehicle,Superficial,N,Slowing or Stopping,2015-03-16 22:24,54,39.05138515,-76.92461729
6875,N,Apparently Normal,No Misuse,N,No Injury,ce5bb733-6869-4159-9586-1392b2be9623,D,DA37830003,Shoulder/Lap Belt(s),M,705a4477-1b12-4151-b2e3-a7d922d6891a,Same Direction Rear End,N,Non Intersection,Acceleration Lane,Dark Lights On,No Defects,"Two-way, Divided, Positive Median Barrier",Wet,Raining,Six o'clock,Pickup Truck,Superficial,N,Stopped in Traffic Lane,2015-03-04 18:38,75,38.91619737,-76.8329072
6876,Y,Apparently Normal,No Misuse,Y,No Injury,39a306f5-1853-46dc-947b-3745975ebc1c,D,DA37920002,Lap Belt Only,M,a46a5d14-699c-41f7-9cf2-ad5012262cbc,Single Vehicle ,N,Intersection,Right Turn Lane,Daylight,No Defects,"Two-way, Divided, Positive Median Barrier",Wet,Raining,Underside,Ambulance/Emergency,Disabling,N,Moving Constant Speed,2015-03-03 14:59,22,38.89611822,-76.90686107
6877,Y,Apparently Normal,No Misuse,N,No Injury,ac801491-4f8a-460f-b632-d92a91c2fd4a,D,DA3804000G,Shoulder/Lap Belt(s),M,b1de7d9d-e6a7-4a28-9ceb-990c7287d45a,Same Direction Rear End,N,Non Intersection,Right Turn Lane,Daylight,No Defects,"Two-way, Not Divided",Dry,Clear,Six o'clock,Passenger Car,Superficial,N,Slowing or Stopping,2015-02-26 10:18,36,39.03409661,-76.94387019
6878,N,Apparently Normal,No Misuse,N,No Injury,98cf4e18-f284-44ba-aa77-70e7365454f9,D,DA38080005,Shoulder/Lap Belt(s),M,d3d451b4-537c-4f6c-bbe7-946abec76e42,Same Movement Angle,N,Intersection,Deceleration Lane,Dark Lights On,No Defects,"Two-way, Divided, Positive Median Barrier",Dry,Clear,Twelve o'clock,Passenger Car,Superficial,N,Moving Constant Speed,2015-02-13 18:11,49,38.97409034,-76.99548125