KEY_INDEX,CDL_FLAG,CONDITION_CODE,EQUIP_PROB_CODE,FAULT_FLAG,INJ_SEVER_CODE,PERSON_ID,PERSON_TYPE,REPORT_NO,SAF_EQUIP_CODE,SEX_CODE,VEHICLE_ID,COLLISION_TYPE_CODE,C_M_ZONE_FLAG,JUNCTION_CODE,LANE_CODE,LIGHT_CODE,RD_COND_CODE,RD_DIV_CODE,SURF_COND_CODE,WEATHER_CODE,AREA_DAMAGED_CODE_MAIN,BODY_TYPE_CODE,DAMAGE_CODE,HIT_AND_RUN_FLAG,MOVEMENT_CODE,TIME,AGE,LATITUDE,LONGITUDE
6879,N,Apparently Normal,No Misuse,Y,No Injury,c7bd9a04-ac93-4c15-8f0c-3dcafccc6831,D,DA38200009,Shoulder/Lap Belt(s),M,1c8b1505-a482-434a-bf3a-eac2de8ef8dd,Same Movement Angle,N,Intersection,Left Turn Lane,Dark Lights On,No Defects,"Two-way, Divided, Positive Median Barrier",Dry,Clear,Eleven o'clock,Passenger Car,Destroyed,N,Moving Constant Speed,2015-03-16 20:36,62,38.98816008,-76.81819797
6880,N,Apparently Normal,No Misuse,N,Non-incapacitating Injury,fa1169b7-2108-4337-8fe0-0953cd62855c,D,DA38200009,Shoulder/Lap Belt(s),M,6a58b34f-68a4-4649-b4f0-c83203d47625,Same Movement Angle,N,Intersection,Left Turn Lane,Dark Lights On,No Defects,"Two-way, Divided, Positive Median Barrier",Dry,Clear,Twelve o'clock,Passenger Car,Disabling,N,Accelerating,2015-03-16 20:36,34,38.98816008,-76.81819797
6881,N,Apparently Normal,No Misuse,N,No Injury,ba7e4d2d-ade7-4107-8855-71f22ae2ca63,D,DA38210004,Shoulder/Lap Belt(s),M,2d95cb00-98ea-4f89-a7ea-7dd28cb9aa61,Single Vehicle ,N,Non Intersection,Right Turn Lane,Dawn,No Defects,"Two-way, Not Divided",Snow,Snow,Twelve o'clock,Passenger Car,Disabling,N,Slowing or Stopping,2015-01-06 07:00,27,38.98550814,-76.82619095
6882,N,Apparently Normal,No Misuse,Y,No Injury,40c85c64-a94c-4ae5-97f2-3d916884ef42,D,DA38220008,Shoulder/Lap Belt(s),M,3ff82274-d2b6-4ead-b25e-cbbd057d6022,Single Vehicle ,N,Non Intersection,Right Turn Lane,Dark Lights On,No Defects,"Two-way, Divided, Unprotected (painted >4 feet) Median",Ice,Wintry Mix,Two o'clock,Passenger Car,Disabling,N,Moving Constant Speed,2015-01-26 21:49,25,38.83141935,-76.98449761
6883,N,Apparently Normal,No Misuse,Y,Possible Incapacitating Injury,efdef296-a806-452f-8014-5d1acadaccf2,D,DA38290004,Shoulder/Lap Belt(s),M,7e0c9bf9-95c0-47a2-beb5-eb5db3da1973,Same Movement Angle,N,Intersection,Right Turn Lane,Dark Lights On,No Defects,"Two-way, Not Divided",Dry,Clear,Eleven o'clock,Passenger Car,Destroyed,N,Making Left Turn,2015-01-16 18:47,79,38.93641271,-76.84668303
6884,N,Apparently Normal,No Misuse,Y,No Injury,9eb1da95-f26d-4a88-a72f-4219a5f54d80,D,DA38290006,Shoulder/Lap Belt(s),M,2a16cefd-782a-4998-b5f1-ca8c139de10e,Single Vehicle ,N,Non Intersection,Right Turn Lane,Dark No Lights,No Defects,"Two-way, Not Divided",Dry,Clear,One o'clock,Passenger Car,Disabling,N,Moving Constant Speed,2015-02-28 00:55,23,38.91591355,-76.75677538
6885,N,Apparently Normal,No Misuse,Y,No Injury,6764c744-09d7-4f03-87e8-ecd25a3b8bb6,D,DA38400002,Shoulder/Lap Belt(s),M,d6ef92cd-1c40-46e3-9651-7c93d1870ce3,Single Vehicle ,N,Non Intersection,Right Turn Lane,Daylight,No Defects,"Two-way, Divided, Unprotected (painted >4 feet) Median",Dry,Clear,Twelve o'clock,Pickup Truck,Disabling,N,Accelerating,2015-02-06 16:27,53,38.75575661,-76.99270248
6886,N,Apparently Normal,No Misuse,N,No Injury,ab293f29-1cf4-4e8a-8c67-3f7b5cfbeca7,D,DA38400004,Shoulder/Lap Belt(s),M,cab5186e-c2a9-4b8f-80bc-d6aa0e89152d,Same Direction Sideswipe,N,Intersection Related,Right Turn Lane,Dark Lights On,No Defects,"Two-way, Not Divided",Ice,Clear,Ten o'clock,Passenger Car,Functional,Y,Parked  ,2015-02-22 21:00,29,38.71289014,-76.99537396
6887,N,Apparently Normal,No Misuse,Y,No Injury,a1c7b82a-5fdc-4245-9361-c3cd98d5a360,D,DA38400004,Shoulder/Lap Belt(s),M,3d7f8b17-2e12-456e-8900-939e4c3079e7,Same Direction Sideswipe,N,Intersection Related,Right Turn Lane,Dark Lights On,No Defects,"Two-way, Not Divided",Ice,Clear,Two o'clock,Passenger Car,Functional,Y,Moving Constant Speed,2015-02-22 21:00,19,38.71289014,-76.99537396
6888,N,Apparently Normal,No Misuse,N,No Injury,a5530b13-0694-4083-a6e0-161026023eeb,D,DA38490006,Shoulder/Lap Belt(s),M,f3c0ce63-6043-400b-b87b-e58656a62480,Head On Left Turn,N,Intersection Related,Right Turn Lane,Dusk,No Defects,"Two-way, Not Divided",Dry,Clear,Twelve o'clock,Passenger Car,Disabling,N,Moving Constant Speed,2015-02-06 20:00,60,38.86701216,-76.82767153
6889,N,Apparently Normal,No Misuse,Y,No Injury,d3c5eded-8018-495d-9cba-d2227b4aec42,D,DA38490006,Shoulder/Lap Belt(s),M,14fed4ed-ff00-4965-a387-e70df64c56bc,Head On Left Turn,N,Intersection Related,Right Turn Lane,Dusk,No Defects,"Two-way, Not Divided",Dry,Clear,One o'clock,(Sport) Utility Vehicle,Functional,N,Making Left Turn,2015-02-06 20:00,27,38.86701216,-76.82767153
6890,N,Apparently Normal,No Misuse,Y,No Injury,6f111247-dec0-40de-ac90-8e2688d0e405,D,DA3851000G,Shoulder/Lap Belt(s),M,524d247a-addc-4abd-b8cc-abe500c84725,Head On Left Turn,N,Intersection,Right Turn Lane,Dark Lights On,No Defects,"Two-way, Not Divided",Wet,Raining,Twelve o'clock,Van,Superficial,N,Making Left Turn,2015-03-26 21:01,27,38.98786821,-76.98123336
6891,N,Apparently Normal,No Misuse,N,Non-incapacitating Injury,902ab7cf-3ecc-406d-8daa-126c2433bb70,D,DA3851000G,Shoulder/Lap Belt(s),M,b6182411-1cdf-4c61-98ff-02fbe3415964,Head On Left Turn,N,Intersection,Right Turn Lane,Dark Lights On,No Defects,"Two-way, Not Divided",Wet,Raining,Eleven o'clock,Passenger Car,Disabling,N,Accelerating,2015-03-26 21:01,44,38.98786821,-76.98123336
6892,N,Apparently Normal,No Misuse,Y,No Injury,aafbf07c-ffea-44b0-a3d0-089141eb832f,D,DA38530005,Shoulder/Lap Belt(s),M,bdbbaa74-3ca7-4ed5-ac3d-1e24d105e63b,Head On Left Turn,N,Intersection,Right Turn Lane,Daylight,No Defects,"Two-way, Divided, Unprotected (painted >4 feet) Median",Dry,Clear,Five o'clock,Passenger Car,Superficial,N,Making Right Turn,2015-02-03 12:30,37,38.86208341,-76.8703723
6893,Y,Apparently Normal,No Misuse,Y,No Injury,c2e1a2cb-536e-4628-bb53-45af6a293a59,D,DA38540004,Shoulder/Lap Belt(s),M,a21979d0-4294-4143-831b-d9c8f8829d08,Single Vehicle ,N,Non Intersection,Left Turn Lane,Daylight,No Defects,"Two-way, Not Divided",Wet,Clear,Twelve o'clock,"Medium/Heavy Truck 2 axles (10,000 lbs (4,536 kg) or less)",Superficial,N,Slowing or Stopping,2015-02-02 12:17,55,38.90910979,-76.89459801
6894,N,Apparently Normal,No Misuse,N,No Injury,a83a8073-d182-4321-ad61-72b9e002b8f3,D,DA38550006,Shoulder/Lap Belt(s),M,a637d9ce-8565-4b11-a2e3-3454ba5a19ef,Head On Left Turn,N,Intersection,Right Turn Lane,Dark Lights On,No Defects,"Two-way, Divided, Positive Median Barrier",Dry,Clear,Four o'clock,Pickup Truck,Functional,N,Making Left Turn,2015-01-01 06:11,66,39.01437388,-76.92773938
6895,N,Apparently Normal,No Misuse,Y,No Injury,3098c5d0-798b-4cb7-b264-dece3a832a6c,D,DA38550006,Shoulder/Lap Belt(s),M,ebb8f3ef-e9ae-4199-a311-43f65131ef20,Head On Left Turn,N,Intersection,Right Turn Lane,Dark Lights On,No Defects,"Two-way, Divided, Positive Median Barrier",Dry,Clear,Twelve o'clock,Station Wagon,Disabling,N,Accelerating,2015-01-01 06:11,59,39.01437388,-76.92773938
6896,N,Apparently Normal,No Misuse,N,Non-incapacitating Injury,8384e481-2af2-47c3-a0e8-1aca0d413495,D,DA38550006,Shoulder/Lap Belt(s),M,eeef9512-f688-43f8-9d5d-656897932b40,Head On Left Turn,N,Intersection,Right Turn Lane,Dark Lights On,No Defects,"Two-way, Divided, Positive Median Barrier",Dry,Clear,Two o'clock,Pickup Truck,Disabling,N,Making Left Turn,2015-01-01 06:11,60,39.01437388,-76.92773938
6897,N,Apparently Normal,No Misuse,Y,No Injury,5dda32c7-9089-43e0-92c6-78f4913f4c29,D,DA38550009,Shoulder/Lap Belt(s),M,6989cb44-a0ec-49ea-8e12-e445acc6d585,Angle Meets Right Turn,N,Intersection,Left Turn Lane,Dark Lights On,No Defects,"Two-way, Divided, Positive Median Barrier",Wet,Raining,Eight o'clock,Passenger Car,Superficial,N,Making Right Turn,2015-01-23 18:55,22,38.99820818,-76.92561507
6898,N,Apparently Normal,No Misuse,Y,No Injury,67a16ef3-e0bc-47e7-815a-e642717bc5cc,D,DA38560007,Shoulder/Lap Belt(s),M,cdab0b66-4edf-4790-a661-76321720abad,Single Vehicle ,N,Non Intersection,Right Turn Lane,Dark Lights On,No Defects,"Two-way, Not Divided",Dry,Clear,One o'clock,Passenger Car,Destroyed,N,Moving Constant Speed,2015-01-15 17:32,18,38.67587808,-76.94413304
6899,N,Apparently Normal,No Misuse,N,No Injury,4a839151-45a8-4175-ba08-54037415658e,D,DA38590003,Shoulder/Lap Belt(s),M,4b0cf808-d14e-4328-9073-58ffcc6c7708,Head On,N,Non Intersection,Right Turn Lane,Daylight,No Defects,"Two-way, Not Divided",Ice,Clear,Twelve o'clock,Passenger Car,Functional,N,Moving Constant Speed,2015-03-06 07:15,42,38.96201165,-76.980021
6900,N,Apparently Normal,No Misuse,Y,No Injury,e2fbf204-9cb3-4fec-bb6e-a16be5457af9,D,DA38590003,Shoulder/Lap Belt(s),M,1ac69f21-3df2-4da4-80c8-692eb9c30091,Head On,N,Non Intersection,Right Turn Lane,Daylight,No Defects,"Two-way, Not Divided",Ice,Clear,Twelve o'clock,Pickup Truck,Superficial,N,Moving Constant Speed,2015-03-06 07:15,36,38.96201165,-76.980021
6901,N,Apparently Normal,No Misuse,N,No Injury,7f0ea8e4-2206-46ff-b0f3-4ecb25a786cc,D,DA3866000C,Shoulder/Lap Belt(s),M,642f69fc-f7e5-4750-945d-23671cceda76,Same Movement Angle,N,Intersection,Right Turn Lane,Daylight,No Defects,"Two-way, Divided, Positive Median Barrier",Dry,Clear,One o'clock,Passenger Car,Superficial,N,Making Left Turn,2015-03-19 14:20,52,38.8153603,-76.99837804
6902,N,Apparently Normal,No Misuse,Y,No Injury,413b32e7-99d7-4e0c-bc78-77ca35d55eff,D,DA3866000G,Shoulder/Lap Belt(s),M,590db44b-e97a-4c90-b76b-fa0cdbea96a0,Same Movement Angle,N,Non Intersection,Left Turn Lane,Daylight,No Defects,"Two-way, Not Divided",Dry,Clear,Twelve o'clock,Pickup Truck,Functional,N,Moving Constant Speed,2015-03-29 13:30,53,38.80264423,-76.98860407
6903,N,Apparently Normal,No Misuse,N,Non-incapacitating Injury,ecab33cb-1df3-411a-a959-0d724570d6e9,D,DA3866000G,Shoulder/Lap Belt(s),M,7d7c5156-5327-4e3f-9d67-c253130cf0da,Same Movement Angle,N,Non Intersection,Left Turn Lane,Daylight,No Defects,"Two-way, Not Divided",Dry,Clear,Nine o'clock,Passenger Car,Disabling,N,Moving Constant Speed,2015-03-29 13:30,41,38.80264423,-76.98860407
6904,N,Apparently Normal,No Misuse,N,No Injury,6bfc2371-d6ad-4ee1-bdff-91b210065ab4,D,DA38710007,Shoulder/Lap Belt(s),M,6260405d-a2d8-472c-bae0-b17bddbeefee,Same Direction Rear End,N,Non Intersection,Right Turn Lane,Daylight,No Defects,"Two-way, Not Divided",Dry,Clear,Six o'clock,Passenger Car,Superficial,N,Moving Constant Speed,2015-03-07 09:30,40,38.96532349,-76.85866714
6905,N,Apparently Normal,No Misuse,Y,No Injury,42951b93-9e89-4dde-ad28-3af0b22f2d81,D,DA38710007,Shoulder/Lap Belt(s),M,f91541e3-88e3-46ec-8098-a0fd002eec6b,Same Direction Rear End,N,Non Intersection,Right Turn Lane,Daylight,No Defects,"Two-way, Not Divided",Dry,Clear,Twelve o'clock,Passenger Car,Disabling,N,Accelerating,2015-03-07 09:30,29,38.96532349,-76.85866714
6906,N,Apparently Normal,No Misuse,N,No Injury,f4dabd2e-f2d4-437a-b4fe-832a3b9ce814,D,DA38730006,Shoulder/Lap Belt(s),M,428d42d9-2a50-41fe-b0a8-56c182b6a5db,Same Movement Angle,N,Intersection,Right Turn Lane,Daylight,No Defects,"Two-way, Not Divided",Dry,Cloudy,Eleven o'clock,Passenger Car,Superficial,N,Moving Constant Speed,2015-01-29 13:38,19,38.98088161,-76.97240353
6907,N,Apparently Normal,No Misuse,Y,No Injury,11d554ea-6fd8-4b47-8765-40b1a08e4f31,D,DA38730006,Shoulder/Lap Belt(s),M,6cd26eb2-b892-424c-95b7-4bbfa93c37a5,Same Movement Angle,N,Intersection,Right Turn Lane,Daylight,No Defects,"Two-way, Not Divided",Dry,Cloudy,Four o'clock,Passenger Car,Superficial,N,Starting From Lane,2015-01-29 13:38,48,38.98088161,-76.97240353
6908,N,Apparently Normal,No Misuse,N,No Injury,84dc5a19-f8a4-4883-aa96-4efbc850ee56,D,DA38730007,Shoulder/Lap Belt(s),M,c00535af-2704-45ec-a11a-16cb762b1299,Same Direction Sideswipe,N,Commercial Driveway,Left Turn Lane,Dark Lights On,No Defects,"Two-way, Divided, Positive Median Barrier",Dry,Clear,Six o'clock,Passenger Car,Superficial,N,Slowing or Stopping,2015-02-03 18:38,56,38.98456994,-76.98069155
6909,N,Apparently Normal,No Misuse,Y,No Injury,5fae1947-8a48-4ba3-ad75-d3ae7baee4e2,D,DA38730007,Shoulder/Lap Belt(s),M,232fc18b-bbcc-466b-9e25-4e93c87e5ee4,Same Direction Sideswipe,N,Commercial Driveway,Left Turn Lane,Dark Lights On,No Defects,"Two-way, Divided, Positive Median Barrier",Dry,Clear,One o'clock,(Sport) Utility Vehicle,Superficial,N,Passing,2015-02-03 18:38,33,38.98456994,-76.98069155
6910,N,Apparently Normal,No Misuse,Y,No Injury,68c677ef-6f6c-4b97-a65e-8ef254ab179b,D,DA38750002,Shoulder/Lap Belt(s),M,3c8e8573-726f-4e39-9412-8d6967e9ef69,Single Vehicle ,N,Non Intersection,Right Turn Lane,Dark No Lights,No Defects,One-way Trafficway,Wet,Clear,Twelve o'clock,Passenger Car,Disabling,N,Moving Constant Speed,2015-03-03 23:33,24,38.74960691,-76.87430978
6911,N,Apparently Normal,No Misuse,N,No Injury,4d85b728-0425-4589-bba3-1bd5c13380a7,D,DA38830003,Shoulder/Lap Belt(s),M,162a1188-f2b3-4f97-8512-761dbaa541e6,Head On Left Turn,N,Intersection,Right Turn Lane,Dark Lights On,No Defects,"Two-way, Divided, Positive Median Barrier",Dry,Clear,Twelve o'clock,Passenger Car,Disabling,N,Moving Constant Speed,2015-03-29 04:00,25,38.93634595,-76.91990733
6912,N,Apparently Normal,No Misuse,Y,No Injury,f552f6df-5875-4cf1-9f6f-edac4481a99a,D,DA38830003,Shoulder/Lap Belt(s),M,63a2c63e-25be-4c9a-8b0c-221eec727bed,Head On Left Turn,N,Intersection,Right Turn Lane,Dark Lights On,No Defects,"Two-way, Divided, Positive Median Barrier",Dry,Clear,Four o'clock,Pickup Truck,Functional,N,Making Left Turn,2015-03-29 04:00,53,38.93634595,-76.91990733
6913,N,Apparently Normal,No Misuse,N,No Injury,d086a3af-11cf-40c0-b34f-d1f1a414ea5b,D,DA38860006,Shoulder/Lap Belt(s),M,8cda3c02-8dc6-4158-9b12-e7d45193a563,Single Vehicle ,N,Non Intersection,Right Turn Lane,Daylight,No Defects,"Two-way, Not Divided",Dry,Clear,Twelve o'clock,Passenger Car,Disabling,N,Moving Constant Speed,2015-03-16 15:49,26,38.87663059,-76.83723629
6914,N,Apparently Normal,No Misuse,N,No Injury,2631f05d-63dc-4e2a-b62f-2cca185566fa,D,DA3888000F,Shoulder/Lap Belt(s),M,cb4c8b67-1599-46c8-a6df-f35556825f09,Same Direction Left Turn,N,Intersection,Right Turn Lane,Daylight,No Defects,"Two-way, Not Divided",Dry,Clear,Three o'clock,Van,Superficial,N,Slowing or Stopping,2015-01-28 08:54,39,38.80302884,-76.98922634
6915,Y,Apparently Normal,No Misuse,Y,No Injury,97059eb0-8732-47fb-9f6a-58e16fcc8159,D,DA3888000F,Shoulder/Lap Belt(s),M,f7889f4c-426d-49e7-832f-954a9fe73b29,Same Direction Left Turn,N,Intersection,Right Turn Lane,Daylight,No Defects,"Two-way, Not Divided",Dry,Clear,Eleven o'clock,School Bus,Superficial,N,Changing Lanes,2015-01-28 08:54,31,38.80302884,-76.98922634
6916,N,Apparently Normal,No Misuse,N,No Injury,3bd569ec-b2bd-4837-a710-27d7cdaf19b8,D,DA3888000G,Shoulder/Lap Belt(s),M,ba314a10-e713-4f6d-97b0-b5d6d49a2c3b,Same Movement Angle,N,Intersection,Right Turn Lane,Daylight,No Defects,"Two-way, Not Divided",Dry,Clear,Eleven o'clock,Passenger Car,Disabling,N,Moving Constant Speed,2015-01-28 11:57,85,38.75776456,-76.99673653
6917,N,Apparently Normal,No Misuse,Y,No Injury,a88607ab-12b1-4015-a4df-a66c1844a77d,D,DA3888000G,Shoulder/Lap Belt(s),M,3eb16cbf-8c3b-4bcf-ba6d-435a377e1a93,Same Movement Angle,N,Intersection,Right Turn Lane,Daylight,No Defects,"Two-way, Not Divided",Dry,Clear,Twelve o'clock,Passenger Car,Disabling,N,Moving Constant Speed,2015-01-28 11:57,67,38.75776456,-76.99673653
6918,N,Apparently Normal,No Misuse,N,No Injury,4a156b35-74fe-4a83-9fac-2393fdad9a81,D,DA3888000H,Shoulder/Lap Belt(s),M,46f73c15-b17e-489b-88b9-6e87a11b602d,Head On Left Turn,N,Commercial Driveway,Left Turn Lane,Daylight,No Defects,"Two-way, Not Divided",Dry,Clear,Twelve o'clock,Passenger Car,Superficial,N,Moving Constant Speed,2015-01-28 13:53,79,38.80363084,-76.98761702
6919,N,Apparently Normal,No Misuse,Y,No Injury,ee84dc96-d181-4482-a1b8-05efcbd4dc80,D,DA38890006,Shoulder/Lap Belt(s),M,81ed9573-f788-43bd-8319-5e71f762b45c,Same Direction Rear End,N,Intersection,Acceleration Lane,Daylight,No Defects,"Two-way, Divided, Positive Median Barrier",Wet,Cloudy,Twelve o'clock,(Sport) Utility Vehicle,Functional,N,Slowing or Stopping,2015-03-14 14:15,46,38.95730641,-76.8646431
6920,N,Apparently Normal,No Misuse,N,No Injury,9ef7607f-a142-4cdb-828e-ddc75bbc2c1f,D,DA3890000D,Shoulder/Lap Belt(s),M,abc4bb30-e89d-4e2f-8c85-86bff39eaf62,Same Direction Rear End,N,Non Intersection,Right Turn Lane,Daylight,No Defects,"Two-way, Divided, Positive Median Barrier",Snow,Blowing Snow,Five o'clock,Passenger Car,Disabling,N,Slowing or Stopping,2015-02-19 15:03,53,39.07602219,-76.8857789
6921,N,Apparently Normal,No Misuse,Y,No Injury,a1580cfb-e05a-459d-b41b-920a7cf32eb5,D,DA3893000F,Shoulder/Lap Belt(s),M,50f4cee0-1adb-456d-81f1-d7662e7d755e,Single Vehicle ,N,Non Intersection,Right Turn Lane,Daylight,No Defects,"Two-way, Not Divided",Dry,Clear,Roof Top,Passenger Car,Destroyed,N,Accelerating,2015-01-07 12:39,25,38.84322989,-76.8498373
6922,N,Apparently Normal,No Misuse,N,No Injury,2a5f2102-8432-4e86-9809-e027b0af03be,D,DA3896000C,Shoulder/Lap Belt(s),M,2bbdd841-1a67-40be-9f26-275570b8985b,Same Direction Rear End,N,Intersection Related,Right Turn Lane,Dark Lights On,No Defects,"Two-way, Divided, Positive Median Barrier",Dry,Clear,Six o'clock,Passenger Car,Superficial,N,Stopped in Traffic Lane,2015-01-17 23:17,39,38.9891858,-76.98771358
6923,N,Apparently Normal,No Misuse,Y,No Injury,744649e9-91c0-4f0f-a16e-69224b813c59,D,DA3896000C,Shoulder/Lap Belt(s),M,97965097-8063-4860-94ac-b6dfbdb9a000,Same Direction Rear End,N,Intersection Related,Right Turn Lane,Dark Lights On,No Defects,"Two-way, Divided, Positive Median Barrier",Dry,Clear,Twelve o'clock,Passenger Car,Superficial,Y,Slowing or Stopping,2015-01-17 23:17,26,38.9891858,-76.98771358
6924,N,Apparently Normal,No Misuse,N,No Injury,701c7f3b-7ed6-46ca-b9a6-b63dbc989ea3,D,DA3896000F,Shoulder/Lap Belt(s),M,26e63beb-9f60-4fdd-8722-32c05f5acf87,Same Movement Angle,N,Intersection,Right Turn Lane,Daylight,No Defects,"Two-way, Divided, Positive Median Barrier",Dry,Clear,Ten o'clock,Passenger Car,Functional,N,Moving Constant Speed,2015-02-07 12:00,44,38.99344698,-76.98774576
6925,N,Apparently Normal,No Misuse,N,No Injury,132a2642-5c89-4ba4-814b-d24a55f71c40,D,DA3896000H,Shoulder/Lap Belt(s),M,28be887f-e3d8-4458-a9fd-98bd24e53c14,Same Direction Rear End,N,Intersection,Left Turn Lane,Dark Lights On,No Defects,"Two-way, Divided, Positive Median Barrier",Dry,Clear,Six o'clock,(Sport) Utility Vehicle,Functional,N,Stopped in Traffic Lane,2015-02-26 21:46,23,38.98534135,-76.98197365
6926,N,Had Been Drinking,No Misuse,Y,No Injury,51f407f6-c8c5-4d44-b20e-aa4b97519b44,D,DA3896000H,Shoulder/Lap Belt(s),M,bc3b5b8d-51de-4942-9179-2e53f317ff5e,Same Direction Rear End,N,Intersection,Left Turn Lane,Dark Lights On,No Defects,"Two-way, Divided, Positive Median Barrier",Dry,Clear,Twelve o'clock,Passenger Car,Disabling,Y,Moving Constant Speed,2015-02-26 21:46,28,38.98534135,-76.98197365
6927,N,Apparently Normal,No Misuse,Y,No Injury,235fbdb4-5f16-4356-b66b-d51fc449fd2a,D,DA38980007,Shoulder/Lap Belt(s),M,3f877d3a-9314-4445-8306-d75af87191e2,Same Direction Rear End,N,Non Intersection,Right Turn Lane,Dark Lights On,No Defects,"Two-way, Not Divided",Dry,Clear,One o'clock,Passenger Car,Functional,N,Moving Constant Speed,2015-01-20 02:52,30,38.74293786,-76.90421104
6928,N,Apparently Normal,No Misuse,Y,No Injury,9ea779b6-f357-44ff-a77a-b144bc726d52,D,DA38980008,Shoulder/Lap Belt(s),M,e837c2f0-3b82-4714-b0b2-22ab4d9e050e,Single Vehicle ,N,Non Intersection,Right Turn Lane,Dark Lights On,No Defects,"Two-way, Not Divided",Snow,Snow,One o'clock,Passenger Car,Disabling,N,Moving Constant Speed,2015-01-27 03:04,38,38.73050181,-76.92251444
6929,N,Apparently Normal,No Misuse,N,No Injury,a4656cfa-0a87-4315-9bb1-268bde216151,D,DA3898000C,Shoulder/Lap Belt(s),M,0b59b345-5572-4b68-922d-0caeb7f504e4,Same Direction Rear End,N,Non Intersection,Right Turn Lane,Daylight,No Defects,"Two-way, Not Divided",Dry,Clear,Six o'clock,Van,Superficial,N,Slowing or Stopping,2015-03-13 13:33,26,38.80225126,-76.90852404
6930,N,Apparently Normal,No Misuse,Y,No Injury,8a559f90-f457-4667-a397-b28c6812dbb0,D,DA3898000C,Shoulder/Lap Belt(s),M,c4513459-1dd4-4edb-baff-3d107acb1356,Same Direction Rear End,N,Non Intersection,Right Turn Lane,Daylight,No Defects,"Two-way, Not Divided",Dry,Clear,Twelve o'clock,Passenger Car,Superficial,N,Slowing or Stopping,2015-03-13 13:33,30,38.80225126,-76.90852404
6931,Y,Apparently Normal,No Misuse,N,No Injury,9bfe7cf6-5556-48dc-89c1-be2d512ce6de,D,DA39140005,Shoulder/Lap Belt(s),M,b7311f04-9d6c-4d28-bd31-35241322f9e8,Head On Left Turn,N,Non Intersection,Right Turn Lane,Daylight,No Defects,"Two-way, Divided, Unprotected (painted >4 feet) Median",Dry,Clear,Twelve o'clock,"Medium/Heavy Truck 2 axles (10,000 lbs (4,536 kg) or less)",Disabling,N,Moving Constant Speed,2015-03-13 15:07,60,38.81581172,-76.79733038
6932,N,Apparently Normal,No Misuse,Y,No Injury,76b712fc-42dd-4dd6-8bac-5da5b3446c2c,D,DA39140005,Shoulder/Lap Belt(s),M,2107c26d-426b-4d47-be6d-1d45b0cb2322,Head On Left Turn,N,Non Intersection,Right Turn Lane,Daylight,No Defects,"Two-way, Divided, Unprotected (painted >4 feet) Median",Dry,Clear,One o'clock,Passenger Car,Destroyed,N,Making U Turn,2015-03-13 15:07,49,38.81581172,-76.79733038
6933,N,Apparently Normal,No Misuse,Y,No Injury,b5d34d5d-be13-47a7-a3c3-7c268d845ed5,D,DA39220005,Shoulder/Lap Belt(s),M,2c371d35-ceee-4b89-afd5-4beedb93c9a5,Single Vehicle ,N,Non Intersection,Right Turn Lane,Daylight,No Defects,"Two-way, Not Divided",Dry,Clear,Twelve o'clock,Passenger Car,Functional,N,Moving Constant Speed,2015-01-28 08:40,48,38.85143949,-76.81323051
6934,N,Apparently Normal,No Misuse,Y,No Injury,5950063e-8e1b-4485-978c-bc41fdd522bf,D,DA39220006,Shoulder/Lap Belt(s),M,07a76d57-9ecd-46ad-ab2b-80bb6b6dce39,Single Vehicle ,N,Non Intersection,Deceleration Lane,Daylight,No Defects,One-way Trafficway,Dry,Clear,Twelve o'clock,Passenger Car,Disabling,N,Moving Constant Speed,2015-02-15 16:00,54,38.89531661,-76.84181213
6935,Y,Apparently Normal,No Misuse,Y,No Injury,aea4e42a-f316-46de-8d77-c7f0d9761fe8,D,DA39250006,Shoulder/Lap Belt(s),M,3443d611-5db6-4b91-869f-0f5b83087ee4,Head On,N,Non Intersection,Right Turn Lane,Daylight,No Defects,"Two-way, Not Divided",Ice,Snow,Six o'clock,Pickup Truck,Superficial,N,Skidding,2015-01-06 10:19,53,38.88827704,-76.88982368
6936,Y,Apparently Normal,No Misuse,Y,No Injury,9ff35430-584a-4b36-8e7c-704799db6654,D,DA39250006,Shoulder/Lap Belt(s),M,0c9c2fb4-2758-4fb2-b51e-2fe76d0fe825,Head On,N,Non Intersection,Right Turn Lane,Daylight,No Defects,"Two-way, Not Divided",Ice,Snow,Six o'clock,Fire Vehicle/Emergency,Functional,N,Skidding,2015-01-06 10:19,49,38.88827704,-76.88982368
6937,N,Apparently Normal,No Misuse,Y,No Injury,754af737-cddb-4e07-992a-910494cd2e68,D,DA39350004,Shoulder/Lap Belt(s),M,65c94e50-7857-415e-8056-6d5c4ce11c6e,Single Vehicle ,N,Non Intersection,Right Turn Lane,Dark Lights On,No Defects,"Two-way, Not Divided",Ice,Cloudy,Twelve o'clock,Pickup Truck,Disabling,N,Moving Constant Speed,2015-01-24 22:44,27,38.67619637,-76.94326401
6938,N,Apparently Normal,No Misuse,Y,No Injury,fc37d604-4829-49aa-86df-d305abab4f18,D,DA39360007,Shoulder/Lap Belt(s),M,6e9d3085-cd59-494c-88be-92ba00cd4e8a,Single Vehicle ,N,Non Intersection,Right Turn Lane,Dark Lights On,No Defects,"Two-way, Not Divided",Slush,Sleet,Underside,Passenger Car,Superficial,N,Moving Constant Speed,2015-02-22 04:55,57,38.77496369,-76.87084436
6939,N,Apparently Normal,No Misuse,Y,No Injury,ef2014d9-2e7f-40fc-b7ac-943ab09f8373,D,DA39400009,Shoulder/Lap Belt(s),M,703d2401-a0ea-48a6-80fd-60ead8a68128,Single Vehicle ,N,Non Intersection,Right Turn Lane,Dark Lights On,No Defects,"Two-way, Divided, Unprotected (painted >4 feet) Median",Snow,Snow,Eleven o'clock,Passenger Car,Disabling,N,Slowing or Stopping,2015-02-14 21:43,34,38.84762935,-76.950109