KEY_INDEX,CDL_FLAG,CONDITION_CODE,EQUIP_PROB_CODE,FAULT_FLAG,INJ_SEVER_CODE,PERSON_ID,PERSON_TYPE,REPORT_NO,SAF_EQUIP_CODE,SEX_CODE,VEHICLE_ID,COLLISION_TYPE_CODE,C_M_ZONE_FLAG,JUNCTION_CODE,LANE_CODE,LIGHT_CODE,RD_COND_CODE,RD_DIV_CODE,SURF_COND_CODE,WEATHER_CODE,AREA_DAMAGED_CODE_MAIN,BODY_TYPE_CODE,DAMAGE_CODE,HIT_AND_RUN_FLAG,MOVEMENT_CODE,TIME,AGE,LATITUDE,LONGITUDE
6940,N,Apparently Normal,No Misuse,Y,No Injury,6222d074-2045-4160-be66-16fc9b0bd2c9,D,DA3940000C,Shoulder/Lap Belt(s),M,8a66c5b0-e64f-4384-9b17-106e6ebdc37a,Single Vehicle ,N,Non Intersection,Left Turn Lane,Dark Lights On,No Defects,"Two-way, Divided, Positive Median Barrier",Wet,Clear,Non-collision,Passenger Car,No Damage,N,Moving Constant Speed,2015-03-03 23:39,36,38.83788582,-76.94944382
6941,N,Apparently Normal,No Misuse,Y,No Injury,2f0f96ab-696a-4b4e-8e70-f254d1939fbe,D,DA3940000D,Shoulder/Lap Belt(s),M,b60ba01b-a015-4fe9-9ed4-2e1990c918b8,Single Vehicle ,N,Non Intersection,Right Turn Lane,Dark Lights On,No Defects,"Two-way, Divided, Positive Median Barrier",Snow,Snow,Twelve o'clock,(Sport) Utility Vehicle,Disabling,N,Moving Constant Speed,2015-03-05 18:00,33,38.82721739,-76.91647947
6942,Y,Apparently Normal,No Misuse,Y,No Injury,11e68ac8-82e6-4550-97e1-890adff80bcc,D,DA39460009,Shoulder/Lap Belt(s),M,eed2d473-b8dc-4cc1-9ef9-adc3e7f5c286,Angle Meets Left Turn,N,Non Intersection,Right Turn Lane,Daylight,No Defects,"Two-way, Not Divided",Wet,Raining,Twelve o'clock,Pickup Truck,Disabling,N,Moving Constant Speed,2015-02-12 09:30,46,38.92239112,-76.93060398
6943,N,Apparently Normal,No Misuse,N,No Injury,4aa8b01b-340b-42d4-9ea2-14cae66f12d7,D,DA39470007,Shoulder/Lap Belt(s),M,d554735b-1d67-45fb-8fcc-2a1f92d037f8,Same Movement Angle,N,Intersection,Right Turn Lane,Dark Lights On,No Defects,"Two-way, Not Divided",Wet,Cloudy,Eleven o'clock,"Other Light Trucks (10,000 lbs (4,536 kg))",Functional,N,Starting From Lane,2015-01-04 23:10,21,38.82041767,-76.84908628
6944,N,Apparently Normal,No Misuse,Y,No Injury,c53cf419-e8f6-4008-9c91-20cb4704480a,D,DA39470007,Shoulder/Lap Belt(s),M,93c43303-6469-45b4-8a47-8ecc4c2c4473,Same Movement Angle,N,Intersection,Right Turn Lane,Dark Lights On,No Defects,"Two-way, Not Divided",Wet,Cloudy,One o'clock,Passenger Car,Disabling,N,Moving Constant Speed,2015-01-04 23:10,42,38.82041767,-76.84908628
6945,Y,Apparently Normal,No Misuse,Y,No Injury,ad467186-5687-4728-8f55-5d06462d7a39,D,DA39490003,Shoulder/Lap Belt(s),M,a6ebf350-fb5a-42a0-b6cf-c046a77b3490,Single Vehicle ,N,Non Intersection,Right Turn Lane,Dark Lights On,No Defects,"Two-way, Not Divided",Dry,Clear,Two o'clock,Fire Vehicle/Emergency,Functional,N,Moving Constant Speed,2015-01-04 22:37,40,38.85902575,-76.8703723
6946,N,Apparently Normal,No Misuse,N,No Injury,c3e4a5bb-9e3c-45be-81f8-788fb90ed300,D,DA39490008,Shoulder/Lap Belt(s),M,0f046bf9-75fa-4c3d-a114-bd544971625c,Head On,N,Non Intersection,Right Turn Lane,Dark Lights On,No Defects,"Two-way, Divided, Unprotected (painted >4 feet) Median",Snow,Snow,Twelve o'clock,Passenger Car,Disabling,N,Slowing or Stopping,2015-02-14 22:50,32,38.93434303,-76.88210964
6947,N,Apparently Normal,No Misuse,Y,No Injury,962226a8-1f2e-402b-8124-8dad89d90107,D,DA39490008,Shoulder/Lap Belt(s),M,220be79c-cf71-4d14-ac07-314898afb6d7,Head On,N,Non Intersection,Right Turn Lane,Dark Lights On,No Defects,"Two-way, Divided, Unprotected (painted >4 feet) Median",Snow,Snow,Twelve o'clock,Passenger Car,Disabling,N,Moving Constant Speed,2015-02-14 22:50,23,38.93434303,-76.88210964
6948,N,Apparently Normal,No Misuse,Y,No Injury,bdc19486-278d-4fc3-badd-59c8c65714f9,D,DA39490009,Shoulder/Lap Belt(s),M,ae48789d-3f1b-4f64-9669-b8b05f26170b,Single Vehicle ,N,Intersection,Acceleration Lane,Dark Lights On,No Defects,"Two-way, Divided, Positive Median Barrier",Dry,Clear,Twelve o'clock,Passenger Car,Functional,N,Moving Constant Speed,2015-02-15 21:30,32,38.92968603,-76.87119842
6949,N,Apparently Normal,No Misuse,N,No Injury,ac06ee82-12e2-4c75-9bfa-803b18d9a515,D,DA3949000B,Shoulder/Lap Belt(s),M,0717a914-4c8e-4afa-b9c3-9140fc48b862,Same Direction Rear End,N,Intersection,Right Turn Lane,Daylight,No Defects,"Two-way, Not Divided",Dry,Cloudy,Six o'clock,Van,Functional,N,Stopped in Traffic Lane,2015-02-23 11:02,65,38.92288359,-76.88480258
6950,N,Apparently Normal,No Misuse,N,No Injury,bc84e8c3-7bd5-4f25-a65e-722bac8f41d5,D,DA39550006,Shoulder/Lap Belt(s),M,05c280b5-eba5-49c2-986c-a6f13dad75c9,Same Direction Sideswipe,N,Intersection,Right Turn Lane,Daylight,No Defects,"Two-way, Divided, Unprotected (painted >4 feet) Median",Dry,Clear,Eleven o'clock,Passenger Car,Disabling,N,Moving Constant Speed,2015-01-10 16:18,69,38.81550241,-76.96285486
6951,N,Apparently Normal,No Misuse,Y,No Injury,f968b13b-c1e8-4c43-8ef2-c5ba3d2cd43e,D,DA39550006,Shoulder/Lap Belt(s),M,27be5e6e-1e65-4a2e-9dfc-73c5f0d763c6,Same Direction Sideswipe,N,Intersection,Right Turn Lane,Daylight,No Defects,"Two-way, Divided, Unprotected (painted >4 feet) Median",Dry,Clear,One o'clock,Passenger Car,Functional,N,Moving Constant Speed,2015-01-10 16:18,26,38.81550241,-76.96285486
6952,N,Apparently Normal,No Misuse,Y,No Injury,b94de5ad-a300-4a01-9ed8-d540494bef2c,D,DD5508000W,Shoulder/Lap Belt(s),M,bed06e44-892d-47c2-bd92-ef41c1981fd9,Single Vehicle ,N,Non Intersection,Right Turn Lane,Daylight,No Defects,"Two-way, Not Divided",Wet,Clear,Two o'clock,Passenger Car,Superficial,N,Moving Constant Speed,2015-03-26 11:30,45,39.07795031,-77.13652253
6953,N,Apparently Normal,No Misuse,N,No Injury,0d0d852c-7f20-4b5c-a32a-802973f0d1a1,D,DD55830008,Shoulder/Lap Belt(s),M,870c5038-3909-4ec4-980a-9775c4bd754c,Same Movement Angle,N,Intersection,Right Turn Lane,Dawn,No Defects,"Two-way, Divided, Positive Median Barrier",Wet,Raining,Eight o'clock,(Sport) Utility Vehicle,Disabling,N,Moving Constant Speed,2015-03-04 06:26,45,39.08624333,-77.13551667
6954,N,Apparently Normal,No Misuse,N,No Injury,1630d406-de53-4f7a-8519-61f7381e6a63,D,DD5594000S,Shoulder/Lap Belt(s),M,897f0dd2-7873-411b-9f58-1af2cf2aa6b0,Head On Left Turn,N,Intersection,Right Turn Lane,Dark Lights On,No Defects,"Two-way, Divided, Positive Median Barrier",Dry,Clear,Twelve o'clock,Passenger Car,Functional,N,Moving Constant Speed,2015-02-24 18:05,44,39.09959833,-77.18463833
6955,N,Apparently Normal,No Misuse,Y,No Injury,8fa7b0b7-6f01-4eb6-8bd7-ad764830103d,D,DD5594000S,Shoulder/Lap Belt(s),M,50a6ad1c-add6-454a-8cad-57014551db6e,Head On Left Turn,N,Intersection,Right Turn Lane,Dark Lights On,No Defects,"Two-way, Divided, Positive Median Barrier",Dry,Clear,Four o'clock,Passenger Car,Functional,N,Making Left Turn,2015-02-24 18:05,24,39.09959833,-77.18463833
6956,N,Apparently Normal,No Misuse,Y,No Injury,003878bc-662e-40ca-a720-3851f62b5d54,D,DD5601000G,Shoulder/Lap Belt(s),M,330083c1-8a5a-43b1-87dc-8dd065c9543e,Single Vehicle ,N,Non Intersection,Left Turn Lane,Daylight,No Defects,"Two-way, Divided, Positive Median Barrier",Wet,Raining,Nine o'clock,Passenger Car,Destroyed,N,Accelerating,2015-01-03 14:02,18,39.07773167,-77.12582333
6957,N,Apparently Normal,No Misuse,Y,No Injury,81948bcc-d075-4b3d-bc6f-7fcb128d1f31,D,DD5604000R,Shoulder/Lap Belt(s),M,117a1856-8ef4-485a-84ad-bfd513670320,Angle Meets Left Turn,N,Non Intersection,Right Turn Lane,Daylight,No Defects,"Two-way, Not Divided",Dry,Clear,Four o'clock,Passenger Car,Disabling,N,Making Left Turn,2015-01-07 13:15,28,39.08356333,-77.14386
6958,N,Apparently Normal,No Misuse,N,Possible Incapacitating Injury,f4bc0eec-4169-42b1-8dfc-54b1536aabcc,D,DD5604000R,Shoulder/Lap Belt(s),M,2984d06a-3ae1-4f87-91bb-d721412d85a3,Angle Meets Left Turn,N,Non Intersection,Right Turn Lane,Daylight,No Defects,"Two-way, Not Divided",Dry,Clear,Twelve o'clock,Passenger Car,Disabling,N,Moving Constant Speed,2015-01-07 13:15,32,39.08356333,-77.14386
6959,N,Apparently Normal,No Misuse,Y,No Injury,6d2b1472-f523-4506-87e1-19f7cd2e036b,D,DD5604000T,Shoulder/Lap Belt(s),M,f92b9949-8b3e-4659-a3fd-b2f2e66081fc,Single Vehicle ,N,Non Intersection,Acceleration Lane,Dark Lights On,No Defects,"Two-way, Divided, Positive Median Barrier",Wet,Raining,Eleven o'clock,Passenger Car,Disabling,N,Moving Constant Speed,2015-01-29 20:45,19,39.071455,-77.13285667
6960,N,Apparently Normal,No Misuse,N,No Injury,943df0b4-a00d-4920-a9fd-46153fa9098e,D,DD56040011,Shoulder/Lap Belt(s),M,f7ceead3-702a-4909-9c02-8649c625b12d,Same Movement Angle,N,Intersection,Right Turn Lane,Dark Lights On,No Defects,"Two-way, Divided, Unprotected (painted >4 feet) Median",Wet,Raining,Eleven o'clock,Passenger Car,Disabling,N,Moving Constant Speed,2015-03-10 22:05,44,39.09568667,-77.14449
6961,N,Apparently Normal,No Misuse,Y,No Injury,a55a6be2-76c4-495c-8cd3-90452387e0c5,D,DD56040011,Shoulder/Lap Belt(s),M,272bed37-ecdc-427c-a21f-4440d9649a35,Same Movement Angle,N,Intersection,Right Turn Lane,Dark Lights On,No Defects,"Two-way, Divided, Unprotected (painted >4 feet) Median",Wet,Raining,Twelve o'clock,Passenger Car,Functional,N,Making Left Turn,2015-03-10 22:05,30,39.09568667,-77.14449
6962,N,Apparently Normal,No Misuse,N,No Injury,01621be6-be88-4f02-b0de-bc39b2e8dfe3,D,DD5606001S,Shoulder/Lap Belt(s),M,5df81a41-1f9f-40e3-88e8-5bff4a0ddcbd,Head On Left Turn,N,Intersection,Right Turn Lane,Daylight,No Defects,"Two-way, Not Divided",Wet,Cloudy,Twelve o'clock,Passenger Car,Disabling,N,Moving Constant Speed,2015-03-04 07:36,36,39.07899167,-77.15609167
6963,N,Apparently Normal,No Misuse,Y,No Injury,7f6a034d-350f-47da-8070-13f9d159c7e2,D,DD5606001S,Shoulder/Lap Belt(s),M,2efa0a1b-4fa9-4260-9df0-1c05998a8eb6,Head On Left Turn,N,Intersection,Right Turn Lane,Daylight,No Defects,"Two-way, Not Divided",Wet,Cloudy,Twelve o'clock,Passenger Car,Disabling,N,Making Left Turn,2015-03-04 07:36,78,39.07899167,-77.15609167
6964,N,Apparently Normal,No Misuse,Y,No Injury,695da5de-46d3-4dca-8693-aa0542d7b095,D,DE0164000Q,Shoulder/Lap Belt(s),M,1d495daa-79fd-440f-9711-e0ff81a65b53,Single Vehicle ,N,Non Intersection,Right Turn Lane,Dark Lights On,No Defects,"Two-way, Divided, Positive Median Barrier",Snow,Snow,Non-collision,Passenger Car,No Damage,N,Moving Constant Speed,2015-02-16 19:11,28,38.36783863,-75.5418849
6965,N,Apparently Normal,No Misuse,N,No Injury,f783d6f2-96e9-4900-9d51-3a59a2efe230,D,DE11800007,Shoulder/Lap Belt(s),M,a4fc3b16-0712-4f74-bb8c-819ce8692c60,Same Direction Rear End,N,Non Intersection,Right Turn Lane,Dusk,No Defects,"Two-way, Not Divided",Dry,Clear,Six o'clock,Passenger Car,Superficial,N,Moving Constant Speed,2015-03-30 19:00,46,38.36938639,-75.60169816
6966,N,Apparently Normal,No Misuse,Y,Possible Incapacitating Injury,44620f33-56b8-42b9-9fae-316b7c243b86,D,DE11800007,MC/Bike Helmet and Eye Protection,M,dc4740fd-fb12-4eb9-adf4-3f3df9e609f1,Same Direction Rear End,N,Non Intersection,Right Turn Lane,Dusk,No Defects,"Two-way, Not Divided",Dry,Clear,Twelve o'clock,Motorcycle,Disabling,N,Moving Constant Speed,2015-03-30 19:00,28,38.36938639,-75.60169816
6967,N,Apparently Normal,No Misuse,N,No Injury,0755ffeb-5d76-4642-b6ff-819cde92b77a,D,DE1193000H,Shoulder/Lap Belt(s),M,e3cec4d3-f13b-4a73-8e7d-33af5eed3fc0,Same Movement Angle,N,Intersection,Right Turn Lane,Daylight,No Defects,"Two-way, Not Divided",Dry,Clear,One o'clock,Pickup Truck,Disabling,N,Moving Constant Speed,2015-01-17 16:39,29,38.36891534,-75.59482098
6968,N,Apparently Normal,No Misuse,Y,No Injury,e7139de1-ba0f-475d-bb72-08b388a365d4,D,DE1193000H,Shoulder/Lap Belt(s),M,9fe83737-b21d-4d1b-8da3-15ee5c909210,Same Movement Angle,N,Intersection,Right Turn Lane,Daylight,No Defects,"Two-way, Not Divided",Dry,Clear,Twelve o'clock,Passenger Car,Disabling,N,Moving Constant Speed,2015-01-17 16:39,49,38.36891534,-75.59482098
6969,N,Apparently Normal,No Misuse,N,No Injury,2980f44a-1e92-47a5-9a30-225fe2bd721c,D,DE2182000J,Shoulder/Lap Belt(s),M,2f43a774-d3c8-4b82-bd59-92e04a535622,Same Movement Angle,N,Intersection,Right Turn Lane,Daylight,No Defects,"Two-way, Not Divided",Wet,Raining,Eleven o'clock,(Sport) Utility Vehicle,Disabling,N,Moving Constant Speed,2015-03-20 12:05,33,38.41879075,-75.56388639
6970,N,Apparently Normal,No Misuse,Y,No Injury,7e76b7f0-6389-4317-8496-59f9c6060b8e,D,DE2182000J,Shoulder/Lap Belt(s),M,15ebd7cb-22b5-4dde-a4bf-32131085b5bb,Same Movement Angle,N,Intersection,Right Turn Lane,Daylight,No Defects,"Two-way, Not Divided",Wet,Raining,Twelve o'clock,Passenger Car,Disabling,N,Slowing or Stopping,2015-03-20 12:05,20,38.41879075,-75.56388639
6971,N,Apparently Normal,No Misuse,N,No Injury,ab850fde-9d73-4b02-88ef-abb75bc46003,D,DE2182000K,Shoulder/Lap Belt(s),M,cbe16ce3-fcf1-4e46-acb5-2eca824c21c4,Same Movement Angle,N,Intersection,Right Turn Lane,Daylight,No Defects,"Two-way, Not Divided",Dry,Clear,Ten o'clock,(Sport) Utility Vehicle,Functional,N,Moving Constant Speed,2015-03-25 11:42,42,38.35301331,-75.60321093
6972,N,Apparently Normal,No Misuse,Y,No Injury,c9abdfdb-98ef-439f-aa44-9ab33423ad74,D,DE2182000K,Shoulder/Lap Belt(s),M,0252f43f-42ee-404b-ad21-1547fa5216bc,Same Movement Angle,N,Intersection,Right Turn Lane,Daylight,No Defects,"Two-way, Not Divided",Dry,Clear,Twelve o'clock,Passenger Car,Disabling,N,Accelerating,2015-03-25 11:42,25,38.35301331,-75.60321093
6973,N,Apparently Normal,No Misuse,Y,No Injury,1aab9f22-1235-4bec-a8de-f008e5e847a6,D,DE2184000H,Shoulder/Lap Belt(s),M,8ac7a0a6-f5ec-48f6-b79c-590721c08ab0,Single Vehicle ,N,Intersection,Right Turn Lane,Daylight,No Defects,"Two-way, Not Divided",Snow,Clear,Twelve o'clock,Passenger Car,Superficial,Y,Skidding,2015-02-26 12:15,23,38.34293525,-75.59481025
6974,N,Apparently Normal,No Misuse,Y,No Injury,aacce548-1588-4d1b-986b-754d422ea68a,D,DE2184000K,Shoulder/Lap Belt(s),M,ff085d98-8498-4a10-829a-21b9104bf6a2,Head On Left Turn,N,Intersection,Acceleration Lane,Dawn,No Defects,"Two-way, Divided, Positive Median Barrier",Dry,Clear,Four o'clock,(Sport) Utility Vehicle,Superficial,Y,Making Left Turn,2015-03-25 07:49,32,38.36594594,-75.60336113
6975,N,Apparently Normal,No Misuse,N,No Injury,13e95f09-4554-4479-a894-d370a432b46d,D,DE3111000F,Shoulder/Lap Belt(s),M,438a1292-ca52-460e-9696-42feb950d8e1,Same Movement Angle,N,Intersection,Right Turn Lane,Dark Lights On,No Defects,"Two-way, Not Divided",Wet,Raining,Eleven o'clock,(Sport) Utility Vehicle,Functional,N,Accelerating,2015-01-03 18:15,43,38.39581527,-75.56414187
6976,N,Apparently Normal,No Misuse,Y,No Injury,e5531499-cb6c-4ac7-8843-529ef99e5827,D,DE3111000F,Shoulder/Lap Belt(s),M,7c2b8b8b-0f98-4be9-8ea6-3e523d7d561f,Same Movement Angle,N,Intersection,Right Turn Lane,Dark Lights On,No Defects,"Two-way, Not Divided",Wet,Raining,Twelve o'clock,Passenger Car,Disabling,N,Accelerating,2015-01-03 18:15,18,38.39581527,-75.56414187
6977,Y,Apparently Normal,No Misuse,N,No Injury,2412f9ae-305e-4ef7-a8fc-d1ce4a7c3f3a,D,DE3111000Q,Shoulder/Lap Belt(s),M,e1e84d1a-8a6f-4f36-aef1-7db8f548011d,Same Direction Rear End,N,Intersection Related,Left Turn Lane,Daylight,No Defects,"Two-way, Not Divided",Wet,Raining,Six o'clock,Transit Bus,Superficial,N,Stopped in Traffic Lane,2015-03-27 14:14,67,38.36521408,-75.60355961
6978,N,Apparently Normal,No Misuse,Y,No Injury,6ee01d0f-17b5-4697-8291-3a2127fea143,D,DE3115000H,Shoulder/Lap Belt(s),M,252f922f-daf2-4394-b4f1-1e919f3f552d,Same Movement Angle,N,Intersection,Acceleration Lane,Daylight,No Defects,"Two-way, Divided, Unprotected (painted >4 feet) Median",Wet,Clear,Twelve o'clock,"Other Light Trucks (10,000 lbs (4,536 kg))",Disabling,N,Slowing or Stopping,2015-01-04 13:04,66,38.36867981,-75.58340549
6979,N,Apparently Normal,No Misuse,N,Possible Incapacitating Injury,5de29a45-ee01-4a15-b0b2-3d7706ce96e7,D,DE3115000H,Shoulder/Lap Belt(s),M,5befdc90-6e72-4d41-b667-2aa9003774c2,Same Movement Angle,N,Intersection,Acceleration Lane,Daylight,No Defects,"Two-way, Divided, Unprotected (painted >4 feet) Median",Wet,Clear,Two o'clock,Passenger Car,Disabling,N,Accelerating,2015-01-04 13:04,25,38.36867981,-75.58340549
6980,N,Apparently Normal,No Misuse,N,No Injury,9702c5fe-7930-495d-94d9-5d9343ac66b8,D,DE3175000B,Shoulder/Lap Belt(s),M,34d0fd58-9e13-4e0a-8637-0a0942d20418,Single Vehicle ,N,Intersection Related,Right Turn Lane,Dark Lights On,No Defects,"Two-way, Not Divided",Dry,Severe Winds,Twelve o'clock,Pickup Truck,No Damage,N,Making Left Turn,2015-01-07 18:36,31,38.35196371,-75.57366371
6981,N,Apparently Normal,No Misuse,Y,No Injury,1b7e0048-d2fa-4b14-b15d-9355bcafc718,D,DE3175000M,Shoulder/Lap Belt(s),M,65439dca-40e5-49e2-a33c-9af134a24474,Single Vehicle ,N,Intersection Related,Left Turn Lane,Daylight,No Defects,"Two-way, Not Divided",Dry,Clear,One o'clock,Passenger Car,Functional,N,Making Right Turn,2015-03-13 08:03,25,38.40987417,-75.57077497
6982,N,Apparently Normal,No Misuse,N,No Injury,0db5fec5-4af4-4695-9c65-64874ddeea84,D,DE4197000G,Shoulder/Lap Belt(s),M,a2c7574d-e685-4ef8-a58e-b9750d6b79e9,Same Movement Angle,N,Intersection,Right Turn Lane,Daylight,No Defects,"Two-way, Divided, Positive Median Barrier",Wet,Wintry Mix,Twelve o'clock,Van,Disabling,N,Accelerating,2015-03-01 10:20,23,38.39834201,-75.57121754
6983,Y,Apparently Normal,No Misuse,N,No Injury,662b81ca-13f1-49e8-b64b-ff2fb8473a6f,D,DE4197000G,Shoulder/Lap Belt(s),M,2b5c5817-3e62-4f0d-bec5-95df40cd6e56,Same Movement Angle,N,Intersection,Right Turn Lane,Daylight,No Defects,"Two-way, Divided, Positive Median Barrier",Wet,Wintry Mix,Twelve o'clock,(Sport) Utility Vehicle,Disabling,N,Slowing or Stopping,2015-03-01 10:20,22,38.39834201,-75.57121754
6984,N,Apparently Normal,No Misuse,Y,No Injury,df04fdde-cfee-4742-9d27-8308c0d4c731,D,DE4197000J,Shoulder/Lap Belt(s),M,7512afbe-05ec-43a6-9fc2-20e3cb1f3d4b,Single Vehicle ,N,Non Intersection,Right Turn Lane,Daylight,No Defects,"Two-way, Not Divided",Snow,Snow,Twelve o'clock,Passenger Car,Functional,Y,Moving Constant Speed,2015-03-05 16:06,50,38.37131264,-75.58412433
6985,N,Apparently Normal,No Misuse,N,No Injury,9fbfdb4f-b669-477e-bb1a-aa2b7dc98ae5,D,DE5121000N,Shoulder/Lap Belt(s),M,26545573-b3ba-484c-a05c-0d627a8d44e6,Same Movement Angle,N,Intersection Related,Right Turn Lane,Dawn,No Defects,"Two-way, Divided, Positive Median Barrier",Dry,Clear,Ten o'clock,Passenger Car,Disabling,N,Accelerating,2015-01-05 17:10,30,38.39829156,-75.57123899
6986,N,Apparently Normal,No Misuse,Y,No Injury,36d68c97-dcca-43c8-b371-b21dc83ffd26,D,DE5121000N,Shoulder/Lap Belt(s),M,3c59d53b-3a2e-4c9a-8b5f-cc85f3d21eb6,Same Movement Angle,N,Intersection Related,Right Turn Lane,Dawn,No Defects,"Two-way, Divided, Positive Median Barrier",Dry,Clear,Twelve o'clock,Passenger Car,Disabling,N,Accelerating,2015-01-05 17:10,50,38.39829156,-75.57123899
6987,N,Apparently Normal,No Misuse,N,No Injury,b864e48a-3d80-4d5c-acb8-df29fc0d39de,D,DJ01050008,Shoulder/Lap Belt(s),M,60c56056-028d-408e-b748-aa5d723bd228,Same Movement Angle,N,Intersection Related,Acceleration Lane,Dark Lights On,No Defects,"Two-way, Divided, Positive Median Barrier",Wet,Raining,Twelve o'clock,Passenger Car,Disabling,N,Moving Constant Speed,2015-01-23 22:35,63,38.88694922,-76.90167636
6988,N,Apparently Normal,No Misuse,Y,No Injury,bc747d16-7f95-40b7-8a78-6f6dcd9af680,D,DM82700002,Shoulder/Lap Belt(s),M,0d925858-55d3-4022-bdf1-f11d17d00262,Head On Left Turn,N,Intersection,Right Turn Lane,Daylight,No Defects,"Two-way, Divided, Positive Median Barrier",Dry,Clear,Two o'clock,Passenger Car,Disabling,N,Making Left Turn,2015-03-29 09:15,27,38.98735333,-76.98796333
6989,N,Apparently Normal,No Misuse,N,Possible Incapacitating Injury,44dc4f16-8667-4b9b-812d-b21412371978,D,DM82700002,Shoulder/Lap Belt(s),M,50ecd8a6-71cb-4d64-952f-d55dcc44cebe,Head On Left Turn,N,Intersection,Right Turn Lane,Daylight,No Defects,"Two-way, Divided, Positive Median Barrier",Dry,Clear,Twelve o'clock,"Other Light Trucks (10,000 lbs (4,536 kg))",Disabling,N,Moving Constant Speed,2015-03-29 09:15,45,38.98735333,-76.98796333
6990,N,Apparently Normal,No Misuse,Y,No Injury,533661dc-46b9-434c-879c-a972c217dca2,D,DM83860008,Shoulder/Lap Belt(s),M,049a6045-6f21-4736-af64-ad64574c7e19,Same Direction Sideswipe,N,Non Intersection,Right Turn Lane,Dawn,No Defects,"Two-way, Not Divided",Dry,Cloudy,Two o'clock,Passenger Car,Superficial,N,Passing,2015-03-19 17:21,72,38.98514333,-76.99866667
6991,N,Apparently Normal,No Misuse,Y,No Injury,9209d309-dc3a-42ae-a8cc-ef45e027623a,D,DM8434000M,Shoulder/Lap Belt(s),M,dc375d6f-b853-4617-b8bf-4152e303fb5d,Same Movement Angle,N,Intersection,Acceleration Lane,Dark Lights On,No Defects,"Two-way, Divided, Positive Median Barrier",Dry,Clear,One o'clock,Passenger Car,Disabling,N,Accelerating,2015-01-25 23:21,53,38.983225,-76.988325
6992,N,Apparently Normal,No Misuse,N,No Injury,a8958215-9069-4999-b648-4371f27fdf20,D,DM8439000C,Shoulder/Lap Belt(s),M,1a388a25-4bbe-4cf7-be03-c86792b2d92a,Same Direction Rear End,N,Non Intersection,Acceleration Lane,Daylight,No Defects,"Two-way, Divided, Positive Median Barrier",Dry,Clear,Six o'clock,Passenger Car,Superficial,N,Slowing or Stopping,2015-01-05 13:09,51,38.975676,-76.993856
6993,N,Apparently Normal,No Misuse,Y,No Injury,459dba2c-1063-41ff-bbf6-288dcf8530ce,D,DM8447000F,Shoulder/Lap Belt(s),M,fb2d10a1-dc51-43f0-88be-d54d9998c874,Single Vehicle ,N,Non Intersection,Right Turn Lane,Dark Lights On,No Defects,"Two-way, Not Divided",Ice,Clear,Twelve o'clock,Passenger Car,Disabling,N,Moving Constant Speed,2015-02-16 04:10,41,38.977771,-76.999895
6994,Y,Apparently Normal,No Misuse,Y,No Injury,15c7a1ba-b7b3-4f86-a72b-9d18bca696ec,D,DP01270006,Shoulder/Lap Belt(s),M,6b205f9e-c428-4f56-9590-0e12c68446ac,Single Vehicle ,N,Non Intersection,Right Turn Lane,Daylight,No Defects,"Two-way, Not Divided",Snow,Snow,Nine o'clock,Pickup Truck,Disabling,N,Moving Constant Speed,2015-03-01 12:12,51,39.61990282,-77.43001748
6995,N,Apparently Normal,No Misuse,N,No Injury,ddeb36dd-072c-4cbb-a5ff-57c3871ac177,D,DS02810003,Shoulder/Lap Belt(s),M,e138dc30-7f07-45ca-a2ce-363b724cb970,Same Direction Rear End,N,Intersection Related,Shoulder Area,Daylight,No Defects,"Two-way, Divided, Positive Median Barrier",Dry,Cloudy,Six o'clock,"Other Light Trucks (10,000 lbs (4,536 kg))",Superficial,N,Slowing or Stopping,2015-02-16 15:25,49,38.98857392,-76.9346863
6996,N,Apparently Normal,No Misuse,Y,No Injury,77765023-dc03-4474-9b3d-3e33dd939362,D,DS02810003,Shoulder/Lap Belt(s),M,9a88f1af-6274-4edd-8e73-6ba68f91d417,Same Direction Rear End,N,Intersection Related,Shoulder Area,Daylight,No Defects,"Two-way, Divided, Positive Median Barrier",Dry,Cloudy,Twelve o'clock,Passenger Car,Superficial,N,Slowing or Stopping,2015-02-16 15:25,20,38.98857392,-76.9346863
6997,Y,Apparently Normal,No Misuse,Y,No Injury,108ff24a-6b76-4119-83f8-c23cc0006dfc,D,DS03160006,Shoulder/Lap Belt(s),M,7679fb36-f209-4db1-bdf4-0dd9c56358a3,Same Direction Right Turn,N,Intersection Related,Left Turn Lane,Dark Lights On,No Defects,"Two-way, Not Divided",Dry,Clear,Four o'clock,Transit Bus,Superficial,N,Slowing or Stopping,2015-01-28 00:01,21,38.97963788,-76.93253249
6998,Y,Apparently Normal,No Misuse,N,No Injury,1b14005a-d765-4e82-be3a-d699be68d5a1,D,DS03160008,Shoulder/Lap Belt(s),M,abfd38d0-df7a-4d26-81d8-708bf7a89313,Opposite Direction Sideswipe,N,Non Intersection,Left Turn Lane,Dark Lights On,No Defects,"Two-way, Not Divided",Dry,Clear,Eight o'clock,Transit Bus,Superficial,N,Moving Constant Speed,2015-02-06 01:15,25,38.98274769,-76.93111897
6999,N,Apparently Normal,No Misuse,Y,No Injury,8c63dd5a-4c78-471b-b493-909fff8b6993,D,DV01160001,Shoulder/Lap Belt(s),M,a43793df-1842-4b75-9800-a99e2b484225,Single Vehicle ,N,Intersection,Right Turn Lane,Daylight,No Defects,"Two-way, Not Divided",Ice,Wintry Mix,Twelve o'clock,(Sport) Utility Vehicle,No Damage,N,Slowing or Stopping,2015-03-03 16:46,21,39.5773795,-76.9920373