KEY_INDEX,CDL_FLAG,CONDITION_CODE,EQUIP_PROB_CODE,FAULT_FLAG,INJ_SEVER_CODE,PERSON_ID,PERSON_TYPE,REPORT_NO,SAF_EQUIP_CODE,SEX_CODE,VEHICLE_ID,COLLISION_TYPE_CODE,C_M_ZONE_FLAG,JUNCTION_CODE,LANE_CODE,LIGHT_CODE,RD_COND_CODE,RD_DIV_CODE,SURF_COND_CODE,WEATHER_CODE,AREA_DAMAGED_CODE_MAIN,BODY_TYPE_CODE,DAMAGE_CODE,HIT_AND_RUN_FLAG,MOVEMENT_CODE,TIME,AGE,LATITUDE,LONGITUDE
7000,N,Apparently Normal,No Misuse,Y,No Injury,dd77f1ee-c269-42e4-b00d-0a8608855b4f,D,DV01260008,Shoulder/Lap Belt(s),M,a67917ab-1940-4cc3-9e7a-493749647089,Same Direction Right Turn,N,Non Intersection,Right Turn Lane,Daylight,No Defects,"Two-way, Not Divided",Dry,Clear,Two o'clock,Pickup Truck,Superficial,N,Moving Constant Speed,2015-03-31 11:50,29,39.57756556,-76.99840754
7001,N,Apparently Normal,No Misuse,Y,No Injury,3400e5d1-7426-44f0-82ee-c3a3ae6567ab,D,EA99310001,Shoulder/Lap Belt(s),M,90290195-8e8c-4330-a299-efac773f0dc0,Same Direction Rear End,N,Non Intersection,Left Turn Lane,Dark Lights On,No Defects,"Two-way, Divided, Unprotected (painted >4 feet) Median",Wet,Raining,Twelve o'clock,Passenger Car,Disabling,N,Slowing or Stopping,2015-03-10 19:49,38,38.97137219,-77.07720816
7002,N,Apparently Normal,No Misuse,Y,No Injury,0d17d4cd-bf52-4b1d-99dd-b93e66177615,D,EA99430001,Shoulder/Lap Belt(s),M,31a54013-194e-4cbd-b63c-0901d410b453,Same Direction Sideswipe,N,Intersection,Left Turn Lane,Dark Lights On,No Defects,One-way Trafficway,Dry,Clear,One o'clock,Passenger Car,Functional,N,Moving Constant Speed,2015-02-05 22:25,35,38.96798661,-77.07692921
7003,Y,Apparently Normal,No Misuse,N,No Injury,308425c9-dede-456a-bd73-e963c90c92dc,D,EA99460004,Shoulder/Lap Belt(s),M,17abae79-f4a3-4a53-8d9a-bda69da208f4,Same Direction Right Turn,N,Non Intersection,Left Turn Lane,Daylight,No Defects,"Two-way, Not Divided",Dry,Clear,Eleven o'clock,Transit Bus,Superficial,N,Moving Constant Speed,2015-03-19 18:36,51,38.97216773,-77.07706332
7004,N,Apparently Normal,No Misuse,N,No Injury,7aa457ea-90bc-415c-a24f-2f05f8b3f748,D,EA99480003,Shoulder/Lap Belt(s),M,ea03bf7b-fc59-41d5-86fa-81b7d87f89b5,Same Movement Angle,N,Intersection,Right Turn Lane,Daylight,No Defects,"Two-way, Not Divided",Dry,Clear,Twelve o'clock,(Sport) Utility Vehicle,Disabling,N,Moving Constant Speed,2015-03-21 12:23,59,38.97117096,-77.07492828
7005,N,Apparently Normal,No Misuse,Y,No Injury,e4474a7c-b2dd-413c-b550-96fd9b39b86b,D,EA99480003,Shoulder/Lap Belt(s),M,09efff4a-1594-4000-bbd0-53c247fabe42,Same Movement Angle,N,Intersection,Right Turn Lane,Daylight,No Defects,"Two-way, Not Divided",Dry,Clear,Eleven o'clock,Passenger Car,Disabling,N,Accelerating,2015-03-21 12:23,34,38.97117096,-77.07492828
7006,N,Apparently Normal,No Misuse,N,No Injury,30bf6b52-8150-4122-8466-4cb40efc3f0e,D,ED00390004,Shoulder/Lap Belt(s),M,f11e9ad0-2ef6-43fd-b661-591b1890d326,Same Direction Rear End,N,Intersection,Right Turn Lane,Daylight,No Defects,"Two-way, Not Divided",Dry,Clear,Six o'clock,Pickup Truck,Functional,N,Stopped in Traffic Lane,2015-03-16 15:24,63,39.61326358,-76.85294867
7007,N,Had Been Drinking,No Misuse,Y,No Injury,6f34cd67-ede1-44e4-abf5-8b461646a7f3,D,ED00390004,Shoulder/Lap Belt(s),M,c8db40ce-41fe-486e-84ed-ab6857e023d5,Same Direction Rear End,N,Intersection,Right Turn Lane,Daylight,No Defects,"Two-way, Not Divided",Dry,Clear,Twelve o'clock,(Sport) Utility Vehicle,Disabling,N,Moving Constant Speed,2015-03-16 15:24,72,39.61326358,-76.85294867
7008,N,Apparently Normal,No Misuse,N,No Injury,605ae825-f736-463a-ba38-9e2911e6f2f1,D,EE00760002,Shoulder/Lap Belt(s),M,829b451f-43f0-4dd0-9cd7-11a5c496d143,Same Direction Rear End,N,Non Intersection,Right Turn Lane,Daylight,No Defects,"Two-way, Divided, Positive Median Barrier",Dry,Clear,Six o'clock,Pickup Truck,Superficial,N,Slowing or Stopping,2015-03-17 13:44,27,38.21409203,-75.70002794
7009,N,Apparently Normal,No Misuse,Y,No Injury,d54fc3f4-8002-48c1-948b-6e7ae89dda3b,D,EJ77810007,Shoulder/Lap Belt(s),M,94b10ffb-4d57-4f88-86ae-e85adc41f129,Head On Left Turn,N,Intersection,Right Turn Lane,Daylight,No Defects,"Two-way, Divided, Positive Median Barrier",Wet,Cloudy,One o'clock,Passenger Car,Disabling,N,Making Left Turn,2015-01-18 13:00,24,39.15053833,-77.20387
7010,N,Apparently Normal,No Misuse,N,No Injury,8a1a9230-350b-4571-929f-bbf8d74c0cc4,D,EJ78430003,Shoulder/Lap Belt(s),M,3fb4df05-5525-421f-8365-9bc56b7e9948,Angle Meets Right Turn,N,Intersection Related,Right Turn Lane,Dark Lights On,No Defects,"Two-way, Not Divided",Dry,Clear,Eleven o'clock,Passenger Car,Functional,N,Making Right Turn,2015-01-19 21:06,26,39.14220667,-77.19356333
7011,N,Apparently Normal,No Misuse,Y,No Injury,bd01c3ff-e8ad-47a6-a662-228e862f4ab5,D,EJ7850000M,Shoulder/Lap Belt(s),M,5bdba744-1165-4750-b98d-a2f0e08a9b94,Same Direction Rear End,N,Non Intersection,Right Turn Lane,Dark Lights On,No Defects,"Two-way, Not Divided",Dry,Clear,Twelve o'clock,(Sport) Utility Vehicle,Disabling,N,Moving Constant Speed,2015-02-26 03:41,49,39.16289833,-77.21905833
7012,N,Apparently Normal,No Misuse,Y,No Injury,1abec501-f82d-4f84-8779-4b7bc50e7e19,D,EJ7853000G,Shoulder/Lap Belt(s),M,440e4056-3db8-41ac-a645-76fb88025623,Head On Left Turn,N,Intersection,Acceleration Lane,Dark Lights On,No Defects,"Two-way, Divided, Positive Median Barrier",Dry,Clear,Four o'clock,Passenger Car,Disabling,N,Making Left Turn,2015-02-01 20:07,35,39.128255,-77.2378
7013,N,Apparently Normal,No Misuse,N,Incapacitating/Disabled Injury,80ba8ae8-fd98-4962-ac5e-e5e73c212c79,D,EJ7853000G,Shoulder/Lap Belt(s),M,50c58b53-b70d-4efa-bae6-61d923a3ce94,Head On Left Turn,N,Intersection,Acceleration Lane,Dark Lights On,No Defects,"Two-way, Divided, Positive Median Barrier",Dry,Clear,Twelve o'clock,Passenger Car,Disabling,N,Moving Constant Speed,2015-02-01 20:07,66,39.128255,-77.2378
7014,N,Apparently Normal,No Misuse,N,No Injury,85acbbe7-4965-4bf7-b8ca-c3ff09a65415,D,EJ7853000K,Shoulder/Lap Belt(s),M,d2fbc69c-e8a5-441f-91a8-e74762a81f52,Same Direction Rear End,N,Non Intersection,Acceleration Lane,Daylight,No Defects,"Two-way, Divided, Unprotected (painted >4 feet) Median",Dry,Clear,Six o'clock,Passenger Car,Functional,N,Slowing or Stopping,2015-03-09 08:43,64,39.14320028,-77.22061515
7015,N,Had Been Drinking,No Misuse,Y,No Injury,0fcf237f-6569-4b85-a64a-50150a7660d1,D,EJ7853000K,Shoulder/Lap Belt(s),M,93655ec9-1e64-421e-af25-1fa3383deea7,Same Direction Rear End,N,Non Intersection,Acceleration Lane,Daylight,No Defects,"Two-way, Divided, Unprotected (painted >4 feet) Median",Dry,Clear,Twelve o'clock,Passenger Car,Disabling,N,Slowing or Stopping,2015-03-09 08:43,34,39.14320028,-77.22061515
7016,N,Apparently Normal,No Misuse,Y,No Injury,95b2e033-5532-4846-88fb-24812f994164,D,EP01820003,Shoulder/Lap Belt(s),M,4833a771-682b-4b8f-a3f7-12e9d8650e28,Angle Meets Left Turn,N,Intersection,Right Turn Lane,Daylight,No Defects,One-way Trafficway,Dry,Clear,One o'clock,Passenger Car,Disabling,N,Making Left Turn,2015-01-10 11:20,47,38.88573829,-75.83446026
7017,N,Apparently Normal,No Misuse,N,No Injury,ed7dcf21-7ae0-400e-8ec7-50f5ef5cdb50,D,GD3163000H,Shoulder/Lap Belt(s),M,59cad49f-e9d9-464c-af1a-06ff5c76d3a7,Same Direction Rear End,N,Intersection,Left Turn Lane,Daylight,No Defects,"Two-way, Divided, Positive Median Barrier",Dry,Clear,Six o'clock,(Sport) Utility Vehicle,Superficial,N,Stopped in Traffic Lane,2015-02-08 16:01,60,38.94191209,-76.90341711
7018,N,Apparently Normal,No Misuse,Y,No Injury,907efe20-8fa7-4c75-8dcd-84b6ee9757ed,D,GPDM510006,Shoulder/Lap Belt(s),M,c6ba443d-0588-4da0-84f3-8561056ec26a,Single Vehicle ,N,Non Intersection,Right Turn Lane,Daylight,No Defects,"Two-way, Divided, Positive Median Barrier",Ice,Wintry Mix,Twelve o'clock,Passenger Car,Disabling,N,Moving Constant Speed,2015-03-01 10:41,19,38.45207635,-75.5587399
7019,N,Apparently Normal,No Misuse,Y,No Injury,e1b6672d-a4cf-4184-a2e9-7a781db1a3be,D,GPDM650004,Shoulder/Lap Belt(s),M,8dba6929-413e-4c1d-9360-4cf02846167b,Single Vehicle ,N,Non Intersection,Right Turn Lane,Daylight,No Defects,"Two-way, Divided, Positive Median Barrier",Snow,Snow,Twelve o'clock,Passenger Car,Disabling,N,Moving Constant Speed,2015-02-26 07:13,78,38.44928682,-75.61889648
7020,Y,Apparently Normal,No Misuse,N,No Injury,399bedf8-e185-4f38-92d9-1bb39dd83b34,D,GPDM650005,Shoulder/Lap Belt(s),M,a8e33806-fd82-4ca9-a549-3e0b90f536ee,Same Direction Left Turn,N,Non Intersection,Right Turn Lane,Daylight,No Defects,"Two-way, Divided, Positive Median Barrier",Snow,Snow,Twelve o'clock,Truck Tractor,Functional,N,Slowing or Stopping,2015-02-26 08:47,32,38.45614284,-75.57769775
7021,N,Apparently Normal,No Misuse,Y,No Injury,5fa879bf-f4aa-432d-aa3d-5139c0f9a300,D,GS04210008,Shoulder/Lap Belt(s),M,9ba9a9a0-5c99-4cf5-b166-35d59ed56e07,Single Vehicle ,N,Intersection,Right Turn Lane,Daylight,Loose Surface Material,"Two-way, Not Divided","Mud, Dirt, Gravel",Clear,Eleven o'clock,Pickup Truck,Disabling,N,Making Right Turn,2015-01-16 13:30,18,38.32578185,-75.60277104
7022,N,Apparently Normal,No Misuse,N,No Injury,0236ce8f-5591-43bd-a12d-8ef319bde6d3,D,GS04510003,Shoulder/Lap Belt(s),M,c4ac703d-561f-4e41-8d45-ec1691144cfa,Same Direction Rear End,N,Non Intersection,Right Turn Lane,Daylight,No Defects,"Two-way, Divided, Unprotected (painted >4 feet) Median",Dry,Clear,Six o'clock,Van,Functional,N,Slowing or Stopping,2015-01-20 12:34,61,38.33080857,-75.61246991
7023,N,Apparently Normal,No Misuse,Y,Non-incapacitating Injury,98c88ce0-604e-4a04-b8d1-f7e1f11a17e1,D,GS04510003,Shoulder/Lap Belt(s),M,d189127d-dd08-44d7-9f89-154f8592c094,Same Direction Rear End,N,Non Intersection,Right Turn Lane,Daylight,No Defects,"Two-way, Divided, Unprotected (painted >4 feet) Median",Dry,Clear,Twelve o'clock,"Other Light Trucks (10,000 lbs (4,536 kg))",Functional,N,Moving Constant Speed,2015-01-20 12:34,53,38.33080857,-75.61246991
7024,N,Apparently Normal,No Misuse,N,No Injury,7fc5d483-3106-44b0-9b53-6bcdd27b8095,D,HA23380001,Shoulder/Lap Belt(s),M,defd59d7-033f-4681-b242-047cf3133868,Same Movement Angle,N,Interchange Related,Right Turn Lane,Daylight,No Defects,"Two-way, Not Divided",Dry,Clear,Three o'clock,"Other Light Trucks (10,000 lbs (4,536 kg))",Functional,N,Accelerating,2015-01-17 16:05,45,38.97993292,-76.99459612
7025,N,Apparently Normal,No Misuse,Y,No Injury,599131ed-3e29-4df3-87ee-163d94231915,D,HA23380001,Shoulder/Lap Belt(s),M,0108c2d5-b518-43e5-b837-f09480a6b522,Same Movement Angle,N,Interchange Related,Right Turn Lane,Daylight,No Defects,"Two-way, Not Divided",Dry,Clear,Six o'clock,Passenger Car,Superficial,N,Backing,2015-01-17 16:05,70,38.97993292,-76.99459612
7026,N,Apparently Normal,No Misuse,Y,No Injury,f49b061c-75d1-40b1-9766-6245cc43be1c,D,HA23380002,Shoulder/Lap Belt(s),M,6516c97c-ab35-42fe-a663-9c34f366eda5,Single Vehicle ,N,Intersection Related,Right Turn Lane,Dark No Lights,No Defects,"Two-way, Divided, Positive Median Barrier",Wet,Clear,Twelve o'clock,Passenger Car,Disabling,N,Slowing or Stopping,2015-01-24 21:03,27,38.97379841,-77.10181475
7027,N,Apparently Normal,No Misuse,N,No Injury,0b4811d3-ecda-4f05-9806-2e77e5d0f8ca,D,HM01370003,Shoulder/Lap Belt(s),M,65ef7753-4905-4921-adc1-de7d5eeea281,Same Movement Angle,N,Intersection Related,Right Turn Lane,Daylight,No Defects,"Two-way, Divided, Positive Median Barrier",Dry,Clear,Four o'clock,(Sport) Utility Vehicle,Disabling,N,Moving Constant Speed,2015-01-20 10:46,24,38.39337252,-75.1631999
7028,N,Apparently Normal,No Misuse,Y,No Injury,fb779899-0e05-4310-a05d-7b6fd4074200,D,HM01370003,Shoulder/Lap Belt(s),M,0f93a9b1-d8ff-4f0e-a10f-6d17667bfbcd,Same Movement Angle,N,Intersection Related,Right Turn Lane,Daylight,No Defects,"Two-way, Divided, Positive Median Barrier",Dry,Clear,Twelve o'clock,Pickup Truck,Superficial,N,Starting From Lane,2015-01-20 10:46,60,38.39337252,-75.1631999
7029,N,Apparently Normal,No Misuse,N,No Injury,c8d56683-227d-4d75-9969-ed671faf64f3,D,HV01280001,Shoulder/Lap Belt(s),M,ee38c762-a04b-4038-b742-3f0e8829b607,Same Direction Rear End,N,Intersection,Left Turn Lane,Dark Lights On,No Defects,"Two-way, Not Divided",Dry,Clear,Seven o'clock,Transit Bus,Functional,N,Slowing or Stopping,2015-02-11 18:44,39,38.96581566,-76.93897247
7030,N,Apparently Normal,No Misuse,Y,No Injury,26066bed-7647-452a-9128-fd56fbd89078,D,HV01280001,Shoulder/Lap Belt(s),M,2151e962-4827-4d37-9fdd-0a3c395e0515,Same Direction Rear End,N,Intersection,Left Turn Lane,Dark Lights On,No Defects,"Two-way, Not Divided",Dry,Clear,One o'clock,Passenger Car,Disabling,N,Slowing or Stopping,2015-02-11 18:44,58,38.96581566,-76.93897247
7031,Y,Apparently Normal,No Misuse,N,No Injury,d3f28e77-3425-4a92-a2cf-b59822d7e1b1,D,MCP0936000W,Shoulder/Lap Belt(s),M,a50285d6-8529-459f-a8fa-56850c35b51a,Same Movement Angle,N,Intersection,Acceleration Lane,Daylight,No Defects,"Two-way, Divided, Positive Median Barrier",Dry,Clear,Four o'clock,Transit Bus,Functional,N,Moving Constant Speed,2015-02-19 11:20,53,39.03376,-77.07265
7032,N,Apparently Normal,No Misuse,Y,No Injury,4b69fb5c-656b-4355-b614-e5e32bb82641,D,MCP0936000W,Shoulder/Lap Belt(s),M,83fab293-c11b-43e8-9bc9-22a65357779c,Same Movement Angle,N,Intersection,Acceleration Lane,Daylight,No Defects,"Two-way, Divided, Positive Median Barrier",Dry,Clear,Eleven o'clock,"Other Light Trucks (10,000 lbs (4,536 kg))",Functional,N,Starting From Lane,2015-02-19 11:20,85,39.03376,-77.07265
7033,N,Apparently Normal,No Misuse,N,No Injury,0810de39-682d-4ae7-b55c-92a00557c6b0,D,MCP1017000P,Shoulder/Lap Belt(s),M,8586d7f7-3840-4e22-ac93-18e8bc94a254,Same Direction Sideswipe,N,Intersection,Left Turn Lane,Daylight,No Defects,"Two-way, Divided, Positive Median Barrier",Wet,Raining,Three o'clock,Pickup Truck,Superficial,N,Moving Constant Speed,2015-01-12 15:45,18,38.98474924,-77.09399343
7034,N,Apparently Normal,No Misuse,Y,No Injury,0bc8aea1-0e85-4414-a488-0928b503a1d5,D,MCP1017000P,Shoulder/Lap Belt(s),M,86ddddb2-fe59-48f6-b703-56aa202e6773,Same Direction Sideswipe,N,Intersection,Left Turn Lane,Daylight,No Defects,"Two-way, Divided, Positive Median Barrier",Wet,Raining,Ten o'clock,Passenger Car,Superficial,Y,Moving Constant Speed,2015-01-12 15:45,18,38.98474924,-77.09399343
7035,N,Apparently Normal,No Misuse,N,No Injury,381f9653-4055-4084-8635-f56da972b4f4,D,MCP1022001V,Shoulder/Lap Belt(s),M,1e19ec93-8088-4360-a2fb-28425eaf0635,Same Direction Right Turn,N,Intersection Related,Left Turn Lane,Daylight,No Defects,"Two-way, Not Divided",Snow,Snow,Twelve o'clock,Passenger Car,Functional,N,Moving Constant Speed,2015-01-06 10:42,28,39.15923833,-77.27546667
7036,N,Apparently Normal,No Misuse,Y,No Injury,2fdecbd2-fc31-40aa-aa59-cc2ddaa5937d,D,MCP1022001V,Shoulder/Lap Belt(s),M,3f125351-e245-45b3-9d7b-0c04b7616356,Same Direction Right Turn,N,Intersection Related,Left Turn Lane,Daylight,No Defects,"Two-way, Not Divided",Snow,Snow,Two o'clock,Pickup Truck,Superficial,N,Making Right Turn,2015-01-06 10:42,47,39.15923833,-77.27546667
7037,N,Apparently Normal,No Misuse,N,Incapacitating/Disabled Injury,e09f7b92-d387-4baf-8b29-bef58d70bb8c,D,MCP1022001V,Shoulder/Lap Belt(s),M,58087301-c755-4017-b11f-f71709196869,Same Direction Right Turn,N,Intersection Related,Left Turn Lane,Daylight,No Defects,"Two-way, Not Divided",Snow,Snow,Eleven o'clock,Passenger Car,Disabling,N,Stopped in Traffic Lane,2015-01-06 10:42,39,39.15923833,-77.27546667
7038,N,Apparently Normal,No Misuse,N,No Injury,b3f62347-479e-4b57-a931-7fed08aa06d1,D,MCP1022001X,Shoulder/Lap Belt(s),M,79b12f75-a915-4815-bc59-fc6d1a16429f,Opposite Direction Sideswipe,N,Non Intersection,Right Turn Lane,Daylight,No Defects,"Two-way, Not Divided",Dry,Clear,Ten o'clock,"Medium/Heavy Truck 2 axles (10,000 lbs (4,536 kg) or less)",Functional,N,Moving Constant Speed,2015-01-13 14:30,26,39.22040167,-77.25837333
7039,Y,Apparently Normal,No Misuse,Y,No Injury,4fa1cc75-6b89-44e6-991b-1539c94847c2,D,MCP1022001X,Shoulder/Lap Belt(s),M,502aba85-6634-4567-81f2-6b7b91eeaead,Opposite Direction Sideswipe,N,Non Intersection,Right Turn Lane,Daylight,No Defects,"Two-way, Not Divided",Dry,Clear,Ten o'clock,Transit Bus,Functional,N,Moving Constant Speed,2015-01-13 14:30,46,39.22040167,-77.25837333
7040,N,Apparently Normal,No Misuse,Y,No Injury,502a325a-002d-43b9-b4d8-461a47ff7b4d,D,MCP10220022,Shoulder/Lap Belt(s),M,65043898-0331-4c5f-b8dd-ef5d871d4e26,Single Vehicle ,N,Intersection Related,Right Turn Lane,Daylight,No Defects,"Two-way, Divided, Positive Median Barrier",Dry,Clear,Underside,Passenger Car,Superficial,N,Moving Constant Speed,2015-01-23 07:58,71,39.16808333,-77.23025667
7041,N,Apparently Normal,No Misuse,Y,No Injury,1968ef28-cf6a-4135-b850-9abf4cf217d6,D,MCP10220023,Shoulder/Lap Belt(s),M,9a33ca03-2396-4bca-9dbe-b950f3349474,Opposite Direction Sideswipe,N,Non Intersection,Right Turn Lane,Daylight,No Defects,"Two-way, Not Divided",Snow,Snow,Eleven o'clock,(Sport) Utility Vehicle,Functional,N,Moving Constant Speed,2015-01-26 07:51,27,39.24415333,-77.26139167
7042,Y,Apparently Normal,No Misuse,Y,No Injury,c07f4b4f-5fb7-4511-95d7-5ce253d39367,D,MCP10220028,Shoulder/Lap Belt(s),M,3da070f4-4d55-44f2-acc4-b84faee849ef,Same Movement Angle,N,Commercial Driveway,Right Turn Lane,Daylight,No Defects,"Two-way, Not Divided",Wet,Clear,Underside,"Medium/Heavy Truck 2 axles (10,000 lbs (4,536 kg) or less)",Functional,N,Making Left Turn,2015-02-23 08:08,75,39.20465667,-77.140005
7043,N,Apparently Normal,No Misuse,N,Incapacitating/Disabled Injury,faabd3f7-5703-4fdd-b999-310b58277d9f,D,MCP10220028,Shoulder/Lap Belt(s),M,8e43bc25-c032-4570-b96d-aea001c2791a,Same Movement Angle,N,Commercial Driveway,Right Turn Lane,Daylight,No Defects,"Two-way, Not Divided",Wet,Clear,Twelve o'clock,Van,Disabling,N,Moving Constant Speed,2015-02-23 08:08,47,39.20465667,-77.140005
7044,N,Apparently Normal,No Misuse,N,No Injury,8eeeb880-d10e-41a9-938b-e05c4f0d1772,D,MCP1145000G,Shoulder/Lap Belt(s),M,2cecc3fb-4d2f-40bd-8cbf-f0061a3ca651,Head On Left Turn,N,Intersection,Right Turn Lane,Dark Lights On,View Obstructed,"Two-way, Divided, Positive Median Barrier",Wet,Clear,Twelve o'clock,Passenger Car,Disabling,N,Moving Constant Speed,2015-03-07 00:00,24,39.23201,-77.24702167
7045,N,Apparently Normal,No Misuse,Y,Incapacitating/Disabled Injury,ce133ca7-6415-41ac-89d5-f99118ffd493,D,MCP1145000G,Shoulder/Lap Belt(s),M,a95dc355-7847-476e-bbea-168b333c54f2,Head On Left Turn,N,Intersection,Right Turn Lane,Dark Lights On,View Obstructed,"Two-way, Divided, Positive Median Barrier",Wet,Clear,One o'clock,Passenger Car,Disabling,N,Making Left Turn,2015-03-07 00:00,37,39.23201,-77.24702167
7046,N,Apparently Normal,No Misuse,N,No Injury,9d5876fb-4faa-44f7-9a3f-f525b8366899,D,MCP1151002M,Shoulder/Lap Belt(s),M,5fb79b01-10d9-4baa-bee3-5b0b270e9434,Same Movement Angle,N,Intersection,Right Turn Lane,Daylight,No Defects,"Two-way, Not Divided",Dry,Cloudy,One o'clock,(Sport) Utility Vehicle,Disabling,N,Moving Constant Speed,2015-03-24 10:37,77,39.169895,-77.29660833
7047,N,Apparently Normal,No Misuse,N,No Injury,049ccdaa-f542-4774-ad0f-e5326ee9c726,D,MCP1170000M,Shoulder/Lap Belt(s),M,80f08136-5649-4e93-9656-1aa4ba81cfca,Same Direction Rear End,N,Non Intersection,Right Turn Lane,Daylight,No Defects,"Two-way, Not Divided",Dry,Clear,Twelve o'clock,Passenger Car,Disabling,N,Stopped in Traffic Lane,2015-02-26 12:15,59,39.04621333,-76.97684333
7048,N,Apparently Normal,No Misuse,N,No Injury,6406e8b9-7732-4611-ab70-5e192b8e057b,D,MCP1182000C,Shoulder/Lap Belt(s),M,e3d6b4ff-c682-497c-b2ab-3d6058a517d2,Same Movement Angle,N,Intersection,Right Turn Lane,Daylight,No Defects,"Two-way, Not Divided",Dry,Clear,Ten o'clock,(Sport) Utility Vehicle,Functional,N,Moving Constant Speed,2015-01-10 15:05,65,38.98607833,-77.117035
7049,N,Apparently Normal,No Misuse,N,No Injury,5ba9fc82-24a0-4c6f-9d86-c868e3231cab,D,MCP1182000D,Shoulder/Lap Belt(s),M,14369b31-72ef-4cf6-a198-e72ae614c437,Same Direction Sideswipe,N,Intersection,Right Turn Lane,Daylight,No Defects,"Two-way, Divided, Positive Median Barrier",Dry,Clear,Eleven o'clock,Passenger Car,Functional,N,Stopped in Traffic Lane,2015-01-17 08:13,29,38.98594667,-77.14316333
7050,N,Apparently Normal,No Misuse,N,No Injury,19d4f1e4-c0b9-4b77-b3e9-32f34e55f451,D,MCP12020008,Shoulder/Lap Belt(s),M,5b57f0da-d1fe-4390-95c5-befbdeae88ba,Same Direction Rear End,N,Intersection,Right Turn Lane,Daylight,No Defects,"Two-way, Divided, Positive Median Barrier",Dry,Clear,Six o'clock,Passenger Car,Functional,N,Slowing or Stopping,2015-01-23 08:48,56,38.987861,-77.146232
7051,N,Apparently Normal,No Misuse,N,No Injury,77613c56-8bdf-40a1-b613-92b061c67ae2,D,MCP12020008,Shoulder/Lap Belt(s),M,6986a69d-0561-4c94-bf20-6640547609ee,Same Direction Rear End,N,Intersection,Right Turn Lane,Daylight,No Defects,"Two-way, Divided, Positive Median Barrier",Dry,Clear,Twelve o'clock,"Other Light Trucks (10,000 lbs (4,536 kg))",Disabling,N,Slowing or Stopping,2015-01-23 08:48,27,38.987861,-77.146232
7052,N,Apparently Normal,No Misuse,Y,No Injury,5ecac734-0f68-4d98-9546-be6e4ef0227b,D,MCP12020008,Shoulder/Lap Belt(s),M,3eeddb92-8df6-4e44-b8b1-bbceca3feba6,Same Direction Rear End,N,Intersection,Right Turn Lane,Daylight,No Defects,"Two-way, Divided, Positive Median Barrier",Dry,Clear,Twelve o'clock,"Other Light Trucks (10,000 lbs (4,536 kg))",Disabling,N,Slowing or Stopping,2015-01-23 08:48,27,38.987861,-77.146232
7053,N,Apparently Normal,No Misuse,N,No Injury,e693d51b-7802-4c9b-bdc0-12bf3a4afe24,D,MCP12020009,Shoulder/Lap Belt(s),M,ca6dae8f-fd4f-4a34-866f-e088cf143fc3,Same Direction Rear End,N,Intersection Related,Right Turn Lane,Daylight,No Defects,"Two-way, Divided, Positive Median Barrier",Dry,Clear,Six o'clock,Passenger Car,Functional,N,Slowing or Stopping,2015-01-31 11:09,52,38.97385167,-77.12316833
7054,N,Apparently Normal,No Misuse,Y,No Injury,765a05f6-270e-4248-856a-9bdc9d509d06,D,MCP12020009,Shoulder/Lap Belt(s),M,e8c6de3a-25a2-4bed-93d3-2fbb1781394a,Same Direction Rear End,N,Intersection Related,Right Turn Lane,Daylight,No Defects,"Two-way, Divided, Positive Median Barrier",Dry,Clear,Twelve o'clock,"Other Light Trucks (10,000 lbs (4,536 kg))",Disabling,N,Slowing or Stopping,2015-01-31 11:09,24,38.97385167,-77.12316833
7055,Y,Apparently Normal,No Misuse,N,No Injury,125da6f7-2741-470c-a8d2-9bfcd7ba0667,D,MCP1205000Z,Shoulder/Lap Belt(s),M,7106fe58-1efb-4825-b112-f4ef584a41c7,Same Direction Sideswipe,N,Non Intersection,Left Turn Lane,Dawn,No Defects,"Two-way, Divided, Positive Median Barrier",Dry,Clear,Ten o'clock,Truck Tractor,Superficial,N,Moving Constant Speed,2015-03-09 07:13,60,38.97295597,-77.08973408
7056,N,Apparently Normal,No Misuse,N,No Injury,799e2419-437c-4d5d-b0be-8a6557b62e60,D,MCP1251000C,Shoulder/Lap Belt(s),M,807aa92c-e84f-44c2-96fe-be572f290a8e,Head On,N,Non Intersection,Right Turn Lane,Daylight,No Defects,"Two-way, Not Divided",Snow,Snow,Twelve o'clock,Limousine,Disabling,N,Moving Constant Speed,2015-03-05 11:58,58,38.996465,-77.16826667
7057,N,Apparently Normal,No Misuse,Y,Possible Incapacitating Injury,3bde5366-af55-424c-9b81-2e9c77eefef9,D,MCP1251000C,Shoulder/Lap Belt(s),M,b843b2a6-87e6-4a10-b54d-f86d7c2efb15,Head On,N,Non Intersection,Right Turn Lane,Daylight,No Defects,"Two-way, Not Divided",Snow,Snow,Twelve o'clock,Pickup Truck,Disabling,N,Moving Constant Speed,2015-03-05 11:58,23,38.996465,-77.16826667
7058,N,Apparently Normal,No Misuse,Y,No Injury,8789f795-357a-4bd0-8a0f-69080937e5a5,D,MCP1252000J,Shoulder/Lap Belt(s),M,6433e407-2ca4-4840-ba1d-086ab9e6da24,Same Direction Rear End,N,Intersection Related,Right Turn Lane,Dark Lights On,No Defects,"Two-way, Not Divided",Snow,Snow,Twelve o'clock,Recreational Vehicle,Superficial,N,Slowing or Stopping,2015-02-14 19:38,47,39.19174833,-77.23350333