KEY_INDEX,CDL_FLAG,CONDITION_CODE,EQUIP_PROB_CODE,FAULT_FLAG,INJ_SEVER_CODE,PERSON_ID,PERSON_TYPE,REPORT_NO,SAF_EQUIP_CODE,SEX_CODE,VEHICLE_ID,COLLISION_TYPE_CODE,C_M_ZONE_FLAG,JUNCTION_CODE,LANE_CODE,LIGHT_CODE,RD_COND_CODE,RD_DIV_CODE,SURF_COND_CODE,WEATHER_CODE,AREA_DAMAGED_CODE_MAIN,BODY_TYPE_CODE,DAMAGE_CODE,HIT_AND_RUN_FLAG,MOVEMENT_CODE,TIME,AGE,LATITUDE,LONGITUDE
7059,N,Apparently Normal,No Misuse,N,Possible Incapacitating Injury,e610809d-4bc5-452a-bc03-21bc3eb25eec,D,MCP1252000J,Shoulder/Lap Belt(s),M,eb98e0ea-e636-4d14-8a78-6038aaedc87f,Same Direction Rear End,N,Intersection Related,Right Turn Lane,Dark Lights On,No Defects,"Two-way, Not Divided",Snow,Snow,Six o'clock,Passenger Car,Superficial,N,Stopped in Traffic Lane,2015-02-14 19:38,24,39.19174833,-77.23350333
7060,N,Apparently Normal,No Misuse,Y,No Injury,e817f26c-11e3-4f87-846b-a714dab830c6,D,MCP12570008,Shoulder/Lap Belt(s),M,91f77f7e-05b5-49c3-97be-45337ccdcd0b,Same Movement Angle,N,Intersection,Right Turn Lane,Daylight,No Defects,One-way Trafficway,Dry,Clear,Twelve o'clock,Passenger Car,Disabling,N,Moving Constant Speed,2015-02-13 10:45,53,39.14999167,-77.30128333
7061,N,Apparently Normal,No Misuse,Y,No Injury,a6d18f45-85be-4145-aea7-16b023b8768f,D,MCP12570009,Shoulder/Lap Belt(s),M,ed0af934-e838-4a60-a410-62b59952c799,Single Vehicle ,N,Non Intersection,Right Turn Lane,Dawn,No Defects,"Two-way, Not Divided",Ice,Clear,Eleven o'clock,Pickup Truck,Disabling,N,Moving Constant Speed,2015-03-18 07:17,33,39.2049,-77.386985
7062,N,Apparently Normal,No Misuse,Y,No Injury,458e9162-2e4b-4cc9-b853-b0cd850eafce,D,MCP12830009,Shoulder/Lap Belt(s),M,d411762c-1d0d-4d31-861a-0b2c2f250011,Single Vehicle ,N,Non Intersection,Right Turn Lane,Dawn,No Defects,"Two-way, Not Divided",Ice,Raining,One o'clock,Passenger Car,Disabling,N,Slowing or Stopping,2015-01-03 08:15,41,39.24460167,-77.26193667
7063,N,Apparently Normal,No Misuse,N,No Injury,f845495c-7ff3-4858-94c0-34aa7fbc768e,D,MCP1378003Q,Shoulder/Lap Belt(s),M,c736f256-7bd4-4f2a-9239-a2bae3ee573d,Same Direction Rear End,N,Intersection Related,Left Turn Lane,Daylight,Foreign Material,"Two-way, Not Divided",Ice,Cloudy,Six o'clock,Van,Superficial,N,Slowing or Stopping,2015-01-08 15:18,36,39.12885833,-77.16782833
7064,Y,Apparently Normal,No Misuse,Y,No Injury,fbd9ec72-862c-4c11-b471-48e77424fcc6,D,MCP1378003Q,Shoulder/Lap Belt(s),M,5b7a7c59-3337-4b4f-a83e-1dbacad5f702,Same Direction Rear End,N,Intersection Related,Left Turn Lane,Daylight,Foreign Material,"Two-way, Not Divided",Ice,Cloudy,Twelve o'clock,Transit Bus,Superficial,N,Accelerating,2015-01-08 15:18,28,39.12885833,-77.16782833
7065,N,Apparently Normal,No Misuse,Y,No Injury,0c37778c-eaa9-445e-9ac9-f0fa50dc0f2a,D,MCP13780043,Shoulder/Lap Belt(s),M,71e595dd-a5bf-4506-ae09-2c51d315c6c8,Same Direction Rear End,N,Non Intersection,Right Turn Lane,Dusk,No Defects,"Two-way, Not Divided",Dry,Cloudy,Twelve o'clock,"Other Light Trucks (10,000 lbs (4,536 kg))",Disabling,N,Slowing or Stopping,2015-01-22 17:12,31,39.14058833,-77.21298667
7066,N,Apparently Normal,No Misuse,N,Possible Incapacitating Injury,765cf039-45b8-419d-93fa-a73b0c54421d,D,MCP13780043,Shoulder/Lap Belt(s),M,6c8f3247-2b38-49ab-9f99-a4965db870a0,Same Direction Rear End,N,Non Intersection,Right Turn Lane,Dusk,No Defects,"Two-way, Not Divided",Dry,Cloudy,Six o'clock,(Sport) Utility Vehicle,Disabling,N,Stopped in Traffic Lane,2015-01-22 17:12,39,39.14058833,-77.21298667
7067,N,Apparently Normal,No Misuse,N,Incapacitating/Disabled Injury,794844e9-bad3-4da9-8e78-8bc0b60b0863,D,MCP13780043,Shoulder/Lap Belt(s),M,b05b17bf-f644-499b-b5d8-b2258c3c1bce,Same Direction Rear End,N,Non Intersection,Right Turn Lane,Dusk,No Defects,"Two-way, Not Divided",Dry,Cloudy,Six o'clock,(Sport) Utility Vehicle,Disabling,N,Stopped in Traffic Lane,2015-01-22 17:12,41,39.14058833,-77.21298667
7068,N,Apparently Normal,No Misuse,N,No Injury,d012d839-5568-4b9b-ac4a-dbff900f02d7,D,MCP1378004C,Shoulder/Lap Belt(s),M,6a630afa-651f-4d72-9420-52d515f7b7cb,Same Direction Sideswipe,N,Intersection Related,Right Turn Lane,Daylight,No Defects,"Two-way, Divided, Unprotected (painted >4 feet) Median",Dry,Cloudy,Ten o'clock,School Bus,No Damage,N,Stopped in Traffic Lane,2015-02-06 14:38,53,39.14884167,-77.14692
7069,N,Apparently Normal,No Misuse,Y,No Injury,c386afb4-e41d-49a3-890e-4af766426a5a,D,MCP1378004F,Shoulder/Lap Belt(s),M,9e951404-63c1-48cb-8a74-d0b60cad6093,Same Movement Angle,N,Intersection,Left Turn Lane,Daylight,No Defects,"Two-way, Divided, Unprotected (painted >4 feet) Median",Dry,Cloudy,Four o'clock,Passenger Car,Functional,N,Making Right Turn,2015-02-10 16:30,62,39.14249,-77.18252167
7070,N,Apparently Normal,No Misuse,N,Possible Incapacitating Injury,5fe02a5f-4e49-4ecf-93ba-d43f3e7a542a,D,MCP1378004F,Shoulder/Lap Belt(s),M,349a8516-fbd1-4bec-baeb-e3229e7918d0,Same Movement Angle,N,Intersection,Left Turn Lane,Daylight,No Defects,"Two-way, Divided, Unprotected (painted >4 feet) Median",Dry,Cloudy,Twelve o'clock,Passenger Car,Disabling,N,Moving Constant Speed,2015-02-10 16:30,46,39.14249,-77.18252167
7071,N,Apparently Normal,No Misuse,N,No Injury,96c6b3d5-484b-4151-aa69-126402eb8158,D,MCP1378004L,Shoulder/Lap Belt(s),M,e7718e46-3eaf-4b14-a1d1-a38e7bf319a9,Same Movement Angle,N,Intersection,Left Turn Lane,Daylight,No Defects,"Two-way, Not Divided",Dry,Clear,Eleven o'clock,(Sport) Utility Vehicle,Disabling,N,Moving Constant Speed,2015-02-18 09:27,55,39.14491833,-77.21975667
7072,N,Apparently Normal,No Misuse,Y,No Injury,38dc99b0-e9f7-4631-bed3-4cdf1fbf8708,D,MCP1378004L,Shoulder/Lap Belt(s),M,6da27eeb-5f83-494b-a3dc-ec0eab2866d2,Same Movement Angle,N,Intersection,Left Turn Lane,Daylight,No Defects,"Two-way, Not Divided",Dry,Clear,One o'clock,Passenger Car,Disabling,N,Making Left Turn,2015-02-18 09:27,31,39.14491833,-77.21975667
7073,N,Apparently Normal,No Misuse,N,No Injury,742a66c4-a481-4856-a095-a85ae2075f9e,D,MCP1378004S,Shoulder/Lap Belt(s),M,7debe45e-2d7a-407f-b2ef-488ed4b254fe,Same Direction Sideswipe,N,Non Intersection,Right Turn Lane,Dusk,No Defects,"Two-way, Divided, Unprotected (painted >4 feet) Median",Dry,Cloudy,Eleven o'clock,Transit Bus,Superficial,N,Accelerating,2015-02-25 18:03,58,39.1293,-77.20081833
7074,N,Apparently Normal,No Misuse,N,No Injury,43ee2d54-0eba-4bea-af8a-ce0dd05e2013,D,MCP1378004W,Shoulder/Lap Belt(s),M,81d1c356-4dd3-49ad-b718-37aa809f1e1c,Same Movement Angle,N,Intersection,Right Turn Lane,Daylight,No Defects,"Two-way, Divided, Unprotected (painted >4 feet) Median",Wet,Raining,Three o'clock,Police Vehicle/Non Emergency,Functional,N,Making Left Turn,2015-03-04 14:37,45,39.12344,-77.232745
7075,N,Apparently Normal,No Misuse,Y,No Injury,935cb7f2-4515-4bf5-9308-40caae6c04dd,D,MCP1378004W,Shoulder/Lap Belt(s),M,8275c9e7-f367-432b-83f8-712fc8d7b5ec,Same Movement Angle,N,Intersection,Right Turn Lane,Daylight,No Defects,"Two-way, Divided, Unprotected (painted >4 feet) Median",Wet,Raining,Eleven o'clock,Passenger Car,Functional,N,Making Right Turn,2015-03-04 14:37,62,39.12344,-77.232745
7076,N,Apparently Normal,No Misuse,N,No Injury,01e0dec1-8a60-47a0-9f3c-644ee389b4d2,D,MCP13780050,Shoulder/Lap Belt(s),M,838ae410-a270-4b8d-948e-6bff814119a6,Same Direction Left Turn,N,Intersection,Right Turn Lane,Dusk,No Defects,"Two-way, Not Divided",Snow,Snow,One o'clock,Passenger Car,Functional,N,Skidding,2015-03-05 17:07,26,39.15672167,-77.16585167
7077,Y,Apparently Normal,No Misuse,N,No Injury,d28136f9-1152-4282-abe0-baf12c60d78e,D,MCP1382001Z,Shoulder/Lap Belt(s),M,15db89d1-c0d5-4ec6-a14b-fdad4c6d90e8,Same Direction Sideswipe,N,Non Intersection,Right Turn Lane,Daylight,No Defects,"Two-way, Not Divided",Dry,Clear,Six o'clock,Transit Bus,Functional,N,Stopped in Traffic Lane,2015-02-19 13:54,35,38.99263333,-77.02410667
7078,N,Apparently Normal,No Misuse,Y,No Injury,cd6e0ac2-ec53-4135-8a8a-99859f123cff,D,MCP1382001Z,Shoulder/Lap Belt(s),M,fd19904f-4966-44a1-825f-a3858c66406f,Same Direction Sideswipe,N,Non Intersection,Right Turn Lane,Daylight,No Defects,"Two-way, Not Divided",Dry,Clear,Two o'clock,Van,Functional,N,Changing Lanes,2015-02-19 13:54,36,38.99263333,-77.02410667
7079,Y,Apparently Normal,No Misuse,Y,No Injury,ae821666-69a4-4b50-bc14-ccb9355b3f45,D,MCP1417002D,Shoulder/Lap Belt(s),M,02fef62c-4389-4390-8935-0dcf24302304,Single Vehicle ,N,Non Intersection,Right Turn Lane,Daylight,No Defects,"Two-way, Not Divided",Ice,Snow,Underside,School Bus,Disabling,N,Skidding,2015-01-21 15:17,62,39.172275,-77.14401833
7080,N,Apparently Normal,No Misuse,N,No Injury,32e20929-791b-46d7-ba09-63029daaf50c,D,MCP1417002G,Shoulder/Lap Belt(s),M,c3e129a2-a57f-45e0-adfd-ab2092c76cb2,Head On Left Turn,N,Intersection,Right Turn Lane,Daylight,No Defects,"Two-way, Divided, Unprotected (painted >4 feet) Median",Wet,Clear,Seven o'clock,Passenger Car,Functional,N,Stopped in Traffic Lane,2015-01-30 07:35,55,39.13975333,-77.13292167
7081,Y,Apparently Normal,No Misuse,Y,No Injury,63cdd3e1-2159-40dc-9687-028a8efc7525,D,MCP1417002G,Shoulder/Lap Belt(s),M,37585ea8-bd30-4297-a6c6-22a7e3b584c1,Head On Left Turn,N,Intersection,Right Turn Lane,Daylight,No Defects,"Two-way, Divided, Unprotected (painted >4 feet) Median",Wet,Clear,Eight o'clock,School Bus,Functional,N,Making Left Turn,2015-01-30 07:35,72,39.13975333,-77.13292167
7082,Y,Apparently Normal,No Misuse,Y,No Injury,5563a040-7545-4068-beec-139017a8ebdd,D,MCP1417002J,Shoulder/Lap Belt(s),M,56f54c27-0b76-424e-b558-a2187163e9e3,Same Direction Sideswipe,N,Intersection Related,Acceleration Lane,Daylight,No Defects,"Two-way, Divided, Positive Median Barrier",Wet,Raining,Four o'clock,"Medium/Heavy Truck 2 axles (10,000 lbs (4,536 kg) or less)",Functional,N,Changing Lanes,2015-02-09 09:30,36,39.12315221,-77.1767664
7083,N,Apparently Normal,No Misuse,Y,Possible Incapacitating Injury,4e1461e7-c1a6-4365-99f3-0fce42405714,D,MCP1417002J,Shoulder/Lap Belt(s),M,ca16bed6-a1a0-4ee1-9ad4-db94b6f5df67,Same Direction Sideswipe,N,Intersection Related,Acceleration Lane,Daylight,No Defects,"Two-way, Divided, Positive Median Barrier",Wet,Raining,Nine o'clock,Passenger Car,Disabling,N,Moving Constant Speed,2015-02-09 09:30,47,39.12315221,-77.1767664
7084,Y,Apparently Normal,No Misuse,N,No Injury,994d5374-8895-4a54-8ffc-d64171947c85,D,MCP1417002Q,Shoulder/Lap Belt(s),M,e98725f9-a052-4ee0-8611-40588840cff3,Same Direction Sideswipe,N,Intersection,Right Turn Lane,Dawn,No Defects,"Two-way, Divided, Unprotected (painted >4 feet) Median",Dry,Clear,Ten o'clock,Transit Bus,Functional,N,Moving Constant Speed,2015-02-18 06:53,58,39.14598359,-77.22824335
7085,N,Apparently Normal,No Misuse,Y,No Injury,58d74d4c-806a-466a-86d1-64d3621b2a40,D,MCP1417002Q,Shoulder/Lap Belt(s),M,d18e9b07-6165-4c3b-beab-10a59d83c644,Same Direction Sideswipe,N,Intersection,Right Turn Lane,Dawn,No Defects,"Two-way, Divided, Unprotected (painted >4 feet) Median",Dry,Clear,Two o'clock,Passenger Car,Functional,N,Changing Lanes,2015-02-18 06:53,27,39.14598359,-77.22824335
7086,N,Apparently Normal,No Misuse,N,No Injury,7080c2cc-1566-4510-b3a2-65133b58c7b2,D,MCP1417002S,Shoulder/Lap Belt(s),M,b73abb7a-22e6-4516-8fa6-27d05b717000,Same Direction Rear End,N,Intersection Related,Left Turn Lane,Daylight,No Defects,"Two-way, Divided, Positive Median Barrier",Dry,Clear,Six o'clock,Passenger Car,Functional,N,Stopped in Traffic Lane,2015-02-24 08:21,57,39.14983178,-77.21467137
7087,N,Apparently Normal,No Misuse,Y,No Injury,2d21b9a2-050c-40fe-9e20-92b7ed135f47,D,MCP1417002S,Shoulder/Lap Belt(s),M,a0972b73-1598-4a03-892b-6b29e71414e9,Same Direction Rear End,N,Intersection Related,Left Turn Lane,Daylight,No Defects,"Two-way, Divided, Positive Median Barrier",Dry,Clear,Twelve o'clock,Passenger Car,Functional,N,Starting From Lane,2015-02-24 08:21,20,39.14983178,-77.21467137
7088,N,Apparently Normal,No Misuse,N,No Injury,8eb4acd8-a8a7-4d79-87ad-d526a17f5c72,D,MCP1417002V,Shoulder/Lap Belt(s),M,19accf53-4c40-4f07-97ac-f36f1bc728a7,Same Direction Sideswipe,N,Intersection Related,Left Turn Lane,Daylight,No Defects,"Two-way, Divided, Positive Median Barrier",Wet,Clear,Ten o'clock,Pickup Truck,No Damage,N,Moving Constant Speed,2015-03-02 10:14,63,39.17171879,-77.2361505
7089,N,Apparently Normal,No Misuse,Y,No Injury,e472efbe-eacf-4a62-ad06-0b305ec5d157,D,MCP14650010,Shoulder/Lap Belt(s),M,b8fde6b4-ba00-45dd-bdc5-b8860225fd22,Single Vehicle ,N,Non Intersection,Right Turn Lane,Daylight,No Defects,"Two-way, Not Divided",Wet,Clear,Twelve o'clock,"Cargo Van/Light Truck 2 axles (10,000 lbs (4,536 kg) or less)",Disabling,N,Moving Constant Speed,2015-01-07 08:54,38,39.131435,-77.14779
7090,N,Apparently Normal,No Misuse,Y,No Injury,69c5bfa1-cb66-4c38-a85c-84bd2541c763,D,MCP14770005,Shoulder/Lap Belt(s),M,81196b57-2700-4156-9d8f-5380e6439ba1,Same Direction Rear End,N,Intersection Related,Right Turn Lane,Daylight,No Defects,"Two-way, Divided, Unprotected (painted >4 feet) Median",Dry,Clear,Twelve o'clock,Passenger Car,Superficial,N,Slowing or Stopping,2015-01-05 14:59,59,39.06148833,-76.96162333
7091,N,Apparently Normal,No Misuse,N,Possible Incapacitating Injury,c9c18101-d7f1-4849-997d-c44850ac5f6a,D,MCP14770005,Shoulder/Lap Belt(s),M,275f06de-5e7f-478c-9741-353c857040e9,Same Direction Rear End,N,Intersection Related,Right Turn Lane,Daylight,No Defects,"Two-way, Divided, Unprotected (painted >4 feet) Median",Dry,Clear,Six o'clock,Passenger Car,Superficial,N,Slowing or Stopping,2015-01-05 14:59,64,39.06148833,-76.96162333
7092,N,Apparently Normal,No Misuse,Y,No Injury,a4fae64d-8685-4a0a-8f20-1e3247b57c05,D,MCP1502000B,Shoulder/Lap Belt(s),M,5fd23c8f-4540-4ace-ad1d-7e99f11b0404,Opposite Direction Sideswipe,N,Non Intersection,Right Turn Lane,Daylight,No Defects,"Two-way, Not Divided",Wet,Clear,Eleven o'clock,Passenger Car,Functional,N,Moving Constant Speed,2015-01-23 08:08,45,39.13566167,-77.12469667
7093,N,Apparently Normal,No Misuse,Y,No Injury,081d34df-9a62-40f7-8c86-fcd53a88b122,D,MCP1502000C,Shoulder/Lap Belt(s),M,c6a4a74c-7111-46e3-b754-ce2596c5efd4,Single Vehicle ,N,Intersection,Right Turn Lane,Daylight,No Defects,"Two-way, Not Divided",Dry,Clear,Eleven o'clock,Van,Disabling,N,Changing Lanes,2015-01-31 08:58,52,39.13797,-77.17918
7094,N,Apparently Normal,No Misuse,N,No Injury,be036401-a5c4-4964-a825-d6812b321bbe,D,MCP1564000J,Shoulder/Lap Belt(s),M,ec91f3f9-e80d-4718-af5a-c50e382de8ee,Same Direction Rear End,N,Intersection Related,Right Turn Lane,Daylight,No Defects,"Two-way, Divided, Positive Median Barrier",Dry,Clear,Six o'clock,"Other Light Trucks (10,000 lbs (4,536 kg))",Superficial,N,Slowing or Stopping,2015-01-23 11:38,58,39.14415,-77.04482
7095,N,Apparently Normal,No Misuse,N,No Injury,c2a302ae-23a6-418e-a168-36800c01e64d,D,MCP15700001,Shoulder/Lap Belt(s),M,6f5ff2a6-7eb6-41f2-950a-95474f6ddf04,Angle Meets Right Turn,N,Commercial Driveway,Right Turn Lane,Daylight,No Defects,"Two-way, Divided, Positive Median Barrier",Dry,Clear,One o'clock,Passenger Car,Disabling,N,Moving Constant Speed,2015-02-08 12:21,30,39.05682667,-77.08149167
7096,Y,Apparently Normal,No Misuse,N,No Injury,7fba3811-55a5-4df9-af12-59d317132529,D,MCP16040009,Shoulder/Lap Belt(s),M,2403b2f3-8b80-4a50-bdef-db69415e9e58,Same Direction Rear End,N,Non Intersection,Right Turn Lane,Daylight,No Defects,"Two-way, Divided, Unprotected (painted >4 feet) Median",Ice,Blowing Snow,Six o'clock,Other Bus,No Damage,N,Stopped in Traffic Lane,2015-02-15 07:50,53,39.12684767,-77.17363358
7097,N,Apparently Normal,No Misuse,Y,No Injury,35f9cf36-6165-4007-ac0e-63ad22ae84f7,D,MCP16040009,Shoulder/Lap Belt(s),M,05e61292-f3d3-468c-bd0c-4a967a4d3d6b,Same Direction Rear End,N,Non Intersection,Right Turn Lane,Daylight,No Defects,"Two-way, Divided, Unprotected (painted >4 feet) Median",Ice,Blowing Snow,Twelve o'clock,Passenger Car,Disabling,N,Slowing or Stopping,2015-02-15 07:50,24,39.12684767,-77.17363358
7098,N,Apparently Normal,No Misuse,N,Non-incapacitating Injury,ce7e69d6-5d69-40f4-a074-d015b26d2ec2,D,MCP1604000B,Shoulder/Lap Belt(s),M,eceed192-8c7a-444a-9f73-a0d11f52302d,Same Direction Rear End,N,Non Intersection,Left Turn Lane,Daylight,No Defects,"Two-way, Divided, Positive Median Barrier",Snow,Snow,Six o'clock,Van,Superficial,N,Stopped in Traffic Lane,2015-02-21 10:30,53,39.12286921,-77.17841864
7099,N,Apparently Normal,No Misuse,N,No Injury,646ded00-49f4-4d87-95a4-a170e922491c,D,MCP20030007,Shoulder/Lap Belt(s),M,c0655ae8-b0e7-4a2d-813f-d9044e2859c5,Single Vehicle ,N,Non Intersection,Right Turn Lane,Dark Lights On,No Defects,"Two-way, Not Divided",Wet,Clear,Ten o'clock,Police Vehicle/Non Emergency,Superficial,N,Moving Constant Speed,2015-01-27 23:45,38,39.04341333,-77.08563333
7100,N,Apparently Normal,No Misuse,N,No Injury,7733b1f1-1294-4a15-8eb5-78da2325b5ec,D,MCP2008000W,Shoulder/Lap Belt(s),M,baa2e957-15da-445e-9087-a94fa15caa2d,Same Movement Angle,N,Intersection,Right Turn Lane,Dark Lights On,No Defects,"Two-way, Divided, Positive Median Barrier",Dry,Clear,Twelve o'clock,Passenger Car,Disabling,N,Moving Constant Speed,2015-03-02 18:36,50,38.96823167,-77.10864833
7101,N,Apparently Normal,No Misuse,Y,No Injury,0f1be836-5404-4728-a669-088480f6168a,D,MCP2008000W,Shoulder/Lap Belt(s),M,60b6d8b8-ff7a-44f1-bcae-5d1a2c7729fb,Same Movement Angle,N,Intersection,Right Turn Lane,Dark Lights On,No Defects,"Two-way, Divided, Positive Median Barrier",Dry,Clear,Eleven o'clock,Passenger Car,Disabling,N,Making Left Turn,2015-03-02 18:36,66,38.96823167,-77.10864833
7102,N,Apparently Normal,No Misuse,N,No Injury,c837b756-eaf1-4606-8a20-faa73e90434f,D,MCP2010000X,Shoulder/Lap Belt(s),M,0864bc8e-1fa8-4291-9954-56c5f7ef402b,Same Movement Angle,N,Intersection,Left Turn Lane,Dawn,No Defects,"Two-way, Divided, Positive Median Barrier",Ice,Wintry Mix,Five o'clock,Passenger Car,Functional,N,Moving Constant Speed,2015-03-05 06:56,40,39.04467833,-77.111325
7103,N,Apparently Normal,No Misuse,Y,No Injury,e73fd5ca-67b8-4716-a4bc-29c654097279,D,MCP2046003D,Shoulder/Lap Belt(s),M,e7915a7a-edfa-4385-889d-375d4d399fa0,Single Vehicle ,N,Non Intersection,Right Turn Lane,Dark Lights On,No Defects,"Two-way, Not Divided",Wet,Clear,Twelve o'clock,Police Vehicle/Non Emergency,Superficial,N,Moving Constant Speed,2015-01-25 01:30,48,39.21857283,-77.23866105
7104,N,Apparently Normal,No Misuse,N,No Injury,cefbdb5b-55d5-4095-a6a2-002e66cd5983,D,MCP2059001K,Shoulder/Lap Belt(s),M,b647d28b-3ef6-45e6-b77b-b154226283ec,Same Direction Rear End,N,Non Intersection,Left Turn Lane,Daylight,No Defects,"Two-way, Divided, Unprotected (painted >4 feet) Median",Wet,Cloudy,Six o'clock,Passenger Car,Superficial,N,Stopped in Traffic Lane,2015-02-20 10:01,45,39.00467824,-77.09735155
7105,N,Apparently Normal,No Misuse,Y,Possible Incapacitating Injury,87c29c57-dc1f-4d2e-89ab-c93d7cda16fb,D,MCP2059001K,Shoulder/Lap Belt(s),M,8df532ad-5428-4232-adef-b0f3d330d805,Same Direction Rear End,N,Non Intersection,Left Turn Lane,Daylight,No Defects,"Two-way, Divided, Unprotected (painted >4 feet) Median",Wet,Cloudy,Twelve o'clock,Passenger Car,Functional,N,Slowing or Stopping,2015-02-20 10:01,24,39.00467824,-77.09735155
7106,N,Apparently Normal,No Misuse,N,No Injury,27ed42b0-69ef-477a-949e-eb7832da4157,D,MCP2064000F,Shoulder/Lap Belt(s),M,233f3d5b-9647-4281-906f-46bc374b6f6c,Same Direction Sideswipe,N,Intersection Related,Right Turn Lane,Daylight,No Defects,"Two-way, Divided, Positive Median Barrier",Wet,Clear,One o'clock,Passenger Car,Functional,N,Accelerating,2015-01-06 15:17,23,39.05289167,-77.05030667
7107,N,Apparently Normal,No Misuse,Y,No Injury,94596f17-9ad2-475f-b622-62188de43c40,D,MCP2064000F,Shoulder/Lap Belt(s),M,2b1ab009-5983-4e21-a4b3-c256b4587ca3,Same Direction Sideswipe,N,Intersection Related,Right Turn Lane,Daylight,No Defects,"Two-way, Divided, Positive Median Barrier",Wet,Clear,Twelve o'clock,Passenger Car,Functional,N,Accelerating,2015-01-06 15:17,29,39.05289167,-77.05030667
7108,N,Apparently Normal,No Misuse,N,No Injury,2f2e596c-ebc0-45c8-b158-ff4ad659af51,D,MCP2077000Q,Shoulder/Lap Belt(s),M,88398eb8-2891-4a6f-8218-15e2de211c73,Same Direction Rear End,N,Intersection Related,Left Turn Lane,Daylight,No Defects,"Two-way, Divided, Positive Median Barrier",Dry,Clear,Seven o'clock,(Sport) Utility Vehicle,Superficial,N,Stopped in Traffic Lane,2015-02-03 12:20,58,39.017115,-77.00634833
7109,N,Apparently Normal,No Misuse,Y,No Injury,ceecfb50-f972-4959-bc25-a48d88fd13c2,D,MCP2107000C,Shoulder/Lap Belt(s),M,e8a9111a-c3a4-4091-a82f-18673f5166c1,Single Vehicle ,N,Non Intersection,Right Turn Lane,Daylight,No Defects,"Two-way, Divided, Positive Median Barrier",Dry,Cloudy,Twelve o'clock,Passenger Car,Disabling,N,Slowing or Stopping,2015-02-28 10:13,36,39.06816167,-76.95902833
7110,N,Apparently Normal,No Misuse,N,No Injury,640b7bb8-39bb-405d-9379-037b6c8f9074,D,MCP2116001K,Shoulder/Lap Belt(s),M,fb69271d-5cde-4efc-93e0-e59882222307,Same Direction Rear End,N,Intersection,Right Turn Lane,Daylight,No Defects,"Two-way, Not Divided",Dry,Clear,Six o'clock,Passenger Car,Functional,N,Stopped in Traffic Lane,2015-02-13 08:43,60,39.04701167,-77.1997
7111,N,Apparently Normal,No Misuse,Y,No Injury,0be28390-47e2-4229-a436-674a00bd8fde,D,MCP2116001K,Shoulder/Lap Belt(s),M,561e9d14-1551-4b21-843d-6f22c638330b,Same Direction Rear End,N,Intersection,Right Turn Lane,Daylight,No Defects,"Two-way, Not Divided",Dry,Clear,Twelve o'clock,Passenger Car,Disabling,N,Moving Constant Speed,2015-02-13 08:43,46,39.04701167,-77.1997
7112,N,Apparently Normal,No Misuse,Y,No Injury,afc7630d-2fa1-48d9-a98b-419117995990,D,MCP2116001Q,Shoulder/Lap Belt(s),M,505a36dd-9079-42e1-a923-07bf7c607dc3,Single Vehicle ,N,Intersection,Right Turn Lane,Daylight,No Defects,"Two-way, Not Divided",Wet,Cloudy,Twelve o'clock,Passenger Car,Disabling,N,Accelerating,2015-03-11 09:22,27,39.04387167,-77.19253333
7113,N,Apparently Normal,No Misuse,N,No Injury,bd34a9f5-f4de-40b0-9142-803c59845d66,D,MCP2116001S,Shoulder/Lap Belt(s),M,863794aa-8def-45d1-ae3c-3bb226aa558a,Same Direction Rear End,N,Intersection,Right Turn Lane,Daylight,No Defects,"Two-way, Not Divided",Dry,Cloudy,Twelve o'clock,Passenger Car,Functional,N,Stopped in Traffic Lane,2015-03-26 09:09,61,39.089718,-77.138927
7114,Y,Apparently Normal,No Misuse,Y,No Injury,d7a75b41-cac7-4960-900b-1fca224f78ef,D,MCP2116001S,Shoulder/Lap Belt(s),M,6d0b5047-515a-45aa-9b83-f57e8f49124e,Same Direction Rear End,N,Intersection,Right Turn Lane,Daylight,No Defects,"Two-way, Not Divided",Dry,Cloudy,Six o'clock,Ambulance/Non Emergency,No Damage,N,Backing,2015-03-26 09:09,48,39.089718,-77.138927
7115,N,Apparently Normal,No Misuse,Y,No Injury,5348383f-9812-4410-a9b4-b7a08aa74881,D,MCP2162000W,Shoulder/Lap Belt(s),M,4768080d-16b6-4b7b-9107-bde9c7533bee,Single Vehicle ,N,Non Intersection,Right Turn Lane,Daylight,No Defects,"Two-way, Not Divided",Ice,Clear,Two o'clock,Pickup Truck,Disabling,N,Moving Constant Speed,2015-02-15 15:26,22,39.12925833,-77.01668
7116,N,Apparently Normal,No Misuse,N,No Injury,0ea74a0a-c85a-4fab-8161-782c37fb0b86,D,MCP2181000C,Shoulder/Lap Belt(s),M,655b3439-b614-4667-ada2-3743fe81d0df,Head On Left Turn,N,Intersection,Right Turn Lane,Daylight,No Defects,"Two-way, Not Divided",Wet,Raining,One o'clock,(Sport) Utility Vehicle,Functional,N,Moving Constant Speed,2015-01-03 12:00,31,39.05003833,-77.18844667
7117,N,Apparently Normal,No Misuse,Y,No Injury,1f0a08ac-289f-4d89-9476-ee533e22fa8a,D,MCP2181000C,Shoulder/Lap Belt(s),M,adc6e106-ba80-4035-ad22-60513d523ea2,Head On Left Turn,N,Intersection,Right Turn Lane,Daylight,No Defects,"Two-way, Not Divided",Wet,Raining,Two o'clock,Passenger Car,Disabling,N,Making Left Turn,2015-01-03 12:00,70,39.05003833,-77.18844667