KEY_INDEX,CDL_FLAG,CONDITION_CODE,EQUIP_PROB_CODE,FAULT_FLAG,INJ_SEVER_CODE,PERSON_ID,PERSON_TYPE,REPORT_NO,SAF_EQUIP_CODE,SEX_CODE,VEHICLE_ID,COLLISION_TYPE_CODE,C_M_ZONE_FLAG,JUNCTION_CODE,LANE_CODE,LIGHT_CODE,RD_COND_CODE,RD_DIV_CODE,SURF_COND_CODE,WEATHER_CODE,AREA_DAMAGED_CODE_MAIN,BODY_TYPE_CODE,DAMAGE_CODE,HIT_AND_RUN_FLAG,MOVEMENT_CODE,TIME,AGE,LATITUDE,LONGITUDE
7353,N,Apparently Normal,No Misuse,N,No Injury,953e645a-acd6-497e-a02b-76b125bc9acb,D,MSP5090003F,Shoulder/Lap Belt(s),M,acbe572e-0aff-4cca-ae81-78cc747d9922,Same Movement Angle,N,Intersection,Right Turn Lane,Daylight,No Defects,"Two-way, Divided, Positive Median Barrier",Dry,Clear,Eleven o'clock,Passenger Car,Disabling,N,Moving Constant Speed,2015-02-24 15:01,20,39.392814,-77.32731717
7354,N,Apparently Normal,No Misuse,Y,No Injury,0ca3fb78-4306-4ba7-8b93-4c811cd3ecb8,D,MSP5090003F,Shoulder/Lap Belt(s),M,54d50cfb-3057-48f1-8ae4-8b404f6084fb,Same Movement Angle,N,Intersection,Right Turn Lane,Daylight,No Defects,"Two-way, Divided, Positive Median Barrier",Dry,Clear,Ten o'clock,Passenger Car,Disabling,N,Accelerating,2015-02-24 15:01,75,39.392814,-77.32731717
7355,N,Apparently Normal,No Misuse,Y,No Injury,2b9111fd-531b-4484-b413-c44e466089b1,D,MSP5090003K,Shoulder/Lap Belt(s),M,6ec2abab-5415-4a19-89fe-cb24256e0921,Single Vehicle ,N,Intersection,Right Turn Lane,Dark No Lights,No Defects,"Two-way, Not Divided",Dry,Clear,Twelve o'clock,Passenger Car,Superficial,N,Making U Turn,2015-03-20 19:40,23,39.50472,-77.2717835
7356,N,Apparently Normal,No Misuse,N,No Injury,2d9e9f77-482b-4862-af58-494ae92baadb,D,MSP5097000P,Shoulder/Lap Belt(s),M,123777c4-935a-4aa6-829b-96ddb4d4e3f0,Same Direction Rear End,N,Non Intersection,Right Turn Lane,Dark Lights On,No Defects,"Two-way, Divided, Positive Median Barrier",Dry,Clear,Five o'clock,Police Vehicle/Non Emergency,Superficial,N,Slowing or Stopping,2015-01-09 17:28,36,39.07582083,-76.62978967
7357,N,Apparently Normal,No Misuse,Y,No Injury,d2a82a90-4183-46b7-8325-788ca492802d,D,MSP5097000P,Shoulder/Lap Belt(s),M,77df4bb6-0adc-43c6-9ec0-1b6ff10b3595,Same Direction Rear End,N,Non Intersection,Right Turn Lane,Dark Lights On,No Defects,"Two-way, Divided, Positive Median Barrier",Dry,Clear,Eleven o'clock,(Sport) Utility Vehicle,Superficial,N,Moving Constant Speed,2015-01-09 17:28,29,39.07582083,-76.62978967
7358,Y,Apparently Normal,No Misuse,Y,No Injury,530caa9c-590d-46d0-86ea-b661881f68ff,D,MSP5103002W,Shoulder/Lap Belt(s),M,a551e688-6382-46a4-be0c-aad8eb822d2e,Single Vehicle ,N,Non Intersection,Left Turn Lane,Daylight,No Defects,"Two-way, Divided, Positive Median Barrier",Dry,Clear,Twelve o'clock,Truck Tractor,Destroyed,N,Moving Constant Speed,2015-01-01 11:11,38,39.57524783,-76.67415467
7359,Y,Apparently Normal,No Misuse,Y,No Injury,f9d650e0-1998-4af1-8547-9cf4ef53b710,D,MSP51380001,Shoulder/Lap Belt(s),M,162e4a43-a898-489d-87cd-856faf0c4a5d,Single Vehicle ,N,Non Intersection,Acceleration Lane,Dark Lights On,No Defects,"Two-way, Divided, Positive Median Barrier",Dry,Clear,Roof Top,Truck Tractor,Superficial,N,Moving Constant Speed,2015-02-24 23:32,47,39.297197,-76.742699
7360,N,Apparently Normal,No Misuse,Y,No Injury,8c47cd9c-423a-419c-812c-795c85a4a7a7,D,MSP51630023,Shoulder/Lap Belt(s),M,0dd3b73f-69b7-4989-9118-9473c1ccad8d,Same Direction Sideswipe,N,Non Intersection,Acceleration Lane,Dark No Lights,No Defects,"Two-way, Divided, Positive Median Barrier",Wet,Snow,Twelve o'clock,Passenger Car,Disabling,N,Moving Constant Speed,2015-02-16 17:45,32,39.30762317,-76.75375617
7361,N,Apparently Normal,No Misuse,N,No Injury,4cdebe09-41d8-44e3-a70c-b679fc627747,D,MSP51820038,Shoulder/Lap Belt(s),M,7bfae4e9-e013-41fe-9bcb-4a556b361309,Same Direction Rear End,N,Non Intersection,Right Turn Lane,Daylight,No Defects,"Two-way, Not Divided",Dry,Clear,Six o'clock,Passenger Car,Functional,N,Slowing or Stopping,2015-03-06 15:57,48,39.54815867,-76.3077755
7362,N,Apparently Normal,No Misuse,Y,No Injury,ea730f34-57e5-4ae2-a9b0-220cdb2e5f0c,D,MSP51820038,Shoulder/Lap Belt(s),M,05b8511c-cc40-4dda-9e91-ee36ee08e2be,Same Direction Rear End,N,Non Intersection,Right Turn Lane,Daylight,No Defects,"Two-way, Not Divided",Dry,Clear,Twelve o'clock,Passenger Car,Disabling,N,Moving Constant Speed,2015-03-06 15:57,21,39.54815867,-76.3077755
7363,N,Apparently Normal,No Misuse,N,No Injury,ee6f70e7-5a4b-438c-9675-3c43dcd27189,D,MSP52050022,Shoulder/Lap Belt(s),M,35f72cbb-9951-481a-bba6-29fd3c130371,Same Direction Rear End,N,Non Intersection,Right Turn Lane,Daylight,No Defects,"Two-way, Divided, Positive Median Barrier",Snow,Cloudy,Six o'clock,Passenger Car,Functional,N,Slowing or Stopping,2015-02-16 14:29,42,39.47980517,-76.2636265
7364,N,Apparently Normal,No Misuse,N,No Injury,b1057753-7d6f-45e8-a7c9-ac0c5bb86649,D,MSP5224001R,Shoulder/Lap Belt(s),M,531553eb-c1ed-4913-981a-4984bbd84509,Same Direction Rear End,N,Non Intersection,Left Turn Lane,Dark No Lights,No Defects,"Two-way, Divided, Positive Median Barrier",Dry,Clear,Twelve o'clock,Passenger Car,Destroyed,N,Slowing or Stopping,2015-01-17 04:47,34,39.3586057,-77.5618752
7365,N,Apparently Normal,No Misuse,Y,No Injury,2b80be1d-5184-4f91-b7eb-5d15ceae5af6,D,MSP5297001N,Shoulder/Lap Belt(s),M,aff28e5d-6775-424e-b3d0-565c0e23d588,Single Vehicle ,N,Non Intersection,Deceleration Lane,Dark Lights On,No Defects,"Two-way, Divided, Positive Median Barrier",Wet,Clear,One o'clock,Passenger Car,Disabling,N,Moving Constant Speed,2015-01-18 10:28,56,39.218512,-76.6578145
7366,N,Apparently Normal,No Misuse,Y,No Injury,698785bf-47a8-408a-a50f-11f6586caef9,D,MSP53260011,Shoulder/Lap Belt(s),M,8245f033-42a9-4a69-a1c7-ed7de9f8dee9,Same Movement Angle,N,Crossover Related,Left Turn Lane,Daylight,No Defects,"Two-way, Divided, Unprotected (painted >4 feet) Median",Dry,Clear,One o'clock,(Sport) Utility Vehicle,Disabling,N,Making Left Turn,2015-03-02 14:03,84,39.6073525,-75.860632
7367,N,Apparently Normal,No Misuse,N,Possible Incapacitating Injury,c0b1de12-e72c-4d18-8271-c8ca703bc107,D,MSP53260011,Shoulder/Lap Belt(s),M,e4deb2ce-e751-4e52-b7d0-00e1e8685177,Same Movement Angle,N,Crossover Related,Left Turn Lane,Daylight,No Defects,"Two-way, Divided, Unprotected (painted >4 feet) Median",Dry,Clear,Twelve o'clock,(Sport) Utility Vehicle,Destroyed,N,Moving Constant Speed,2015-03-02 14:03,49,39.6073525,-75.860632
7368,N,Apparently Normal,No Misuse,N,No Injury,cfff00a1-86d2-4f3d-8c2d-06ca99a5ebca,D,MSP5333006B,Shoulder/Lap Belt(s),M,004316e9-e430-446e-b552-efba6a64db45,Same Direction Rear End,N,Interchange Related,Right Turn Lane,Daylight,No Defects,One-way Trafficway,Ice,Cloudy,Six o'clock,Passenger Car,Functional,N,Moving Constant Speed,2015-02-10 08:08,19,39.23418099,-76.70843393
7369,N,Apparently Normal,No Misuse,Y,No Injury,06b09acc-5e86-4d56-8c23-cc34b157c57d,D,MSP5333006B,Shoulder/Lap Belt(s),M,bd0886c9-00e6-42a2-a8c5-78a8c5f4d2e3,Same Direction Rear End,N,Interchange Related,Right Turn Lane,Daylight,No Defects,One-way Trafficway,Ice,Cloudy,Twelve o'clock,Passenger Car,Disabling,N,Moving Constant Speed,2015-02-10 08:08,30,39.23418099,-76.70843393
7370,N,Apparently Normal,No Misuse,N,No Injury,865f9f72-a1bb-491e-a20c-3927ff225edf,D,MSP5333006F,Shoulder/Lap Belt(s),M,a91c90e6-fc9c-4b7e-a311-d25997807c28,Same Direction Rear End,N,Non Intersection,Right Turn Lane,Daylight,No Defects,"Two-way, Divided, Positive Median Barrier",Dry,Cloudy,Six o'clock,"Other Light Trucks (10,000 lbs (4,536 kg))",Functional,N,Slowing or Stopping,2015-02-12 07:39,35,39.30838483,-76.74421983
7371,N,Apparently Normal,No Misuse,Y,No Injury,553d04cc-4fde-4021-9ba2-4a4e95ada780,D,MSP5333006F,Shoulder/Lap Belt(s),M,e92db1ae-1045-4089-a20e-fcfb7b1defc9,Same Direction Rear End,N,Non Intersection,Right Turn Lane,Daylight,No Defects,"Two-way, Divided, Positive Median Barrier",Dry,Cloudy,Twelve o'clock,Van,Disabling,N,Moving Constant Speed,2015-02-12 07:39,28,39.30838483,-76.74421983
7372,N,Apparently Normal,No Misuse,N,No Injury,26de5f87-4ba9-4d90-8ff0-b7543eab4b0e,D,MSP5333006H,Shoulder/Lap Belt(s),M,feffc14d-aaec-48b2-b143-7cd2487f7b06,Same Direction Rear End,N,Non Intersection,Deceleration Lane,Daylight,No Defects,"Two-way, Divided, Positive Median Barrier",Dry,Clear,Twelve o'clock,Truck Tractor,Functional,N,Moving Constant Speed,2015-02-13 07:21,67,39.29575117,-76.742899
7373,N,Apparently Normal,No Misuse,Y,Possible Incapacitating Injury,7138d8b6-6238-4602-81c2-7b000a0a833e,D,MSP5333006H,Shoulder/Lap Belt(s),M,203c46bb-21be-409d-be02-c5db433b639f,Same Direction Rear End,N,Non Intersection,Deceleration Lane,Daylight,No Defects,"Two-way, Divided, Positive Median Barrier",Dry,Clear,Six o'clock,Pickup Truck,Functional,N,Stopped in Traffic Lane,2015-02-13 07:21,27,39.29575117,-76.742899
7374,N,Apparently Normal,No Misuse,N,No Injury,5a4e8bc8-185e-4c32-91ae-8007af5abd4f,D,MSP5333006V,Shoulder/Lap Belt(s),M,54beb276-4460-4c6a-bf4d-975f8d41a85b,Same Direction Rear End,Y,Non Intersection,Right Turn Lane,Dark Lights On,No Defects,"Two-way, Divided, Positive Median Barrier",Dry,Clear,Six o'clock,Passenger Car,Functional,N,Stopped in Traffic Lane,2015-03-17 21:50,46,39.25304817,-76.683342
7375,N,Apparently Normal,No Misuse,Y,No Injury,59fe2a10-debb-45cf-bb18-81ebc10e662c,D,MSP5333006V,Shoulder/Lap Belt(s),M,5d013a8b-e3a6-4500-898a-8aca40e73237,Same Direction Rear End,Y,Non Intersection,Right Turn Lane,Dark Lights On,No Defects,"Two-way, Divided, Positive Median Barrier",Dry,Clear,Twelve o'clock,Van,Disabling,N,Moving Constant Speed,2015-03-17 21:50,37,39.25304817,-76.683342
7376,N,Apparently Normal,No Misuse,N,No Injury,e59e1586-2d71-4abe-8080-e4a9cf0e7d63,D,MSP5334002J,Shoulder/Lap Belt(s),M,03fb6e8f-9272-4ac1-ae27-f6cccc444172,Single Vehicle ,N,Non Intersection,Right Turn Lane,Dark No Lights,No Defects,"Two-way, Not Divided",Dry,Clear,Twelve o'clock,Pickup Truck,Disabling,N,Moving Constant Speed,2015-01-10 06:22,41,39.53452133,-77.0212545
7377,N,Apparently Normal,No Misuse,Y,No Injury,1fa94906-64b3-429b-8845-3a94034562e3,D,MSP5345002S,Shoulder/Lap Belt(s),M,70037d8a-feaf-4f38-8973-b27b9745a474,Same Direction Sideswipe,N,Intersection,Right Turn Lane,Dark Lights On,No Defects,"Two-way, Divided, Positive Median Barrier",Snow,Snow,Four o'clock,"Other Light Trucks (10,000 lbs (4,536 kg))",Superficial,N,Starting From Lane,2015-03-05 22:32,55,39.4452,-77.3955
7378,N,Apparently Normal,No Misuse,Y,No Injury,5f09de60-39bd-4671-93bf-253ff954f917,D,MSP5356000V,Shoulder/Lap Belt(s),M,3b2cf0e7-d154-474b-8d4b-84987f2b5129,Single Vehicle ,N,Intersection Related,Right Turn Lane,Daylight,Foreign Material,"Two-way, Not Divided",Ice,Wintry Mix,Three o'clock,Passenger Car,Functional,Y,Moving Constant Speed,2015-03-01 12:58,42,38.90435967,-75.81458883
7379,N,Apparently Normal,No Misuse,Y,No Injury,c3b155ba-bf0d-4151-9ac3-49c110c05a37,D,MSP53620018,Shoulder/Lap Belt(s),M,44b76285-464a-41e5-8fd3-b1e2985d3481,Single Vehicle ,N,Non Intersection,Right Turn Lane,Daylight,No Defects,"Two-way, Divided, Positive Median Barrier",Ice,Raining,Eleven o'clock,Passenger Car,Disabling,N,Skidding,2015-02-22 08:00,22,38.53781875,-76.7839247
7380,N,Had Been Drinking,No Misuse,Y,No Injury,45cdcdc8-f1ea-4b67-85a9-5ccb97faa533,D,MSP5372000F,Shoulder/Lap Belt(s),M,c08a3b24-4f4b-40fb-81a4-2b6f20945a5a,Same Direction Sideswipe,N,Intersection Related,Right Turn Lane,Daylight,No Defects,"Two-way, Divided, Positive Median Barrier",Dry,Clear,Twelve o'clock,(Sport) Utility Vehicle,Superficial,N,Moving Constant Speed,2015-01-13 14:49,47,39.312049,-76.526402
7381,N,Apparently Normal,No Misuse,N,No Injury,7fb8459e-c243-4157-a7ca-d194e9993252,D,MSP5397003C,Shoulder/Lap Belt(s),M,572d1010-bc62-48c1-a4f1-239806c46f76,Same Movement Angle,N,Intersection,Right Turn Lane,Dark Lights On,No Defects,"Two-way, Not Divided",Snow,Snow,One o'clock,(Sport) Utility Vehicle,Functional,N,Moving Constant Speed,2015-02-21 19:03,27,39.127624,-76.540518
7382,N,Apparently Normal,No Misuse,Y,No Injury,d49a69ae-7ca3-4e1a-8f06-5e7073976392,D,MSP5397003C,Shoulder/Lap Belt(s),M,26ce7218-bff9-48a8-b418-c8126d5f348c,Same Movement Angle,N,Intersection,Right Turn Lane,Dark Lights On,No Defects,"Two-way, Not Divided",Snow,Snow,Twelve o'clock,"Other Light Trucks (10,000 lbs (4,536 kg))",Superficial,N,Slowing or Stopping,2015-02-21 19:03,60,39.127624,-76.540518
7383,N,Apparently Normal,No Misuse,N,No Injury,8d7e0de3-5cee-48e3-955d-b21c153a441d,D,MSP5397003F,Shoulder/Lap Belt(s),M,aded92a4-1870-48d6-afa8-c6c10e6b48d6,Same Direction Rear End,N,Intersection Related,Right Turn Lane,Daylight,No Defects,"Two-way, Not Divided",Wet,Clear,Six o'clock,Passenger Car,Superficial,N,Slowing or Stopping,2015-03-02 07:39,59,39.176263,-76.62472
7384,N,Apparently Normal,No Misuse,Y,No Injury,f94253cb-3a37-46db-8e66-c5435aa33dff,D,MSP5397003F,Shoulder/Lap Belt(s),M,04962e62-4bbf-492f-b8cc-45fec72e222e,Same Direction Rear End,N,Intersection Related,Right Turn Lane,Daylight,No Defects,"Two-way, Not Divided",Wet,Clear,Twelve o'clock,(Sport) Utility Vehicle,Superficial,N,Slowing or Stopping,2015-03-02 07:39,62,39.176263,-76.62472
7385,N,Apparently Normal,No Misuse,Y,No Injury,bd2b7d05-3ca5-4cd0-93c7-4d0685954b3f,D,MSP54160018,Shoulder/Lap Belt(s),M,b89d54ac-afe0-4626-838a-5d48f10a842b,Single Vehicle ,N,Non Intersection,Right Turn Lane,Dark No Lights,No Defects,"Two-way, Not Divided",Wet,Raining,Eleven o'clock,Pickup Truck,Disabling,N,Moving Constant Speed,2015-01-24 06:45,28,38.41301867,-76.80126637
7386,N,Apparently Normal,No Misuse,Y,No Injury,be9b57b3-71b1-49d6-a2cc-3abb7e6e642a,D,MSP5423000N,Shoulder/Lap Belt(s),M,a73187a0-1f82-4d77-b7dd-6573d4ed456a,Single Vehicle ,N,Non Intersection,Right Turn Lane,Daylight,No Defects,"Two-way, Divided, Positive Median Barrier",Dry,Cloudy,Eleven o'clock,Passenger Car,Disabling,N,Moving Constant Speed,2015-02-16 08:10,19,39.700294,-79.312867
7387,N,Apparently Normal,No Misuse,N,No Injury,665add26-deec-4596-9afd-f3130d11f4f2,D,MSP5423000P,Shoulder/Lap Belt(s),M,4193bbf8-82e9-4c57-9fea-38b2bb58df6b,Opposite Direction Sideswipe,N,Non Intersection,Right Turn Lane,Daylight,No Defects,"Two-way, Not Divided",Wet,Cloudy,Eleven o'clock,"Cargo Van/Light Truck 2 axles (10,000 lbs (4,536 kg) or less)",Disabling,N,Moving Constant Speed,2015-02-16 11:38,37,39.680987,-79.275748
7388,N,Apparently Normal,No Misuse,Y,No Injury,d915a77b-b5f6-4f13-bd36-d325bb354b73,D,MSP5423000P,Shoulder/Lap Belt(s),M,c1432f7f-b4d6-49ff-8474-22ec025613a7,Opposite Direction Sideswipe,N,Non Intersection,Right Turn Lane,Daylight,No Defects,"Two-way, Not Divided",Wet,Cloudy,One o'clock,Passenger Car,Disabling,N,Moving Constant Speed,2015-02-16 11:38,21,39.680987,-79.275748
7389,Y,Apparently Normal,No Misuse,Y,No Injury,4aa0395a-15e0-4c16-826b-d24c2ae2ea1a,D,MSP5423000Q,Shoulder/Lap Belt(s),M,5213fee9-9d7c-41be-86bd-67ee58b8b2f4,Single Vehicle ,N,Non Intersection,Left Turn Lane,Daylight,No Defects,"Two-way, Divided, Positive Median Barrier",Wet,Cloudy,Eleven o'clock,Pickup Truck,Disabling,N,Moving Constant Speed,2015-02-19 10:47,58,39.683081,-78.969984
7390,N,Apparently Normal,No Misuse,N,No Injury,e9b871ee-6ad9-4a48-a215-4d9136c4963e,D,MSP5445000Y,Shoulder/Lap Belt(s),M,3306725d-b063-4f07-83d5-01f8d48ff4e5,Single Vehicle ,N,Non Intersection,Right Turn Lane,Dark No Lights,No Defects,"Two-way, Not Divided",Dry,Clear,Eleven o'clock,Van,Functional,N,Moving Constant Speed,2015-02-04 06:24,36,39.36768196,-77.14857101
7391,N,Apparently Normal,No Misuse,N,No Injury,2bc30010-f309-4530-a28a-a1b2bfd7e3fe,D,MSP54450010,Shoulder/Lap Belt(s),M,7f199636-fb03-4441-a4e2-5e1538a2b45b,Same Direction Rear End,N,Intersection Related,Right Turn Lane,Daylight,No Defects,"Two-way, Not Divided",Dry,Cloudy,Six o'clock,Passenger Car,Superficial,N,Stopped in Traffic Lane,2015-03-03 09:24,50,39.52384336,-76.9902724
7392,N,Apparently Normal,No Misuse,N,No Injury,4d5914d0-4c3f-4d1f-9947-566dc2f6cb33,D,MSP5457001L,Shoulder/Lap Belt(s),M,ea8c060d-769d-433a-ac42-93c6e8f6f527,Same Direction Rear End,N,Non Intersection,Right Turn Lane,Daylight,No Defects,"Two-way, Not Divided",Dry,Clear,Six o'clock,Pickup Truck,Functional,N,Slowing or Stopping,2015-02-25 08:35,68,39.41354433,-77.012132
7393,N,Apparently Normal,No Misuse,Y,No Injury,ae79cd5f-30e7-4395-ba66-d19eb772930d,D,MSP5457001Q,Shoulder/Lap Belt(s),M,4238f255-a040-4eba-a0d8-9b25229ccde3,Head On Left Turn,N,Intersection,Left Turn Lane,Daylight,No Defects,"Two-way, Divided, Positive Median Barrier",Dry,Cloudy,Twelve o'clock,Pickup Truck,Disabling,N,Starting From Lane,2015-03-22 11:46,58,39.36443483,-77.16134283
7394,N,Apparently Normal,No Misuse,N,Possible Incapacitating Injury,1056663c-f636-44a5-8e37-a9fca1f1335e,D,MSP5457001Q,Shoulder/Lap Belt(s),M,a62b1877-53ee-4d64-bc11-712c125a3deb,Head On Left Turn,N,Intersection,Left Turn Lane,Daylight,No Defects,"Two-way, Divided, Positive Median Barrier",Dry,Cloudy,Twelve o'clock,Passenger Car,Disabling,N,Moving Constant Speed,2015-03-22 11:46,31,39.36443483,-77.16134283
7395,N,Apparently Normal,No Misuse,N,No Injury,537f2aea-9cfa-4954-a5bd-fff3bc76bc09,D,MSP5458000D,Shoulder/Lap Belt(s),M,7fb8a793-fe2e-406b-b4a8-3b1effcc0283,Same Movement Angle,N,Intersection Related,Right Turn Lane,Daylight,No Defects,"Two-way, Divided, Positive Median Barrier",Dry,Clear,Twelve o'clock,Passenger Car,Destroyed,N,Moving Constant Speed,2015-03-27 13:53,26,39.61043717,-75.9079675
7396,Y,Apparently Normal,No Misuse,Y,No Injury,26c40083-b5b1-484e-a174-36a71935c994,D,MSP54610013,Shoulder Belt Only,M,272cc86a-4043-4ede-bed6-db3ae33e26d8,Single Vehicle ,Y,Non Intersection,Right Turn Lane,Daylight,No Defects,"Two-way, Divided, Positive Median Barrier",Dry,Cloudy,Six o'clock,"Medium/Heavy Truck 2 axles (10,000 lbs (4,536 kg) or less)",No Damage,N,Starting From Parked,2015-02-09 13:45,37,39.057109,-77.160753
7397,N,Apparently Normal,No Misuse,Y,No Injury,c4d36d0b-c419-4496-aff1-23938b0ac909,D,MSP54660046,Shoulder/Lap Belt(s),M,52bd2bd4-4aca-499e-86c5-e236ecc50a16,Same Direction Rear End,N,Non Intersection,Deceleration Lane,Daylight,No Defects,"Two-way, Divided, Positive Median Barrier",Dry,Clear,Twelve o'clock,Passenger Car,Disabling,N,Skidding,2015-01-09 16:51,43,38.81971551,-76.92519665
7398,N,Apparently Normal,No Misuse,Y,No Injury,4913188a-84f7-4a2f-816c-e4c764ffa3d8,D,MSP5467000V,Shoulder/Lap Belt(s),M,811c06b1-1b31-4197-8cdc-f9d762861804,Single Vehicle ,N,Non Intersection,Right Turn Lane,Daylight,No Defects,"Two-way, Divided, Positive Median Barrier",Snow,Snow,Six o'clock,(Sport) Utility Vehicle,Disabling,N,Moving Constant Speed,2015-01-12 08:08,50,38.97539151,-76.12778664
7399,N,Apparently Normal,No Misuse,Y,No Injury,b70acd5c-66d8-4a96-9b58-f425237c6cb0,D,MSP54960009,Shoulder/Lap Belt(s),M,78969f93-19ff-4b0d-9a61-a52a9c2a2330,Single Vehicle ,N,Non Intersection,Right Turn Lane,Daylight,No Defects,"Two-way, Not Divided",Snow,Snow,One o'clock,Pickup Truck,Disabling,N,Moving Constant Speed,2015-02-26 08:54,36,38.669309,-75.745834
7400,N,Apparently Normal,No Misuse,N,No Injury,315af946-3953-44c4-b9bf-f0ee0e3d9620,D,MSP5496000C,Shoulder/Lap Belt(s),M,3ab0c064-b3f1-4eca-a45d-c5f59f5e5b60,Single Vehicle ,N,Non Intersection,Right Turn Lane,Daylight,No Defects,"Two-way, Not Divided",Dry,Clear,Ten o'clock,Passenger Car,Disabling,N,Moving Constant Speed,2015-03-23 08:02,39,38.587336,-76.176344
7401,N,Apparently Normal,No Misuse,Y,No Injury,4efa8bb0-5638-408a-a9cc-56ab9fa31ebc,D,MSP5516002G,Shoulder/Lap Belt(s),M,e95e8c8e-706f-48c3-a800-7b82fb3a90c6,Same Direction Rear End,N,Non Intersection,Right Turn Lane,Dawn,No Defects,"Two-way, Divided, Positive Median Barrier",Snow,Snow,Twelve o'clock,Truck Tractor,Disabling,N,Skidding,2015-01-06 07:20,49,39.36423141,-77.18174458
7402,N,Apparently Normal,No Misuse,N,Possible Incapacitating Injury,15970823-08e3-457c-b498-5fedfdef9f28,D,MSP5516002G,Shoulder/Lap Belt(s),M,1bc7b67c-f3f1-4c6b-86b2-58909fc7a40e,Same Direction Rear End,N,Non Intersection,Right Turn Lane,Dawn,No Defects,"Two-way, Divided, Positive Median Barrier",Snow,Snow,Six o'clock,"Medium/Heavy Truck 2 axles (10,000 lbs (4,536 kg) or less)",Functional,N,Moving Constant Speed,2015-01-06 07:20,38,39.36423141,-77.18174458
7403,N,Apparently Normal,No Misuse,N,No Injury,0d3071bc-7f63-4a48-a499-50be5a9fc29c,D,MSP5516002H,Shoulder/Lap Belt(s),M,a6ecef42-5ff8-4a9c-a585-0ae0ffb89053,Same Movement Angle,N,Intersection,Right Turn Lane,Daylight,No Defects,"Two-way, Not Divided",Dry,Clear,Twelve o'clock,Passenger Car,Disabling,N,Skidding,2015-01-11 12:44,17,39.46642,-77.59230133
7404,N,Apparently Normal,No Misuse,Y,Possible Incapacitating Injury,3d27bca2-9b8c-4733-93f3-ef03f38e4e2c,D,MSP5516002H,Shoulder/Lap Belt(s),M,05f6a56b-dac2-4aca-a046-77c4bb4d6f87,Same Movement Angle,N,Intersection,Right Turn Lane,Daylight,No Defects,"Two-way, Not Divided",Dry,Clear,Ten o'clock,Van,Disabling,N,Accelerating,2015-01-11 12:44,49,39.46642,-77.59230133
7405,N,Apparently Normal,No Misuse,N,No Injury,7511b62e-f605-43e8-ac3c-3bedb1d44439,D,MSP5516002W,Shoulder/Lap Belt(s),M,3e91da0d-b4dd-4a35-909c-afc2f306358a,Same Direction Rear End,N,Non Intersection,Right Turn Lane,Daylight,No Defects,"Two-way, Divided, Positive Median Barrier",Dry,Clear,Six o'clock,Passenger Car,Disabling,N,Slowing or Stopping,2015-03-28 15:31,60,39.398727,-77.43757167
7406,N,Apparently Normal,No Misuse,Y,No Injury,802b182d-c68d-4443-8c30-d1e997789e1a,D,MSP5516002W,Shoulder/Lap Belt(s),M,b41060c3-2495-476c-b2de-9613eecd2aee,Same Direction Rear End,N,Non Intersection,Right Turn Lane,Daylight,No Defects,"Two-way, Divided, Positive Median Barrier",Dry,Clear,Twelve o'clock,Pickup Truck,Functional,N,Skidding,2015-03-28 15:31,37,39.398727,-77.43757167
7407,N,Apparently Normal,No Misuse,Y,No Injury,7b31d5b5-658a-4e4d-9526-5f48a64e9eb8,D,MSP55170012,Shoulder/Lap Belt(s),M,01079a5c-0db7-4f6c-bf73-2feefa9b20d6,Single Vehicle ,N,Non Intersection,Right Turn Lane,Dark No Lights,No Defects,"Two-way, Divided, Positive Median Barrier",Wet,Raining,Twelve o'clock,Passenger Car,Disabling,N,Moving Constant Speed,2015-03-01 18:24,26,39.686509,-78.500567
7408,N,Apparently Normal,No Misuse,Y,No Injury,b47c1a1a-66d5-46de-9df5-e367c25dc25d,D,MSP5544001X,Shoulder/Lap Belt(s),M,1796e48a-14aa-4ed4-993f-fb2904daf115,Single Vehicle ,N,Intersection,Right Turn Lane,Dark No Lights,No Defects,"Two-way, Not Divided",Dry,Clear,Twelve o'clock,Passenger Car,Disabling,N,Moving Constant Speed,2015-03-02 21:45,55,39.5941809,-79.302535
7409,N,Apparently Normal,No Misuse,N,No Injury,74f3e0f6-b3ff-4907-b799-fb0f1ebdf923,D,MSP5562001T,Shoulder/Lap Belt(s),M,e8a3478c-73d4-45cb-bab7-be1a43e0adb9,Single Vehicle ,N,Non Intersection,Right Turn Lane,Dark No Lights,No Defects,"Two-way, Not Divided",Dry,Clear,Twelve o'clock,Passenger Car,Disabling,N,Moving Constant Speed,2015-03-22 20:52,61,39.48580133,-76.997307
7410,N,Apparently Normal,No Misuse,N,No Injury,e286dea9-e167-496c-a54d-a24ce44e284d,D,MSP5563002M,Shoulder/Lap Belt(s),M,33a60d22-bde2-4a00-8fc1-4ac2cc9a9701,Same Direction Rear End,N,Non Intersection,Right Turn Lane,Dark No Lights,No Defects,"Two-way, Divided, Positive Median Barrier",Dry,Clear,Six o'clock,Passenger Car,Functional,N,Slowing or Stopping,2015-01-14 18:05,48,39.20804267,-76.74632433
7411,N,Apparently Normal,No Misuse,Y,No Injury,a2c99883-f480-4405-a5b6-137272d79e4d,D,MSP5563002M,Shoulder/Lap Belt(s),M,de3595a2-7973-439f-b5a3-bcefae0b97a7,Same Direction Rear End,N,Non Intersection,Right Turn Lane,Dark No Lights,No Defects,"Two-way, Divided, Positive Median Barrier",Dry,Clear,Twelve o'clock,Passenger Car,Disabling,N,Skidding,2015-01-14 18:05,24,39.20804267,-76.74632433
7412,N,Apparently Normal,No Misuse,N,No Injury,7181ed21-ad54-4961-a323-eb97b245ec74,D,MSP5574000S,Shoulder/Lap Belt(s),M,68737731-92cd-4598-891d-fcb8c004a24e,Same Direction Rear End,N,Non Intersection,Right Turn Lane,Daylight,No Defects,"Two-way, Not Divided",Wet,Raining,Six o'clock,Passenger Car,Disabling,N,Slowing or Stopping,2015-01-24 11:00,26,38.005934,-75.82167867