KEY_INDEX,CDL_FLAG,CONDITION_CODE,EQUIP_PROB_CODE,FAULT_FLAG,INJ_SEVER_CODE,PERSON_ID,PERSON_TYPE,REPORT_NO,SAF_EQUIP_CODE,SEX_CODE,VEHICLE_ID,COLLISION_TYPE_CODE,C_M_ZONE_FLAG,JUNCTION_CODE,LANE_CODE,LIGHT_CODE,RD_COND_CODE,RD_DIV_CODE,SURF_COND_CODE,WEATHER_CODE,AREA_DAMAGED_CODE_MAIN,BODY_TYPE_CODE,DAMAGE_CODE,HIT_AND_RUN_FLAG,MOVEMENT_CODE,TIME,AGE,LATITUDE,LONGITUDE
7413,N,Apparently Normal,No Misuse,Y,No Injury,c126baf6-8aa0-4d09-85bf-d8394815e7f3,D,MSP5574000T,Shoulder/Lap Belt(s),M,e57d6c14-8235-4fc5-99ea-7c9bd04adbc5,Single Vehicle ,N,Non Intersection,Right Turn Lane,Daylight,No Defects,"Two-way, Not Divided",Ice,Severe Winds,Twelve o'clock,Passenger Car,Disabling,N,Moving Constant Speed,2015-02-15 09:43,20,38.07194685,-75.62780142
7414,N,Apparently Normal,No Misuse,Y,No Injury,7613db3a-d781-45a4-9911-03387a29b255,D,MSP5574000W,Shoulder/Lap Belt(s),M,1248042a-89ad-42c4-a107-fdea56564ddb,Single Vehicle ,N,Non Intersection,Left Turn Lane,Dark No Lights,No Defects,"Two-way, Divided, Unprotected (painted >4 feet) Median",Snow,Snow,Twelve o'clock,Passenger Car,Disabling,N,Moving Constant Speed,2015-02-24 18:54,22,38.10513263,-75.63726425
7415,N,Apparently Normal,No Misuse,Y,No Injury,78c248cf-8b1f-4962-8190-9e43cebb89d5,D,MSP5574000X,Shoulder/Lap Belt(s),M,88b36dec-ba27-4dca-840c-eff8368cc97d,Single Vehicle ,N,Intersection,Right Turn Lane,Dark No Lights,No Defects,"Two-way, Not Divided",Dry,Clear,Twelve o'clock,Pickup Truck,Disabling,N,Moving Constant Speed,2015-03-27 23:46,27,37.99932474,-75.78707099
7416,N,Apparently Normal,No Misuse,N,No Injury,0f7ba078-0747-4c54-a434-27491bc74653,D,MSP5634001M,Shoulder/Lap Belt(s),M,be6ef724-90a6-4c07-ae27-857638951596,Same Direction Rear End,N,Intersection Related,Left Turn Lane,Daylight,No Defects,"Two-way, Divided, Positive Median Barrier",Dry,Clear,Six o'clock,(Sport) Utility Vehicle,Functional,N,Slowing or Stopping,2015-01-09 12:12,34,38.75010567,-76.87940367
7417,N,Apparently Normal,No Misuse,Y,No Injury,d3b0bfe3-8ab6-45db-bb7e-2d74255ca3c1,D,MSP5634001M,Shoulder/Lap Belt(s),M,638da812-66b3-466c-978a-96d6d0a25e3c,Same Direction Rear End,N,Intersection Related,Left Turn Lane,Daylight,No Defects,"Two-way, Divided, Positive Median Barrier",Dry,Clear,Twelve o'clock,Passenger Car,Disabling,N,Slowing or Stopping,2015-01-09 12:12,31,38.75010567,-76.87940367
7418,N,Apparently Normal,No Misuse,N,No Injury,6503454e-ff71-4151-b502-4da06688361f,D,MSP5634001P,Shoulder/Lap Belt(s),M,839fff7e-f0bf-45ae-bcef-4037bb48a8ff,Same Direction Rear End,N,Non Intersection,Right Turn Lane,Daylight,No Defects,"Two-way, Divided, Positive Median Barrier",Dry,Clear,Six o'clock,Pickup Truck,Superficial,N,Slowing or Stopping,2015-02-04 07:57,35,38.92142233,-76.852894
7419,N,Had Been Drinking,No Misuse,Y,No Injury,619b28ae-d23b-4476-968a-4ddab041ca75,D,MSP5634001P,Shoulder/Lap Belt(s),M,053cf309-d5d3-48ce-a7cf-ee9b2a30eb41,Same Direction Rear End,N,Non Intersection,Right Turn Lane,Daylight,No Defects,"Two-way, Divided, Positive Median Barrier",Dry,Clear,Twelve o'clock,Passenger Car,Disabling,N,Moving Constant Speed,2015-02-04 07:57,23,38.92142233,-76.852894
7420,N,Apparently Normal,No Misuse,N,No Injury,c3a0f6fc-2cf4-4c78-bc74-4daefd6482d1,D,MSP5634001R,Shoulder/Lap Belt(s),M,4224b8ef-0039-434a-8e89-312b726fee71,Same Direction Rear End,N,Non Intersection,Left Turn Lane,Daylight,No Defects,"Two-way, Divided, Positive Median Barrier",Dry,Clear,Six o'clock,Van,Functional,N,Moving Constant Speed,2015-02-13 15:00,57,38.71891717,-76.87934017
7421,N,Emotional Depressed Angry Disturbed,No Misuse,Y,No Injury,06135b88-3da8-4880-ab89-a45a7d1ee141,D,MSP5634001R,Shoulder/Lap Belt(s),M,a685a6c1-1af3-4dea-800d-29e61dd663f4,Same Direction Rear End,N,Non Intersection,Left Turn Lane,Daylight,No Defects,"Two-way, Divided, Positive Median Barrier",Dry,Clear,Twelve o'clock,Passenger Car,Superficial,N,Moving Constant Speed,2015-02-13 15:00,29,38.71891717,-76.87934017
7422,N,Apparently Normal,No Misuse,N,No Injury,a6260599-ead1-40f7-a9ed-8009013ca812,D,MSP5634001S,Shoulder/Lap Belt(s),M,9b7fcd1d-3d84-4a4e-94f9-22a75d732ed5,Same Direction Sideswipe,N,Non Intersection,Left Turn Lane,Daylight,No Defects,"Two-way, Divided, Positive Median Barrier",Dry,Clear,Eight o'clock,(Sport) Utility Vehicle,Functional,N,Moving Constant Speed,2015-02-13 15:00,35,38.71892717,-76.87937517
7423,N,Emotional Depressed Angry Disturbed,No Misuse,Y,No Injury,4c3b2000-f443-4a97-aeb5-09654ee6fd99,D,MSP5634001S,Shoulder/Lap Belt(s),M,c41df603-e06c-484c-a958-13a0034125a5,Same Direction Sideswipe,N,Non Intersection,Left Turn Lane,Daylight,No Defects,"Two-way, Divided, Positive Median Barrier",Dry,Clear,Two o'clock,Passenger Car,Functional,N,Changing Lanes,2015-02-13 15:00,29,38.71892717,-76.87937517
7424,N,Apparently Normal,No Misuse,Y,No Injury,12f287ef-9f32-4695-9290-72c672fae47b,D,MSP56350005,Shoulder/Lap Belt(s),M,4ea59069-da8c-41a3-b350-67e4df853148,Single Vehicle ,N,Non Intersection,Right Turn Lane,Daylight,No Defects,"Two-way, Divided, Positive Median Barrier",Dry,Clear,Twelve o'clock,Passenger Car,Disabling,N,Slowing or Stopping,2015-02-27 15:38,23,39.60216467,-76.04099517
7425,N,Apparently Normal,No Misuse,N,No Injury,06950d6c-f429-4d00-9c19-9742ab28bf5d,D,MSP5638001C,Shoulder/Lap Belt(s),M,87bc970c-f2f4-4d93-94b1-34b6d12d3b80,Opposite Direction Sideswipe,N,Non Intersection,Right Turn Lane,Daylight,No Defects,"Two-way, Not Divided",Dry,Cloudy,Ten o'clock,Pickup Truck,Functional,N,Slowing or Stopping,2015-01-13 08:17,64,38.51758264,-76.71143532
7426,N,Apparently Normal,No Misuse,Y,No Injury,1e1da7c6-12d2-4310-bce4-a1c862d203ef,D,MSP5638001C,Shoulder/Lap Belt(s),M,72b01c57-a0ef-46ee-98df-fd180d9840d0,Opposite Direction Sideswipe,N,Non Intersection,Right Turn Lane,Daylight,No Defects,"Two-way, Not Divided",Dry,Cloudy,Ten o'clock,"Cargo Van/Light Truck 2 axles (10,000 lbs (4,536 kg) or less)",Superficial,Y,Moving Constant Speed,2015-01-13 08:17,48,38.51758264,-76.71143532
7427,N,Apparently Normal,No Misuse,Y,No Injury,5b7285d9-0f05-4310-bdd0-85918045e445,D,MSP56570028,Shoulder/Lap Belt(s),M,3a52b19b-c9f5-44b7-8b0b-ff1ebfaf44f5,Single Vehicle ,N,Non Intersection,Left Turn Lane,Dark Lights On,No Defects,One-way Trafficway,Ice,Cloudy,Two o'clock,Passenger Car,Disabling,N,Skidding,2015-02-11 04:59,43,39.09974,-76.88944
7428,N,Apparently Normal,No Misuse,N,No Injury,2d97dc7d-3a80-454c-a5cb-2930a385af77,D,MSP56620026,Shoulder/Lap Belt(s),M,7b822d3c-2918-46d1-b73f-d1d7122a45be,Same Direction Sideswipe,N,Non Intersection,Right Turn Lane,Daylight,No Defects,"Two-way, Divided, Positive Median Barrier",Dry,Clear,Twelve o'clock,Passenger Car,Disabling,N,Moving Constant Speed,2015-01-07 11:17,22,39.68928467,-78.126854
7429,N,Apparently Normal,No Misuse,Y,No Injury,9d9cbd57-e8db-41cf-80b7-a39104de6837,D,MSP56790062,Shoulder/Lap Belt(s),M,928e5266-03b5-4dd6-addc-04e79b5eabac,Single Vehicle ,N,Non Intersection,Acceleration Lane,Dark - Unknown Lighting,No Defects,"Two-way, Divided, Positive Median Barrier",Snow,Snow,Roof Top,"Medium/Heavy Truck 2 axles (10,000 lbs (4,536 kg) or less)",Functional,N,Slowing or Stopping,2015-01-06 06:15,58,39.31862012,-76.45712972
7430,N,Apparently Normal,No Misuse,N,No Injury,dddae810-1b47-4773-b3ea-9e2ec0680df3,D,MSP56790064,Shoulder/Lap Belt(s),M,dcc22174-fb17-4cde-b45b-a3f015db5706,Same Direction Sideswipe,N,Non Intersection,Left Turn Lane,Daylight,No Defects,"Two-way, Divided, Positive Median Barrier",Dry,Clear,One o'clock,Passenger Car,Disabling,N,Moving Constant Speed,2015-01-07 12:42,38,39.24343667,-76.690917
7431,N,Apparently Normal,No Misuse,N,No Injury,9ba156e7-c0db-419b-9af9-ce9cc109bbc6,D,MSP5679006B,Shoulder/Lap Belt(s),M,50add587-7059-4299-8542-3af4578df28c,Same Direction Rear End,N,Non Intersection,Right Turn Lane,Daylight,No Defects,"Two-way, Divided, Positive Median Barrier",Dry,Clear,Six o'clock,Passenger Car,Functional,N,Slowing or Stopping,2015-02-10 15:56,38,39.41835875,-76.63367271
7432,N,Apparently Normal,No Misuse,Y,No Injury,ebdaf6fc-5f02-4bf0-8d56-3593eb2255cf,D,MSP5679006B,Shoulder/Lap Belt(s),M,1e6c1a62-878c-4cb2-80b9-2f3b41507a2b,Same Direction Rear End,N,Non Intersection,Right Turn Lane,Daylight,No Defects,"Two-way, Divided, Positive Median Barrier",Dry,Clear,Twelve o'clock,Passenger Car,Disabling,N,Moving Constant Speed,2015-02-10 15:56,32,39.41835875,-76.63367271
7433,N,Apparently Normal,No Misuse,N,No Injury,3595e4cb-85bb-4a17-bd44-8939134bfaaa,D,MSP5680000M,Shoulder/Lap Belt(s),M,d73757bf-4817-412d-b36f-8fa9d48ba004,Same Direction Rear End,N,Non Intersection,Right Turn Lane,Daylight,No Defects,"Two-way, Divided, Positive Median Barrier",Ice,Raining,One o'clock,Pickup Truck,Disabling,N,Slowing or Stopping,2015-01-18 08:04,25,39.60660183,-75.8506765
7434,N,Apparently Normal,No Misuse,Y,No Injury,eeecdd44-48ef-4ce0-a08d-dfb18d844de8,D,MSP57020014,Shoulder/Lap Belt(s),M,5fbba458-fd9c-4ab1-ab7f-5b5636548b7b,Single Vehicle ,N,Non Intersection,Right Turn Lane,Dark Lights On,No Defects,"Two-way, Not Divided",Ice,Clear,Two o'clock,Truck Tractor,Disabling,N,Slowing or Stopping,2015-02-10 06:00,31,39.064448,-75.766096
7435,N,Apparently Normal,No Misuse,Y,No Injury,55d082d1-7ead-4843-8608-08eb5ae2e789,D,MSP5730003K,Shoulder/Lap Belt(s),M,659b2ec8-2449-4e4c-aee9-221cfaf4df10,Single Vehicle ,N,Intersection,Right Turn Lane,Daylight,No Defects,"Two-way, Not Divided",Wet,Cloudy,Twelve o'clock,Passenger Car,Disabling,N,Moving Constant Speed,2015-03-14 12:32,29,39.34049317,-77.64069127
7436,N,Apparently Normal,No Misuse,Y,No Injury,f891fdf3-4f7d-4947-810b-845c441c1559,D,MSP5731002W,Shoulder/Lap Belt(s),M,a23210b8-6ad6-4d4d-824c-20b851b6b0f3,Single Vehicle ,N,Non Intersection,Left Turn Lane,Daylight,No Defects,"Two-way, Divided, Positive Median Barrier",Snow,Snow,Roof Top,Passenger Car,Destroyed,N,Moving Constant Speed,2015-02-21 11:28,29,39.661595,-77.741451
7437,N,Apparently Normal,No Misuse,Y,No Injury,32eceb1a-2af9-4cf1-9608-452c6e11b8cb,D,MSP57330017,Shoulder/Lap Belt(s),M,fe2e4073-83f1-409d-80c0-7a65b240b97f,Single Vehicle ,N,Non Intersection,Acceleration Lane,Dark No Lights,No Defects,"Two-way, Divided, Positive Median Barrier",Ice,Sleet,One o'clock,Pickup Truck,Disabling,N,Moving Constant Speed,2015-03-03 06:15,48,39.64437583,-75.91684633
7438,N,Apparently Normal,No Misuse,Y,No Injury,fc88519b-ab62-43fb-b0d0-026e2feb91a3,D,MSP57410011,Shoulder/Lap Belt(s),M,b8996a8d-b41e-4169-954f-51bd3bb3ff81,Single Vehicle ,N,Non Intersection,Right Turn Lane,Daylight,No Defects,"Two-way, Divided, Positive Median Barrier",Snow,Snow,Twelve o'clock,Passenger Car,Disabling,N,Moving Constant Speed,2015-03-05 11:30,22,39.60684541,-75.85774183
7439,N,Apparently Normal,No Misuse,N,No Injury,353328e5-37ed-4a41-8719-0cd1b99b5689,D,MSP57430025,Shoulder/Lap Belt(s),M,4f79e635-cc95-4189-8a28-aeaa4bb33209,Same Direction Rear End,N,Non Intersection,Right Turn Lane,Daylight,No Defects,"Two-way, Divided, Positive Median Barrier",Dry,Clear,Twelve o'clock,Passenger Car,Disabling,N,Moving Constant Speed,2015-03-06 14:44,57,39.648481,-77.75444783
7440,N,Apparently Normal,No Misuse,Y,No Injury,79fb5020-dffc-44ef-8a15-fcfb6c27e947,D,MSP57430025,Shoulder/Lap Belt(s),M,2fb4cbc0-db16-4726-8b26-8c6251e5684d,Same Direction Rear End,N,Non Intersection,Right Turn Lane,Daylight,No Defects,"Two-way, Divided, Positive Median Barrier",Dry,Clear,Twelve o'clock,Passenger Car,Disabling,N,Moving Constant Speed,2015-03-06 14:44,27,39.648481,-77.75444783
7441,N,Apparently Normal,No Misuse,Y,No Injury,fb138b71-6c0a-4606-93e1-74f600ad2c94,D,MSP57470023,Shoulder/Lap Belt(s),M,6d58d69b-5788-4b79-8e81-2044891f294d,Single Vehicle ,N,Non Intersection,Right Turn Lane,Daylight,No Defects,"Two-way, Not Divided",Ice,Wintry Mix,Seven o'clock,Passenger Car,Disabling,N,Moving Constant Speed,2015-01-03 09:48,39,39.636027,-77.532278
7442,Y,Apparently Normal,No Misuse,N,No Injury,533c5688-1a69-4be6-8519-2f012cc3a9c3,D,MSP57470026,Shoulder/Lap Belt(s),M,efbe119a-4d3d-4a92-b33e-641c3a01fbef,Opposite Direction Sideswipe,N,Non Intersection,Right Turn Lane,Daylight,No Defects,"Two-way, Not Divided",Dry,Clear,Twelve o'clock,"Medium/Heavy Truck 2 axles (10,000 lbs (4,536 kg) or less)",Superficial,N,Moving Constant Speed,2015-02-23 07:39,41,39.629082,-77.601391
7443,N,Apparently Normal,No Misuse,Y,No Injury,6c7edb3a-c341-4bee-ba0d-2b253a2b25fb,D,MSP57470026,Shoulder/Lap Belt(s),M,da9c727f-9e03-4e26-8909-bf30c83145c3,Opposite Direction Sideswipe,N,Non Intersection,Right Turn Lane,Daylight,No Defects,"Two-way, Not Divided",Dry,Clear,Seven o'clock,Van,Disabling,N,Moving Constant Speed,2015-02-23 07:39,63,39.629082,-77.601391
7444,N,Apparently Normal,No Misuse,N,No Injury,0da08bda-059a-4509-96a3-f0206cf7c1f7,D,MSP5763002V,Shoulder/Lap Belt(s),M,30d75c90-9ef9-477c-8098-e47359b31935,Same Direction Rear End,N,Non Intersection,Acceleration Lane,Daylight,No Defects,"Two-way, Divided, Positive Median Barrier",Dry,Clear,Six o'clock,Pickup Truck,Functional,N,Slowing or Stopping,2015-01-13 08:19,36,39.20742083,-76.74789917
7445,N,Apparently Normal,No Misuse,Y,No Injury,2d122112-5336-4c75-8a7b-2578b4ab0082,D,MSP5763002V,Shoulder/Lap Belt(s),M,07f7d247-b316-424a-ac7a-c358ff4e6e9e,Same Direction Rear End,N,Non Intersection,Acceleration Lane,Daylight,No Defects,"Two-way, Divided, Positive Median Barrier",Dry,Clear,Twelve o'clock,Passenger Car,Disabling,N,Moving Constant Speed,2015-01-13 08:19,34,39.20742083,-76.74789917
7446,N,Apparently Normal,No Misuse,N,No Injury,6a065a39-cef4-49d6-afdf-d73d5d56d92b,D,MSP5773000P,Shoulder/Lap Belt(s),M,629282ee-c746-4a64-8cad-cdcb27933e00,Head On Left Turn,N,Non Intersection,Right Turn Lane,Daylight,No Defects,"Two-way, Not Divided",Dry,Clear,Twelve o'clock,Passenger Car,Functional,N,Moving Constant Speed,2015-02-28 16:39,56,39.58045233,-78.8472285
7447,N,Apparently Normal,No Misuse,N,No Injury,9e7e3cff-e556-4fd7-be4c-370d2415e72c,D,MSP57780027,Shoulder/Lap Belt(s),M,efe900e7-d57f-4690-85c3-fde70f2146da,Single Vehicle ,N,Non Intersection,Right Turn Lane,Dark No Lights,No Defects,"Two-way, Not Divided",Dry,Foggy,One o'clock,Passenger Car,Disabling,N,Moving Constant Speed,2015-01-04 02:11,26,39.5512,-76.9907
7448,N,Apparently Normal,No Misuse,Y,No Injury,17d6791d-c3c8-48c4-af29-7023432a412f,D,MSP5778002G,Shoulder/Lap Belt(s),M,fb67ed3c-94f0-478b-93fa-19892f2d370e,Single Vehicle ,N,Non Intersection,Right Turn Lane,Dark No Lights,No Defects,"Two-way, Not Divided",Wet,Snow,Twelve o'clock,Passenger Car,Disabling,N,Moving Constant Speed,2015-02-16 19:07,47,39.45161283,-77.090799
7449,N,Apparently Normal,No Misuse,Y,No Injury,e3aeeaf3-483a-463c-9741-716746422e04,D,MSP5780002P,Shoulder/Lap Belt(s),M,d3be00d2-6863-4e6e-bd1e-f5dea8eba01d,Single Vehicle ,N,Non Intersection,Right Turn Lane,Dark No Lights,No Defects,"Two-way, Divided, Positive Median Barrier",Wet,Raining,Eleven o'clock,Passenger Car,No Damage,N,Moving Constant Speed,2015-02-02 05:29,36,39.4384335,-77.49103733
7450,N,Apparently Normal,No Misuse,Y,No Injury,bbf81b3b-3267-4fd7-be79-3efe899afb12,D,MSP5780002S,Shoulder/Lap Belt(s),M,61ef1206-0bc5-4185-9b30-e1450866ed5d,Single Vehicle ,N,Non Intersection,Right Turn Lane,Dark No Lights,No Defects,"Two-way, Divided, Positive Median Barrier",Dry,Clear,Five o'clock,Passenger Car,Disabling,N,Moving Constant Speed,2015-02-17 21:58,27,39.40437267,-77.43630367
7451,Y,Apparently Normal,No Misuse,N,No Injury,d9feb112-9b44-42a1-a071-1bfe7daa9ded,D,MSP5780002Z,Shoulder/Lap Belt(s),M,10facbf8-1470-4dd8-a9b1-4c3d29a3f2a0,Same Direction Left Turn,N,Non Intersection,Left Turn Lane,Daylight,No Defects,"Two-way, Divided, Positive Median Barrier",Dry,Clear,One o'clock,Van,Functional,N,Moving Constant Speed,2015-03-29 12:29,48,39.38472733,-77.41202317
7452,Y,Apparently Normal,No Misuse,N,No Injury,01a287db-cebb-4cfb-9f37-ad6232c693c0,D,MSP5796002J,Shoulder/Lap Belt(s),M,15556104-c2d6-451a-8458-482940454eb0,Same Direction Sideswipe,N,Non Intersection,Acceleration Lane,Daylight,No Defects,"Two-way, Divided, Positive Median Barrier",Dry,Clear,Six o'clock,Truck Tractor,Superficial,N,Moving Constant Speed,2015-03-27 14:10,33,39.20153106,-76.7586422
7453,N,Apparently Normal,No Misuse,Y,No Injury,0d27a926-0975-45b9-9d59-8a0f30c48aeb,D,MSP5796002J,Shoulder/Lap Belt(s),M,67a4779d-def8-4468-b4a8-00a3d6db6cbd,Same Direction Sideswipe,N,Non Intersection,Acceleration Lane,Daylight,No Defects,"Two-way, Divided, Positive Median Barrier",Dry,Clear,Twelve o'clock,Passenger Car,Disabling,N,Changing Lanes,2015-03-27 14:10,22,39.20153106,-76.7586422
7454,N,Apparently Normal,No Misuse,Y,No Injury,0ad68087-8262-4c50-bef5-7c71b9af40d0,D,MSP57970011,Shoulder/Lap Belt(s),M,50ab644e-2602-4b57-a3eb-1401bfac6e41,Single Vehicle ,N,Intersection Related,Acceleration Lane,Dark Lights On,No Defects,"Two-way, Divided, Positive Median Barrier",Dry,Clear,Twelve o'clock,Passenger Car,Disabling,N,Starting From Lane,2015-03-11 22:39,19,38.291591,-76.49349317
7455,N,Apparently Normal,No Misuse,N,No Injury,44edd386-374d-4c4a-8eb2-44ab8401b920,D,MSP58000024,Shoulder/Lap Belt(s),M,8d45f251-9043-4875-9663-1bd7bd7b7257,Single Vehicle ,Y,Non Intersection,Right Turn Lane,Dark Lights On,No Defects,"Two-way, Divided, Positive Median Barrier",Ice,Clear,Twelve o'clock,Passenger Car,Disabling,N,Moving Constant Speed,2015-01-11 06:06,21,39.0154595,-77.00582817
7456,N,Apparently Normal,No Misuse,N,No Injury,d6c1f51e-1487-4fc7-87ae-5eff8c663417,D,MSP5800002M,Shoulder/Lap Belt(s),M,4c4ef5ff-ffbb-4ee3-8dd1-44fa27a0f607,Same Direction Sideswipe,N,Non Intersection,Left Turn Lane,Daylight,No Defects,"Two-way, Divided, Positive Median Barrier",Snow,Snow,Seven o'clock,Truck Tractor,Functional,N,Moving Constant Speed,2015-03-05 06:50,51,39.26810217,-77.31397117
7457,N,Apparently Normal,No Misuse,Y,No Injury,bf0ed2a3-f6a7-4afc-950d-cf1a42680741,D,MSP5800002M,Shoulder/Lap Belt(s),M,2a84d3e7-745f-4272-87f8-a0659f0b947c,Same Direction Sideswipe,N,Non Intersection,Left Turn Lane,Daylight,No Defects,"Two-way, Divided, Positive Median Barrier",Snow,Snow,Eleven o'clock,(Sport) Utility Vehicle,Disabling,N,Moving Constant Speed,2015-03-05 06:50,28,39.26810217,-77.31397117
7458,N,Apparently Normal,No Misuse,N,No Injury,239afd8b-1f75-4d80-80ab-83c49a08bf66,D,MSP5800002V,Shoulder/Lap Belt(s),M,d0eea5ba-a2cd-4f6a-ac9b-6d0127c4ec39,Same Direction Rear End,N,Non Intersection,Left Turn Lane,Daylight,No Defects,"Two-way, Divided, Positive Median Barrier",Dry,Cloudy,Six o'clock,Pickup Truck,Superficial,N,Moving Constant Speed,2015-03-27 11:51,30,39.07757817,-77.16813767
7459,N,Apparently Normal,No Misuse,Y,No Injury,22680e67-b886-4beb-aee8-a04f64216190,D,MSP5800002V,Shoulder/Lap Belt(s),M,4fd231ac-6acb-42ec-82a8-2978679bbf6f,Same Direction Rear End,N,Non Intersection,Left Turn Lane,Daylight,No Defects,"Two-way, Divided, Positive Median Barrier",Dry,Cloudy,Twelve o'clock,Van,Disabling,N,Moving Constant Speed,2015-03-27 11:51,26,39.07757817,-77.16813767
7460,N,Apparently Normal,No Misuse,N,No Injury,0e7ea8be-ce93-4dce-b215-6a95ac1be9d5,D,MSP5803003P,Shoulder/Lap Belt(s),M,78b7ed52-0525-409c-b46e-11a50a9539cc,Same Direction Right Turn,N,Non Intersection,Deceleration Lane,Dark Lights On,No Defects,"Two-way, Divided, Positive Median Barrier",Dry,Clear,Eleven o'clock,Passenger Car,Disabling,N,Moving Constant Speed,2015-03-26 04:20,43,39.169484,-77.242976
7461,N,Had Been Drinking,No Misuse,Y,No Injury,883aa305-c7db-4bdf-a317-180993e50810,D,MSP5803003P,Shoulder/Lap Belt(s),M,f8cdd6c2-70e8-4121-8381-b08530572c21,Same Direction Right Turn,N,Non Intersection,Deceleration Lane,Dark Lights On,No Defects,"Two-way, Divided, Positive Median Barrier",Dry,Clear,Five o'clock,Passenger Car,Disabling,Y,Moving Constant Speed,2015-03-26 04:20,22,39.169484,-77.242976
7462,N,Apparently Normal,No Misuse,Y,No Injury,4a32a351-b99b-4ad4-97e7-a930cb69c4f9,D,MSP5826001Z,Shoulder/Lap Belt(s),M,8087c679-bf83-46e3-ac1c-ea9490be2545,Same Direction Sideswipe,N,Non Intersection,Left Turn Lane,Daylight,No Defects,"Two-way, Divided, Positive Median Barrier",Snow,Snow,Twelve o'clock,Recreational Vehicle,Destroyed,N,Changing Lanes,2015-02-21 15:53,66,38.81979004,-76.92713999
7463,Y,Apparently Normal,No Misuse,N,Non-incapacitating Injury,acf052cf-d0bd-4414-b03a-604a53dd29a6,D,MSP5826001Z,Shoulder/Lap Belt(s),M,329a12b0-9535-44f8-9f71-f4c80528e014,Same Direction Sideswipe,N,Non Intersection,Left Turn Lane,Daylight,No Defects,"Two-way, Divided, Positive Median Barrier",Snow,Snow,Four o'clock,Truck Tractor,Destroyed,N,Moving Constant Speed,2015-02-21 15:53,60,38.81979004,-76.92713999
7464,N,Apparently Normal,No Misuse,N,No Injury,7b371862-ab92-4607-a2c4-b51b4194f84b,D,MSP5829002C,Shoulder/Lap Belt(s),M,84408cd1-f0b8-42e0-ac8a-ee7508d6b78f,Single Vehicle ,N,Non Intersection,Right Turn Lane,Dark No Lights,No Defects,"Two-way, Not Divided",Wet,Raining,Twelve o'clock,Passenger Car,Functional,N,Moving Constant Speed,2015-01-04 21:31,39,38.40739132,-76.8475541
7465,N,Apparently Normal,No Misuse,N,No Injury,a38fb46a-4e9e-4f6d-b99b-d42edeb4bc39,D,MSP5829002L,Shoulder/Lap Belt(s),M,dd8e3ca0-9251-4a15-a4dc-823ccd79d0c5,Same Direction Rear End,N,Non Intersection,Right Turn Lane,Daylight,No Defects,"Two-way, Divided, Unprotected (painted >4 feet) Median",Wet,Blowing Snow,Six o'clock,(Sport) Utility Vehicle,Functional,N,Stopped in Traffic Lane,2015-02-16 14:12,26,38.6187995,-76.918464
7466,N,Apparently Normal,No Misuse,Y,No Injury,d9191fba-ea50-46b9-b8dd-0e9a73dd2506,D,MSP5829002L,Shoulder/Lap Belt(s),M,603100c6-2b2b-4fcd-9cbb-d80a57668f9d,Same Direction Rear End,N,Non Intersection,Right Turn Lane,Daylight,No Defects,"Two-way, Divided, Unprotected (painted >4 feet) Median",Wet,Blowing Snow,Twelve o'clock,Passenger Car,Disabling,N,Moving Constant Speed,2015-02-16 14:12,59,38.6187995,-76.918464
7467,N,Apparently Normal,No Misuse,N,Non-incapacitating Injury,bb0196f7-a1b6-480b-8484-35f5c3d97dd2,D,MSP5829002L,Shoulder/Lap Belt(s),M,92f23ff5-2bef-4ad6-90ac-86c70b52c3c3,Same Direction Rear End,N,Non Intersection,Right Turn Lane,Daylight,No Defects,"Two-way, Divided, Unprotected (painted >4 feet) Median",Wet,Blowing Snow,Six o'clock,Pickup Truck,Disabling,N,Stopped in Traffic Lane,2015-02-16 14:12,53,38.6187995,-76.918464
7468,N,Apparently Normal,No Misuse,N,No Injury,a9751ac6-ac4b-433b-b8f3-8089f0ccac96,D,MSP5829002M,Shoulder/Lap Belt(s),M,c5c9cfcb-530a-49b9-82f0-74a6371318f1,Same Direction Right Turn,N,Non Intersection,Right Turn Lane,Daylight,No Defects,"Two-way, Not Divided",Dry,Clear,Two o'clock,Pickup Truck,Functional,N,Making Right Turn,2015-02-18 11:32,41,38.5320275,-76.968597
7469,N,Apparently Normal,No Misuse,N,No Injury,882475ee-2be1-4b8e-b670-8a99ecd5f5a0,D,MSP5829002N,Shoulder/Lap Belt(s),M,d1d234cd-d9b9-4563-8fed-aa5c3982a020,Same Direction Right Turn,N,Non Intersection,Left Turn Lane,Daylight,No Defects,"Two-way, Divided, Unprotected (painted >4 feet) Median",Dry,Clear,Eleven o'clock,Passenger Car,Functional,N,Moving Constant Speed,2015-02-23 17:22,50,38.555943,-76.842971
7470,N,Apparently Normal,No Misuse,Y,No Injury,690fa461-7058-44bd-92dd-2245f2f1bc84,D,MSP5829002N,Shoulder/Lap Belt(s),M,a1a5cfd6-d7ce-4adc-825c-6dbf4f931ad7,Same Direction Right Turn,N,Non Intersection,Left Turn Lane,Daylight,No Defects,"Two-way, Divided, Unprotected (painted >4 feet) Median",Dry,Clear,Five o'clock,(Sport) Utility Vehicle,Superficial,Y,Moving Constant Speed,2015-02-23 17:22,36,38.555943,-76.842971