KEY_INDEX,CDL_FLAG,CONDITION_CODE,EQUIP_PROB_CODE,FAULT_FLAG,INJ_SEVER_CODE,PERSON_ID,PERSON_TYPE,REPORT_NO,SAF_EQUIP_CODE,SEX_CODE,VEHICLE_ID,COLLISION_TYPE_CODE,C_M_ZONE_FLAG,JUNCTION_CODE,LANE_CODE,LIGHT_CODE,RD_COND_CODE,RD_DIV_CODE,SURF_COND_CODE,WEATHER_CODE,AREA_DAMAGED_CODE_MAIN,BODY_TYPE_CODE,DAMAGE_CODE,HIT_AND_RUN_FLAG,MOVEMENT_CODE,TIME,AGE,LATITUDE,LONGITUDE
7532,Y,Apparently Normal,No Misuse,Y,No Injury,ba1177d3-4af6-4d5d-879d-33492fdd4e54,D,MSP60530011,Shoulder/Lap Belt(s),M,43118d41-8dde-487c-9c4e-b3b3b7e97be7,Single Vehicle ,N,Intersection Related,Left Turn Lane,Dark Lights On,No Defects,"Two-way, Divided, Positive Median Barrier",Dry,Clear,Twelve o'clock,"Medium/Heavy Truck 2 axles (10,000 lbs (4,536 kg) or less)",Disabling,N,Moving Constant Speed,2015-01-29 05:13,25,38.55118607,-76.01856709
7533,Y,Apparently Normal,No Misuse,Y,No Injury,9a34b2e1-60e1-4f89-8d47-d34dc2a0c847,D,MSP6056002K,Shoulder/Lap Belt(s),M,bf3b2562-9c95-44ef-aa59-30d76d0d127f,Single Vehicle ,N,Non Intersection,Right Turn Lane,Dark Lights On,No Defects,"Two-way, Divided, Positive Median Barrier",Snow,Snow,Twelve o'clock,(Sport) Utility Vehicle,Disabling,N,Moving Constant Speed,2015-01-06 06:08,39,39.20333667,-76.629141
7534,N,Apparently Normal,No Misuse,N,No Injury,d405beab-bc55-427d-809f-4fc4fb1406e4,D,MSP6056002L,Shoulder/Lap Belt(s),M,e1070806-6644-4e52-bd90-d2e4f5e51702,Same Direction Rear End,N,Interchange Related,Acceleration Lane,Daylight,No Defects,"Two-way, Divided, Positive Median Barrier",Dry,Clear,Six o'clock,Station Wagon,Functional,N,Moving Constant Speed,2015-01-09 09:31,70,39.218035,-76.657835
7535,N,Apparently Normal,No Misuse,Y,No Injury,307c04c8-0238-478f-af59-e167560bd5e7,D,MSP6056002L,Shoulder/Lap Belt(s),M,a74379f0-dac3-44a7-8c59-da0ba2ce5393,Same Direction Rear End,N,Interchange Related,Acceleration Lane,Daylight,No Defects,"Two-way, Divided, Positive Median Barrier",Dry,Clear,Twelve o'clock,(Sport) Utility Vehicle,Disabling,N,Moving Constant Speed,2015-01-09 09:31,48,39.218035,-76.657835
7536,N,Apparently Normal,No Misuse,N,No Injury,aa49ba99-6a20-4a54-bad9-4d34e7b51af4,D,MSP6056002M,Shoulder/Lap Belt(s),M,daab25e9-c103-4738-a093-6fd86a68e3a9,Single Vehicle ,N,Non Intersection,Right Turn Lane,Dark Lights On,No Defects,"Two-way, Divided, Positive Median Barrier",Dry,Clear,Twelve o'clock,Passenger Car,Disabling,N,Moving Constant Speed,2015-01-14 22:32,29,39.177737,-76.60624767
7537,Y,Apparently Normal,No Misuse,Y,No Injury,891c0ee4-2b32-43e7-bf6d-1bb491dfcaf0,D,MSP6056002P,Shoulder/Lap Belt(s),M,a4b9d2cf-cfcf-4140-8206-c50f3f83e714,Same Direction Sideswipe,N,Intersection,Right Turn Lane,Daylight,No Defects,"Two-way, Not Divided",Snow,Snow,Twelve o'clock,"Medium/Heavy Truck 2 axles (10,000 lbs (4,536 kg) or less)",Superficial,N,Moving Constant Speed,2015-01-24 08:07,52,39.222101,-76.628394
7538,Y,Apparently Normal,No Misuse,Y,No Injury,37c92484-8456-4b29-94bf-88d4731db7bf,D,MSP6056002S,Shoulder/Lap Belt(s),M,1cb6876e-1c4e-4907-b28b-259c4278afee,Single Vehicle ,N,Non Intersection,Right Turn Lane,Dark Lights On,No Defects,"Two-way, Divided, Positive Median Barrier",Snow,Snow,Twelve o'clock,"Cargo Van/Light Truck 2 axles (10,000 lbs (4,536 kg) or less)",Disabling,N,Skidding,2015-02-17 02:06,57,39.22368767,-76.66138427
7539,Y,Apparently Normal,No Misuse,Y,No Injury,c9ee2098-4e4c-4fce-9c2a-4f6768469638,D,MSP6056002Z,Shoulder/Lap Belt(s),M,f0e90b96-830b-4812-84e4-749fa8248a05,Same Direction Rear End,Y,Non Intersection,Left Turn Lane,Daylight,No Defects,"Two-way, Divided, Positive Median Barrier",Dry,Clear,Eleven o'clock,"Medium/Heavy Truck 2 axles (10,000 lbs (4,536 kg) or less)",No Damage,N,Moving Constant Speed,2015-02-24 13:44,39,39.11618183,-76.63590547
7540,N,Apparently Normal,No Misuse,N,No Injury,52a50740-1a91-4ff7-9498-16fa43fdec14,D,MSP6060001K,Shoulder/Lap Belt(s),M,712a8bce-1261-4c85-bf66-075489cae2c8,Same Direction Rear End,N,Non Intersection,Right Turn Lane,Dawn,No Defects,"Two-way, Divided, Positive Median Barrier",Dry,Clear,Six o'clock,Van,Functional,N,Slowing or Stopping,2015-03-12 06:57,41,39.49868617,-76.89441367
7541,N,Apparently Normal,No Misuse,N,No Injury,79694b8c-e42f-498c-b54c-317afbad8aba,D,MSP6060001K,Shoulder/Lap Belt(s),M,20fe9d01-b622-4ca5-91d4-104ffbe6ce16,Same Direction Rear End,N,Non Intersection,Right Turn Lane,Dawn,No Defects,"Two-way, Divided, Positive Median Barrier",Dry,Clear,Six o'clock,(Sport) Utility Vehicle,Superficial,N,Slowing or Stopping,2015-03-12 06:57,35,39.49868617,-76.89441367
7542,N,Apparently Normal,No Misuse,Y,Non-incapacitating Injury,8865d0c3-003c-434b-8919-1c50c48ac135,D,MSP6060001K,Shoulder/Lap Belt(s),M,49dba614-1c3b-4edb-ba61-ef1808c136c3,Same Direction Rear End,N,Non Intersection,Right Turn Lane,Dawn,No Defects,"Two-way, Divided, Positive Median Barrier",Dry,Clear,Twelve o'clock,Pickup Truck,Functional,N,Moving Constant Speed,2015-03-12 06:57,25,39.49868617,-76.89441367
7543,N,Apparently Normal,No Misuse,Y,No Injury,9de9d7f8-805a-44c6-82df-46e673d060e5,D,MSP6061002N,Shoulder/Lap Belt(s),M,3a8eda89-e7b4-4162-80f6-cc3205411131,Single Vehicle ,N,Non Intersection,Right Turn Lane,Dark No Lights,No Defects,"Two-way, Divided, Unprotected (painted >4 feet) Median",Wet,Clear,Twelve o'clock,(Sport) Utility Vehicle,Disabling,N,Moving Constant Speed,2015-01-04 18:19,35,38.595291,-76.86989583
7544,N,Apparently Normal,No Misuse,Y,No Injury,85f31ee2-8f0a-4d2d-9cde-03a78f6377ad,D,MSP60670014,Shoulder/Lap Belt(s),M,8c3b532e-4835-4e37-8b7e-33944b1582b2,Same Movement Angle,N,Intersection,Right Turn Lane,Daylight,No Defects,"Two-way, Not Divided",Dry,Clear,Twelve o'clock,Passenger Car,Superficial,N,Moving Constant Speed,2015-03-11 17:58,28,38.98551367,-76.3099385
7545,N,Apparently Normal,No Misuse,N,Possible Incapacitating Injury,db20ac2c-02b9-480b-b449-dd67630409d0,D,MSP60670014,Shoulder/Lap Belt(s),M,5ad02915-a70f-4f2c-99d6-05e743102605,Same Movement Angle,N,Intersection,Right Turn Lane,Daylight,No Defects,"Two-way, Not Divided",Dry,Clear,Eleven o'clock,Passenger Car,Disabling,N,Moving Constant Speed,2015-03-11 17:58,46,38.98551367,-76.3099385
7546,N,Apparently Normal,No Misuse,N,No Injury,4b66f0b6-6557-48cc-b3bb-3c5646f07431,D,MSP6068003Q,Shoulder/Lap Belt(s),M,4fde5ee5-ae51-4629-9f09-2b39bbf8c533,Same Direction Sideswipe,N,Non Intersection,Right Turn Lane,Dark No Lights,No Defects,"Two-way, Divided, Positive Median Barrier",Ice,Sleet,Five o'clock,Truck Tractor,Functional,N,Slowing or Stopping,2015-02-10 07:32,42,38.81549833,-76.9151685
7547,N,Apparently Normal,No Misuse,Y,No Injury,21bd4ef0-3c47-42fc-ab3f-e7235826344d,D,MSP6068003Q,Shoulder/Lap Belt(s),M,ad2949cb-6df5-4229-b83c-ec1bd31bb7c0,Same Direction Sideswipe,N,Non Intersection,Right Turn Lane,Dark No Lights,No Defects,"Two-way, Divided, Positive Median Barrier",Ice,Sleet,Seven o'clock,"Other Light Trucks (10,000 lbs (4,536 kg))",Functional,N,Slowing or Stopping,2015-02-10 07:32,60,38.81549833,-76.9151685
7548,N,Apparently Normal,No Misuse,Y,No Injury,cbd8d14e-9ec1-474b-8130-084dba093b92,D,MSP6068003R,Shoulder/Lap Belt(s),M,26d53895-9573-40f0-9782-afbb55fca3ce,Single Vehicle ,N,Non Intersection,Right Turn Lane,Daylight,No Defects,"Two-way, Divided, Positive Median Barrier",Ice,Sleet,Twelve o'clock,Passenger Car,Functional,N,Moving Constant Speed,2015-02-10 12:53,28,38.78751633,-76.896864
7549,N,Apparently Normal,No Misuse,Y,No Injury,061bf52b-ebed-402c-a383-43a25b70a3d6,D,MSP6068003T,Shoulder/Lap Belt(s),M,f78be2a6-21c0-45a1-80c0-86534292ed14,Same Movement Angle,N,Non Intersection,Acceleration Lane,Daylight,No Defects,"Two-way, Divided, Positive Median Barrier",Snow,Snow,Eleven o'clock,(Sport) Utility Vehicle,Disabling,N,Moving Constant Speed,2015-03-05 09:11,54,38.86416633,-76.84703433
7550,N,Apparently Normal,No Misuse,Y,Non-incapacitating Injury,32ccdcf2-7726-439d-b7b1-772f516d8670,D,MSP6068003T,Shoulder/Lap Belt(s),M,46c94b10-351f-4579-af1c-5420a5e27c16,Same Movement Angle,N,Non Intersection,Acceleration Lane,Daylight,No Defects,"Two-way, Divided, Positive Median Barrier",Snow,Snow,Four o'clock,Pickup Truck,Disabling,N,Changing Lanes,2015-03-05 09:11,43,38.86416633,-76.84703433
7551,N,Apparently Normal,No Misuse,N,No Injury,8e8cdb3f-1b90-42da-94c1-5d8dd16d34e5,D,MSP60700042,Shoulder/Lap Belt(s),M,6dd96a50-c695-4592-9ac1-727ccbb38a79,Same Direction Rear End,N,Intersection Related,Right Turn Lane,Dark Lights On,No Defects,"Two-way, Divided, Positive Median Barrier",Wet,Cloudy,Six o'clock,Passenger Car,Functional,N,Stopped in Traffic Lane,2015-01-21 18:24,37,38.78389967,-76.79471117
7552,N,Apparently Normal,No Misuse,Y,No Injury,b2e0c186-841e-457d-8fba-bd815b1bd614,D,MSP60700042,Shoulder/Lap Belt(s),M,99a2b950-965a-464d-a22d-ae16c1253a1e,Same Direction Rear End,N,Intersection Related,Right Turn Lane,Dark Lights On,No Defects,"Two-way, Divided, Positive Median Barrier",Wet,Cloudy,Twelve o'clock,Passenger Car,Functional,N,Skidding,2015-01-21 18:24,19,38.78389967,-76.79471117
7553,N,Apparently Normal,No Misuse,Y,No Injury,14d32260-c9d1-46fe-acc6-d83df6935a80,D,MSP60700048,Shoulder/Lap Belt(s),M,1144fb14-ec1e-4357-b9f8-512e65cfee4d,Same Direction Rear End,N,Non Intersection,Left Turn Lane,Dark No Lights,No Defects,"Two-way, Divided, Positive Median Barrier",Snow,Snow,One o'clock,Recreational Vehicle,Disabling,N,Moving Constant Speed,2015-02-18 21:14,65,38.81306467,-76.8026085
7554,N,Apparently Normal,No Misuse,N,No Injury,dfc0c6c0-56ef-45ca-bf6a-241b2e9d5f52,D,MSP60700049,Shoulder/Lap Belt(s),M,34f3b6b8-92bc-4cf4-8297-7823c664cf3a,Same Direction Rear End,N,Non Intersection,Deceleration Lane,Dark Lights On,No Defects,"Two-way, Divided, Positive Median Barrier",Dry,Clear,Six o'clock,Passenger Car,Disabling,N,Moving Constant Speed,2015-02-24 04:19,32,38.89268183,-76.84741967
7555,N,Apparently Normal,No Misuse,N,No Injury,fd15518c-1836-4701-8f49-b58e06d98e5d,D,MSP6072000V,Shoulder/Lap Belt(s),M,1e43aef6-c986-4b67-ab86-e2da5c252828,Single Vehicle ,N,Non Intersection,Right Turn Lane,Dark No Lights,No Defects,"Two-way, Not Divided",Dry,Clear,Twelve o'clock,Passenger Car,Functional,N,Moving Constant Speed,2015-01-10 18:30,36,38.72993858,-76.65984403
7556,N,Apparently Normal,No Misuse,N,No Injury,d0570b58-3638-4954-9563-860b22a75c4a,D,MSP6079002B,Shoulder/Lap Belt(s),M,d90e1f53-19e5-4f4c-b02d-1f4876a2711a,Same Direction Sideswipe,N,Non Intersection,Acceleration Lane,Dark No Lights,No Defects,"Two-way, Divided, Positive Median Barrier",Wet,Raining,Seven o'clock,Passenger Car,Functional,N,Moving Constant Speed,2015-01-03 22:05,69,39.184525,-76.63284533
7557,N,Apparently Normal,No Misuse,Y,No Injury,f64fc52a-a161-4283-8d4c-306537b5a55f,D,MSP6079002B,Shoulder/Lap Belt(s),M,c923866f-fe50-4d05-a024-2aab3a30f748,Same Direction Sideswipe,N,Non Intersection,Acceleration Lane,Dark No Lights,No Defects,"Two-way, Divided, Positive Median Barrier",Wet,Raining,Twelve o'clock,Passenger Car,Disabling,N,Moving Constant Speed,2015-01-03 22:05,23,39.184525,-76.63284533
7558,N,Apparently Normal,No Misuse,Y,No Injury,76199923-3acc-4805-b01b-c5456a2a3d0c,D,MSP6079002T,Shoulder/Lap Belt(s),M,118e48dd-c7e0-4565-8742-bd3726c377c5,Single Vehicle ,N,Non Intersection,Right Turn Lane,Daylight,No Defects,"Two-way, Divided, Positive Median Barrier",Wet,Raining,Six o'clock,(Sport) Utility Vehicle,Functional,N,Starting From Lane,2015-03-14 09:50,46,39.184706,-76.63272767
7559,N,Apparently Normal,No Misuse,Y,No Injury,3ad3f379-89be-4f48-8c9c-4391fa273ae9,D,MSP6079002W,Shoulder/Lap Belt(s),M,528e73a0-f71d-42eb-94e0-0b08f96ef213,Single Vehicle ,N,Non Intersection,Left Turn Lane,Daylight,No Defects,"Two-way, Divided, Positive Median Barrier",Wet,Sleet,Seven o'clock,Passenger Car,Functional,N,Starting From Lane,2015-03-20 14:10,43,39.216051,-76.66906583
7560,Y,Apparently Normal,No Misuse,Y,No Injury,3299dbe9-4dc1-466a-84ae-999ae3701814,D,MSP6080001G,Shoulder/Lap Belt(s),M,2a8fe568-eb6a-4ffd-8dc7-8a827f2c1b5b,Single Vehicle ,N,Intersection,Right Turn Lane,Dark No Lights,No Defects,"Two-way, Not Divided",Dry,Clear,Six o'clock,Truck Tractor,No Damage,N,Making Right Turn,2015-01-08 17:30,37,38.70758653,-75.90316772
7561,N,Apparently Normal,No Misuse,Y,No Injury,e712d7bc-cd5a-41d0-acfd-83201160d350,D,MSP60820010,Shoulder/Lap Belt(s),M,473a9506-960b-49d6-ab3b-634e158edb62,Single Vehicle ,N,Non Intersection,Right Turn Lane,Dawn,No Defects,"Two-way, Not Divided",Snow,Snow,Twelve o'clock,Passenger Car,Disabling,N,Moving Constant Speed,2015-02-26 06:54,27,38.77181417,-76.03683717
7562,N,Apparently Normal,No Misuse,N,No Injury,be5d40fe-1bfb-4d9f-afde-57ec6b186f82,D,MSP6084001B,Shoulder/Lap Belt(s),M,0d2c9553-e193-4285-b266-0de1149f71cb,Same Movement Angle,N,Intersection,Left Turn Lane,Daylight,No Defects,"Two-way, Divided, Positive Median Barrier",Dry,Clear,Eleven o'clock,Passenger Car,Disabling,N,Making Left Turn,2015-03-21 16:49,19,39.35671683,-77.16853567
7563,N,Apparently Normal,No Misuse,Y,No Injury,a2c8545a-1e1d-4072-926d-fcc12dc8bf65,D,MSP6084001B,Shoulder/Lap Belt(s),M,11206855-47a4-405e-b9d7-ec3b4b5d383d,Same Movement Angle,N,Intersection,Left Turn Lane,Daylight,No Defects,"Two-way, Divided, Positive Median Barrier",Dry,Clear,Twelve o'clock,Passenger Car,Disabling,N,Accelerating,2015-03-21 16:49,20,39.35671683,-77.16853567
7564,N,Apparently Normal,No Misuse,Y,No Injury,8a208855-d91d-43dd-bad3-9dd3995294bf,D,MSP6085002S,Shoulder/Lap Belt(s),M,8b14646f-4a7e-4c5d-92b8-72476d724bd2,Single Vehicle ,N,Non Intersection,Right Turn Lane,Dark Lights On,No Defects,"Two-way, Not Divided",Dry,Clear,Twelve o'clock,(Sport) Utility Vehicle,Disabling,N,Moving Constant Speed,2015-03-13 06:34,46,39.4232927,-76.32870047
7565,N,Apparently Normal,No Misuse,Y,No Injury,77299792-fcde-4aeb-af0f-3a6cb6d79476,D,MSP6086001P,Shoulder/Lap Belt(s),M,d41bcf64-c44a-403e-95ad-abdb8bc9ea22,Single Vehicle ,N,Non Intersection,Right Turn Lane,Daylight,No Defects,"Two-way, Not Divided",Snow,Snow,Twelve o'clock,Pickup Truck,Disabling,N,Moving Constant Speed,2015-01-26 16:44,63,39.50431133,-77.050504
7566,N,Apparently Normal,No Misuse,N,No Injury,8f43fe4a-4d77-47c7-8201-bc7f9a740b5d,D,MSP60900038,Shoulder/Lap Belt(s),M,28e99acc-952d-4e0a-b5b2-5230f9dd4d99,Same Direction Rear End,N,Intersection,Right Turn Lane,Dark Lights On,No Defects,"Two-way, Not Divided",Dry,Clear,Six o'clock,(Sport) Utility Vehicle,Superficial,N,Stopped in Traffic Lane,2015-03-29 21:01,63,39.57613483,-76.38631233
7567,N,Apparently Normal,No Misuse,Y,No Injury,f6329fc1-7c94-4c89-ad82-cef72a8bf184,D,MSP60900038,Shoulder/Lap Belt(s),M,b4602b39-e413-4b27-8e6e-e258f5990578,Same Direction Rear End,N,Intersection,Right Turn Lane,Dark Lights On,No Defects,"Two-way, Not Divided",Dry,Clear,Twelve o'clock,Passenger Car,Disabling,N,Starting From Lane,2015-03-29 21:01,49,39.57613483,-76.38631233
7568,N,Apparently Normal,Air Bag Failed,Y,No Injury,f24fe872-646b-40fc-9f22-4376ebdc169b,D,MSP6092007B,Shoulder/Lap Belt(s),M,f2d5fc9a-a434-4ae7-9659-9ed612c87db3,Single Vehicle ,N,Non Intersection,Right Turn Lane,Daylight,No Defects,One-way Trafficway,Dry,Clear,One o'clock,Passenger Car,Disabling,N,Skidding,2015-02-01 16:34,31,39.41224483,-76.60206967
7569,Y,Apparently Normal,No Misuse,N,No Injury,80c391b3-58b3-4d9f-8641-d4ca39c792ed,D,MSP6092007D,Shoulder/Lap Belt(s),M,5c9e4cad-368b-4f88-9c94-9d2d445d0d60,Same Direction Left Turn,N,Non Intersection,Right Turn Lane,Dark No Lights,Foreign Material,"Two-way, Divided, Positive Median Barrier",Ice,Sleet,Eight o'clock,Passenger Car,Functional,N,Moving Constant Speed,2015-02-10 05:32,66,39.250115,-76.67923583
7570,N,Apparently Normal,No Misuse,N,No Injury,01402e44-8195-423f-a127-55158c8d0024,D,MSP6092007D,Shoulder/Lap Belt(s),M,4d9ca15f-0aa7-4434-aad7-506d8f9ed75b,Same Direction Left Turn,N,Non Intersection,Right Turn Lane,Dark No Lights,Foreign Material,"Two-way, Divided, Positive Median Barrier",Ice,Sleet,Nine o'clock,Passenger Car,Functional,N,Moving Constant Speed,2015-02-10 05:32,35,39.250115,-76.67923583
7571,Y,Apparently Normal,No Misuse,N,No Injury,c578f2bd-04dc-4f51-8e59-748f8b2905bc,D,MSP6092007S,Shoulder/Lap Belt(s),M,cef80383-c517-4605-83fa-ad955b84f896,Head On,N,Non Intersection,Left Turn Lane,Dark No Lights,No Defects,"Two-way, Not Divided",Dry,Clear,Twelve o'clock,"Other Light Trucks (10,000 lbs (4,536 kg))",Superficial,N,Slowing or Stopping,2015-03-07 00:00,73,39.2517145,-76.68116467
7572,N,Apparently Normal,No Misuse,Y,No Injury,f86033c1-8a7c-4d84-b9f4-bdab655ec551,D,MSP60940034,Shoulder/Lap Belt(s),M,268f293b-d4c4-4592-bf2f-0bf5155ef59d,Single Vehicle ,N,Non Intersection,Right Turn Lane,Daylight,No Defects,One-way Trafficway,Wet,Raining,Roof Top,Passenger Car,Disabling,N,Skidding,2015-01-03 09:54,34,39.01766783,-76.95253833
7573,Y,Apparently Normal,No Misuse,N,No Injury,1eb7fc65-2067-407e-b69d-5ade5c1557b8,D,MSP60940037,Shoulder/Lap Belt(s),M,65a2e73d-f6cf-4363-83ae-12701f11337d,Single Vehicle ,N,Non Intersection,Left Turn Lane,Daylight,No Defects,"Two-way, Divided, Positive Median Barrier",Dry,Clear,Eleven o'clock,Truck Tractor,Disabling,N,Changing Lanes,2015-01-05 08:40,56,39.00920433,-76.90058717
7574,N,Apparently Normal,No Misuse,Y,No Injury,2a5eaba6-ed90-44ba-8d54-7f45336b9433,D,MSP60940039,Shoulder/Lap Belt(s),M,62bb5707-508c-4ba4-9ae4-57ffc3c4ac84,Single Vehicle ,N,Non Intersection,Left Turn Lane,Dusk,No Defects,"Two-way, Divided, Positive Median Barrier",Dry,Clear,Twelve o'clock,Passenger Car,Disabling,N,Moving Constant Speed,2015-02-07 17:35,34,39.06114467,-76.8862595
7575,N,Apparently Normal,No Misuse,Y,No Injury,3622a63f-6fd7-4fbc-ba7d-3310eb477328,D,MSP6094003B,Shoulder/Lap Belt(s),M,93e6dc8f-eabe-477e-985e-1f36ff59ba15,Single Vehicle ,N,Non Intersection,Left Turn Lane,Dark Lights On,No Defects,"Two-way, Divided, Positive Median Barrier",Dry,Clear,One o'clock,Passenger Car,Disabling,N,Leaving Traffic Lane,2015-02-13 02:41,33,38.916876,-76.918889
7576,Y,Apparently Normal,No Misuse,N,No Injury,1697e405-2d3b-45ab-8acf-22950c806caa,D,MSP6094003C,Shoulder/Lap Belt(s),M,87bf8e5d-c166-4e04-9c8a-9f2dcfe3b74e,Same Direction Sideswipe,N,Non Intersection,Left Turn Lane,Dawn,No Defects,"Two-way, Divided, Positive Median Barrier",Ice,Cloudy,Eleven o'clock,Truck Tractor,Disabling,N,Slowing or Stopping,2015-02-22 05:44,30,39.06875467,-76.90870567
7577,N,Apparently Normal,No Misuse,Y,No Injury,b65c8232-6b86-4501-9c8a-5c70bd334bf0,D,MSP6094003C,Shoulder/Lap Belt(s),M,298c5b53-f303-4b9e-96aa-ebdef1d2352a,Same Direction Sideswipe,N,Non Intersection,Left Turn Lane,Dawn,No Defects,"Two-way, Divided, Positive Median Barrier",Ice,Cloudy,One o'clock,Passenger Car,Functional,N,Skidding,2015-02-22 05:44,31,39.06875467,-76.90870567
7578,N,Apparently Normal,No Misuse,N,Possible Incapacitating Injury,549bb761-3b1f-4fac-8744-b0d52a097d7c,D,MSP6094003C,Shoulder/Lap Belt(s),M,074434fb-9a52-45b0-a5f6-cd0ab90479bc,Same Direction Sideswipe,N,Non Intersection,Left Turn Lane,Dawn,No Defects,"Two-way, Divided, Positive Median Barrier",Ice,Cloudy,Two o'clock,Passenger Car,Disabling,N,Moving Constant Speed,2015-02-22 05:44,41,39.06875467,-76.90870567
7579,Y,Apparently Normal,No Misuse,N,No Injury,f81a544e-a033-44c7-91ad-0aa6866d0d27,D,MSP6094003F,Shoulder/Lap Belt(s),M,a96f3558-55cc-48e9-8af0-50603f2d3832,Single Vehicle ,N,Non Intersection,Deceleration Lane,Daylight,No Defects,"Two-way, Not Divided",Wet,Cloudy,One o'clock,"Medium/Heavy Truck 2 axles (10,000 lbs (4,536 kg) or less)",Functional,N,Moving Constant Speed,2015-02-22 10:59,43,39.091996,-76.856925
7580,N,Apparently Normal,No Misuse,Y,No Injury,164fdf8a-41f3-4759-a22e-8c5da4b6164e,D,MSP6094003G,Shoulder/Lap Belt(s),M,d6007554-6e8d-41e8-b3b4-b8c279fde9b5,Single Vehicle ,N,Non Intersection,Left Turn Lane,Daylight,No Defects,One-way Trafficway,Dry,Clear,Roof Top,Passenger Car,Disabling,N,Negotiating a Curve,2015-02-23 13:04,21,38.94600017,-76.85689433
7581,N,Apparently Normal,No Misuse,Y,No Injury,b575246d-0bb2-4307-a070-1bc98318dd72,D,MSP6094003H,Shoulder/Lap Belt(s),M,4776cac4-2165-484e-822b-2e634868601a,Single Vehicle ,N,Non Intersection,Right Turn Lane,Daylight,No Defects,"Two-way, Divided, Positive Median Barrier",Wet,Cloudy,Nine o'clock,Passenger Car,Superficial,N,Slowing or Stopping,2015-02-26 12:58,19,39.05837867,-76.92563083
7582,N,Apparently Normal,No Misuse,Y,Possible Incapacitating Injury,bf46eebd-5230-419a-a6a4-1d3a5a570d57,D,MSP6094003J,Shoulder/Lap Belt(s),M,cd89a834-6f48-4cb5-84e5-87bb2c2130c8,Same Direction Rear End,N,Non Intersection,Acceleration Lane,Dark Lights On,No Defects,"Two-way, Divided, Positive Median Barrier",Dry,Cloudy,Twelve o'clock,Passenger Car,Disabling,N,Slowing or Stopping,2015-03-06 21:06,26,39.04422267,-76.93421683
7583,N,Apparently Normal,No Misuse,N,No Injury,c9c4a13c-6124-46a7-8c13-b1160a156d21,D,MSP6094003L,Shoulder/Lap Belt(s),M,1065b8d6-2e02-49fc-bba9-3bb7be2c72c0,Same Direction Sideswipe,N,Non Intersection,Acceleration Lane,Daylight,No Defects,"Two-way, Divided, Positive Median Barrier",Wet,Snow,Ten o'clock,Passenger Car,Disabling,N,Moving Constant Speed,2015-03-20 09:47,60,39.102988,-76.887901
7584,Y,Apparently Normal,No Misuse,Y,No Injury,68a198ab-4384-4f1d-9be7-0f96c5c4a7a4,D,MSP6094003L,Shoulder/Lap Belt(s),M,e63220e5-d33c-4f45-8575-198ed9ce8f86,Same Direction Sideswipe,N,Non Intersection,Acceleration Lane,Daylight,No Defects,"Two-way, Divided, Positive Median Barrier",Wet,Snow,Three o'clock,Truck Tractor,Superficial,N,Changing Lanes,2015-03-20 09:47,25,39.102988,-76.887901
7585,N,Apparently Normal,No Misuse,Y,No Injury,62f7612a-6368-4179-954f-798cbe8565c9,D,MSP6094003N,Shoulder/Lap Belt(s),M,8c7954a5-2e20-4706-b4cf-45c50da7820d,Same Direction Rear End,N,Non Intersection,Right Turn Lane,Dawn,No Defects,"Two-way, Divided, Positive Median Barrier",Dry,Cloudy,Twelve o'clock,Passenger Car,Disabling,N,Slowing or Stopping,2015-03-23 06:59,56,38.98689217,-76.88181233
7586,N,Apparently Normal,No Misuse,N,No Injury,4b37b3dd-1d24-4953-b208-f99fa8f4b94b,D,MSP6094003P,Shoulder/Lap Belt(s),M,6d5ba926-1a89-4425-994f-86cb8c876ee1,Same Direction Rear End,N,Non Intersection,Right Turn Lane,Daylight,No Defects,One-way Trafficway,Dry,Clear,Six o'clock,Passenger Car,Disabling,N,Slowing or Stopping,2015-03-30 14:56,61,39.02261067,-76.94982133
7587,N,Apparently Normal,No Misuse,N,No Injury,a7cffe25-f098-46e9-a4f4-5a35ae0ee600,D,MSP6094003P,Shoulder/Lap Belt(s),M,6612816b-89c3-4090-92ee-acce877f1700,Same Direction Rear End,N,Non Intersection,Right Turn Lane,Daylight,No Defects,One-way Trafficway,Dry,Clear,Twelve o'clock,Passenger Car,Superficial,N,Slowing or Stopping,2015-03-30 14:56,54,39.02261067,-76.94982133
7588,N,Apparently Normal,No Misuse,Y,No Injury,716c62da-3c11-4840-bb72-2e6e3c6c0b1c,D,MSP6094003P,Shoulder/Lap Belt(s),M,002f24c3-ffd8-4b0b-8c0c-bb44b6fd3fc6,Same Direction Rear End,N,Non Intersection,Right Turn Lane,Daylight,No Defects,One-way Trafficway,Dry,Clear,Twelve o'clock,Passenger Car,Disabling,N,Slowing or Stopping,2015-03-30 14:56,35,39.02261067,-76.94982133
7589,Y,Apparently Normal,No Misuse,N,No Injury,72b67977-612f-499f-8dc3-e2fc0590d1c4,D,MSP6099003B,Shoulder/Lap Belt(s),M,f231b881-2351-4b38-8c95-9389badcb45b,Same Direction Sideswipe,N,Non Intersection,Acceleration Lane,Dark Lights On,No Defects,"Two-way, Divided, Positive Median Barrier",Dry,Clear,Eleven o'clock,Truck Tractor,Functional,N,Moving Constant Speed,2015-01-11 19:31,24,38.89482183,-76.8478735