KEY_INDEX,CDL_FLAG,CONDITION_CODE,EQUIP_PROB_CODE,FAULT_FLAG,INJ_SEVER_CODE,PERSON_ID,PERSON_TYPE,REPORT_NO,SAF_EQUIP_CODE,SEX_CODE,VEHICLE_ID,COLLISION_TYPE_CODE,C_M_ZONE_FLAG,JUNCTION_CODE,LANE_CODE,LIGHT_CODE,RD_COND_CODE,RD_DIV_CODE,SURF_COND_CODE,WEATHER_CODE,AREA_DAMAGED_CODE_MAIN,BODY_TYPE_CODE,DAMAGE_CODE,HIT_AND_RUN_FLAG,MOVEMENT_CODE,TIME,AGE,LATITUDE,LONGITUDE
7825,N,Apparently Normal,No Misuse,N,No Injury,f3d39614-2827-42df-8cbb-f88e8f485ae2,D,MTA0291000G,Shoulder/Lap Belt(s),M,1e5abe9c-5a12-4843-81b6-464848b93f3c,Same Direction Rear End,N,Intersection Related,Left Turn Lane,Daylight,No Defects,"Two-way, Not Divided",Dry,Clear,Twelve o'clock,Other Bus,No Damage,N,Stopped in Traffic Lane,2015-01-10 11:14,28,39.28790265,-76.65557027
7826,N,Apparently Normal,No Misuse,N,No Injury,eacf4e58-a7b7-4c3e-b478-0b67b79609cd,D,MTA0291000J,Shoulder/Lap Belt(s),M,07c04f45-38a3-4531-a7f0-3e9daf0eb2f4,Same Direction Rear End,N,Intersection,Left Turn Lane,Daylight,No Defects,"Two-way, Divided, Unprotected (painted >4 feet) Median",Dry,Clear,Six o'clock,Van,Superficial,N,Stopped in Traffic Lane,2015-03-23 10:58,33,39.29448729,-76.62124872
7827,Y,Apparently Normal,No Misuse,N,No Injury,c1201447-1833-404d-a357-69af6b40fd60,D,MTA02950001,Shoulder/Lap Belt(s),M,add4de4b-b4f4-4138-b8fd-cdf48d63544d,Same Movement Angle,N,Intersection,Right Turn Lane,Dark Lights On,No Defects,"Two-way, Not Divided",Wet,Clear,One o'clock,Transit Bus,Superficial,N,Slowing or Stopping,2015-02-04 18:05,58,39.21948715,-76.62963867
7828,N,Apparently Normal,No Misuse,Y,No Injury,5de057a3-7862-4fd4-8436-c120fb9c04c9,D,MTA02950001,Shoulder/Lap Belt(s),M,1951653e-1784-4906-9246-b0a827c311b2,Same Movement Angle,N,Intersection,Right Turn Lane,Dark Lights On,No Defects,"Two-way, Not Divided",Wet,Clear,Non-collision,Passenger Car,Superficial,N,Accelerating,2015-02-04 18:05,26,39.21948715,-76.62963867
7829,N,Apparently Normal,No Misuse,N,No Injury,617d5c0e-7d7b-4c32-b7cd-55ea2c88e051,D,MTA03040005,Shoulder/Lap Belt(s),M,226ff09a-fce3-4c40-b138-dfede870e628,Same Direction Right Turn,N,Non Intersection,Right Turn Lane,Daylight,No Defects,"Two-way, Divided, Unprotected (painted >4 feet) Median",Wet,Raining,Eleven o'clock,Passenger Car,Functional,N,Moving Constant Speed,2015-01-12 13:20,57,39.31513395,-76.61959648
7830,N,Apparently Normal,No Misuse,N,No Injury,32f6de02-9025-437c-a032-48bb74e0e299,D,MTA03040005,Shoulder/Lap Belt(s),M,f766f620-2177-4efb-b2bd-7ca23e310076,Same Direction Right Turn,N,Non Intersection,Right Turn Lane,Daylight,No Defects,"Two-way, Divided, Unprotected (painted >4 feet) Median",Wet,Raining,Eleven o'clock,Passenger Car,Functional,N,Moving Constant Speed,2015-01-12 13:20,25,39.31513395,-76.61959648
7831,N,Apparently Normal,No Misuse,Y,No Injury,178b7943-a707-4b7f-9208-6eeb9bbcfb1c,D,MTA03040005,Shoulder/Lap Belt(s),M,7f43a299-b236-46a6-ac43-72dc3c62a3d5,Same Direction Right Turn,N,Non Intersection,Right Turn Lane,Daylight,No Defects,"Two-way, Divided, Unprotected (painted >4 feet) Median",Wet,Raining,Five o'clock,Passenger Car,Functional,N,Moving Constant Speed,2015-01-12 13:20,54,39.31513395,-76.61959648
7832,Y,Apparently Normal,No Misuse,N,No Injury,ecbb3556-20e1-4ec8-a3a8-486f648e789e,D,MTA03230004,Shoulder Belt Only,M,92d4ee03-60b9-4a98-92e3-0b79632454b6,Same Direction Sideswipe,N,Non Intersection,Left Turn Lane,Dark No Lights,No Defects,"Two-way, Divided, Positive Median Barrier",Dry,Clear,Three o'clock,Transit Bus,Superficial,N,Moving Constant Speed,2015-01-31 20:00,41,39.30977777,-76.64971769
7833,Y,Apparently Normal,No Misuse,N,No Injury,5594ff6b-38c6-4539-ba90-e77252bab179,D,MTA03320004,Shoulder/Lap Belt(s),M,ad8e7586-10fd-4640-88b2-bcf2fcc632b8,Same Direction Rear End,N,Non Intersection,Left Turn Lane,Dark - Unknown Lighting,No Defects,"Two-way, Not Divided",Dry,Clear,Six o'clock,Transit Bus,No Damage,N,Parking  ,2015-01-17 17:30,36,39.2569474,-76.52034402
7834,N,Apparently Normal,No Misuse,Y,No Injury,48eeefd0-76cd-4532-b63a-9cfee4684ef6,D,MTA03320004,Shoulder/Lap Belt(s),M,2f3bde65-a460-4062-b6fd-59cc39bc6938,Same Direction Rear End,N,Non Intersection,Left Turn Lane,Dark - Unknown Lighting,No Defects,"Two-way, Not Divided",Dry,Clear,Twelve o'clock,Passenger Car,Disabling,N,Moving Constant Speed,2015-01-17 17:30,59,39.2569474,-76.52034402
7835,Y,Apparently Normal,No Misuse,Y,No Injury,c863b70a-a548-407e-8fd3-e0cf789a954e,D,MTA03350003,Shoulder/Lap Belt(s),M,a76f0bb6-c023-4394-9fc0-b9b5937def0b,Same Direction Sideswipe,N,Non Intersection,Left Turn Lane,Daylight,No Defects,"Two-way, Divided, Unprotected (painted >4 feet) Median",Dry,Clear,Three o'clock,Transit Bus,Functional,N,Moving Constant Speed,2015-03-18 15:18,39,39.27018832,-76.64839268
7836,N,Apparently Normal,No Misuse,Y,No Injury,a2ed15d3-6a7e-4c92-8c33-b7d3813243ac,D,RD00840004,Shoulder/Lap Belt(s),M,19251f29-e929-4403-aced-c498dcdfd6b6,Same Direction Rear End,N,Non Intersection,Right Turn Lane,Daylight,No Defects,"Two-way, Divided, Positive Median Barrier",Dry,Clear,Twelve o'clock,Passenger Car,Superficial,N,Slowing or Stopping,2015-01-27 11:50,25,38.96134426,-76.92412376
7837,N,Apparently Normal,No Misuse,N,No Injury,66603fa6-19da-4b36-bb4c-848779434cba,D,RD01010004,Shoulder/Lap Belt(s),M,9e1f2f69-ba02-4223-8a85-0d886059b154,Same Direction Rear End,N,Non Intersection,Right Turn Lane,Dark Lights On,No Defects,"Two-way, Divided, Unprotected (painted >4 feet) Median",Dry,Clear,Six o'clock,(Sport) Utility Vehicle,Functional,N,Stopped in Traffic Lane,2015-03-28 20:13,39,38.97218858,-76.91539049
7838,N,Apparently Normal,No Misuse,Y,No Injury,6352cd1c-6ce2-4650-b981-3754d05485ca,D,RD01010004,Shoulder/Lap Belt(s),M,7814ebca-7d15-4be1-bcb5-a7ab4f1172f2,Same Direction Rear End,N,Non Intersection,Right Turn Lane,Dark Lights On,No Defects,"Two-way, Divided, Unprotected (painted >4 feet) Median",Dry,Clear,Twelve o'clock,(Sport) Utility Vehicle,Functional,Y,Moving Constant Speed,2015-03-28 20:13,35,38.97218858,-76.91539049
7839,N,Apparently Normal,No Misuse,Y,No Injury,8f3b3e1e-ccab-496b-92cf-e7ccd595d41b,D,RD01010005,Shoulder/Lap Belt(s),M,72d618d0-d5c3-48e7-a8c7-62e3ca56a60d,Same Direction Rear End,N,Non Intersection,Right Turn Lane,Dark Lights On,No Defects,"Two-way, Divided, Unprotected (painted >4 feet) Median",Dry,Clear,Twelve o'clock,(Sport) Utility Vehicle,Functional,N,Moving Constant Speed,2015-03-28 20:20,35,38.96024305,-76.92530394
7840,N,Apparently Normal,No Misuse,N,No Injury,9c58a8b4-8eec-48e6-9673-0cd4dacf6162,D,RD01010005,Shoulder/Lap Belt(s),M,95b54fa2-ccbc-4642-986c-9afc844183e6,Same Direction Rear End,N,Non Intersection,Right Turn Lane,Dark Lights On,No Defects,"Two-way, Divided, Unprotected (painted >4 feet) Median",Dry,Clear,Six o'clock,Passenger Car,Functional,N,Moving Constant Speed,2015-03-28 20:20,29,38.96024305,-76.92530394
7841,N,Apparently Normal,No Misuse,N,No Injury,9bccc71f-2374-44e7-8671-eff60204f451,D,RD01040001,Shoulder/Lap Belt(s),M,d8c0a55c-584b-464e-be1b-33de3eea6f4d,Same Direction Right Turn,N,Intersection Related,Right Turn Lane,Dark Lights On,No Defects,"Two-way, Divided, Positive Median Barrier",Dry,Clear,Seven o'clock,Passenger Car,Functional,N,Moving Constant Speed,2015-01-30 19:22,35,38.9527719,-76.92390382
7842,N,Had Been Drinking,No Misuse,Y,No Injury,2afb85c9-073e-467d-9471-b0325a70e279,D,RD01040001,Shoulder/Lap Belt(s),M,3045f074-5bea-42e2-b086-6b1bd2cbfefc,Same Direction Right Turn,N,Intersection Related,Right Turn Lane,Dark Lights On,No Defects,"Two-way, Divided, Positive Median Barrier",Dry,Clear,One o'clock,Pickup Truck,Functional,Y,Moving Constant Speed,2015-01-30 19:22,54,38.9527719,-76.92390382
7843,N,Apparently Normal,No Misuse,Y,No Injury,85cb9f4a-7f10-42c5-a0ef-3dfb9acd8005,D,RD01060005,Shoulder/Lap Belt(s),M,41d23ff1-650a-42e7-bace-25d3df1e1e76,Single Vehicle ,N,Non Intersection,Right Turn Lane,Dark No Lights,Foreign Material,"Two-way, Divided, Positive Median Barrier",Snow,Snow,Twelve o'clock,(Sport) Utility Vehicle,Superficial,Y,Moving Constant Speed,2015-02-17 04:50,50,38.95994272,-76.91605568
7844,N,Had Been Drinking,No Misuse,Y,No Injury,3be65123-2244-4340-8dbe-34f24c58c1cd,D,TSU03750002,Shoulder/Lap Belt(s),M,93d8d18b-e6ba-4217-94a9-bdfc6e2d6b9b,Same Direction Sideswipe,N,Intersection,Left Turn Lane,Dark Lights On,No Defects,"Two-way, Divided, Unprotected (painted >4 feet) Median",Dry,Clear,Eleven o'clock,Passenger Car,Functional,Y,Making Left Turn,2015-01-01 02:10,20,39.39335868,-76.61469877
7845,N,Apparently Normal,No Misuse,N,No Injury,61bde885-383d-4c17-80ce-9a4730b9b632,D,ZA05060002,Shoulder/Lap Belt(s),M,e3e3f91d-8152-4979-9db9-a515e8ea90f4,Single Vehicle ,N,Non Intersection,Right Turn Lane,Daylight,No Defects,"Two-way, Not Divided",Dry,Cloudy,Twelve o'clock,Passenger Car,Disabling,N,Moving Constant Speed,2015-03-10 08:00,41,39.58511386,-78.84212852
7846,N,Apparently Normal,No Misuse,N,No Injury,9bda4cf1-36f1-410e-a371-9185b5269c4c,D,ZD24340008,Shoulder/Lap Belt(s),M,0b5d9a6e-a8a8-4230-8678-d028c2daf63b,Same Direction Rear End Right Turn,N,Non Intersection,Right Turn Lane,Dark No Lights,No Defects,"Two-way, Not Divided",Dry,Clear,Six o'clock,Passenger Car,Functional,N,Making Right Turn,2015-02-19 21:10,44,38.34306988,-76.42230392
7847,N,Apparently Normal,No Misuse,N,No Injury,6d87a121-0c37-4d5f-8f27-2f5e52f58869,D,ZD32070007,Shoulder/Lap Belt(s),M,9e750d6c-d489-4792-a207-e7a850104b7a,Single Vehicle ,N,Non Intersection,Right Turn Lane,Daylight,No Defects,"Two-way, Divided, Unprotected (painted >4 feet) Median",Snow,Snow,Twelve o'clock,Passenger Car,Functional,N,Moving Constant Speed,2015-03-05 14:14,23,38.70697117,-76.64083958
7848,Y,Apparently Normal,No Misuse,Y,No Injury,cc745be0-eebe-48f9-9ea4-275dad262d0a,D,ZD3338000F,Shoulder/Lap Belt(s),M,52a0fa80-2bc0-4beb-b278-97283b7d7e39,Single Vehicle ,N,Intersection,Right Turn Lane,Daylight,No Defects,"Two-way, Not Divided",Snow,Snow,Non-collision,Pickup Truck,Destroyed,N,Moving Constant Speed,2015-02-17 07:40,52,38.338353,-76.420677
7849,N,Apparently Normal,No Misuse,Y,No Injury,27c51110-4041-43e0-8f53-e24238cc7155,D,ZD3338000J,Shoulder/Lap Belt(s),M,caf9104a-4a17-4537-9cbb-aef61007245c,Single Vehicle ,N,Non Intersection,Right Turn Lane,Daylight,No Defects,"Two-way, Divided, Positive Median Barrier",Dry,Clear,Twelve o'clock,Passenger Car,Disabling,N,Moving Constant Speed,2015-03-16 17:35,23,38.511087,-76.564915
7850,N,Apparently Normal,No Misuse,N,No Injury,58ef07d5-8bd4-4c80-b330-6b448b7796f1,D,ZD37250008,Shoulder/Lap Belt(s),M,249914fd-5331-465d-a552-94bb9196f81d,Head On,N,Non Intersection,Right Turn Lane,Dawn,Foreign Material,"Two-way, Not Divided",Ice,Snow,Twelve o'clock,(Sport) Utility Vehicle,Disabling,N,Moving Constant Speed,2015-01-06 07:16,40,38.75143933,-76.63458467
7851,N,Apparently Normal,No Misuse,Y,No Injury,fc4d2cd2-c4fe-43ba-ade4-f89ddaf1e7bf,D,ZD37250008,Shoulder/Lap Belt(s),M,1dd391d5-4094-4404-b390-df2bfc9af6c0,Head On,N,Non Intersection,Right Turn Lane,Dawn,Foreign Material,"Two-way, Not Divided",Ice,Snow,Eight o'clock,Pickup Truck,Disabling,N,Skidding,2015-01-06 07:16,61,38.75143933,-76.63458467
7852,Y,Apparently Normal,No Misuse,Y,No Injury,94593ab8-7afe-4af8-9301-85c53f5f793b,D,ZD37250009,Shoulder/Lap Belt(s),M,bd96587f-dcbd-4e0d-94ac-5a360bd1f1dd,Single Vehicle ,N,Non Intersection,Right Turn Lane,Daylight,Foreign Material,"Two-way, Not Divided",Ice,Snow,One o'clock,School Bus,Functional,N,Skidding,2015-01-06 09:33,67,38.6787426,-76.54682279
7853,N,Apparently Normal,No Misuse,Y,No Injury,6c334b91-9c39-4a66-b0c8-8c91fc97c6fe,D,ZD3911000G,Shoulder/Lap Belt(s),M,6e9c7df3-abb9-476a-b3aa-cfe0114abd0a,Single Vehicle ,N,Non Intersection,Right Turn Lane,Dark No Lights,No Defects,"Two-way, Not Divided",Dry,Clear,Four o'clock,Police Vehicle/Non Emergency,Disabling,N,Moving Constant Speed,2015-03-02 23:27,30,38.47453156,-76.54360414
7854,N,Apparently Normal,No Misuse,Y,No Injury,2159b7c7-2231-45b2-bffc-d1fbaa16bfda,D,ZD4270000B,Shoulder/Lap Belt(s),M,3963077c-0097-4a2b-b6b2-b5083835ddea,Single Vehicle ,N,Non Intersection,Right Turn Lane,Dark Lights On,No Defects,"Two-way, Not Divided",Dry,Clear,Twelve o'clock,Ambulance/Emergency,Superficial,Y,Moving Constant Speed,2015-02-05 02:48,21,38.55460931,-76.5572834
7855,N,Apparently Normal,No Misuse,Y,No Injury,6dfb707b-2b26-4f6e-b975-3dd086a35067,D,ZD4688000M,Shoulder/Lap Belt(s),M,4da30194-32d1-4a85-a14b-0bb0124e5b51,Single Vehicle ,N,Non Intersection,Right Turn Lane,Daylight,No Defects,One-way Trafficway,Dry,Cloudy,Nine o'clock,Fire Vehicle/Non Emergency,Functional,Y,Negotiating a Curve,2015-02-16 07:47,62,38.54934013,-76.59476995
7856,Y,Apparently Normal,No Misuse,N,No Injury,340867bd-cccf-4617-bf37-e8f4b2cd219a,D,ZD52720007,Shoulder/Lap Belt(s),M,98b0ff0c-2486-475d-bbab-9a2334990c64,Single Vehicle ,N,Non Intersection,Right Turn Lane,Daylight,No Defects,"Two-way, Not Divided",Wet,Raining,One o'clock,Pickup Truck,Superficial,N,Moving Constant Speed,2015-01-14 12:25,28,38.39,-76.43
7857,N,Apparently Normal,No Misuse,Y,No Injury,dfc1b0aa-b6d1-4d2f-9d55-85684d957cac,D,ZD52720009,Shoulder/Lap Belt(s),M,8e6849c2-828e-49b7-afb5-4fa217077165,Single Vehicle ,N,Non Intersection,Right Turn Lane,Dark No Lights,No Defects,"Two-way, Not Divided",Snow,Wintry Mix,Twelve o'clock,Pickup Truck,Disabling,N,Moving Constant Speed,2015-02-22 02:56,24,38.42,-76.46
7858,N,Apparently Normal,No Misuse,N,No Injury,d270d7ae-4cdd-4548-8d09-8e262637d7a0,D,ZD5272000B,Shoulder/Lap Belt(s),M,a6198e87-7954-408b-b1d6-1337d8361646,Same Movement Angle,N,Non Intersection,Right Turn Lane,Dawn,No Defects,"Two-way, Divided, Positive Median Barrier",Snow,Sleet,Three o'clock,Pickup Truck,Disabling,N,Moving Constant Speed,2015-02-26 07:24,47,38.48,-76.51
7859,N,Apparently Normal,No Misuse,Y,No Injury,1beb7450-e5a1-4598-ac34-c489e3e0b964,D,ZD5272000B,Shoulder/Lap Belt(s),M,b863a7a5-3b53-4567-942e-c8f14c422a14,Same Movement Angle,N,Non Intersection,Right Turn Lane,Dawn,No Defects,"Two-way, Divided, Positive Median Barrier",Snow,Sleet,Twelve o'clock,Van,Functional,N,Skidding,2015-02-26 07:24,53,38.48,-76.51
7860,N,Apparently Normal,No Misuse,N,No Injury,4aebd59f-e2b0-4a66-a0d7-8d14546dc9dd,D,ZD55500009,Shoulder/Lap Belt(s),M,fcff0f55-e9d1-4424-ba0f-3267c79e2072,Head On,N,Non Intersection,Right Turn Lane,Daylight,No Defects,"Two-way, Not Divided",Ice,Snow,Twelve o'clock,Van,Disabling,N,Slowing or Stopping,2015-01-06 08:49,44,38.67448767,-76.53436661
7861,N,Apparently Normal,No Misuse,Y,No Injury,60ca1ce1-9e21-4072-ab9e-a9706f952140,D,ZD55500009,Shoulder/Lap Belt(s),M,773b5908-7140-497e-a699-a8b91cb047b1,Head On,N,Non Intersection,Right Turn Lane,Daylight,No Defects,"Two-way, Not Divided",Ice,Snow,Twelve o'clock,Passenger Car,Disabling,N,Skidding,2015-01-06 08:49,35,38.67448767,-76.53436661
7862,N,Apparently Normal,No Misuse,Y,No Injury,5849413c-0d17-4d56-b85f-7695a8082caa,D,ZD55520006,Shoulder/Lap Belt(s),M,0305da85-deb1-42a7-afdb-e5d452963b95,Single Vehicle ,N,Non Intersection,Right Turn Lane,Daylight,No Defects,"Two-way, Not Divided",Ice,Cloudy,Twelve o'clock,Passenger Car,Disabling,N,Moving Constant Speed,2015-01-07 07:59,21,38.65153348,-76.54593229
7863,N,Apparently Normal,No Misuse,Y,No Injury,72b9bea8-09ac-4e56-9bfc-dc643114c9e5,D,ZD55520007,Shoulder/Lap Belt(s),M,e9196ab7-9013-487a-ae1a-a41324e9cc75,Single Vehicle ,N,Intersection Related,Left Turn Lane,Daylight,No Defects,One-way Trafficway,Dry,Clear,Twelve o'clock,Passenger Car,Destroyed,N,Moving Constant Speed,2015-01-16 14:25,20,38.67152247,-76.62044406
7864,N,Apparently Normal,No Misuse,Y,No Injury,314ab54e-2a87-4c3f-9258-04335230f91a,D,ZD55520009,Shoulder/Lap Belt(s),M,6413be9b-64a6-464b-b596-ca0efcacedc6,Single Vehicle ,N,Non Intersection,Right Turn Lane,Dawn,No Defects,"Two-way, Not Divided",Wet,Sleet,Twelve o'clock,Pickup Truck,Disabling,N,Moving Constant Speed,2015-02-10 06:21,36,38.51123617,-76.66603088
7865,N,Apparently Normal,No Misuse,Y,No Injury,76cca721-6639-4e9a-877c-a5c5f3361df9,D,ZD5552000F,Shoulder/Lap Belt(s),M,ba3519d4-11c1-4102-bec0-e90d0d9e98c6,Single Vehicle ,N,Non Intersection,Right Turn Lane,Daylight,No Defects,"Two-way, Not Divided",Slush,Wintry Mix,Roof Top,Pickup Truck,Functional,N,Moving Constant Speed,2015-03-01 11:46,74,38.60780805,-76.58804297
7866,N,Apparently Normal,No Misuse,Y,No Injury,df857a5f-d145-40ac-8dbc-739ca1f5ceac,D,ZD5670000B,Shoulder/Lap Belt(s),M,d243ee59-0eda-4c93-80a8-d112f2654bfb,Single Vehicle ,N,Non Intersection,Right Turn Lane,Dark Lights On,No Defects,"Two-way, Divided, Positive Median Barrier",Dry,Clear,Twelve o'clock,Passenger Car,Disabling,N,Moving Constant Speed,2015-01-24 18:30,64,38.34583828,-76.46193624
7867,N,Apparently Normal,No Misuse,Y,No Injury,f991a365-ad38-46f5-ba21-0c8e250d8816,D,ZD56720004,Shoulder/Lap Belt(s),M,b188282a-c21c-4e85-8e23-97cdd3718677,Single Vehicle ,N,Non Intersection,Right Turn Lane,Daylight,No Defects,"Two-way, Not Divided",Snow,Snow,Three o'clock,Pickup Truck,Functional,N,Moving Constant Speed,2015-02-26 10:38,59,38.420512,-76.509957
7868,N,Apparently Normal,No Misuse,Y,No Injury,59e53ea9-0f52-4b84-9246-1a98a8a1e327,D,ZD5673000P,Shoulder/Lap Belt(s),M,84cbc412-effc-4764-ace8-96e42fcb7d7c,Single Vehicle ,N,Intersection,Right Turn Lane,Dark No Lights,No Defects,"Two-way, Divided, Positive Median Barrier",Wet,Cloudy,Twelve o'clock,Passenger Car,Functional,N,Starting From Parked,2015-01-26 19:36,47,38.62999678,-76.60491943
7869,N,Apparently Normal,No Misuse,Y,No Injury,cdb00bfb-a421-4873-a36a-a0cedd0e823c,D,ZD5673000Q,Shoulder/Lap Belt(s),M,086f9780-61cd-4cc3-877e-8c5f15a8a89d,Single Vehicle ,N,Non Intersection,Right Turn Lane,Dark No Lights,No Defects,"Two-way, Not Divided",Dry,Clear,One o'clock,Passenger Car,Disabling,N,Moving Constant Speed,2015-01-27 22:09,24,38.73170702,-76.64262056
7870,N,Apparently Normal,No Misuse,Y,No Injury,f2a6ef86-bad1-4cd7-9ce2-50f04dff08a9,D,ZD5673000S,Shoulder/Lap Belt(s),M,0920488f-f8fa-47a2-97ec-dc4bca8d4146,Single Vehicle ,N,Non Intersection,Right Turn Lane,Dark No Lights,No Defects,"Two-way, Not Divided",Wet,Raining,Three o'clock,Passenger Car,Destroyed,N,Skidding,2015-02-10 00:36,20,38.75133892,-76.63526058
7871,N,Apparently Normal,No Misuse,N,No Injury,c58fcc78-f03a-4b56-8474-e6e48b5d284d,D,ZD5780000V,Shoulder/Lap Belt(s),M,4afd88c7-a39d-4a99-83c9-ebab96504aef,Single Vehicle ,N,Non Intersection,Right Turn Lane,Daylight,No Defects,"Two-way, Divided, Positive Median Barrier",Ice,Wintry Mix,Eleven o'clock,Van,Disabling,N,Moving Constant Speed,2015-02-21 17:43,52,38.67785478,-76.62751436
7872,N,Apparently Normal,No Misuse,N,No Injury,dd448a38-10c4-4466-8836-e7918438325b,D,ZD5781000H,Shoulder/Lap Belt(s),M,b7e58de0-5a42-433f-a2ed-9d4d227d19b1,Same Direction Rear End,N,Intersection,Left Turn Lane,Daylight,No Defects,"Two-way, Divided, Positive Median Barrier",Dry,Clear,Six o'clock,Pickup Truck,Superficial,N,Slowing or Stopping,2015-02-24 10:07,58,38.55814985,-76.59801006
7873,N,Apparently Normal,No Misuse,Y,No Injury,c4b739ac-fae5-4845-8fa0-43ad00de56ba,D,ZD5781000H,Shoulder/Lap Belt(s),M,a5e2398d-1e42-42a6-acf4-aa09f31e4abf,Same Direction Rear End,N,Intersection,Left Turn Lane,Daylight,No Defects,"Two-way, Divided, Positive Median Barrier",Dry,Clear,Twelve o'clock,(Sport) Utility Vehicle,Superficial,N,Changing Lanes,2015-02-24 10:07,37,38.55814985,-76.59801006
7874,N,Apparently Normal,No Misuse,Y,No Injury,386286de-8c01-4187-8d4c-f751fd711998,D,ZD5784000C,Shoulder/Lap Belt(s),M,0775f0f5-238b-46c7-b7d9-5e833c9f48ef,Single Vehicle ,N,Non Intersection,Right Turn Lane,Dawn,No Defects,"Two-way, Divided, Positive Median Barrier",Dry,Clear,Twelve o'clock,Passenger Car,Disabling,N,Moving Constant Speed,2015-03-03 06:07,20,38.76214839,-76.65693283
7875,N,Apparently Normal,No Misuse,Y,No Injury,d1079e51-0ec4-4c53-9d0c-f67ced34ed56,D,ZD5835000J,Shoulder/Lap Belt(s),M,9d59d315-bbe1-484d-9c75-76f7cc8bdc2d,Opposite Direction Sideswipe,N,Non Intersection,Right Turn Lane,Daylight,No Defects,"Two-way, Not Divided",Wet,Sleet,Twelve o'clock,"Other Light Trucks (10,000 lbs (4,536 kg))",Functional,N,Moving Constant Speed,2015-02-10 08:57,65,38.49694619,-76.53839529
7876,N,Apparently Normal,No Misuse,N,No Injury,e1746abd-0c30-481f-9c00-c2083d9910ba,D,ZD5835000L,Shoulder/Lap Belt(s),M,db05ec24-6ae7-4906-97b7-0169e076dd5e,Same Direction Left Turn,N,Residential Driveway,Right Turn Lane,Daylight,No Defects,"Two-way, Not Divided",Dry,Clear,Twelve o'clock,Pickup Truck,Superficial,N,Moving Constant Speed,2015-03-23 13:16,32,38.33809029,-76.42635405
7877,N,Apparently Normal,No Misuse,Y,No Injury,2033a058-3297-40ed-a001-dfbd1a6a38ed,D,ZD5855000J,Shoulder/Lap Belt(s),M,2432da23-1bc7-486a-a4dc-25cd0b713ada,Same Movement Angle,N,Residential Driveway,Right Turn Lane,Daylight,No Defects,"Two-way, Not Divided",Dry,Clear,One o'clock,Passenger Car,Disabling,N,Skidding,2015-03-22 12:48,48,38.60558628,-76.59292459
7878,N,Apparently Normal,No Misuse,Y,No Injury,e801fbd0-1c96-4ce8-bc47-941a599c41c1,D,ZD5982000J,Shoulder/Lap Belt(s),M,d427470b-1958-410f-8688-6e0131bf3086,Single Vehicle ,N,Non Intersection,Right Turn Lane,Dark No Lights,No Defects,"Two-way, Not Divided",Dry,Clear,Twelve o'clock,Passenger Car,Disabling,N,Moving Constant Speed,2015-02-21 04:42,24,38.49606871,-76.62424207
7879,N,Apparently Normal,No Misuse,Y,No Injury,3f9294a4-3b49-4c10-bcfe-791b5a15bd82,D,ZD5982000K,Shoulder/Lap Belt(s),M,62ad1206-c5ae-4cec-8876-20eef9dc237d,Single Vehicle ,Y,Crossover Related,Right Turn Lane,Dark No Lights,No Defects,"Two-way, Divided, Positive Median Barrier",Ice,Raining,Underside,Passenger Car,Disabling,N,Moving Constant Speed,2015-02-22 00:04,22,38.5033107,-76.54981613
7880,N,Apparently Normal,No Misuse,Y,Possible Incapacitating Injury,316e4e18-0c42-46ea-baf2-6d6142e56360,D,ZF02310002,Shoulder/Lap Belt(s),M,ac19f74d-4aa5-4122-b393-2c26abdb91e8,Same Direction Rear End,N,Non Intersection,Right Turn Lane,Dark No Lights,No Defects,"Two-way, Not Divided",Dry,Clear,Two o'clock,Police Vehicle/Emergency,Disabling,N,Moving Constant Speed,2015-03-25 00:22,44,39.44303709,-77.0458746
7881,N,Apparently Normal,No Misuse,Y,No Injury,ece60c1f-7e5d-435a-9687-9396117126a9,D,ZF0265000B,Shoulder/Lap Belt(s),M,f17d3704-18d1-48bb-b9b9-4a627aa7f0fa,Single Vehicle ,N,Non Intersection,Right Turn Lane,Dawn,No Defects,"Two-way, Divided, Unprotected (painted >4 feet) Median",Snow,Snow,Two o'clock,Passenger Car,Disabling,N,Skidding,2015-03-20 06:44,51,39.7044298,-76.91204309
7882,N,Apparently Normal,No Misuse,N,No Injury,759c2347-2791-4b20-bef8-2527c9b394fa,D,ZF02730002,Shoulder/Lap Belt(s),M,111cdf20-8818-40c5-a627-1c189c44eb65,Head On,N,Non Intersection,Right Turn Lane,Daylight,No Defects,"Two-way, Not Divided",Dry,Clear,Eleven o'clock,Passenger Car,Disabling,N,Moving Constant Speed,2015-02-27 10:50,43,39.66722621,-77.10831642
7883,N,Apparently Normal,No Misuse,Y,No Injury,8daa6d9c-0391-40ad-be71-d3d6f3d13a68,D,ZF02730002,Shoulder/Lap Belt(s),M,1be456a1-9d23-4d0a-9643-43bc2a4c99a4,Head On,N,Non Intersection,Right Turn Lane,Daylight,No Defects,"Two-way, Not Divided",Dry,Clear,Twelve o'clock,Pickup Truck,Superficial,N,Moving Constant Speed,2015-02-27 10:50,79,39.66722621,-77.10831642
7884,N,Apparently Normal,No Misuse,N,No Injury,ddd89048-fc0f-425d-8a79-339b90717e9c,D,ZF03810004,Shoulder/Lap Belt(s),M,b35113a8-7f92-43c3-8724-fa39b9e5d092,Same Movement Angle,N,Intersection,Right Turn Lane,Daylight,No Defects,"Two-way, Not Divided",Snow,Wintry Mix,One o'clock,Passenger Car,Superficial,N,Slowing or Stopping,2015-03-01 10:00,24,39.41333583,-76.95781231
7885,N,Apparently Normal,No Misuse,Y,No Injury,3d55a9fd-b79c-4f92-8e4b-34574016d1bf,D,ZF0421000F,Shoulder/Lap Belt(s),M,38fb2a29-0173-4e3a-a61b-2cb46ceba974,Single Vehicle ,N,Non Intersection,Right Turn Lane,Daylight,No Defects,"Two-way, Not Divided",Ice,Wintry Mix,Twelve o'clock,Passenger Car,Disabling,N,Moving Constant Speed,2015-01-12 08:45,56,39.389015,-76.910219