KEY_INDEX,CDL_FLAG,CONDITION_CODE,EQUIP_PROB_CODE,FAULT_FLAG,INJ_SEVER_CODE,PERSON_ID,PERSON_TYPE,REPORT_NO,SAF_EQUIP_CODE,SEX_CODE,VEHICLE_ID,COLLISION_TYPE_CODE,C_M_ZONE_FLAG,JUNCTION_CODE,LANE_CODE,LIGHT_CODE,RD_COND_CODE,RD_DIV_CODE,SURF_COND_CODE,WEATHER_CODE,AREA_DAMAGED_CODE_MAIN,BODY_TYPE_CODE,DAMAGE_CODE,HIT_AND_RUN_FLAG,MOVEMENT_CODE,TIME,AGE,LATITUDE,LONGITUDE
7886,Y,Apparently Normal,No Misuse,Y,No Injury,80fc6817-c6ab-4ad6-87e1-a158c38b8e83,D,ZF0424000D,Shoulder/Lap Belt(s),M,ab305544-5b9d-4046-9682-aeb416bc7a3f,Single Vehicle ,N,Non Intersection,Right Turn Lane,Dark No Lights,No Defects,"Two-way, Not Divided",Dry,Clear,Twelve o'clock,"Medium/Heavy Truck 2 axles (10,000 lbs (4,536 kg) or less)",Disabling,N,Moving Constant Speed,2015-02-07 18:32,56,39.59993478,-76.9798708
7887,N,Apparently Normal,No Misuse,N,No Injury,45fac63b-d549-488f-9660-9b59b8e68bb5,D,ZF0426000C,Shoulder/Lap Belt(s),M,dd755d1f-41f4-4480-aa59-33166ddb6756,Same Direction Rear End,N,Commercial Driveway,Right Turn Lane,Daylight,No Defects,"Two-way, Not Divided",Dry,Clear,Six o'clock,Passenger Car,Disabling,N,Stopped in Traffic Lane,2015-02-23 10:47,40,39.63185349,-76.86301231
7888,N,Apparently Normal,No Misuse,Y,No Injury,0ebfccde-bef6-46b0-902b-d284bdcdda57,D,ZF0426000C,Shoulder/Lap Belt(s),M,8ea51329-813c-4bf4-b587-ebc3c42202b2,Same Direction Rear End,N,Commercial Driveway,Right Turn Lane,Daylight,No Defects,"Two-way, Not Divided",Dry,Clear,Twelve o'clock,Passenger Car,Disabling,N,Moving Constant Speed,2015-02-23 10:47,39,39.63185349,-76.86301231
7889,N,Apparently Normal,No Misuse,Y,No Injury,a6442669-ca5a-4971-9019-204d0fa9c52c,D,ZF0428000M,Shoulder/Lap Belt(s),M,c516c392-d71a-4c02-acd1-dbd234ad8ef6,Same Movement Angle,N,Intersection,Right Turn Lane,Daylight,No Defects,"Two-way, Not Divided with a Continuous Left Turn Lane",Dry,Clear,Eight o'clock,Passenger Car,Disabling,N,Starting From Parked,2015-02-05 12:35,21,39.58239885,-76.99095368
7890,N,Apparently Normal,No Misuse,N,No Injury,2d3954f6-a35f-4cb8-b39a-a9f4d45d46c8,D,ZF0428000N,Shoulder/Lap Belt(s),M,1e3c0f7a-1a93-435f-a928-f7dfae32038d,Angle Meets Left Turn,N,Intersection Related,Right Turn Lane,Daylight,No Defects,"Two-way, Not Divided",Wet,Snow,One o'clock,Van,Disabling,N,Moving Constant Speed,2015-02-18 17:37,61,39.55657055,-77.03339696
7891,N,Apparently Normal,No Misuse,Y,No Injury,763290e7-e675-48c7-9605-d953c8d0ccdc,D,ZF0445000B,Shoulder/Lap Belt(s),M,e6c682bd-caaa-41f1-9a42-5271dfb88686,Single Vehicle ,N,Non Intersection,Right Turn Lane,Daylight,No Defects,"Two-way, Not Divided",Wet,Clear,Ten o'clock,Pickup Truck,Destroyed,N,Negotiating a Curve,2015-01-27 11:37,63,39.5156126,-76.92117333
7892,N,Apparently Normal,No Misuse,Y,No Injury,cfe9df38-1801-4731-adc9-4693f6525f9e,D,ZF0445000D,Shoulder/Lap Belt(s),M,b9260152-ddb3-471d-9dac-183b4c0bd8b1,Single Vehicle ,N,Non Intersection,Right Turn Lane,Daylight,No Defects,"Two-way, Not Divided",Wet,Cloudy,Twelve o'clock,Passenger Car,Destroyed,N,Negotiating a Curve,2015-02-23 09:37,23,39.5851027,-76.9516325
7893,N,Apparently Normal,No Misuse,N,No Injury,ff4d568c-91c6-4aec-8660-3fd6d1584d43,D,ZF0449000P,Shoulder/Lap Belt(s),M,16b27c2a-42a4-4726-bbf3-133d88f96505,Same Direction Rear End,N,Non Intersection,Right Turn Lane,Daylight,No Defects,"Two-way, Not Divided",Wet,Clear,Twelve o'clock,"Medium/Heavy Truck 2 axles (10,000 lbs (4,536 kg) or less)",Superficial,N,Stopped in Traffic Lane,2015-01-13 09:03,48,39.5532948,-76.93004608
7894,N,Apparently Normal,No Misuse,Y,No Injury,21630599-3105-4149-bbc1-df68a4d09646,D,ZF0449000P,Shoulder/Lap Belt(s),M,a290670a-d3e6-496a-b697-d88069ff93f9,Same Direction Rear End,N,Non Intersection,Right Turn Lane,Daylight,No Defects,"Two-way, Not Divided",Wet,Clear,Six o'clock,Pickup Truck,Superficial,N,Backing,2015-01-13 09:03,90,39.5532948,-76.93004608
7895,N,Apparently Normal,No Misuse,Y,No Injury,b35fa400-c2d3-4d10-8e3d-4ae67bd02787,D,ZF04780008,Shoulder/Lap Belt(s),M,126ee986-b50f-4005-a664-a5f5ca75a3c6,Same Direction Sideswipe,N,Non Intersection,Right Turn Lane,Dark No Lights,No Defects,"Two-way, Not Divided",Ice,Clear,Twelve o'clock,"Other Light Trucks (10,000 lbs (4,536 kg))",No Damage,N,Skidding,2015-03-02 04:20,30,39.40257595,-76.92699909
7896,N,Apparently Normal,No Misuse,N,No Injury,9ff74ba0-9cb0-472a-bd2b-99bad664dc36,D,ZF04900001,Shoulder/Lap Belt(s),M,61a10d55-b7dc-4802-bf81-d95c8031eb2a,Same Direction Rear End,N,Non Intersection,Right Turn Lane,Daylight,No Defects,"Two-way, Not Divided",Snow,Snow,Twelve o'clock,(Sport) Utility Vehicle,Disabling,N,Moving Constant Speed,2015-03-05 08:44,42,39.47938814,-77.02764094
7897,N,Apparently Normal,No Misuse,Y,No Injury,19390bb5-eb79-4f05-a137-e030deab8c7b,D,ZF04900001,Shoulder/Lap Belt(s),M,3a090ae4-af5c-4318-ac23-471389b2d76f,Same Direction Rear End,N,Non Intersection,Right Turn Lane,Daylight,No Defects,"Two-way, Not Divided",Snow,Snow,Six o'clock,Low Speed Vehicle,No Damage,N,Backing,2015-03-05 08:44,66,39.47938814,-77.02764094
7898,N,Apparently Normal,No Misuse,Y,No Injury,dea583b8-2278-43bc-9e27-298b6c420edb,D,ZG04030006,Shoulder/Lap Belt(s),M,44cac9eb-c656-4325-8747-889bc01224d5,Single Vehicle ,N,Intersection,Right Turn Lane,Dark Lights On,No Defects,"Two-way, Not Divided",Dry,Clear,Twelve o'clock,Passenger Car,Destroyed,N,Moving Constant Speed,2015-02-23 21:40,24,39.57087117,-75.78782201
7899,N,Apparently Normal,No Misuse,Y,No Injury,95272f3b-3c55-4f1a-ab51-ce3195ccdf73,D,ZG04380002,Shoulder/Lap Belt(s),M,881bb99d-000f-4c2d-8125-5fa50397f5cb,Single Vehicle ,N,Non Intersection,Right Turn Lane,Dark Lights On,No Defects,"Two-way, Divided, Positive Median Barrier",Ice,Clear,Twelve o'clock,Police Vehicle/Emergency,Superficial,N,Accelerating,2015-02-11 01:34,25,39.60257181,-75.96349597
7900,N,Apparently Normal,No Misuse,N,No Injury,09f807bc-e546-4dff-baf0-bf57cac68cfe,D,ZG04840002,Shoulder/Lap Belt(s),M,010f8664-2125-4118-bcb1-1586c869ace3,Same Movement Angle,N,Non Intersection,Right Turn Lane,Daylight,No Defects,"Two-way, Not Divided",Dry,Clear,Twelve o'clock,Passenger Car,Disabling,N,Moving Constant Speed,2015-01-01 11:33,28,39.64226397,-75.98078012
7901,N,Apparently Normal,No Misuse,Y,No Injury,d986aa79-7d5b-44ac-80e2-5da0bd2541e5,D,ZG04840002,Shoulder/Lap Belt(s),M,8cf75508-f69f-4219-809f-9174af2d6ce1,Same Movement Angle,N,Non Intersection,Right Turn Lane,Daylight,No Defects,"Two-way, Not Divided",Dry,Clear,Three o'clock,Pickup Truck,Superficial,N,Backing,2015-01-01 11:33,40,39.64226397,-75.98078012
7902,N,Apparently Normal,No Misuse,Y,No Injury,8a5555ee-d604-4d18-9fc3-bde7630b008d,D,ZG05530006,Lap Belt Only,M,6a536b59-0e7f-4d67-8fba-228b47d72558,Single Vehicle ,N,Intersection,Right Turn Lane,Daylight,No Defects,"Two-way, Not Divided",Dry,Clear,Twelve o'clock,Van,Disabling,N,Moving Constant Speed,2015-03-27 16:20,41,39.59509032,-76.06077433
7903,N,Apparently Normal,No Misuse,N,No Injury,7a05ae5e-40da-4334-b084-64aa13045dd7,D,ZG06090003,Shoulder/Lap Belt(s),M,afed32fd-bb29-4100-91b8-9cec52ef833d,Same Direction Rear End,N,Intersection Related,Right Turn Lane,Daylight,No Defects,"Two-way, Not Divided",Dry,Clear,Twelve o'clock,(Sport) Utility Vehicle,Disabling,N,Slowing or Stopping,2015-02-13 11:08,75,39.71519248,-76.15851402
7904,Y,Apparently Normal,No Misuse,Y,No Injury,e5dcb018-8b90-4931-9eba-edaa9280c72e,D,ZG06090003,Shoulder/Lap Belt(s),M,afe976bc-6ddd-4c30-a88e-ac25962dc96a,Same Direction Rear End,N,Intersection Related,Right Turn Lane,Daylight,No Defects,"Two-way, Not Divided",Dry,Clear,Six o'clock,Truck Tractor,Superficial,N,Stopped in Traffic Lane,2015-02-13 11:08,55,39.71519248,-76.15851402
7905,N,Apparently Normal,No Misuse,Y,No Injury,10c1486b-4985-4b26-b214-3effa2850172,D,ZG06670007,Shoulder/Lap Belt(s),M,10e9a4b2-70f4-41b1-a099-1fb5335ca83b,Single Vehicle ,N,Non Intersection,Right Turn Lane,Daylight,No Defects,"Two-way, Not Divided",Snow,Clear,One o'clock,Pickup Truck,Disabling,N,Skidding,2015-03-05 14:30,48,39.51557122,-75.8233881
7906,Y,Apparently Normal,No Misuse,Y,No Injury,412511b5-98e4-4e5f-9b37-fed04cf89560,D,ZG06950002,Shoulder/Lap Belt(s),M,f03d1a18-dc9c-4bf5-b656-4aaca1ad2b23,Single Vehicle ,N,Intersection Related,Right Turn Lane,Daylight,No Defects,"Two-way, Not Divided",Dry,Clear,One o'clock,Truck Tractor,Disabling,N,Making Left Turn,2015-01-31 08:38,53,39.60178237,-75.93626082
7907,N,Apparently Normal,No Misuse,Y,No Injury,6666a5d1-71b9-4feb-8876-4d051d2aac3f,D,ZG06950004,Shoulder/Lap Belt(s),M,738c29d7-de31-4026-a6c7-257ad6474f7b,Same Direction Rear End,N,Non Intersection,Right Turn Lane,Dark Lights On,No Defects,"Two-way, Not Divided",Ice,Sleet,Seven o'clock,Pickup Truck,Superficial,N,Moving Constant Speed,2015-02-09 22:02,49,39.7180892,-76.10997677
7908,N,Apparently Normal,No Misuse,Y,No Injury,2fe00071-06f1-4acd-b782-7dcc976ea020,D,ZG06950008,Shoulder/Lap Belt(s),M,6fa94350-d4f8-4c2e-89b0-3f11045abae1,Single Vehicle ,N,Non Intersection,Right Turn Lane,Dark No Lights,No Defects,"Two-way, Not Divided",Wet,Raining,Twelve o'clock,Passenger Car,Disabling,N,Moving Constant Speed,2015-03-26 21:40,18,39.64689034,-75.9583354
7909,N,Apparently Normal,No Misuse,Y,No Injury,297db7c3-5ffe-4636-b96e-421458338287,D,ZG08130004,Shoulder/Lap Belt(s),M,08e15dc7-92ae-4eec-b04b-cbe31000575e,Single Vehicle ,N,Intersection,Right Turn Lane,Daylight,No Defects,"Two-way, Not Divided",Snow,Snow,Twelve o'clock,Passenger Car,Superficial,N,Slowing or Stopping,2015-01-06 08:10,18,39.47620398,-75.77943206
7910,N,Apparently Normal,No Misuse,Y,No Injury,add59a11-bf2f-49da-ad91-ace0004d438d,D,ZG08130005,Shoulder/Lap Belt(s),M,893c1918-3852-4cae-8e26-2836ef12bdca,Single Vehicle ,N,Non Intersection,Right Turn Lane,Daylight,No Defects,"Two-way, Not Divided",Snow,Snow,Twelve o'clock,Passenger Car,Disabling,N,Moving Constant Speed,2015-01-06 14:04,22,39.56897727,-75.86613178
7911,N,Apparently Normal,No Misuse,Y,No Injury,f44ef328-dd12-454e-b4b3-a27265b23a7a,D,ZG08130008,Shoulder/Lap Belt(s),M,2a6daf8e-eb82-4b70-b724-995fb5722fd5,Single Vehicle ,N,Non Intersection,Right Turn Lane,Dark No Lights,No Defects,"Two-way, Not Divided",Dry,Clear,Twelve o'clock,Passenger Car,Disabling,N,Moving Constant Speed,2015-01-25 06:23,36,39.65370542,-75.87888837
7912,N,Apparently Normal,No Misuse,Y,No Injury,76ff75b6-b083-4a78-b43f-e0259460e0d8,D,ZG08180002,Shoulder/Lap Belt(s),M,7c531655-b844-4d60-8eba-8e12522ab045,Single Vehicle ,N,Non Intersection,Left Turn Lane,Daylight,No Defects,"Two-way, Not Divided",Snow,Blowing Snow,Twelve o'clock,Passenger Car,Disabling,N,Moving Constant Speed,2015-02-19 15:20,18,39.69378102,-75.99552155
7913,N,Apparently Normal,No Misuse,Y,No Injury,9945548b-a52b-46aa-810d-a3ac0da34637,D,ZG08290005,Shoulder/Lap Belt(s),M,24f986d9-11e6-4e44-bd8f-157014b6a4c7,Single Vehicle ,N,Non Intersection,Right Turn Lane,Dark No Lights,No Defects,"Two-way, Not Divided",Dry,Clear,Twelve o'clock,Passenger Car,Disabling,N,Moving Constant Speed,2015-02-11 21:00,18,39.67626061,-75.90411186
7914,N,Apparently Normal,No Misuse,Y,No Injury,e5429ddf-5303-407a-8147-972c0875d56f,D,ZG0840000C,Shoulder/Lap Belt(s),M,3e4fbaf9-c728-484d-95c6-d15e41ea3dcd,Single Vehicle ,N,Non Intersection,Right Turn Lane,Dark No Lights,No Defects,"Two-way, Not Divided",Ice,Sleet,One o'clock,(Sport) Utility Vehicle,Disabling,N,Moving Constant Speed,2015-02-09 19:30,25,39.71681004,-75.8228302
7915,N,Apparently Normal,No Misuse,Y,No Injury,35c9f5e4-06fd-4569-8644-c88a62250059,D,ZG08810009,Shoulder/Lap Belt(s),M,bc8e951f-1f12-46d7-a344-ef1ad6087232,Single Vehicle ,N,Non Intersection,Right Turn Lane,Dark No Lights,No Defects,"Two-way, Not Divided",Wet,Cloudy,Two o'clock,Pickup Truck,Destroyed,N,Moving Constant Speed,2015-01-22 21:43,36,39.6751128,-76.11481547
7916,N,Apparently Normal,No Misuse,Y,No Injury,3407d068-2734-4bdf-8629-993e6645c5f7,D,ZG08930006,Shoulder/Lap Belt(s),M,7a5c89b0-1078-4bdc-b25d-bd0f1aa56714,Single Vehicle ,N,Non Intersection,Right Turn Lane,Dark No Lights,No Defects,"Two-way, Not Divided",Snow,Blowing Snow,Twelve o'clock,Pickup Truck,Disabling,N,Moving Constant Speed,2015-02-14 23:29,19,39.71544832,-76.01241946
7917,N,Apparently Normal,No Misuse,N,No Injury,d7f6b310-36f0-45b0-ae70-9dab61d07591,D,ZH02610004,Shoulder/Lap Belt(s),M,acb478e7-d7a2-439b-85bc-7ad4a0e02972,Single Vehicle ,N,Non Intersection,Right Turn Lane,Dark No Lights,"Holes, Ruts, Etc.","Two-way, Not Divided",Wet,Clear,Underside,Police Vehicle/Emergency,Disabling,N,Moving Constant Speed,2015-03-07 21:02,58,38.59101,-76.94299833
7918,N,Apparently Normal,No Misuse,N,No Injury,459a0fe9-7cdf-4741-8223-67b55e8781de,D,ZH02650001,Shoulder/Lap Belt(s),M,b010c5a6-2c45-42e2-a7b0-578450b95494,Single Vehicle ,N,Non Intersection,Right Turn Lane,Dark No Lights,No Defects,"Two-way, Not Divided",Dry,Clear,Twelve o'clock,Police Vehicle/Emergency,Superficial,N,Slowing or Stopping,2015-02-19 22:45,41,38.58239197,-76.92326009
7919,N,Apparently Normal,No Misuse,Y,No Injury,8e243860-0dd7-452a-85f4-3790fa5505bb,D,ZH02740012,Shoulder/Lap Belt(s),M,b237a5bb-1503-4826-95ba-99d39b61f798,Head On,N,Non Intersection,Right Turn Lane,Dark No Lights,No Defects,"Two-way, Not Divided",Dry,Clear,Three o'clock,Van,Destroyed,N,Skidding,2015-02-13 22:43,21,38.51827098,-77.0244652
7920,N,Apparently Normal,No Misuse,N,Incapacitating/Disabled Injury,ee8a752b-18a1-4bf0-93e8-bca000c9924b,D,ZH02740012,Shoulder/Lap Belt(s),M,97239d64-5d24-42f8-a4f8-91d58a68eeb1,Head On,N,Non Intersection,Right Turn Lane,Dark No Lights,No Defects,"Two-way, Not Divided",Dry,Clear,Twelve o'clock,Passenger Car,Destroyed,N,Skidding,2015-02-13 22:43,74,38.51827098,-77.0244652
7921,N,Apparently Normal,No Misuse,N,No Injury,241a5d9a-55ed-42a6-9605-3b26608ae4ae,D,ZH02740014,Shoulder/Lap Belt(s),M,f6e0bc8f-1f0b-476b-a4f9-563f98b96d65,Single Vehicle ,N,Non Intersection,Right Turn Lane,Daylight,"Holes, Ruts, Etc.","Two-way, Not Divided",Water (standing/moving),Clear,Two o'clock,Police Vehicle/Non Emergency,Disabling,N,Moving Constant Speed,2015-03-09 18:47,34,38.66725,-76.92845833
7922,N,Apparently Normal,No Misuse,N,No Injury,3963c286-eee7-4082-a610-69395771b8b9,D,ZH02960002,Shoulder/Lap Belt(s),M,5169a096-0e4b-4ced-977b-134742df2117,Same Direction Rear End,N,Non Intersection,Acceleration Lane,Daylight,No Defects,"Two-way, Divided, Positive Median Barrier",Wet,Raining,Six o'clock,Police Vehicle/Non Emergency,Superficial,N,Slowing or Stopping,2015-01-03 11:31,53,38.62455833,-76.91864667
7923,N,Apparently Normal,No Misuse,Y,No Injury,133cb67f-4343-47d0-9d6e-e575d2f2bc3f,D,ZH02960002,Shoulder/Lap Belt(s),M,26a36ffe-9648-4f29-9b00-844395312af8,Same Direction Rear End,N,Non Intersection,Acceleration Lane,Daylight,No Defects,"Two-way, Divided, Positive Median Barrier",Wet,Raining,Twelve o'clock,Passenger Car,Superficial,N,Slowing or Stopping,2015-01-03 11:31,46,38.62455833,-76.91864667
7924,N,Apparently Normal,No Misuse,N,No Injury,ec7e8abd-9a62-4834-a8aa-54d0a9536538,D,ZH03200007,Shoulder/Lap Belt(s),M,0e914475-5353-4db9-9569-8658722f14c9,Head On Left Turn,N,Intersection,Right Turn Lane,Dark Lights On,No Defects,"Two-way, Divided, Unprotected (painted >4 feet) Median",Dry,Clear,Twelve o'clock,(Sport) Utility Vehicle,Disabling,N,Moving Constant Speed,2015-03-21 22:47,44,38.61889,-76.93352167
7925,N,Apparently Normal,No Misuse,Y,No Injury,a6180841-27d9-460e-bcb6-637548a48d22,D,ZH03200007,Shoulder/Lap Belt(s),M,a3504614-bc27-4279-b5e7-891db776b879,Head On Left Turn,N,Intersection,Right Turn Lane,Dark Lights On,No Defects,"Two-way, Divided, Unprotected (painted >4 feet) Median",Dry,Clear,Two o'clock,Passenger Car,Disabling,N,Making Left Turn,2015-03-21 22:47,30,38.61889,-76.93352167
7926,N,Apparently Normal,No Misuse,Y,No Injury,1d9995b7-fd40-4c6c-9f22-08a556bcbda7,D,ZH0349000M,Shoulder/Lap Belt(s),M,3d37d0dd-c044-4fc0-a162-fa54646f48a0,Same Direction Rear End Right Turn,N,Intersection Related,Left Turn Lane,Daylight,No Defects,"Two-way, Divided, Positive Median Barrier",Snow,Snow,One o'clock,Passenger Car,Disabling,N,Slowing or Stopping,2015-02-26 08:42,38,38.59741833,-76.91145667
7927,Y,Apparently Normal,No Misuse,Y,No Injury,c118d97a-a777-48d3-a2e4-3622cc30db23,D,ZH0349000P,Shoulder/Lap Belt(s),M,9e5be927-cbf3-4be7-b390-3dc1f35de9f1,Head On,N,Non Intersection,Right Turn Lane,Daylight,No Defects,"Two-way, Not Divided",Dry,Clear,Six o'clock,"Medium/Heavy Truck 2 axles (10,000 lbs (4,536 kg) or less)",No Damage,N,Backing,2015-03-19 15:05,35,38.48038,-77.09956333
7928,N,Apparently Normal,No Misuse,N,No Injury,93a25eeb-ae52-4414-9cc5-f3d38ca3eeef,D,ZH0360000T,Shoulder/Lap Belt(s),M,1c3bbaf1-9f9c-4f7b-8d5d-4fd6f6e89189,Same Direction Sideswipe,N,Intersection,Right Turn Lane,Daylight,No Defects,"Two-way, Not Divided",Dry,Clear,Seven o'clock,Station Wagon,Functional,N,Stopped in Traffic Lane,2015-02-18 08:01,69,38.591135,-76.97277833
7929,N,Apparently Normal,No Misuse,Y,No Injury,9673f5b8-5c7d-412e-b38c-18ec70233c6d,D,ZH0360000T,Shoulder/Lap Belt(s),M,30829287-0d0b-4ca5-aa4f-eef97df083ea,Same Direction Sideswipe,N,Intersection,Right Turn Lane,Daylight,No Defects,"Two-way, Not Divided",Dry,Clear,Two o'clock,Van,Functional,N,Moving Constant Speed,2015-02-18 08:01,42,38.591135,-76.97277833
7930,N,Apparently Normal,No Misuse,N,No Injury,3ca04367-ca1e-4227-bd58-2c4365074f23,D,ZH0361000B,Shoulder/Lap Belt(s),M,6ef211b9-6f9b-432d-8f5a-b772862b28ea,Same Movement Angle,N,Intersection,Right Turn Lane,Daylight,No Defects,"Two-way, Not Divided",Wet,Cloudy,Eight o'clock,Passenger Car,Disabling,N,Stopped in Traffic Lane,2015-01-24 15:28,44,38.59792276,-76.90264463
7931,N,Apparently Normal,No Misuse,Y,No Injury,25e7a0c5-fb91-4e00-956b-e16263f2424d,D,ZH0361000B,Shoulder/Lap Belt(s),M,0e231b7f-3bf0-4cbc-a2a3-80135007573d,Same Movement Angle,N,Intersection,Right Turn Lane,Daylight,No Defects,"Two-way, Not Divided",Wet,Cloudy,Twelve o'clock,Passenger Car,Disabling,N,Making Right Turn,2015-01-24 15:28,19,38.59792276,-76.90264463
7932,Y,Apparently Normal,No Misuse,N,No Injury,e7e7ef97-8bb0-47b5-a2e2-f6b958a9cbd0,D,ZH03800008,Shoulder/Lap Belt(s),M,2c88d150-d3da-47f6-a650-cc6407c1719e,Same Movement Angle,N,Intersection,Left Turn Lane,Daylight,No Defects,"Two-way, Divided, Positive Median Barrier",Dry,Clear,Twelve o'clock,"Medium/Heavy Truck 2 axles (10,000 lbs (4,536 kg) or less)",Disabling,N,Moving Constant Speed,2015-03-12 10:16,65,38.63100253,-77.06487536
7933,N,Apparently Normal,No Misuse,Y,No Injury,e508763c-5601-402d-bc8b-10ce57048b84,D,ZH03800008,Shoulder/Lap Belt(s),M,b29b225e-e39a-4fcd-a5f1-9142927dd13c,Same Movement Angle,N,Intersection,Left Turn Lane,Daylight,No Defects,"Two-way, Divided, Positive Median Barrier",Dry,Clear,Eleven o'clock,Pickup Truck,Destroyed,N,Making Left Turn,2015-03-12 10:16,72,38.63100253,-77.06487536
7934,N,Apparently Normal,No Misuse,Y,No Injury,2cd174d7-994d-484c-a6cc-597362936998,D,ZH04130002,Shoulder/Lap Belt(s),M,40508374-2a79-4b90-bfa2-1a45e61aa433,Single Vehicle ,N,Non Intersection,Right Turn Lane,Daylight,No Defects,"Two-way, Not Divided",Snow,Snow,One o'clock,Passenger Car,Superficial,N,Moving Constant Speed,2015-02-17 08:25,24,38.54820667,-77.08174
7935,N,Apparently Normal,No Misuse,Y,No Injury,63ee2624-ce3a-40ea-944e-1018012642f0,D,ZH0453002G,Shoulder/Lap Belt(s),M,e082de9a-8dc8-424d-ba2e-e94bb40635bf,Single Vehicle ,N,Non Intersection,Left Turn Lane,Dark No Lights,Loose Surface Material,"Two-way, Divided, Positive Median Barrier",Snow,Snow,Six o'clock,Passenger Car,Disabling,N,Skidding,2015-01-27 05:34,27,38.55022333,-76.8068
7936,N,Apparently Normal,No Misuse,Y,No Injury,66672d83-1c48-4f19-a6ea-a570d5aa7a24,D,ZH0453002H,Shoulder/Lap Belt(s),M,ee110101-fe54-44a2-8181-8919c7a05c46,Single Vehicle ,N,Non Intersection,Right Turn Lane,Dawn,No Defects,One-way Trafficway,Snow,Snow,Two o'clock,Pickup Truck,Functional,N,Skidding,2015-01-27 07:00,30,38.53584167,-76.78038333
7937,N,Apparently Normal,No Misuse,Y,No Injury,c31fe3e7-a792-4e6f-90d8-63de6468b1b6,D,ZH0453002R,Shoulder/Lap Belt(s),M,f1b34a55-ecc9-4df6-8ea2-b602767e32a6,Single Vehicle ,N,Non Intersection,Right Turn Lane,Daylight,No Defects,"Two-way, Divided, Positive Median Barrier",Snow,Snow,Twelve o'clock,Passenger Car,Functional,N,Skidding,2015-02-26 08:36,52,38.57598667,-76.86163833
7938,N,Apparently Normal,No Misuse,N,No Injury,3192144a-7990-4727-8e55-56aaa2e48f6c,D,ZH0453002S,Shoulder/Lap Belt(s),M,184d6718-61b1-44ee-a9b7-6d1d1e6ef169,Single Vehicle ,N,Non Intersection,Right Turn Lane,Daylight,No Defects,"Two-way, Not Divided",Ice,Sleet,Twelve o'clock,Pickup Truck,Disabling,N,Skidding,2015-03-05 08:59,70,38.56747858,-76.99304581
7939,N,Apparently Normal,No Misuse,Y,No Injury,2fb1f480-66fe-4e2f-ad79-a1cfdbed9a69,D,ZH0455000H,Shoulder/Lap Belt(s),M,2e059276-a4c7-4f8e-811f-12ebbaeeb1ec,Single Vehicle ,N,Non Intersection,Left Turn Lane,Daylight,No Defects,"Two-way, Divided, Positive Median Barrier",Ice,Clear,Eight o'clock,Passenger Car,Disabling,N,Moving Constant Speed,2015-02-10 10:19,23,38.62878986,-76.91865206
7940,N,Apparently Normal,No Misuse,N,No Injury,fd2ecac5-bb04-4065-9a4f-282a5027627a,D,ZH0465000G,Shoulder/Lap Belt(s),M,b33a4830-78ec-44f0-894d-280cceed267f,Same Direction Rear End,N,Non Intersection,Right Turn Lane,Dark Lights On,No Defects,"Two-way, Divided, Positive Median Barrier",Dry,Clear,Six o'clock,Passenger Car,Functional,N,Moving Constant Speed,2015-02-19 19:17,66,38.63781667,-76.96011167
7941,N,Apparently Normal,No Misuse,Y,No Injury,b7ff8d05-64ce-48d6-abb3-570f31d35f7c,D,ZH0498000H,Shoulder/Lap Belt(s),M,88de51f0-6c07-4e84-970f-1a2ffc41b712,Single Vehicle ,N,Non Intersection,Left Turn Lane,Dark No Lights,No Defects,"Two-way, Divided, Positive Median Barrier",Ice,Sleet,Nine o'clock,Passenger Car,Functional,N,Skidding,2015-03-01 22:06,36,38.643455,-76.8893
7942,N,Apparently Normal,No Misuse,Y,No Injury,83c5eb0c-5d7f-4ea5-8967-2123f487e453,D,ZH04990009,Shoulder/Lap Belt(s),M,97655f5a-eae0-4eed-83ae-44ff22fb0881,Single Vehicle ,N,Non Intersection,Right Turn Lane,Dark No Lights,No Defects,"Two-way, Not Divided",Snow,Snow,Eleven o'clock,(Sport) Utility Vehicle,Disabling,N,Moving Constant Speed,2015-01-27 04:46,45,38.43256414,-76.92886591
7943,N,Apparently Normal,No Misuse,Y,No Injury,e677bf5b-83d5-4200-a9df-97bc9e008178,D,ZH0502000D,Shoulder/Lap Belt(s),M,2eb424a7-356a-4849-b497-69fe1967df34,Single Vehicle ,N,Intersection,Right Turn Lane,Daylight,No Defects,"Two-way, Not Divided",Dry,Clear,Six o'clock,"Other Light Trucks (10,000 lbs (4,536 kg))",No Damage,N,Backing,2015-01-27 07:30,59,38.65360667,-76.88004
7944,Y,Apparently Normal,No Misuse,Y,No Injury,c638a251-5d82-488c-93aa-00f687737b69,D,ZH0502000F,Shoulder/Lap Belt(s),M,5ef81658-6f4e-47cc-9d88-6d24028ea823,Single Vehicle ,N,Non Intersection,Left Turn Lane,Daylight,No Defects,"Two-way, Divided, Positive Median Barrier",Dry,Clear,One o'clock,(Sport) Utility Vehicle,Disabling,N,Moving Constant Speed,2015-02-06 15:07,38,38.61033333,-76.96551167
7945,N,Apparently Normal,No Misuse,Y,No Injury,ea61b973-223e-45bc-a608-414dba7ef4bb,D,ZH05090002,Shoulder/Lap Belt(s),M,ea6e400a-8187-40af-9d8e-4f6a3f2633e0,Single Vehicle ,N,Non Intersection,Right Turn Lane,Daylight,No Defects,"Two-way, Not Divided",Wet,Raining,Twelve o'clock,Passenger Car,Disabling,N,Moving Constant Speed,2015-03-03 14:04,20,38.57472597,-76.98896885
7946,N,Apparently Normal,No Misuse,N,No Injury,e5dbeaa9-eae9-45c5-b299-e65a0696813a,D,ZH05440004,Shoulder/Lap Belt(s),M,6d66d7a6-fa4a-4793-ac97-e7a2471f7211,Single Vehicle ,N,Non Intersection,Right Turn Lane,Dark No Lights,No Defects,"Two-way, Not Divided",Ice,Clear,Twelve o'clock,"Cargo Van/Light Truck 2 axles (10,000 lbs (4,536 kg) or less)",Disabling,N,Moving Constant Speed,2015-03-03 05:00,47,38.64887333,-76.90898667