KEY_INDEX,CDL_FLAG,CONDITION_CODE,EQUIP_PROB_CODE,FAULT_FLAG,INJ_SEVER_CODE,PERSON_ID,PERSON_TYPE,REPORT_NO,SAF_EQUIP_CODE,SEX_CODE,VEHICLE_ID,COLLISION_TYPE_CODE,C_M_ZONE_FLAG,JUNCTION_CODE,LANE_CODE,LIGHT_CODE,RD_COND_CODE,RD_DIV_CODE,SURF_COND_CODE,WEATHER_CODE,AREA_DAMAGED_CODE_MAIN,BODY_TYPE_CODE,DAMAGE_CODE,HIT_AND_RUN_FLAG,MOVEMENT_CODE,TIME,AGE,LATITUDE,LONGITUDE
7947,N,Apparently Normal,No Misuse,Y,No Injury,bf9cae6d-43ef-46a6-b08d-b263818f3906,D,ZH05440005,Shoulder/Lap Belt(s),M,1195e761-f741-46bb-bf5b-6757f418507f,Single Vehicle ,N,Non Intersection,Right Turn Lane,Dark No Lights,No Defects,"Two-way, Not Divided",Wet,Cloudy,Three o'clock,Passenger Car,Destroyed,N,Accelerating,2015-03-20 23:40,20,38.61835167,-76.89191667
7948,N,Apparently Normal,No Misuse,Y,No Injury,db4ff78e-5a7c-4afc-94ff-e49419552fdb,D,ZH0545000F,Shoulder/Lap Belt(s),M,807b4d42-2bdb-4b8e-9f21-74b41040349e,Single Vehicle ,N,Non Intersection,Right Turn Lane,Daylight,No Defects,"Two-way, Divided, Positive Median Barrier",Slush,Wintry Mix,Twelve o'clock,Pickup Truck,Disabling,N,Moving Constant Speed,2015-02-10 07:55,36,38.57576604,-76.87400937
7949,N,Apparently Normal,No Misuse,Y,No Injury,0c6b5626-7746-47c1-84d4-db040e4377f2,D,ZH0547000D,Shoulder/Lap Belt(s),M,a39c0253-e9c8-4597-8397-f2966b1eea4d,Same Movement Angle,N,Intersection,Right Turn Lane,Daylight,No Defects,"Two-way, Not Divided",Wet,Raining,Twelve o'clock,"Other Light Trucks (10,000 lbs (4,536 kg))",Disabling,N,Accelerating,2015-01-12 15:03,37,38.645415,-76.88723
7950,N,Apparently Normal,No Misuse,Y,No Injury,bba84ab6-62ab-4f9d-8c04-01aa6af21544,D,ZH0547000F,Shoulder/Lap Belt(s),M,b18a897f-99f4-4eb4-827b-ecfbf53e8b14,Single Vehicle ,N,Non Intersection,Right Turn Lane,Dark No Lights,No Defects,"Two-way, Not Divided",Ice,Raining,Twelve o'clock,(Sport) Utility Vehicle,Disabling,N,Moving Constant Speed,2015-01-18 06:18,35,38.54764167,-76.79606167
7951,N,Apparently Normal,No Misuse,Y,No Injury,0f368569-f549-4d00-870f-52dca96126e9,D,ZH05690009,Shoulder/Lap Belt(s),M,e2779b62-952f-44a5-baba-ca04dad85ea2,Single Vehicle ,N,Non Intersection,Right Turn Lane,Dark No Lights,No Defects,"Two-way, Not Divided",Snow,Clear,Eleven o'clock,Passenger Car,No Damage,Y,Moving Constant Speed,2015-02-20 01:24,34,38.62956667,-76.91895333
7952,N,Apparently Normal,No Misuse,Y,No Injury,ae07f864-7967-43e7-a72e-46554b2a5a6c,D,ZH05720007,Shoulder/Lap Belt(s),M,abdec5b0-379a-40b3-87a8-d873fc968fbe,Same Direction Rear End Left Turn,N,Non Intersection,Right Turn Lane,Daylight,No Defects,"Two-way, Not Divided",Snow,Wintry Mix,Twelve o'clock,Passenger Car,Disabling,N,Moving Constant Speed,2015-01-14 08:49,24,38.61083667,-76.899
7953,N,Apparently Normal,No Misuse,Y,No Injury,a0d01e18-9d33-411c-b94d-5b2a73a2127e,D,ZH0582000F,Shoulder/Lap Belt(s),M,812c0e92-df2f-4236-b576-f27c69a8baad,Single Vehicle ,N,Non Intersection,Right Turn Lane,Daylight,No Defects,"Two-way, Not Divided",Ice,Clear,Eight o'clock,"Cargo Van/Light Truck 2 axles (10,000 lbs (4,536 kg) or less)",Disabling,N,Moving Constant Speed,2015-03-06 16:33,18,38.61628366,-76.85671449
7954,N,Apparently Normal,No Misuse,N,No Injury,c39a0d33-4bfa-495b-9a90-0dd1830972a8,D,ZH05890009,Shoulder/Lap Belt(s),M,99de5178-974c-40c7-8dc6-6956d834eede,Same Direction Rear End,N,Non Intersection,Left Turn Lane,Daylight,No Defects,"Two-way, Divided, Positive Median Barrier",Dry,Clear,Six o'clock,(Sport) Utility Vehicle,Superficial,N,Moving Constant Speed,2015-01-12 10:51,66,38.55976065,-76.96000099
7955,N,Apparently Normal,No Misuse,Y,No Injury,e58cc660-02ed-4a1e-a151-4469aee0eb02,D,ZH06010001,Shoulder/Lap Belt(s),M,7d1bd153-672e-4dbe-9cdd-f64e46c6bcd5,Single Vehicle ,N,Intersection,Right Turn Lane,Dark No Lights,No Defects,"Two-way, Not Divided",Snow,Blowing Snow,Eleven o'clock,Passenger Car,Disabling,N,Accelerating,2015-02-19 19:54,25,38.33419179,-76.92056179
7956,N,Apparently Normal,No Misuse,Y,No Injury,95222a9d-cfe0-41fe-932b-7d0bb08cb1b8,D,ZI02040001,Shoulder/Lap Belt(s),M,dd5e5ecf-2b60-4893-8408-4656bdd80538,Single Vehicle ,N,Non Intersection,Right Turn Lane,Daylight,No Defects,"Two-way, Not Divided",Snow,Snow,One o'clock,Pickup Truck,Functional,N,Moving Constant Speed,2015-01-24 14:24,22,38.5361655,-76.0313344
7957,N,Apparently Normal,No Misuse,Y,No Injury,57130ff4-93b3-48af-8115-d8c4ebfa9054,D,ZJ02740013,Shoulder/Lap Belt(s),M,cab1f887-6c60-4ded-9952-d09a478190b3,Single Vehicle ,N,Non Intersection,Right Turn Lane,Daylight,No Defects,"Two-way, Not Divided",Snow,Blowing Snow,Eleven o'clock,Pickup Truck,Disabling,N,Moving Constant Speed,2015-02-19 14:33,18,39.44434917,-77.27566517
7958,Y,Apparently Normal,No Misuse,N,No Injury,a164bd26-e072-4b88-a60c-8f60678b9ce7,D,ZJ02740016,Shoulder/Lap Belt(s),M,3006871f-573e-4ba5-8b67-7d1f10124f2e,Same Direction Rear End,N,Non Intersection,Right Turn Lane,Daylight,No Defects,"Two-way, Not Divided",Dry,Clear,Six o'clock,"Medium/Heavy Truck 2 axles (10,000 lbs (4,536 kg) or less)",Superficial,N,Slowing or Stopping,2015-03-13 07:55,40,39.49071517,-77.42647017
7959,N,Apparently Normal,No Misuse,Y,Non-incapacitating Injury,07cc3f7a-a6d8-4ab7-b37b-baea4f631e2e,D,ZJ02740016,Shoulder/Lap Belt(s),M,daf79e5c-ba28-4b2a-9b5a-0e4ffdda3227,Same Direction Rear End,N,Non Intersection,Right Turn Lane,Daylight,No Defects,"Two-way, Not Divided",Dry,Clear,Twelve o'clock,Passenger Car,Disabling,N,Moving Constant Speed,2015-03-13 07:55,21,39.49071517,-77.42647017
7960,Y,Apparently Normal,No Misuse,N,No Injury,2438d910-c4cc-40cc-bea6-86d5087e304b,D,ZJ02980001,Shoulder/Lap Belt(s),M,25f2e59a-664a-4d2f-801c-1bac08840d2c,Same Movement Angle,N,Intersection,Left Turn Lane,Daylight,No Defects,"Two-way, Divided, Positive Median Barrier",Dry,Clear,Twelve o'clock,"Medium/Heavy Truck 2 axles (10,000 lbs (4,536 kg) or less)",No Damage,N,Stopped in Traffic Lane,2015-03-19 07:45,61,39.32742607,-77.34446883
7961,N,Apparently Normal,No Misuse,Y,No Injury,1e40f911-5948-444d-ba6b-0495ece709a0,D,ZJ0334000C,Shoulder/Lap Belt(s),M,10a3c8fc-39b1-4e1a-b22b-15f0a243636c,Same Movement Angle,N,Intersection,Right Turn Lane,Dark Lights On,No Defects,"Two-way, Not Divided",Dry,Clear,Twelve o'clock,Passenger Car,Disabling,N,Starting From Lane,2015-01-08 18:40,44,39.32645183,-77.34381317
7962,N,Apparently Normal,No Misuse,N,Possible Incapacitating Injury,c2953af5-bca1-4c3b-a8de-dc4dd5c0d41c,D,ZJ0334000C,Shoulder/Lap Belt(s),M,503767c8-4a75-41e4-b55b-60d33b792457,Same Movement Angle,N,Intersection,Right Turn Lane,Dark Lights On,No Defects,"Two-way, Not Divided",Dry,Clear,Nine o'clock,Passenger Car,Disabling,N,Moving Constant Speed,2015-01-08 18:40,35,39.32645183,-77.34381317
7963,N,Apparently Normal,No Misuse,N,No Injury,2cdbdde4-5902-46c5-b9e3-9d6823f12223,D,ZJ03480008,Shoulder/Lap Belt(s),M,7beb4c66-bf6c-4b64-ad94-1969ed30045f,Same Direction Rear End,N,Non Intersection,Right Turn Lane,Dark Lights On,No Defects,"Two-way, Not Divided",Dry,Clear,Six o'clock,Passenger Car,Functional,N,Slowing or Stopping,2015-01-31 18:20,37,39.40750633,-77.37476467
7964,Y,Apparently Normal,No Misuse,Y,No Injury,0d2cfacd-c153-4db2-9e4f-54db76f4711c,D,ZJ0376003M,Shoulder/Lap Belt(s),M,97114e13-7f4e-4f55-975c-460db799fc4b,Single Vehicle ,N,Intersection,Right Turn Lane,Daylight,No Defects,"Two-way, Not Divided",Dry,Clear,Non-collision,Pickup Truck,No Damage,N,Starting From Lane,2015-03-12 16:30,28,39.37882983,-77.42172733
7965,Y,Apparently Normal,No Misuse,Y,No Injury,fd6cac57-ff1b-4713-bb0a-8ff0b30ef0fa,D,ZJ0427001R,Shoulder/Lap Belt(s),M,465138f9-3ea3-4564-95ec-fc6726f16447,Single Vehicle ,N,Residential Driveway,Right Turn Lane,Daylight,No Defects,"Two-way, Not Divided",Wet,Clear,Roof Top,"Medium/Heavy Truck 2 axles (10,000 lbs (4,536 kg) or less)",Disabling,N,Slowing or Stopping,2015-01-22 09:45,66,39.69978592,-77.37006568
7966,N,Apparently Normal,No Misuse,Y,No Injury,9de965b6-88a7-4c03-af5c-6966a6a537f7,D,ZJ0427001T,Shoulder/Lap Belt(s),M,a40a1459-239b-49b8-a366-9182b028aaad,Single Vehicle ,N,Non Intersection,Right Turn Lane,Daylight,No Defects,"Two-way, Not Divided",Wet,Clear,Twelve o'clock,Passenger Car,Disabling,N,Moving Constant Speed,2015-01-23 09:10,20,39.38355797,-77.26330443
7967,N,Apparently Normal,No Misuse,N,No Injury,e1ec2f8f-a6d9-42d8-8fdd-2dd0f26840e7,D,ZJ04270026,Shoulder/Lap Belt(s),M,bfb52732-66ea-4fa1-91d5-0c1eb8eaac06,Opposite Direction Sideswipe,N,Intersection,Right Turn Lane,Daylight,No Defects,"Two-way, Not Divided",Dry,Clear,Ten o'clock,Passenger Car,Functional,N,Slowing or Stopping,2015-02-24 17:00,66,39.48927091,-77.53360748
7968,N,Apparently Normal,No Misuse,Y,No Injury,30e8478b-3d55-4840-aa01-82f06fd9a882,D,ZJ0448003P,Shoulder/Lap Belt(s),M,0e89a4b4-f0dd-4150-b9b7-bcf73992a5ab,Same Direction Rear End,N,Intersection Related,Deceleration Lane,Dusk,No Defects,"Two-way, Not Divided",Dry,Clear,Twelve o'clock,Passenger Car,Disabling,N,Slowing or Stopping,2015-02-03 17:30,23,39.436326,-77.410305
7969,N,Apparently Normal,No Misuse,N,No Injury,c58e3cc3-5665-44ad-8b84-a7bc760ecc7b,D,ZJ04520005,Shoulder/Lap Belt(s),M,5a6a4501-4714-4305-a390-49b3c23109be,Same Direction Rear End,N,Non Intersection,Left Turn Lane,Dusk,No Defects,"Two-way, Not Divided",Dry,Clear,Six o'clock,Passenger Car,Functional,N,Stopped in Traffic Lane,2015-02-09 17:45,49,39.3942995,-77.40639167
7970,N,Apparently Normal,No Misuse,Y,No Injury,9946237a-bc61-4249-953d-c51797617025,D,ZJ04550009,Shoulder/Lap Belt(s),M,655a8f07-4717-4341-a497-5403aa133fde,Single Vehicle ,N,Non Intersection,Right Turn Lane,Dark No Lights,No Defects,"Two-way, Not Divided",Wet,Foggy,Eight o'clock,Passenger Car,Destroyed,N,Moving Constant Speed,2015-01-22 02:47,28,39.39507283,-77.38306017
7971,N,Apparently Normal,No Misuse,N,No Injury,c284d34f-1736-4572-96a3-a0eaa3398cad,D,ZJ0459000C,Shoulder/Lap Belt(s),M,88867a92-fe59-4673-bd03-a51a18c23855,Same Direction Rear End,N,Non Intersection,Right Turn Lane,Dark No Lights,No Defects,"Two-way, Not Divided",Ice,Cloudy,Twelve o'clock,(Sport) Utility Vehicle,Superficial,N,Stopped in Traffic Lane,2015-03-02 21:29,55,39.43442633,-77.372799
7972,N,Apparently Normal,No Misuse,N,No Injury,a210c70d-4278-4c92-a259-48c6296c1dac,D,ZJ0459000C,Shoulder/Lap Belt(s),M,364dc3ac-6d92-46fd-9306-9d48f9c4c9ff,Same Direction Rear End,N,Non Intersection,Right Turn Lane,Dark No Lights,No Defects,"Two-way, Not Divided",Ice,Cloudy,Six o'clock,Van,Superficial,N,Stopped in Traffic Lane,2015-03-02 21:29,31,39.43442633,-77.372799
7973,N,Apparently Normal,No Misuse,Y,No Injury,fb0d3d0b-7a6e-4db7-8f58-fe0e305d5a91,D,ZJ0459000C,Shoulder/Lap Belt(s),M,c816075b-231f-48c6-bcdf-52f54b2b9f9f,Same Direction Rear End,N,Non Intersection,Right Turn Lane,Dark No Lights,No Defects,"Two-way, Not Divided",Ice,Cloudy,Twelve o'clock,Pickup Truck,Superficial,N,Slowing or Stopping,2015-03-02 21:29,33,39.43442633,-77.372799
7974,N,Apparently Normal,No Misuse,Y,No Injury,760635df-8363-46d8-8ab7-9ebd17370614,D,ZJ0459000F,Shoulder/Lap Belt(s),M,9c4740ed-2749-4888-aaee-5e5fe74702c3,Single Vehicle ,N,Non Intersection,Right Turn Lane,Dark No Lights,No Defects,"Two-way, Not Divided",Dry,Clear,Twelve o'clock,Pickup Truck,Disabling,Y,Leaving Traffic Lane,2015-03-08 00:40,40,39.4226475,-77.14732933
7975,N,Apparently Normal,No Misuse,Y,No Injury,6f047d41-0e74-4be4-a54c-a8cb366ec254,D,ZJ0473000K,Shoulder/Lap Belt(s),M,32e00180-7e7a-45cb-a5a5-803563f101c2,Single Vehicle ,N,Non Intersection,Right Turn Lane,Dark No Lights,No Defects,"Two-way, Not Divided",Ice,Wintry Mix,Twelve o'clock,Passenger Car,Disabling,Y,Slowing or Stopping,2015-01-12 05:28,20,39.40702433,-77.2007675
7976,N,Apparently Normal,No Misuse,Y,No Injury,b27d02dd-3d9f-4368-adf4-21c132809590,D,ZJ0477000F,Shoulder/Lap Belt(s),M,9789e521-fa38-4c16-ba65-38ddcf1aa2b3,Single Vehicle ,N,Non Intersection,Left Turn Lane,Dark No Lights,No Defects,"Two-way, Not Divided",Ice,Wintry Mix,Roof Top,(Sport) Utility Vehicle,Disabling,N,Moving Constant Speed,2015-01-11 23:00,21,39.43450259,-77.3448658
7977,N,Apparently Normal,No Misuse,Y,No Injury,edbc9a79-10a4-4c70-84bc-dd068630dc00,D,ZJ04810009,Shoulder/Lap Belt(s),M,3b574c01-5bc2-4319-a89a-d71a524b3a41,Single Vehicle ,N,Non Intersection,Right Turn Lane,Daylight,No Defects,"Two-way, Not Divided",Dry,Clear,Twelve o'clock,Passenger Car,Disabling,N,Slowing or Stopping,2015-03-27 15:33,19,39.30179967,-77.48776933
7978,N,Apparently Normal,No Misuse,Y,No Injury,a21faa22-55c1-4af5-bef5-d72110855c06,D,ZK01340009,Shoulder/Lap Belt(s),M,9a2a6731-37cc-4b33-834b-8d6840369fd0,Single Vehicle ,N,Non Intersection,Right Turn Lane,Daylight,Loose Surface Material,"Two-way, Not Divided","Mud, Dirt, Gravel",Foggy,Roof Top,Pickup Truck,Disabling,N,Making Left Turn,2015-02-09 10:25,19,39.39570301,-79.29762661
7979,N,Apparently Normal,No Misuse,Y,No Injury,3c09c01c-caf4-4ae0-b2f8-16a1f1e24a82,D,ZK01870003,Shoulder/Lap Belt(s),M,923d32c5-51bf-4752-b5fd-0b5a762e439d,Single Vehicle ,N,Non Intersection,Right Turn Lane,Daylight,No Defects,"Two-way, Not Divided",Ice,Clear,Two o'clock,"Cargo Van/Light Truck 2 axles (10,000 lbs (4,536 kg) or less)",Disabling,N,Moving Constant Speed,2015-02-13 14:38,32,39.38632522,-79.34364796
7980,N,Apparently Normal,No Misuse,Y,No Injury,86547365-eb8e-4c60-8cd5-db09eb2c4daa,D,ZK01870004,Shoulder/Lap Belt(s),M,1f1914e4-8faa-421a-b358-a0fb60865d71,Single Vehicle ,N,Intersection,Right Turn Lane,Daylight,No Defects,"Two-way, Not Divided",Ice,Clear,Twelve o'clock,Pickup Truck,Disabling,N,Making Right Turn,2015-02-23 09:53,69,39.53110499,-79.24120903
7981,N,Apparently Normal,No Misuse,Y,No Injury,30de2688-5425-48af-b8b9-6b8b132c4858,D,ZK01890003,Shoulder/Lap Belt(s),M,e10c19c3-2228-4bae-8dad-20ddc9cd5c06,Single Vehicle ,N,Non Intersection,Left Turn Lane,Dark No Lights,No Defects,"Two-way, Not Divided",Ice,Wintry Mix,Roof Top,Pickup Truck,Disabling,N,Moving Constant Speed,2015-01-12 04:58,23,39.31538297,-79.34733868
7982,N,Apparently Normal,No Misuse,N,No Injury,203c93f2-f2d1-43b5-bfdd-8e7fbd4e2b40,D,ZK01900004,Shoulder/Lap Belt(s),M,40722eec-48cd-455d-9aad-c3156930e124,Same Direction Rear End Left Turn,N,Intersection,Right Turn Lane,Daylight,No Defects,"Two-way, Not Divided",Ice,Blowing Snow,Five o'clock,Pickup Truck,Superficial,N,Slowing or Stopping,2015-01-08 07:50,60,39.49312924,-79.34214592
7983,N,Apparently Normal,No Misuse,Y,No Injury,b0565c00-59d6-4e6c-9e6d-356bc548cfa2,D,ZK01900004,Shoulder/Lap Belt(s),M,88dcec39-9805-4c93-83d0-00c0ebbb483e,Same Direction Rear End Left Turn,N,Intersection,Right Turn Lane,Daylight,No Defects,"Two-way, Not Divided",Ice,Blowing Snow,Twelve o'clock,(Sport) Utility Vehicle,Disabling,N,Moving Constant Speed,2015-01-08 07:50,23,39.49312924,-79.34214592
7984,N,Apparently Normal,No Misuse,N,No Injury,9f02d4fc-a43c-4fa7-a34b-d798634d85c5,D,ZK01920001,Shoulder/Lap Belt(s),M,54649b89-4c92-49c0-96e3-af6f43d76472,Single Vehicle ,N,Non Intersection,Right Turn Lane,Dark - Unknown Lighting,No Defects,"Two-way, Not Divided",Dry,Cloudy,Two o'clock,Passenger Car,Superficial,N,Moving Constant Speed,2015-03-23 20:59,58,39.43098077,-79.35958028
7985,N,Apparently Normal,No Misuse,Y,No Injury,fecb4e76-5d6d-45d0-a16b-2d22a23b63c2,D,ZK02040003,Shoulder/Lap Belt(s),M,5b45c039-3fde-4c70-a77f-4ba3dec6cbae,Single Vehicle ,N,Non Intersection,Right Turn Lane,Dark Lights On,No Defects,"Two-way, Not Divided",Snow,Blowing Snow,Twelve o'clock,Station Wagon,Functional,N,Moving Constant Speed,2015-01-18 20:37,33,39.39782134,-79.3694669
7986,N,Apparently Normal,No Misuse,Y,No Injury,f6d16288-2f36-46be-8531-3aa44e283ee8,D,ZK02040007,Shoulder/Lap Belt(s),M,dd578c0a-507d-4046-a538-ceb3f0e5a3a6,Single Vehicle ,N,Non Intersection,Right Turn Lane,Daylight,Foreign Material,"Two-way, Not Divided",Slush,Wintry Mix,Twelve o'clock,Pickup Truck,Functional,N,Moving Constant Speed,2015-02-01 15:13,32,39.49622776,-79.35083896
7987,N,Apparently Normal,No Misuse,Y,No Injury,d93f33a0-00fe-4447-87ff-ee4169dd4308,D,ZK02040008,Shoulder/Lap Belt(s),M,0c972317-0c52-4fae-855d-70987cc2849e,Single Vehicle ,N,Non Intersection,Right Turn Lane,Daylight,No Defects,"Two-way, Not Divided",Snow,Blowing Snow,Twelve o'clock,Van,Disabling,N,Moving Constant Speed,2015-02-14 11:55,28,39.30596117,-79.45085049
7988,Y,Apparently Normal,No Misuse,N,No Injury,49265b7f-fdba-47e7-815d-49657f49f869,D,ZK0204000C,Shoulder/Lap Belt(s),M,27ee9ecd-f40c-42c5-8e21-d63ef95b8120,Same Movement Angle,N,Intersection,Right Turn Lane,Daylight,No Defects,"Two-way, Not Divided",Snow,Blowing Snow,Three o'clock,"Medium/Heavy Truck 2 axles (10,000 lbs (4,536 kg) or less)",Functional,N,Moving Constant Speed,2015-03-05 10:52,45,39.30900991,-79.45422471
7989,Y,Apparently Normal,No Misuse,Y,No Injury,c4ff785c-49ec-4659-ba33-0ef90226bd0f,D,ZK0204000C,Shoulder/Lap Belt(s),M,82043cb0-abb1-494a-b617-134dbdc62621,Same Movement Angle,N,Intersection,Right Turn Lane,Daylight,No Defects,"Two-way, Not Divided",Snow,Blowing Snow,Twelve o'clock,"Medium/Heavy Truck 2 axles (10,000 lbs (4,536 kg) or less)",Functional,N,Slowing or Stopping,2015-03-05 10:52,34,39.30900991,-79.45422471
7990,N,Apparently Normal,No Misuse,Y,No Injury,e076a3e1-ade4-4fbf-b3cb-8ed3a81f3197,D,ZK02060006,Shoulder/Lap Belt(s),M,83fafe0f-6f16-4da6-af4c-1b30cb9e60bb,Single Vehicle ,N,Non Intersection,Right Turn Lane,Dark No Lights,No Defects,"Two-way, Not Divided",Dry,Clear,Twelve o'clock,Pickup Truck,Disabling,N,Moving Constant Speed,2015-01-11 06:04,26,39.50774715,-79.23026025
7991,N,Apparently Normal,No Misuse,Y,No Injury,2054eb88-5cc9-41ae-9434-1a0b80ea4c46,D,ZK02090009,Shoulder/Lap Belt(s),M,b26bc935-4279-4b1e-8fb8-36ce0d575610,Single Vehicle ,N,Non Intersection,Right Turn Lane,Dark No Lights,Loose Surface Material,"Two-way, Not Divided",Ice,Snow,Twelve o'clock,Passenger Car,Destroyed,N,Slowing or Stopping,2015-02-16 20:17,26,39.50913986,-79.30073261
7992,Y,Apparently Normal,No Misuse,Y,No Injury,4c7db86c-89a8-4857-aa9b-41df918bf739,D,ZL03350003,Shoulder/Lap Belt(s),M,9e9dc703-ec4a-4c28-a71a-c64139a8df9f,Single Vehicle ,N,Intersection,Right Turn Lane,Daylight,No Defects,"Two-way, Not Divided",Ice,Raining,Twelve o'clock,"Cargo Van/Light Truck 2 axles (10,000 lbs (4,536 kg) or less)",Disabling,N,Skidding,2015-01-12 11:29,57,39.49788305,-76.35359417
7993,N,Apparently Normal,No Misuse,N,No Injury,d1bac2b0-f2b6-450c-8dd5-d735504e33ee,D,ZL05030006,Shoulder/Lap Belt(s),M,b9ee961f-5382-4042-995c-060cf5ce7118,Same Direction Rear End,N,Intersection,Right Turn Lane,Daylight,Loose Surface Material,"Two-way, Not Divided",Snow,Blowing Snow,Twelve o'clock,Pickup Truck,Superficial,N,Slowing or Stopping,2015-01-07 08:45,54,39.61467547,-76.47577463
7994,N,Apparently Normal,No Misuse,Y,No Injury,03530e45-b48e-48d4-8b10-3eb72e6ac914,D,ZL0524000K,Shoulder/Lap Belt(s),M,b42b6b66-0dc5-42b3-88d2-160c68aa2dc2,Single Vehicle ,N,Non Intersection,Right Turn Lane,Dark Lights On,No Defects,"Two-way, Not Divided",Ice,Clear,Twelve o'clock,Passenger Car,Disabling,N,Making Right Turn,2015-02-26 22:37,49,39.49822145,-76.35426667
7995,N,Apparently Normal,No Misuse,N,No Injury,1abb8fe8-e133-496c-8a4d-663a0198c258,D,ZL0524000M,Shoulder/Lap Belt(s),M,85f91762-7da9-43f4-a928-ac6f0eaaf698,Head On,N,Non Intersection,Right Turn Lane,Dark Lights On,No Defects,"Two-way, Not Divided",Ice,Clear,Twelve o'clock,Station Wagon,Disabling,N,Moving Constant Speed,2015-03-02 20:55,73,39.49941393,-76.37321353
7996,N,Apparently Normal,No Misuse,Y,No Injury,9430c057-db62-44aa-95fb-08a23e75ef88,D,ZL0524000M,Shoulder/Lap Belt(s),M,986b9d11-f9ab-44ba-aa33-fba5f225369d,Head On,N,Non Intersection,Right Turn Lane,Dark Lights On,No Defects,"Two-way, Not Divided",Ice,Clear,Twelve o'clock,Pickup Truck,Disabling,N,Moving Constant Speed,2015-03-02 20:55,19,39.49941393,-76.37321353
7997,Y,Apparently Normal,No Misuse,Y,No Injury,920c0686-8572-4111-a7d6-22f610b5abf9,D,ZL06170001,Shoulder/Lap Belt(s),M,b08cd0f3-9990-409d-a2f4-0553bf859049,Angle Meets Left Turn,N,Non Intersection,Right Turn Lane,Dark - Unknown Lighting,No Defects,"Two-way, Not Divided",Ice,Cloudy,Twelve o'clock,"Medium/Heavy Truck 2 axles (10,000 lbs (4,536 kg) or less)",No Damage,N,Slowing or Stopping,2015-03-02 04:23,49,39.54482347,-76.30195856
7998,N,Apparently Normal,No Misuse,Y,No Injury,62147500-f34f-41ad-ad4f-dca4e8f08068,D,ZL06930008,Shoulder/Lap Belt(s),M,da4baafa-8e04-4840-bf92-2b5298067bbd,Single Vehicle ,N,Non Intersection,Right Turn Lane,Daylight,No Defects,"Two-way, Not Divided",Snow,Blowing Snow,Twelve o'clock,Passenger Car,Disabling,N,Moving Constant Speed,2015-02-15 10:40,26,39.57843967,-76.30890793
7999,N,Apparently Normal,No Misuse,Y,No Injury,21814db1-3713-4ad0-8b8c-26462cba45f6,D,ZL07310009,Shoulder/Lap Belt(s),M,9871884d-87bc-4932-8712-510a263d32a2,Single Vehicle ,N,Non Intersection,Right Turn Lane,Daylight,Foreign Material,"Two-way, Not Divided",Ice,Raining,Ten o'clock,Passenger Car,Disabling,N,Moving Constant Speed,2015-01-18 08:00,67,39.55542227,-76.46598115
8000,N,Apparently Normal,No Misuse,Y,No Injury,bde75825-069b-4775-8473-32030546afe0,D,ZL0733000F,Shoulder/Lap Belt(s),M,598f231b-18f3-4e7e-80f1-8f2886085df6,Single Vehicle ,N,Intersection,Right Turn Lane,Daylight,No Defects,"Two-way, Not Divided",Dry,Clear,Twelve o'clock,Passenger Car,Functional,N,Slowing or Stopping,2015-03-21 09:54,26,39.49074053,-76.31097917
8001,N,Apparently Normal,No Misuse,N,No Injury,dd97b594-b0ca-45a7-abfb-6a2bc966041a,D,ZL07600003,Shoulder/Lap Belt(s),M,8d0beadb-8ecb-4f7c-a332-427a7b16bb41,Head On Left Turn,N,Intersection,Right Turn Lane,Daylight,No Defects,"Two-way, Divided, Unprotected (painted >4 feet) Median",Dry,Clear,Twelve o'clock,Passenger Car,Functional,N,Moving Constant Speed,2015-03-16 17:20,35,39.45186049,-76.30805254
8002,N,Apparently Normal,No Misuse,Y,No Injury,727e20b0-9a9f-4465-a0a9-d65bb40b5c6e,D,ZL08370007,Shoulder/Lap Belt(s),M,35a92ba9-dd58-4f39-8e7a-2ddef8d0e5fa,Single Vehicle ,N,Non Intersection,Right Turn Lane,Daylight,No Defects,"Two-way, Not Divided",Dry,Clear,Twelve o'clock,Passenger Car,Superficial,N,Accelerating,2015-02-07 09:36,20,39.46945818,-76.31946692
8003,N,Apparently Normal,No Misuse,Y,No Injury,146782de-faa0-43f7-9255-0a2705f13c6c,D,ZL08370009,Shoulder/Lap Belt(s),M,4a47b755-c295-4303-b33a-4f20c28b34d4,Single Vehicle ,N,Non Intersection,Right Turn Lane,Daylight,No Defects,"Two-way, Not Divided",Dry,Clear,One o'clock,Passenger Car,Disabling,N,Moving Constant Speed,2015-02-07 12:28,21,39.47321227,-76.38063233
8004,N,Apparently Normal,No Misuse,Y,No Injury,fa3b4818-b4ea-46af-b3a1-ed98edc3e836,D,ZL08710006,Shoulder/Lap Belt(s),M,dc94baa9-e61b-4d43-a05f-e44bb91b2e75,Head On,N,Non Intersection,Right Turn Lane,Daylight,Loose Surface Material,"Two-way, Not Divided",Ice,Cloudy,Twelve o'clock,Passenger Car,Disabling,N,Moving Constant Speed,2015-01-15 11:59,40,39.45126097,-76.36758312
8005,N,Apparently Normal,No Misuse,N,No Injury,c55f31ff-ba6f-4014-8919-8558c96a1c7c,D,ZL08710007,Shoulder/Lap Belt(s),M,ad68d9bf-ea74-4984-9c99-87431ae9df48,Head On,N,Non Intersection,Right Turn Lane,Daylight,No Defects,"Two-way, Not Divided",Ice,Sleet,Twelve o'clock,Passenger Car,Disabling,N,Moving Constant Speed,2015-01-18 08:00,30,39.44665623,-76.30484868
8006,N,Apparently Normal,No Misuse,Y,No Injury,41b904e8-febe-4130-9e4b-a2d571f599ec,D,ZL08880004,Shoulder/Lap Belt(s),M,7316dbdf-fdcb-4e76-afe4-56806ba967aa,Single Vehicle ,N,Non Intersection,Right Turn Lane,Dark No Lights,No Defects,"Two-way, Not Divided",Dry,Clear,Eleven o'clock,(Sport) Utility Vehicle,Destroyed,N,Moving Constant Speed,2015-03-25 21:50,18,39.72105182,-76.54807806