KEY_INDEX,CDL_FLAG,CONDITION_CODE,EQUIP_PROB_CODE,FAULT_FLAG,INJ_SEVER_CODE,PERSON_ID,PERSON_TYPE,REPORT_NO,SAF_EQUIP_CODE,SEX_CODE,VEHICLE_ID,COLLISION_TYPE_CODE,C_M_ZONE_FLAG,JUNCTION_CODE,LANE_CODE,LIGHT_CODE,RD_COND_CODE,RD_DIV_CODE,SURF_COND_CODE,WEATHER_CODE,AREA_DAMAGED_CODE_MAIN,BODY_TYPE_CODE,DAMAGE_CODE,HIT_AND_RUN_FLAG,MOVEMENT_CODE,TIME,AGE,LATITUDE,LONGITUDE
8125,N,Apparently Normal,No Misuse,Y,Non-incapacitating Injury,e0384b44-c254-413b-8d5c-6bed975cc528,D,DA36530008,Shoulder/Lap Belt(s),M,4a868631-8181-4dfe-9a61-060cb6bf48a5,Single Vehicle ,N,Non Intersection,Right Turn Lane,Dawn,No Defects,"Two-way, Not Divided",Wet,Snow,One o'clock,Passenger Car,Destroyed,N,Moving Constant Speed,2015-01-27 07:04,34,39.00837158,-76.96600914
8126,N,Apparently Normal,No Misuse,N,Non-incapacitating Injury,18ae3f4a-f90e-44a6-ba49-1eff8ac90100,D,DA38670008,Shoulder/Lap Belt(s),M,c4c7c397-9a36-4087-96da-a7b43451a6ec,Same Movement Angle,N,Intersection,Right Turn Lane,Daylight,No Defects,"Two-way, Divided, Unprotected (painted >4 feet) Median",Dry,Foggy,One o'clock,Passenger Car,Functional,N,Moving Constant Speed,2015-02-09 08:11,53,38.97955343,-76.87074512
8127,N,Apparently Normal,No Misuse,N,Non-incapacitating Injury,5e3a8b66-f461-421b-a161-98a6023aaa53,D,DD5601000L,Shoulder/Lap Belt(s),M,3d372bd5-44a3-4561-921d-a71d03f14bf5,Same Movement Angle,N,Intersection,Right Turn Lane,Daylight,No Defects,"Two-way, Divided, Positive Median Barrier",Ice,Clear,Nine o'clock,Passenger Car,Functional,N,Accelerating,2015-02-15 10:38,50,39.07483667,-77.11605833
8128,N,Had Been Drinking,No Misuse,Y,No Injury,b726eea8-e6bc-44bf-bd03-33cbc8fdc71a,D,DV01050005,Shoulder/Lap Belt(s),M,f480d9d9-4d3d-4255-8870-1a78091d4710,Single Vehicle ,N,Non Intersection,Right Turn Lane,Dark Lights On,No Defects,"Two-way, Not Divided",Dry,Clear,One o'clock,Passenger Car,No Damage,Y,Moving Constant Speed,2015-01-22 17:53,25,39.56477578,-77.03007102
8129,N,Apparently Normal,No Misuse,N,Non-incapacitating Injury,dbeda7e0-1fa9-4ada-9fc4-cc1ae792e8db,D,EJ7849000S,Shoulder/Lap Belt(s),M,1b410512-512e-4ddc-9926-3c9fc475cbb4,Same Direction Rear End,N,Intersection Related,Left Turn Lane,Daylight,No Defects,"Two-way, Divided, Positive Median Barrier",Dry,Clear,Six o'clock,Passenger Car,Functional,N,Stopped in Traffic Lane,2015-03-27 16:48,35,39.14962167,-77.21528167
8130,N,Apparently Normal,No Misuse,N,Non-incapacitating Injury,3464f819-966b-428f-9c97-a93ef0ac7f12,D,MCP1221000W,Shoulder/Lap Belt(s),M,54693b56-0bf3-4f95-8750-15e87294ff45,Head On Left Turn,N,Intersection,Left Turn Lane,Daylight,No Defects,"Two-way, Not Divided",Wet,Cloudy,Twelve o'clock,Passenger Car,Functional,N,Moving Constant Speed,2015-02-10 07:54,28,39.14517167,-77.21985333
8131,N,Apparently Normal,No Misuse,Y,Possible Incapacitating Injury,1682559f-2664-4402-abca-ec7c79f4af17,D,MCP1221000W,Shoulder/Lap Belt(s),M,189d612b-25de-420a-8cdd-46cc26306329,Head On Left Turn,N,Intersection,Left Turn Lane,Daylight,No Defects,"Two-way, Not Divided",Wet,Cloudy,Four o'clock,Passenger Car,Disabling,N,Making Left Turn,2015-02-10 07:54,38,39.14517167,-77.21985333
8132,N,Apparently Normal,No Misuse,Y,Incapacitating/Disabled Injury,46eb67e8-4ae8-45c6-b67b-2fd8a66999a0,D,MCP13780053,Shoulder/Lap Belt(s),M,4f5ca5d1-defb-462c-8b7b-2b42c716db17,Same Movement Angle,N,Intersection,Left Turn Lane,Daylight,No Defects,"Two-way, Divided, Unprotected (painted >4 feet) Median",Wet,Raining,Twelve o'clock,Passenger Car,Functional,N,Accelerating,2015-03-10 16:14,19,39.117955,-77.25303333
8133,N,Apparently Normal,No Misuse,Y,Non-incapacitating Injury,5a54f559-d1fa-46c1-800f-3f891cc8ed0a,D,MCP14650015,Shoulder/Lap Belt(s),M,b96fe2ff-3f8a-46e9-a8f3-94df8c3604c2,Single Vehicle ,N,Non Intersection,Right Turn Lane,Dawn,"Holes, Ruts, Etc.","Two-way, Not Divided",Ice,Cloudy,One o'clock,Passenger Car,Disabling,N,Moving Constant Speed,2015-02-04 06:45,22,39.16213,-77.450165
8134,N,Apparently Normal,No Misuse,Y,Non-incapacitating Injury,f4f6faae-7b58-43df-bacf-63971f98937c,D,MCP2015000F,Shoulder/Lap Belt(s),M,2e45fc3a-b627-4553-89ac-a0fe292157f6,Single Vehicle ,N,Non Intersection,Right Turn Lane,Dark Lights On,No Defects,"Two-way, Divided, Positive Median Barrier",Snow,Snow,Twelve o'clock,Passenger Car,Functional,N,Moving Constant Speed,2015-02-16 19:13,36,39.18663667,-77.26415833
8135,N,Apparently Normal,No Misuse,N,Non-incapacitating Injury,ccd3d4d7-5169-4249-92e9-7686864a13b0,D,MCP2110000D,Shoulder/Lap Belt(s),M,1570bf4b-fabd-4182-9cc1-b9e91bdf31b8,Same Movement Angle,N,Intersection Related,Acceleration Lane,Daylight,No Defects,"Two-way, Divided, Positive Median Barrier",Dry,Clear,Three o'clock,Passenger Car,Destroyed,N,Moving Constant Speed,2015-02-15 15:37,25,39.04100167,-77.14343333
8136,N,Apparently Normal,No Misuse,Y,Non-incapacitating Injury,582af4af-58cf-4666-ada8-f1055140604e,D,MCP2110000D,Shoulder/Lap Belt(s),M,39a785bd-05bc-42c3-b355-a88ee3ad91c9,Same Movement Angle,N,Intersection Related,Acceleration Lane,Daylight,No Defects,"Two-way, Divided, Positive Median Barrier",Dry,Clear,Twelve o'clock,Passenger Car,Destroyed,N,Moving Constant Speed,2015-02-15 15:37,44,39.04100167,-77.14343333
8137,N,Apparently Normal,No Misuse,N,Non-incapacitating Injury,033fa556-bc56-46e0-80de-f310d04331e5,D,MCP2201000B,Shoulder/Lap Belt(s),M,b46e5d89-0685-42f2-888a-c7690f1bf094,Same Direction Rear End,N,Intersection,Left Turn Lane,Dark Lights On,No Defects,"Two-way, Divided, Positive Median Barrier",Dry,Clear,Six o'clock,Passenger Car,Superficial,N,Slowing or Stopping,2015-02-09 18:45,44,39.0134819,-77.00358152
8138,N,Apparently Normal,No Misuse,Y,Non-incapacitating Injury,fd88fd32-b101-475c-8b08-f87a05cac41c,D,MCP2201000B,Shoulder/Lap Belt(s),M,3a508c44-13bd-40a2-a5bd-d09d9091e719,Same Direction Rear End,N,Intersection,Left Turn Lane,Dark Lights On,No Defects,"Two-way, Divided, Positive Median Barrier",Dry,Clear,Twelve o'clock,Passenger Car,Disabling,N,Moving Constant Speed,2015-02-09 18:45,21,39.0134819,-77.00358152
8139,N,Apparently Normal,No Misuse,N,Non-incapacitating Injury,120ad879-1fc4-46e8-9737-2ed4daea747b,D,MCP2518000J,Shoulder/Lap Belt(s),M,426892f1-5585-47ad-a4f4-055b30d9d244,Head On,N,Non Intersection,Right Turn Lane,Daylight,No Defects,"Two-way, Not Divided",Ice,Clear,Eight o'clock,Pickup Truck,Disabling,N,Moving Constant Speed,2015-03-09 07:51,40,39.21933667,-77.09875833
8140,N,Apparently Normal,Belts/Anchors Broken,Y,Non-incapacitating Injury,20e8cdbb-9588-424f-a301-0ab5d6a75d8d,D,MCP2518000J,Shoulder/Lap Belt(s),M,9a6b4e15-26d8-4f31-b565-7e5841818545,Head On,N,Non Intersection,Right Turn Lane,Daylight,No Defects,"Two-way, Not Divided",Ice,Clear,Twelve o'clock,Pickup Truck,Destroyed,N,Skidding,2015-03-09 07:51,21,39.21933667,-77.09875833
8141,N,Apparently Normal,No Misuse,Y,Non-incapacitating Injury,9c2fb34a-bb07-459c-8e28-225ecabdd263,D,MCP26940014,Shoulder/Lap Belt(s),M,a34c6914-b316-46da-aac5-515551e983f3,Same Direction Rear End,N,Non Intersection,Right Turn Lane,Dusk,No Defects,"Two-way, Not Divided",Dry,Clear,Twelve o'clock,Passenger Car,Destroyed,N,Moving Constant Speed,2015-02-07 17:54,76,39.038885,-77.08985833
8142,N,Apparently Normal,No Misuse,Y,Non-incapacitating Injury,d5149d30-e36c-46a5-baef-f23c7981dd9a,D,MCP27070008,Shoulder/Lap Belt(s),M,6d0061ec-8870-447e-b5a1-aa77d7b163e2,Single Vehicle ,N,Non Intersection,Right Turn Lane,Daylight,No Defects,"Two-way, Divided, Positive Median Barrier",Wet,Raining,Twelve o'clock,Passenger Car,Destroyed,N,Moving Constant Speed,2015-03-14 16:13,60,39.16248565,-77.20204353
8143,N,Apparently Normal,No Misuse,N,Non-incapacitating Injury,e034ef2a-6a9e-416b-a686-afce223cec29,D,MCP2737000Y,Shoulder/Lap Belt(s),M,2b27a810-5352-4913-96d0-9f7d3e24be88,Angle Meets Left Turn,N,Intersection,Right Turn Lane,Dark Lights On,No Defects,"Two-way, Divided, Positive Median Barrier",Dry,Clear,Five o'clock,Passenger Car,Disabling,N,Making Left Turn,2015-03-19 21:44,48,39.126112,-77.072407
8144,N,Apparently Normal,No Misuse,N,Non-incapacitating Injury,cde889ef-f94d-4962-8311-a869d5682d5e,D,MSP4711000W,Shoulder/Lap Belt(s),M,067e4378-d9cd-43cd-a244-ff2b31d24244,Head On,N,Non Intersection,Right Turn Lane,Daylight,No Defects,"Two-way, Divided, Unprotected (painted >4 feet) Median",Ice,Wintry Mix,Twelve o'clock,Pickup Truck,Disabling,N,Moving Constant Speed,2015-01-18 13:00,39,39.67220517,-76.3175375
8145,N,Apparently Normal,No Misuse,Y,Possible Incapacitating Injury,ee5d0123-1ad8-4341-9354-afe2fcd2f0b8,D,MSP4711000W,Shoulder/Lap Belt(s),M,568a69c4-eb16-45fd-b956-14a2e0c5749c,Head On,N,Non Intersection,Right Turn Lane,Daylight,No Defects,"Two-way, Divided, Unprotected (painted >4 feet) Median",Ice,Wintry Mix,Twelve o'clock,Passenger Car,Disabling,N,Skidding,2015-01-18 13:00,37,39.67220517,-76.3175375
8146,N,Apparently Normal,No Misuse,Y,Non-incapacitating Injury,391197c1-e26b-4339-a43f-54540d1f5a90,D,MSP5660002T,Shoulder/Lap Belt(s),M,e9443e61-9331-4346-a794-8a3e05ec0652,Single Vehicle ,N,Non Intersection,Right Turn Lane,Daylight,No Defects,"Two-way, Divided, Positive Median Barrier",Dry,Cloudy,Twelve o'clock,Passenger Car,Disabling,N,Moving Constant Speed,2015-02-01 11:49,20,38.94702717,-76.83434167
8147,N,Apparently Normal,No Misuse,Y,Non-incapacitating Injury,5ae93a7b-bf91-4738-a640-6c4690848ba7,D,MSP5847002X,Shoulder/Lap Belt(s),M,55465286-98b5-4881-bc35-5049f084df8e,Single Vehicle ,N,Non Intersection,Left Turn Lane,Daylight,No Defects,"Two-way, Divided, Positive Median Barrier",Ice,Wintry Mix,Twelve o'clock,Pickup Truck,Disabling,N,Moving Constant Speed,2015-01-14 07:49,62,39.37071183,-77.20671333
8148,N,Apparently Normal,No Misuse,Y,Non-incapacitating Injury,46cd4127-00ed-4aa4-bd27-87a63849aaf8,D,MSP58620022,Shoulder/Lap Belt(s),M,8b2830c7-d9ed-4c19-b1bb-013088bc8056,Single Vehicle ,N,Non Intersection,Right Turn Lane,Daylight,No Defects,"Two-way, Not Divided",Snow,Snow,Four o'clock,Pickup Truck,Destroyed,N,Moving Constant Speed,2015-01-06 10:00,67,38.536087,-76.742065
8149,N,Apparently Normal,No Misuse,N,Non-incapacitating Injury,66ab7a36-f42d-41ae-b3cd-df22c5c442a2,D,MSP6009003C,Shoulder/Lap Belt(s),M,6731ecb0-ad95-4835-9d6b-942de33a547d,Single Vehicle ,N,Non Intersection,Left Turn Lane,Dark Lights On,Foreign Material,"Two-way, Divided, Positive Median Barrier",Dry,Clear,Twelve o'clock,Passenger Car,Destroyed,N,Moving Constant Speed,2015-02-02 22:03,27,39.10769567,-76.88220117
8150,N,Apparently Normal,No Misuse,Y,Non-incapacitating Injury,84fedfbe-e04f-4b36-80a1-5bda5879c2b9,D,MSP60940035,Shoulder/Lap Belt(s),M,ad675432-9dc1-42b2-a468-1c5ea75443c8,Same Direction Rear End,N,Non Intersection,Left Turn Lane,Daylight,No Defects,One-way Trafficway,Wet,Cloudy,Twelve o'clock,Passenger Car,Disabling,N,Skidding,2015-01-04 11:54,23,39.01749867,-76.95262083
8151,N,Apparently Normal,No Misuse,Y,Non-incapacitating Injury,4d2a67cf-2598-44ff-88fc-27e42afcb019,D,MSP6096002F,Shoulder/Lap Belt(s),M,9a9639be-b9e3-48f8-98fb-5f6378b9c8b3,Single Vehicle ,N,Non Intersection,Right Turn Lane,Dark Lights On,No Defects,"Two-way, Divided, Positive Median Barrier",Snow,Sleet,One o'clock,Passenger Car,Functional,Y,Moving Constant Speed,2015-02-21 20:30,24,39.41508067,-77.433911
8152,N,Apparently Normal,No Misuse,Y,Non-incapacitating Injury,e6dd9822-3672-482e-9400-282ac0aa6da3,D,MSP6225002V,Shoulder/Lap Belt(s),M,ed4560a7-654f-4789-9d9c-7869937b21b4,Single Vehicle ,N,Non Intersection,Left Turn Lane,Dark Lights On,No Defects,One-way Trafficway,Dry,Clear,Ten o'clock,Station Wagon,Destroyed,N,Moving Constant Speed,2015-01-01 07:17,35,38.483514,-76.454869
8153,N,Apparently Normal,No Misuse,N,Non-incapacitating Injury,367a6814-bb3e-4f5f-9fe8-39d8d30f361e,D,MSP6269003L,Shoulder/Lap Belt(s),M,846ed492-b779-49a0-a1c5-f778323c69aa,Same Direction Sideswipe,N,Non Intersection,Deceleration Lane,Daylight,No Defects,"Two-way, Divided, Positive Median Barrier",Dry,Clear,Eleven o'clock,Passenger Car,Disabling,N,Moving Constant Speed,2015-03-03 09:20,46,39.01644517,-76.99781483
8154,N,Apparently Normal,No Misuse,Y,Non-incapacitating Injury,c9f0b062-77a0-4d07-8b15-599b7541de10,D,MSP6269003L,Shoulder/Lap Belt(s),M,3bbefa02-2351-40f3-8fda-49e04cd00e8d,Same Direction Sideswipe,N,Non Intersection,Deceleration Lane,Daylight,No Defects,"Two-way, Divided, Positive Median Barrier",Dry,Clear,Five o'clock,Passenger Car,Disabling,N,Changing Lanes,2015-03-03 09:20,30,39.01644517,-76.99781483
8155,N,Apparently Normal,No Misuse,Y,Non-incapacitating Injury,b06f30ac-4eb3-4857-bc6f-ddb8793e3325,D,MSP6269003M,Shoulder/Lap Belt(s),M,3e9d5637-2d7e-484a-a774-d682d357ada9,Single Vehicle ,N,Non Intersection,Left Turn Lane,Daylight,No Defects,"Two-way, Divided, Positive Median Barrier",Snow,Wintry Mix,Eleven o'clock,(Sport) Utility Vehicle,Disabling,N,Moving Constant Speed,2015-03-05 14:01,56,38.97341283,-77.17881433
8156,N,Apparently Normal,No Misuse,Y,Non-incapacitating Injury,eaa89e8d-1ff0-4ac9-9f73-23d6d973fcb8,D,MSP6286002G,Shoulder/Lap Belt(s),M,473070d7-7d9d-409e-bd95-7ecef43e2791,Single Vehicle ,N,Non Intersection,Right Turn Lane,Dark Lights On,No Defects,"Two-way, Divided, Positive Median Barrier",Snow,Snow,Twelve o'clock,Passenger Car,Disabling,N,Moving Constant Speed,2015-03-01 18:00,27,38.96054338,-76.65435791
8157,N,Apparently Normal,No Misuse,N,Non-incapacitating Injury,513f9dbc-278a-4f90-96f7-8c2f393a5fad,D,MSP6325003C,Shoulder/Lap Belt(s),M,5f180219-a802-4721-b33c-f7b530e5a9f0,Head On Left Turn,N,Intersection Related,Acceleration Lane,Dark Lights On,No Defects,"Two-way, Divided, Positive Median Barrier",Dry,Clear,Twelve o'clock,Passenger Car,Destroyed,N,Slowing or Stopping,2015-01-03 02:02,24,38.89817717,-76.81514617
8158,N,Apparently Normal,No Misuse,Y,Non-incapacitating Injury,920a35c9-a72c-403f-acd9-8ac05dfee3cf,D,MSP6325003C,Shoulder/Lap Belt(s),M,b7badcb0-75de-4923-86d3-7ef10b67905b,Head On Left Turn,N,Intersection Related,Acceleration Lane,Dark Lights On,No Defects,"Two-way, Divided, Positive Median Barrier",Dry,Clear,Twelve o'clock,Passenger Car,Destroyed,N,Leaving Traffic Lane,2015-01-03 02:02,30,38.89817717,-76.81514617
8159,N,Apparently Normal,No Misuse,N,Non-incapacitating Injury,05535aa4-e585-4bcc-a288-004b4dc8260f,D,MSP6467000P,Shoulder/Lap Belt(s),M,fd905862-f4e9-4f4d-8b5e-7c0fb91ac866,Same Direction Rear End,N,Non Intersection,Right Turn Lane,Dawn,No Defects,"Two-way, Divided, Positive Median Barrier",Dry,Clear,One o'clock,Passenger Car,Disabling,N,Moving Constant Speed,2015-03-18 05:20,29,39.01950044,-77.14481592
8160,N,Apparently Normal,No Misuse,Y,Non-incapacitating Injury,a324f165-1b62-4e73-90e3-a5a191c740f5,D,MSP6488000H,Shoulder/Lap Belt(s),M,9bc58638-31de-4725-9398-4a5df7ecf84c,Single Vehicle ,N,Non Intersection,Deceleration Lane,Dark Lights On,No Defects,"Two-way, Divided, Positive Median Barrier",Ice,Clear,Six o'clock,Passenger Car,Disabling,N,Moving Constant Speed,2015-02-23 21:05,28,39.149365,-77.21715867
8161,N,Apparently Normal,No Misuse,Y,Non-incapacitating Injury,0f8a2de4-df4c-43ed-b799-39e91d6ca02a,D,MSP6488000S,Shoulder/Lap Belt(s),M,8a4c91de-98ec-4046-8b9e-ffb4bf51010b,Single Vehicle ,N,Non Intersection,Deceleration Lane,Dark Lights On,No Defects,"Two-way, Divided, Positive Median Barrier",Wet,Raining,One o'clock,Passenger Car,Disabling,N,Moving Constant Speed,2015-03-26 21:30,47,39.08842817,-77.17401333
8162,N,Apparently Normal,No Misuse,N,Non-incapacitating Injury,1e7799c0-333a-4db4-a6e8-e2940cf51f94,D,MSP6498000M,Shoulder/Lap Belt(s),M,157a399c-e840-4bad-913d-deb1eb6a39a8,Same Direction Rear End,N,Intersection,Right Turn Lane,Daylight,No Defects,"Two-way, Divided, Unprotected (painted >4 feet) Median",Dry,Clear,Six o'clock,Passenger Car,Functional,N,Making Left Turn,2015-03-11 14:06,51,39.66775476,-77.02059746
8163,N,Apparently Normal,No Misuse,Y,Non-incapacitating Injury,342f6b6f-1637-4d9e-8e9a-dd856a1f7b27,D,MSP6502000F,MC/Bike Helmet,M,fd1bb1d0-ff99-477d-b0c9-5bfb4ecaf702,Single Vehicle ,N,Non Intersection,Acceleration Lane,Dark Lights On,No Defects,"Two-way, Divided, Positive Median Barrier",Dry,Clear,Ten o'clock,Motorcycle,Disabling,N,Changing Lanes,2015-02-08 19:17,53,38.7959365,-76.900187
8164,N,Apparently Normal,No Misuse,Y,Non-incapacitating Injury,1894485f-b580-4dd8-85aa-6aee827a2150,D,ZF0428000R,Shoulder/Lap Belt(s),M,4b749937-baea-46da-bfa2-542f735651ec,Single Vehicle ,N,Non Intersection,Right Turn Lane,Daylight,No Defects,"Two-way, Not Divided",Slush,Wintry Mix,Twelve o'clock,Pickup Truck,Destroyed,N,Moving Constant Speed,2015-03-01 16:28,42,39.71390088,-77.00305045
8165,N,Apparently Normal,No Misuse,Y,Non-incapacitating Injury,ab74a21a-7b1a-4c58-8143-563e0b46f167,D,ZH0349000J,Shoulder/Lap Belt(s),M,faee54b6-3b0e-47d2-8796-8a453657b409,Single Vehicle ,N,Non Intersection,Right Turn Lane,Daylight,No Defects,"Two-way, Not Divided",Ice,Cloudy,Ten o'clock,Pickup Truck,Destroyed,N,Skidding,2015-01-27 08:39,24,38.57031387,-76.79787755
8166,N,Apparently Normal,No Misuse,Y,Non-incapacitating Injury,1de12e39-87ef-4314-9bf1-35379d9c720c,D,ZH0465000M,Shoulder/Lap Belt(s),M,a6758af6-9ae3-4e35-ba6c-c423bde7f85d,Head On Left Turn,N,Intersection,Right Turn Lane,Daylight,No Defects,"Two-way, Divided, Positive Median Barrier",Wet,Raining,Twelve o'clock,Passenger Car,Disabling,N,Making Left Turn,2015-03-10 17:29,20,38.61940204,-76.96942091
8167,N,Apparently Normal,No Misuse,Y,Non-incapacitating Injury,8a7cd8f1-d3ac-44e7-87e4-eabd2f8a98f5,D,ZH0526000H,Shoulder/Lap Belt(s),M,9880d8c7-0d06-44b8-9302-e51a79fa1c38,Single Vehicle ,N,Non Intersection,Right Turn Lane,Dawn,No Defects,"Two-way, Not Divided",Ice,Raining,Nine o'clock,"Medium/Heavy Truck 2 axles (10,000 lbs (4,536 kg) or less)",Disabling,N,Skidding,2015-02-22 07:33,27,38.5084993,-76.86254025
8168,N,Apparently Normal,No Misuse,Y,Non-incapacitating Injury,ad31905f-fc5a-4708-8d36-5b77c465d4f5,D,ZH0568000Q,Shoulder/Lap Belt(s),M,8e96617a-c254-43e6-b67a-a610d69e2914,Single Vehicle ,N,Non Intersection,Right Turn Lane,Dark No Lights,No Defects,"Two-way, Not Divided",Dry,Clear,Twelve o'clock,Passenger Car,Destroyed,N,Moving Constant Speed,2015-03-14 03:30,23,38.59596063,-76.76227927
8169,N,Apparently Normal,No Misuse,N,Non-incapacitating Injury,3fff0640-e2de-4462-a313-3fe7e472a5a0,D,ZR01310002,Shoulder/Lap Belt(s),M,9c1741fe-4093-4bb9-a953-657a4555a824,Opposite Direction Sideswipe,N,Non Intersection,Right Turn Lane,Daylight,No Defects,"Two-way, Not Divided",Ice,Snow,Eleven o'clock,Pickup Truck,Disabling,N,Moving Constant Speed,2015-03-05 15:19,31,38.25464443,-76.47990167
8170,N,Apparently Normal,No Misuse,Y,Non-incapacitating Injury,0a962d0f-9bf5-4d70-b586-02924e3654d8,D,ZR01310002,Shoulder/Lap Belt(s),M,d0ace9df-f752-4bcf-a5f9-85067910b9a2,Opposite Direction Sideswipe,N,Non Intersection,Right Turn Lane,Daylight,No Defects,"Two-way, Not Divided",Ice,Snow,Seven o'clock,(Sport) Utility Vehicle,Disabling,N,Moving Constant Speed,2015-03-05 15:19,36,38.25464443,-76.47990167
8171,Y,Apparently Normal,No Misuse,Y,Non-incapacitating Injury,befed16c-6e33-447b-96db-dacd20f0c489,D,ZVW2540003,Shoulder/Lap Belt(s),M,a3db614f-9cc1-480b-a727-30b726a113cb,Single Vehicle ,N,Non Intersection,Right Turn Lane,Dark No Lights,No Defects,"Two-way, Not Divided",Snow,Snow,Twelve o'clock,Pickup Truck,Disabling,N,Moving Constant Speed,2015-02-24 21:58,24,38.37437435,-75.74347973
8172,N,Apparently Normal,No Misuse,N,Possible Incapacitating Injury,f838aeda-6249-454b-80e4-688e3517e16c,D,AC1386000R,Shoulder/Lap Belt(s),M,64f84327-6770-4638-8853-81b5a9c6e5ee,Same Movement Angle,N,Intersection,Right Turn Lane,Dark Lights On,No Defects,"Two-way, Not Divided",Dry,Clear,Twelve o'clock,Passenger Car,Destroyed,N,Moving Constant Speed,2015-01-31 18:00,57,39.106835,-76.48095833
8173,N,Apparently Normal,No Misuse,Y,Possible Incapacitating Injury,34c2e0e9-0cff-45bf-8442-cf46c36e8819,D,AC1386000R,Shoulder/Lap Belt(s),M,49bd8d10-c88d-4643-8deb-d3d45696a92e,Same Movement Angle,N,Intersection,Right Turn Lane,Dark Lights On,No Defects,"Two-way, Not Divided",Dry,Clear,Nine o'clock,Pickup Truck,Disabling,N,Making Left Turn,2015-01-31 18:00,49,39.106835,-76.48095833
8174,N,Apparently Normal,No Misuse,N,Possible Incapacitating Injury,cdacf91d-b335-452b-bd99-b2247139555a,D,AC1490000J,Shoulder/Lap Belt(s),M,b8a10c93-a435-4f31-bc1e-34dd5c58c035,Same Direction Rear End,N,Intersection Related,Acceleration Lane,Dark No Lights,No Defects,"Two-way, Divided, Positive Median Barrier",Dry,Clear,Six o'clock,Passenger Car,Disabling,N,Stopped in Traffic Lane,2015-01-15 18:59,36,38.9929432,-76.70293897
8175,N,Apparently Normal,No Misuse,Y,Possible Incapacitating Injury,91101658-d0de-4baa-875e-fc25592e259e,D,AC15030012,Shoulder/Lap Belt(s),M,9ecab5f2-7f41-43fc-8031-81bba8f4a094,Single Vehicle ,N,Non Intersection,Right Turn Lane,Dark No Lights,No Defects,"Two-way, Not Divided",Dry,Clear,Eleven o'clock,(Sport) Utility Vehicle,Destroyed,N,Moving Constant Speed,2015-02-04 22:18,19,39.08614795,-76.62266813
8176,N,Apparently Normal,No Misuse,N,Possible Incapacitating Injury,cb16d42c-8d0e-49f1-829f-5aa2390e2cce,D,AC1531000H,Shoulder/Lap Belt(s),M,9b1120c9-a029-468e-9a85-a7ce9209d50a,Single Vehicle ,N,Crossover Related,Left Turn Lane,Dark Lights On,No Defects,"Two-way, Divided, Positive Median Barrier",Ice,Sleet,Twelve o'clock,Pickup Truck,Disabling,N,Moving Constant Speed,2015-01-26 18:23,39,39.147775,-76.699635
8177,N,Apparently Normal,No Misuse,Y,Possible Incapacitating Injury,584cf88b-322f-4586-b3b1-e4e1ee8ed7fd,D,AC1643000F,Shoulder/Lap Belt(s),M,6c46ed35-623e-44f2-b840-39189c54def8,Single Vehicle ,N,Non Intersection,Right Turn Lane,Daylight,No Defects,"Two-way, Not Divided",Snow,Snow,Twelve o'clock,Passenger Car,Destroyed,N,Moving Constant Speed,2015-03-05 12:24,30,39.01753322,-76.58150911
8178,N,Apparently Normal,No Misuse,Y,Possible Incapacitating Injury,87b2cd2b-5085-4882-8728-c0e3fba0002b,D,AC1710000J,Shoulder/Lap Belt(s),M,c003a65d-0ca0-4874-adec-9703f616e2db,Single Vehicle ,N,Non Intersection,Right Turn Lane,Dark Lights On,No Defects,"Two-way, Not Divided",Wet,Snow,Twelve o'clock,Passenger Car,Functional,N,Moving Constant Speed,2015-03-01 21:18,35,39.02900236,-76.47593737
8179,N,Apparently Normal,No Misuse,Y,Possible Incapacitating Injury,8878f4e2-e9f8-4430-8275-3b1e187e5350,D,AC1736000X,Shoulder/Lap Belt(s),M,53d4d1c7-54cc-41f0-a901-6d4415ec8157,Single Vehicle ,N,Non Intersection,Left Turn Lane,Daylight,No Defects,"Two-way, Divided, Positive Median Barrier",Wet,Clear,Twelve o'clock,Passenger Car,Disabling,N,Moving Constant Speed,2015-03-06 11:48,37,39.058435,-76.65574117
8180,N,Apparently Normal,No Misuse,Y,Possible Incapacitating Injury,0e47e059-bb92-4526-8ef9-46eb2aee6c60,D,AC1762000S,MC/Bike Helmet,M,5d69bd02-f4bb-4501-8839-0414eccc1b88,Single Vehicle ,N,Non Intersection,Right Turn Lane,Dark No Lights,No Defects,"Two-way, Not Divided",Dry,Clear,Twelve o'clock,Moped,Disabling,Y,Accelerating,2015-03-17 22:40,20,39.13226664,-76.51519552
8181,Y,Apparently Normal,No Misuse,Y,Possible Incapacitating Injury,d7cecee4-6212-4fe2-aef5-f948d737e475,D,AC1833000K,Shoulder/Lap Belt(s),M,190e0bd9-1b07-4fc1-838d-eeb734efe484,Single Vehicle ,N,Non Intersection,Right Turn Lane,Daylight,No Defects,"Two-way, Divided, Positive Median Barrier",Slush,Wintry Mix,Twelve o'clock,Passenger Car,Disabling,N,Skidding,2015-03-01 13:50,41,38.98571663,-76.53752089
8182,N,Apparently Normal,No Misuse,Y,Possible Incapacitating Injury,495ef61e-da53-4d76-9c85-7ff176694964,D,AC1853000J,Shoulder/Lap Belt(s),M,45d43489-47f3-4ab7-809e-50f72cc45c37,Single Vehicle ,N,Interchange Related,Right Turn Lane,Dark No Lights,No Defects,"Two-way, Not Divided",Ice,Wintry Mix,Eleven o'clock,"Cargo Van/Light Truck 2 axles (10,000 lbs (4,536 kg) or less)",Disabling,N,Moving Constant Speed,2015-02-10 05:07,38,38.960942,-76.655248