KEY_INDEX,CDL_FLAG,CONDITION_CODE,EQUIP_PROB_CODE,FAULT_FLAG,INJ_SEVER_CODE,PERSON_ID,PERSON_TYPE,REPORT_NO,SAF_EQUIP_CODE,SEX_CODE,VEHICLE_ID,COLLISION_TYPE_CODE,C_M_ZONE_FLAG,JUNCTION_CODE,LANE_CODE,LIGHT_CODE,RD_COND_CODE,RD_DIV_CODE,SURF_COND_CODE,WEATHER_CODE,AREA_DAMAGED_CODE_MAIN,BODY_TYPE_CODE,DAMAGE_CODE,HIT_AND_RUN_FLAG,MOVEMENT_CODE,TIME,AGE,LATITUDE,LONGITUDE
8241,N,Influenced by Medications and/or Drugs and/or Alcohol,No Misuse,Y,No Injury,174c4eda-0ede-4604-aed1-f9b702e418cb,D,DA37940007,Shoulder/Lap Belt(s),M,879d8989-d1c1-4862-8fa1-d6b560ec2d1d,Head On,N,Intersection,Right Turn Lane,Daylight,No Defects,"Two-way, Not Divided",Dry,Clear,Twelve o'clock,Passenger Car,Destroyed,N,Moving Constant Speed,2015-01-25 14:34,41,38.77569975,-76.9561708
8242,N,Apparently Normal,No Misuse,N,Possible Incapacitating Injury,5401c12a-4037-4e8e-ba03-05be5e99eaa8,D,DA38410003,Shoulder/Lap Belt(s),M,75afc5d3-0303-4572-aa10-45ae99dfb61b,Opposite Direction Both Left Turn,N,Intersection,Right Turn Lane,Dark Lights On,No Defects,"Two-way, Divided, Unprotected (painted >4 feet) Median",Dry,Clear,Twelve o'clock,Passenger Car,Disabling,N,Moving Constant Speed,2015-01-13 23:15,25,38.84430367,-76.89188361
8243,N,Had Been Drinking,No Misuse,Y,No Injury,93c2ae80-a23a-4f4c-af63-c12a46281d01,D,DA38410003,Shoulder/Lap Belt(s),M,9d40909f-58ef-42ad-b750-8ac15333175b,Opposite Direction Both Left Turn,N,Intersection,Right Turn Lane,Dark Lights On,No Defects,"Two-way, Divided, Unprotected (painted >4 feet) Median",Dry,Clear,One o'clock,Passenger Car,Functional,N,Accelerating,2015-01-13 23:15,49,38.84430367,-76.89188361
8244,N,Apparently Normal,No Misuse,Y,Possible Incapacitating Injury,f3567861-7f75-451a-be1b-006040e61d64,D,DA3865000C,Shoulder/Lap Belt(s),M,91ae8e42-e1fc-4431-bdb1-9bb303907075,Single Vehicle ,N,Non Intersection,Left Turn Lane,Daylight,No Defects,"Two-way, Divided, Unprotected (painted >4 feet) Median",Dry,Clear,Twelve o'clock,Passenger Car,Disabling,N,Moving Constant Speed,2015-03-23 16:12,26,39.05073527,-76.88883662
8245,N,Apparently Normal,No Misuse,Y,Possible Incapacitating Injury,144b68ad-2fc7-4d89-9e91-38f3915626e2,D,DA38980006,Shoulder/Lap Belt(s),M,f1a92b2e-4d57-4e96-b5a2-98b1ae7f8c1a,Single Vehicle ,N,Non Intersection,Right Turn Lane,Dark Lights On,No Defects,"Two-way, Not Divided",Ice,Clear,Twelve o'clock,Passenger Car,Functional,N,Moving Constant Speed,2015-01-20 00:00,30,38.67828194,-76.93918705
8246,N,Apparently Normal,Not Strapped Right,Y,Possible Incapacitating Injury,9ad7871d-ec2d-4516-bfef-6a64bf06dec5,D,DA39260004,MC/Bike Helmet and Eye Protection,M,4b350c57-aa99-44db-9f6a-3b3a84392f8e,Same Direction Rear End,N,Non Intersection,Right Turn Lane,Daylight,No Defects,"Two-way, Not Divided",Dry,Clear,Twelve o'clock,Motorcycle,Disabling,N,Moving Constant Speed,2015-03-22 10:06,35,38.79441646,-76.99074984
8247,N,Apparently Normal,No Misuse,N,Possible Incapacitating Injury,af70a213-13a0-4bdd-a008-a26ae0505ba7,D,DD56040010,Shoulder/Lap Belt(s),M,b691a448-b1a1-43ce-910d-c187004e5429,Same Movement Angle,N,Intersection,Right Turn Lane,Dark Lights On,No Defects,"Two-way, Divided, Positive Median Barrier",Dry,Clear,Twelve o'clock,Passenger Car,Disabling,N,Moving Constant Speed,2015-03-10 05:46,35,39.08095167,-77.14344333
8248,N,Apparently Normal,No Misuse,Y,Possible Incapacitating Injury,92b93cdf-39e0-4ea8-b326-c664a1cd5d95,D,DD56040010,Shoulder/Lap Belt(s),M,0a9d03ea-8be4-4bfd-b013-3eefc25b5c53,Same Movement Angle,N,Intersection,Right Turn Lane,Dark Lights On,No Defects,"Two-way, Divided, Positive Median Barrier",Dry,Clear,Three o'clock,Passenger Car,Disabling,N,Starting From Parked,2015-03-10 05:46,67,39.08095167,-77.14344333
8249,N,Apparently Normal,No Misuse,Y,Possible Incapacitating Injury,2b05f1e4-0ad9-4a30-a4d1-434804fef4fd,D,DE01430001,Shoulder/Lap Belt(s),M,52fbfad5-60c9-44ad-aff2-3314b2bef82f,Single Vehicle ,N,Intersection,Right Turn Lane,Dark Lights On,Loose Surface Material,"Two-way, Divided, Positive Median Barrier",Wet,Foggy,Twelve o'clock,(Sport) Utility Vehicle,Destroyed,N,Moving Constant Speed,2015-01-03 21:17,38,38.40181456,-75.56928635
8250,N,Apparently Normal,No Misuse,Y,Possible Incapacitating Injury,6fc77d8e-42e2-4bc1-be66-000390b44ded,D,EE00760001,Shoulder/Lap Belt(s),M,39c6454f-c182-414c-b1c6-cc0e90656574,Single Vehicle ,N,Non Intersection,Right Turn Lane,Daylight,No Defects,"Two-way, Divided, Positive Median Barrier",Ice,Sleet,Six o'clock,(Sport) Utility Vehicle,Functional,N,Moving Constant Speed,2015-01-14 08:43,52,38.2195037,-75.6983757
8251,N,Apparently Normal,No Misuse,N,Possible Incapacitating Injury,417dd7e2-3335-4187-b132-162f253e0e77,D,MCP10210005,Shoulder/Lap Belt(s),M,c1d13346-918b-4ae9-ba16-cd5cf8fb78cb,Same Movement Angle,N,Intersection,Left Turn Lane,Dark Lights On,No Defects,"Two-way, Divided, Positive Median Barrier",Dry,Clear,Twelve o'clock,Police Vehicle/Emergency,Disabling,N,Moving Constant Speed,2015-01-01 02:33,30,39.18999667,-77.24158
8252,Y,Apparently Normal,No Misuse,Y,Possible Incapacitating Injury,b6f46e6a-0720-4d1a-bd4d-ee3b5605ab2d,D,MCP14650013,Shoulder/Lap Belt(s),M,c4487221-fe72-42c6-b882-76ed49cf435c,Single Vehicle ,N,Non Intersection,Right Turn Lane,Daylight,No Defects,"Two-way, Not Divided",Dry,Clear,Ten o'clock,"Medium/Heavy Truck 2 axles (10,000 lbs (4,536 kg) or less)",Disabling,N,Accelerating,2015-01-28 11:11,48,39.070275,-77.26214833
8253,N,Apparently Normal,No Misuse,Y,Possible Incapacitating Injury,e3e57a2c-abf1-43b5-b565-d8b4a451e5b3,D,MCP20810004,Shoulder/Lap Belt(s),M,50f8009b-451c-4424-8750-2553baefd904,Single Vehicle ,N,Non Intersection,Right Turn Lane,Dark Lights On,No Defects,"Two-way, Not Divided",Wet,Raining,Twelve o'clock,Passenger Car,Functional,N,Accelerating,2015-02-09 22:27,23,39.14112001,-77.19731212
8254,N,Apparently Normal,No Misuse,N,Possible Incapacitating Injury,d09a5e58-9bdc-4d43-a263-f17f7486aef1,D,MCP2678000J,Shoulder/Lap Belt(s),M,6988cd78-9648-4317-be8f-7c4f7d5a1b17,Same Movement Angle,N,Intersection,Left Turn Lane,Dark Lights On,No Defects,"Two-way, Not Divided",Snow,Snow,Twelve o'clock,Passenger Car,Disabling,N,Moving Constant Speed,2015-01-06 04:52,29,39.03212167,-77.04842667
8255,N,Apparently Normal,No Misuse,Y,Possible Incapacitating Injury,23f8dcb6-2453-49bb-9847-5abf82710565,D,MCP2678000J,Shoulder/Lap Belt(s),M,f7fe1173-ef3a-4e24-ae7d-d28f8a470e82,Same Movement Angle,N,Intersection,Left Turn Lane,Dark Lights On,No Defects,"Two-way, Not Divided",Snow,Snow,Nine o'clock,Passenger Car,Disabling,N,Starting From Lane,2015-01-06 04:52,61,39.03212167,-77.04842667
8256,Y,Apparently Normal,No Misuse,Y,Possible Incapacitating Injury,278fbd0a-9e64-4ec0-bfac-507eade61d13,D,MCP2693000K,Shoulder/Lap Belt(s),M,364e5118-0a68-4b1f-b00b-7a42cd238175,Single Vehicle ,N,Non Intersection,Right Turn Lane,Daylight,No Defects,"Two-way, Not Divided",Snow,Wintry Mix,Twelve o'clock,Passenger Car,Disabling,N,Slowing or Stopping,2015-01-26 16:25,43,39.117465,-76.97016833
8257,N,Apparently Normal,No Misuse,N,Possible Incapacitating Injury,e96c85b3-a7e2-4eb7-8d2c-3a3386f1bb19,D,MCP27390008,Shoulder/Lap Belt(s),M,0a5d9f0e-b0e3-4ab8-9bb3-df51d4ebec4b,Same Movement Angle,N,Intersection,Right Turn Lane,Dark Lights On,No Defects,"Two-way, Divided, Unprotected (painted >4 feet) Median",Dry,Clear,Six o'clock,(Sport) Utility Vehicle,Disabling,N,Making Left Turn,2015-03-28 05:15,28,39.05651,-76.95291833
8258,N,Had Been Drinking,No Misuse,Y,No Injury,a8199850-e7df-40e6-ad79-eb85fd3ebf53,D,MCP27390008,Shoulder/Lap Belt(s),M,bbd2fbe8-ef0e-449a-aa29-b55a27e0ff40,Same Movement Angle,N,Intersection,Right Turn Lane,Dark Lights On,No Defects,"Two-way, Divided, Unprotected (painted >4 feet) Median",Dry,Clear,Twelve o'clock,(Sport) Utility Vehicle,Disabling,N,Moving Constant Speed,2015-03-28 05:15,27,39.05651,-76.95291833
8259,N,Apparently Normal,No Misuse,N,Possible Incapacitating Injury,9c15854e-4979-4fc4-a04f-36804d0bf3d7,D,MCP27800010,Shoulder/Lap Belt(s),M,30860b4e-b735-4b58-8179-a1793eb3d516,Same Movement Angle,N,Intersection Related,Right Turn Lane,Daylight,No Defects,"Two-way, Divided, Positive Median Barrier",Wet,Clear,Ten o'clock,(Sport) Utility Vehicle,Disabling,N,Accelerating,2015-02-22 14:11,47,39.19626333,-77.26582
8260,Y,Apparently Normal,No Misuse,Y,Possible Incapacitating Injury,256b5930-a8b3-4e2d-9fd0-bafe32e851d4,D,MCP27800010,Shoulder/Lap Belt(s),M,bc681aec-03b6-49d6-969d-6441f2c37115,Same Movement Angle,N,Intersection Related,Right Turn Lane,Daylight,No Defects,"Two-way, Divided, Positive Median Barrier",Wet,Clear,Twelve o'clock,Pickup Truck,Disabling,N,Moving Constant Speed,2015-02-22 14:11,51,39.19626333,-77.26582
8261,N,Apparently Normal,No Misuse,Y,Possible Incapacitating Injury,9b4d20d9-c218-4355-87db-8844b3cbad8e,D,MCP2796001H,Shoulder/Lap Belt(s),M,97453754-f3a2-4e4e-865a-7c5980a89648,Single Vehicle ,N,Non Intersection,Right Turn Lane,Daylight,No Defects,"Two-way, Divided, Unprotected (painted >4 feet) Median",Dry,Clear,Twelve o'clock,Passenger Car,Disabling,N,Moving Constant Speed,2015-03-16 12:59,72,39.141965,-77.07428833
8262,N,Apparently Normal,No Misuse,N,Possible Incapacitating Injury,399896e9-01a2-4140-82a1-af65bbba22f3,D,MCP2799000S,Shoulder/Lap Belt(s),M,fa2ba974-ed97-4641-9097-0ad09830dca4,Same Direction Rear End,N,Intersection Related,Left Turn Lane,Dark No Lights,No Defects,"Two-way, Divided, Positive Median Barrier",Wet,Raining,Six o'clock,Passenger Car,Superficial,N,Moving Constant Speed,2015-03-10 19:24,35,39.11985333,-77.032495
8263,Y,Apparently Normal,No Misuse,N,Possible Incapacitating Injury,c707babc-836a-4207-b268-79fa85448f74,D,MDTA08610008,Shoulder/Lap Belt(s),M,e878109c-8297-4778-8578-8d47435c3bdf,Single Vehicle ,N,Non Intersection,Deceleration Lane,Dark Lights On,No Defects,"Two-way, Divided, Positive Median Barrier",Ice,Snow,Twelve o'clock,(Sport) Utility Vehicle,Functional,N,Skidding,2015-03-06 02:08,49,39.2712628,-76.6531095
8264,N,Apparently Normal,No Misuse,Y,Possible Incapacitating Injury,3d2ff746-b79e-47a3-8bbf-0e430dac4bc4,D,MSP2467001V,Shoulder/Lap Belt(s),M,b4af49da-3e6b-4804-a534-170281946b2f,Single Vehicle ,N,Non Intersection,Acceleration Lane,Daylight,No Defects,"Two-way, Divided, Unprotected (painted >4 feet) Median",Dry,Clear,Three o'clock,"Other Light Trucks (10,000 lbs (4,536 kg))",Disabling,N,Moving Constant Speed,2015-03-29 13:00,60,39.7089995,-78.266799
8265,N,Apparently Normal,No Misuse,Y,Possible Incapacitating Injury,abd2a78d-d0ab-4c09-a516-3d1e7ccc0b9e,D,MSP4994000W,Shoulder/Lap Belt(s),M,d84067e8-a894-4767-819d-3343cc01ada3,Same Direction Rear End,N,Non Intersection,Acceleration Lane,Dark No Lights,No Defects,"Two-way, Divided, Positive Median Barrier",Dry,Clear,Twelve o'clock,Truck Tractor,Destroyed,N,Moving Constant Speed,2015-03-09 21:15,42,39.69076532,-78.50334647
8266,N,Apparently Normal,No Misuse,Y,Possible Incapacitating Injury,db17b9fc-f629-4314-b9dd-960db033824a,D,MSP50460009,Shoulder/Lap Belt(s),M,d01313f2-80b8-4bd5-ada9-6b515269f648,Single Vehicle ,N,Intersection Related,Right Turn Lane,Dark No Lights,No Defects,"Two-way, Not Divided",Ice,Clear,Roof Top,(Sport) Utility Vehicle,Disabling,N,Moving Constant Speed,2015-01-06 17:06,34,39.66023901,-76.89275265
8267,N,Apparently Normal,No Misuse,Y,Possible Incapacitating Injury,bc5b0aa4-cfc4-43d2-9025-e39450da6510,D,MSP5314000X,Shoulder/Lap Belt(s),M,4b7fd074-99e6-4d84-9990-de2f2041d89a,Single Vehicle ,N,Non Intersection,Right Turn Lane,Daylight,No Defects,"Two-way, Not Divided",Dry,Clear,Nine o'clock,(Sport) Utility Vehicle,Disabling,N,Moving Constant Speed,2015-02-12 11:37,30,39.6624815,-76.0112605
8268,N,Apparently Normal,No Misuse,Y,Possible Incapacitating Injury,001cc0cc-300e-4f9e-81df-3f4cd7a981c7,D,MSP56620025,Shoulder/Lap Belt(s),M,fb28e78e-1dee-4a39-a48e-fde4a01eeffa,Single Vehicle ,N,Non Intersection,Right Turn Lane,Daylight,No Defects,"Two-way, Not Divided",Snow,Snow,Twelve o'clock,Pickup Truck,Disabling,N,Moving Constant Speed,2015-01-06 10:11,65,39.657293,-77.861915
8269,N,Apparently Normal,No Misuse,N,Possible Incapacitating Injury,1c3f2513-3d5a-4656-99d5-78c6008e8cb1,D,MSP57410013,Shoulder/Lap Belt(s),M,0b3ac50e-6ae5-403d-8884-4b2e7cf4e2f3,Same Movement Angle,N,Intersection,Right Turn Lane,Daylight,No Defects,"Two-way, Divided, Positive Median Barrier",Dry,Clear,Eleven o'clock,Pickup Truck,Destroyed,N,Moving Constant Speed,2015-03-13 15:46,25,39.58269567,-76.0216615
8270,Y,Apparently Normal,No Misuse,Y,Possible Incapacitating Injury,a52cd099-8bc8-44f3-9236-0271d6aa157e,D,MSP5750001D,Shoulder/Lap Belt(s),M,e517af5e-f485-41c8-9b01-48959bcceae7,Single Vehicle ,N,Non Intersection,Right Turn Lane,Daylight,No Defects,"Two-way, Not Divided",Ice,Clear,Roof Top,Pickup Truck,Disabling,N,Skidding,2015-02-19 17:32,59,38.50016133,-77.21109833
8271,N,Apparently Normal,No Misuse,Y,Possible Incapacitating Injury,3fd13328-76b4-4e70-8c5f-ae1ac4bfd4c1,D,MSP5778002H,Shoulder/Lap Belt(s),M,7e4ce4b9-e84d-4fd6-8c8e-dce48b1d55da,Single Vehicle ,N,Non Intersection,Right Turn Lane,Dark No Lights,No Defects,"Two-way, Not Divided",Wet,Raining,Twelve o'clock,Passenger Car,Disabling,N,Moving Constant Speed,2015-02-22 05:57,54,39.627579,-76.999721
8272,N,Apparently Normal,No Misuse,Y,Possible Incapacitating Injury,458a8f07-7fdc-467e-afea-724c1614d3b9,D,MSP5796002D,Shoulder/Lap Belt(s),M,3a773389-e4ed-4672-b2be-1aacf16be0ca,Single Vehicle ,N,Non Intersection,Right Turn Lane,Daylight,No Defects,One-way Trafficway,Dry,Clear,Twelve o'clock,Passenger Car,Functional,N,Making Right Turn,2015-01-13 13:13,42,39.297399,-76.82338583
8273,N,Apparently Normal,No Misuse,Y,Possible Incapacitating Injury,3e8ecbfc-b070-4c44-a01c-017227161c79,D,MSP5861001Y,Shoulder/Lap Belt(s),M,1113d9ad-0dca-47a4-97f6-103552d4225c,Single Vehicle ,N,Non Intersection,Right Turn Lane,Dark No Lights,No Defects,"Two-way, Not Divided",Snow,Snow,Twelve o'clock,(Sport) Utility Vehicle,Destroyed,N,Moving Constant Speed,2015-02-17 00:18,20,39.60939567,-76.87055817
8274,N,Apparently Normal,No Misuse,Y,Possible Incapacitating Injury,4937a0a9-1dcd-41ee-a48a-531138e55aa9,D,MSP5957003Z,Shoulder/Lap Belt(s),M,441011dc-1d44-4e62-af53-9df255a8c8e1,Single Vehicle ,N,Interchange Related,Right Turn Lane,Dark Lights On,No Defects,One-way Trafficway,Dry,Clear,Twelve o'clock,Van,Disabling,N,Moving Constant Speed,2015-01-10 03:13,18,39.094041,-76.890948
8275,N,Apparently Normal,No Misuse,Y,Possible Incapacitating Injury,f30fada6-bc60-4a59-b5a7-bafeabc510c8,D,MSP6003000T,Shoulder/Lap Belt(s),M,95c4c08a-50f1-44a1-b246-208b4df02040,Single Vehicle ,N,Non Intersection,Right Turn Lane,Daylight,No Defects,"Two-way, Divided, Positive Median Barrier",Ice,Wintry Mix,Six o'clock,Passenger Car,Disabling,N,Moving Constant Speed,2015-02-22 07:25,65,38.98153233,-76.16446167
8276,N,Apparently Normal,No Misuse,N,Possible Incapacitating Injury,6245b09b-a611-42f5-93bf-0ff4196aac05,D,MSP6052003B,Shoulder/Lap Belt(s),M,2935ed0a-8822-414b-89b2-23a754486831,Same Direction Rear End,N,Intersection,Right Turn Lane,Dark Lights On,No Defects,"Two-way, Not Divided",Dry,Clear,Six o'clock,Van,Disabling,N,Making Left Turn,2015-01-01 18:13,30,39.67985683,-76.388657
8277,N,Apparently Normal,No Misuse,Y,Possible Incapacitating Injury,9d049fe5-78f1-4bf2-b8a8-9388d9339fb4,D,MSP6052003B,Shoulder/Lap Belt(s),M,563715be-fdff-42a7-888c-db0d73ad0087,Same Direction Rear End,N,Intersection,Right Turn Lane,Dark Lights On,No Defects,"Two-way, Not Divided",Dry,Clear,Twelve o'clock,(Sport) Utility Vehicle,Disabling,N,Moving Constant Speed,2015-01-01 18:13,24,39.67985683,-76.388657
8278,N,Apparently Normal,No Misuse,N,Possible Incapacitating Injury,c1701fc1-dc81-4048-8e8e-a75b00df1b9f,D,MSP6053000X,Shoulder/Lap Belt(s),M,cb307d7f-a227-4b2c-9ce6-7e114e6f96d1,Single Vehicle ,N,Non Intersection,Right Turn Lane,Dark No Lights,No Defects,"Two-way, Not Divided",Dry,Clear,Twelve o'clock,(Sport) Utility Vehicle,Disabling,N,Moving Constant Speed,2015-01-02 23:19,73,38.4845682,-76.14224911
8279,N,Apparently Normal,No Misuse,N,Incapacitating/Disabled Injury,c409bdbd-0adb-4895-b8e7-4bc1545cf9f3,D,MSP6060001L,Shoulder/Lap Belt(s),M,09292f67-11d3-47aa-9b12-fbbaa2005b5b,Same Direction Rear End,N,Intersection,Right Turn Lane,Daylight,No Defects,"Two-way, Not Divided",Wet,Foggy,Six o'clock,Passenger Car,Destroyed,N,Slowing or Stopping,2015-03-20 17:55,36,39.62020367,-77.09228233
8280,N,Apparently Normal,No Misuse,N,Possible Incapacitating Injury,2f7c0c8a-3b80-4b7b-9da8-96b2aaa1957b,D,MSP6070003Z,Shoulder/Lap Belt(s),M,a36a176e-e723-43ee-9745-9dcb18e811cb,Same Direction Sideswipe,N,Non Intersection,Right Turn Lane,Dark No Lights,No Defects,"Two-way, Divided, Positive Median Barrier",Wet,Cloudy,Four o'clock,Passenger Car,Disabling,N,Moving Constant Speed,2015-01-04 01:52,22,38.81106717,-76.81226517
8281,N,Apparently Normal,No Misuse,Y,Possible Incapacitating Injury,034ca6c9-9001-493a-89a9-4b6398384975,D,MSP60920072,Shoulder/Lap Belt(s),M,c6d86e4c-d690-4409-b349-9eb7e43675fe,Single Vehicle ,N,Non Intersection,Right Turn Lane,Daylight,No Defects,"Two-way, Divided, Positive Median Barrier",Dry,Clear,Twelve o'clock,Passenger Car,Disabling,N,Skidding,2015-01-01 12:12,21,39.30601098,-76.73497438
8282,N,Apparently Normal,No Misuse,Y,Possible Incapacitating Injury,5e50f099-67a9-4c2f-8b5d-91f1a3f04d3b,D,MSP61000036,Shoulder/Lap Belt(s),M,066c2925-34ee-4f64-a963-19669f63df7f,Single Vehicle ,N,Non Intersection,Right Turn Lane,Dark Lights On,No Defects,"Two-way, Divided, Positive Median Barrier",Wet,Cloudy,Twelve o'clock,Truck Tractor,Disabling,N,Changing Lanes,2015-01-27 04:00,46,39.27536133,-77.32122817
8283,N,Apparently Normal,No Misuse,N,Possible Incapacitating Injury,337a247d-07cd-414e-bad1-4893b154c024,D,MSP61000039,Shoulder/Lap Belt(s),M,50cb1220-12c0-4aea-930d-883285ba1e83,Single Vehicle ,N,Non Intersection,Acceleration Lane,Daylight,Loose Surface Material,"Two-way, Divided, Positive Median Barrier",Dry,Clear,Non-collision,(Sport) Utility Vehicle,Functional,N,Moving Constant Speed,2015-02-07 11:01,17,39.055833,-77.154107
8284,N,Apparently Normal,No Misuse,Y,Possible Incapacitating Injury,00ed4b06-4f20-40f0-9640-04b6a6b54f7d,D,MSP6154001C,Shoulder/Lap Belt(s),M,335d1b4d-e870-4ea2-94fc-41082fe22d4b,Single Vehicle ,N,Non Intersection,Right Turn Lane,Daylight,No Defects,"Two-way, Not Divided",Dry,Clear,Twelve o'clock,Van,Disabling,N,Moving Constant Speed,2015-03-23 11:28,48,38.5738,-76.137627
8285,N,Apparently Normal,No Misuse,Y,Possible Incapacitating Injury,cd890682-321e-4c53-aca1-444257a9680f,D,MSP6188000P,Shoulder/Lap Belt(s),M,6ad29239-75e3-4ec8-a730-8900c4d3b473,Single Vehicle ,N,Non Intersection,Right Turn Lane,Dark No Lights,No Defects,"Two-way, Not Divided",Dry,Clear,Twelve o'clock,Passenger Car,Disabling,N,Moving Constant Speed,2015-03-17 19:14,64,38.284966,-76.77700883
8286,N,Apparently Normal,No Misuse,N,Possible Incapacitating Injury,c3eecca4-4f77-4ebd-bc2e-c34e688c441b,D,MSP6192001P,Shoulder/Lap Belt(s),M,6f9e92b3-2a6d-4d5c-95ab-8a212f62e403,Same Movement Angle,N,Intersection Related,Right Turn Lane,Dark Lights On,No Defects,"Two-way, Not Divided",Wet,Sleet,One o'clock,Passenger Car,Disabling,N,Moving Constant Speed,2015-01-23 23:58,60,38.98171353,-76.31755829
8287,N,Had Been Drinking,No Misuse,Y,No Injury,03222e28-9284-4623-99fd-ed8e4eba7806,D,MSP6192001P,Shoulder/Lap Belt(s),M,1e713561-9445-4569-82a4-ba20b7cf1701,Same Movement Angle,N,Intersection Related,Right Turn Lane,Dark Lights On,No Defects,"Two-way, Not Divided",Wet,Sleet,Twelve o'clock,Passenger Car,Superficial,Y,Making Right Turn,2015-01-23 23:58,58,38.98171353,-76.31755829
8288,N,Apparently Normal,No Misuse,Y,Possible Incapacitating Injury,18a52c46-7903-4786-b0d2-2334eb53c66f,D,MSP6192001V,Shoulder/Lap Belt(s),M,0bb5a3b7-81f1-4037-93db-e8f050da42ea,Single Vehicle ,N,Non Intersection,Right Turn Lane,Daylight,No Defects,"Two-way, Not Divided",Snow,Snow,Twelve o'clock,(Sport) Utility Vehicle,Disabling,N,Moving Constant Speed,2015-03-05 15:00,54,39.09239733,-75.87722617
8289,N,Apparently Normal,No Misuse,Y,Possible Incapacitating Injury,d4c8a40a-7ef9-4425-9bb4-eb724c0f4b25,D,MSP62020036,MC/Bike Helmet,M,664ffdc2-feb7-4a5b-9b83-7c673d4b27eb,Single Vehicle ,N,Non Intersection,Right Turn Lane,Daylight,No Defects,"Two-way, Divided, Positive Median Barrier",Wet,Cloudy,Twelve o'clock,Motorcycle,Disabling,N,Moving Constant Speed,2015-01-04 15:27,33,38.79558,-77.01903
8290,N,Apparently Normal,No Misuse,Y,Possible Incapacitating Injury,e6e8f4c6-bead-4607-b69d-a9af602db92f,D,MSP62710034,Shoulder/Lap Belt(s),M,f305ca41-f048-4fe7-9349-1dc15a5c92e1,Same Direction Rear End,N,Non Intersection,Acceleration Lane,Dark No Lights,No Defects,"Two-way, Divided, Positive Median Barrier",Dry,Clear,Twelve o'clock,Passenger Car,Disabling,N,Moving Constant Speed,2015-03-15 05:02,45,39.0292565,-77.116518
8291,N,Apparently Normal,No Misuse,Y,Possible Incapacitating Injury,0e77b053-7575-4156-a583-e1754aa99723,D,MSP6357002Y,Shoulder/Lap Belt(s),M,c0f3a33a-e527-4c5e-afb6-7eda3dded4fb,Single Vehicle ,N,Non Intersection,Right Turn Lane,Daylight,No Defects,"Two-way, Divided, Positive Median Barrier",Dry,Clear,Twelve o'clock,(Sport) Utility Vehicle,Disabling,N,Slowing or Stopping,2015-03-15 13:57,23,39.260085,-77.30879417
8292,N,Apparently Normal,No Misuse,Y,Possible Incapacitating Injury,d4c5fae9-62a2-431b-8483-5c9b97a7fc7d,D,MSP65030004,Shoulder/Lap Belt(s),M,4df38d76-22c1-4a4f-b00d-f7b07c53183c,Single Vehicle ,N,Non Intersection,Right Turn Lane,Dark Lights On,No Defects,"Two-way, Not Divided",Ice,Raining,Twelve o'clock,Passenger Car,Disabling,N,Skidding,2015-02-09 18:47,77,39.70201952,-75.97069502
8293,N,Apparently Normal,No Misuse,N,Possible Incapacitating Injury,72885863-7177-454a-bd55-a1432a7ae1eb,D,MTA02250007,Shoulder/Lap Belt(s),M,b82894e3-ef59-489a-805f-a4cd96d145fb,Same Movement Angle,N,Intersection,Right Turn Lane,Dark Lights On,No Defects,"Two-way, Divided, Unprotected (painted >4 feet) Median",Dry,Clear,Three o'clock,Transit Bus,Disabling,N,Accelerating,2015-02-08 04:30,45,39.28824311,-76.64517403
8294,N,Apparently Normal,No Misuse,N,Possible Incapacitating Injury,a6aa3879-8e67-4709-80e7-5fd981abc051,D,ZA05290008,Shoulder/Lap Belt(s),M,fec1e72b-4f79-4725-8cf1-bdbe1e811c2f,Head On,N,Non Intersection,Right Turn Lane,Dark Lights On,No Defects,"Two-way, Not Divided",Dry,Clear,Twelve o'clock,Passenger Car,Destroyed,N,Moving Constant Speed,2015-02-19 05:57,58,39.58432546,-78.84346962
8295,N,Apparently Asleep,No Misuse,Y,No Injury,ec8c9c1e-b8b0-4294-96f9-da4eeef0e591,D,ZA05290008,Shoulder/Lap Belt(s),M,4fed97c8-cc34-4a2b-9542-8d47a3eb85bf,Head On,N,Non Intersection,Right Turn Lane,Dark Lights On,No Defects,"Two-way, Not Divided",Dry,Clear,Twelve o'clock,Passenger Car,Destroyed,N,Moving Constant Speed,2015-02-19 05:57,24,39.58432546,-78.84346962
8296,N,Apparently Normal,No Misuse,Y,Possible Incapacitating Injury,99c1a7ef-5cfe-4db7-9fa9-3fef8c305bd2,D,ZA05310004,Shoulder/Lap Belt(s),M,51c3e651-6748-4680-9ebb-c1d5744213e5,Single Vehicle ,N,Non Intersection,Right Turn Lane,Dark Lights On,No Defects,"Two-way, Divided, Positive Median Barrier",Ice,Wintry Mix,Nine o'clock,"Cargo Van/Light Truck 2 axles (10,000 lbs (4,536 kg) or less)",Destroyed,N,Moving Constant Speed,2015-01-12 00:41,20,39.70642729,-78.34157467
8297,N,Apparently Normal,No Misuse,Y,Possible Incapacitating Injury,8fcd52da-6d08-416c-8fdb-1f1d06a33d85,D,ZF0432000J,Shoulder/Lap Belt(s),M,58e428e7-1931-4a14-a6eb-d2d6d930e2d7,Single Vehicle ,N,Non Intersection,Right Turn Lane,Daylight,No Defects,"Two-way, Not Divided",Dry,Clear,Twelve o'clock,Pickup Truck,Destroyed,N,Moving Constant Speed,2015-03-17 07:20,70,39.45813976,-76.91108823