KEY_INDEX,CDL_FLAG,CONDITION_CODE,EQUIP_PROB_CODE,FAULT_FLAG,INJ_SEVER_CODE,PERSON_ID,PERSON_TYPE,REPORT_NO,SAF_EQUIP_CODE,SEX_CODE,VEHICLE_ID,COLLISION_TYPE_CODE,C_M_ZONE_FLAG,JUNCTION_CODE,LANE_CODE,LIGHT_CODE,RD_COND_CODE,RD_DIV_CODE,SURF_COND_CODE,WEATHER_CODE,AREA_DAMAGED_CODE_MAIN,BODY_TYPE_CODE,DAMAGE_CODE,HIT_AND_RUN_FLAG,MOVEMENT_CODE,TIME,AGE,LATITUDE,LONGITUDE
8417,N,Had Been Drinking,No Misuse,Y,Possible Incapacitating Injury,9f2f9ef6-0483-4350-a0de-671644dc5be8,D,AE54950006,Shoulder/Lap Belt(s),M,d3c60af8-e777-4227-ae89-1345f21f1d81,Same Direction Sideswipe,N,Non Intersection,Right Turn Lane,Dawn,No Defects,"Two-way, Not Divided",Dry,Clear,One o'clock,Van,Destroyed,N,Accelerating,2015-01-02 06:39,51,39.36165169,-76.77031517
8418,N,Had Been Drinking,No Misuse,Y,Possible Incapacitating Injury,b6a58ddd-2365-4705-b681-61e104bb836d,D,AE5507000F,Shoulder/Lap Belt(s),M,3e970eeb-2270-455d-8f78-320d239239ba,Single Vehicle ,N,Non Intersection,Right Turn Lane,Daylight,No Defects,One-way Trafficway,Dry,Clear,Twelve o'clock,Van,Destroyed,Y,Moving Constant Speed,2015-03-12 18:58,48,39.24373307,-76.67180836
8419,N,Had Been Drinking,No Misuse,Y,Possible Incapacitating Injury,08bfd2b9-cf21-48f8-8fc7-906ffd1dff66,D,CB5190000N,Shoulder/Lap Belt(s),M,70be2772-e83d-42fc-9fc7-48c9d9b53e7f,Single Vehicle ,N,Non Intersection,Right Turn Lane,Daylight,No Defects,"Two-way, Not Divided",Dry,Foggy,Twelve o'clock,(Sport) Utility Vehicle,Disabling,N,Moving Constant Speed,2015-03-21 07:35,19,39.20984464,-76.97944164
8420,N,Had Been Drinking,No Misuse,Y,Possible Incapacitating Injury,61ffa110-d5c6-4269-a8f6-86b41ab5cc7d,D,CB57130006,Shoulder/Lap Belt(s),M,f496c8a9-bb59-4655-b49e-e5e78c34a695,Single Vehicle ,N,Intersection,Right Turn Lane,Dark No Lights,No Defects,"Two-way, Divided, Unprotected (painted >4 feet) Median",Dry,Clear,Roof Top,Passenger Car,Destroyed,N,Moving Constant Speed,2015-03-24 02:14,28,39.14554676,-76.79387569
8421,N,Had Been Drinking,No Misuse,Y,Possible Incapacitating Injury,85a638dc-1c41-4939-90d6-4bed44f51689,D,DA39560007,Shoulder/Lap Belt(s),M,eea19a72-b92c-48db-b899-2ec058286838,Single Vehicle ,N,Non Intersection,Right Turn Lane,Dark Lights On,No Defects,"Two-way, Divided, Unprotected (painted >4 feet) Median",Wet,Clear,Twelve o'clock,Passenger Car,Disabling,N,Moving Constant Speed,2015-01-19 00:49,28,38.98237239,-76.82744086
8422,N,Had Been Drinking,No Misuse,Y,Possible Incapacitating Injury,e3ed6864-9c1d-4fd5-b6b9-f681b1e07f6e,D,HV01290005,Shoulder/Lap Belt(s),M,207a875f-6860-40f4-a9d6-97898f1c2bfe,Single Vehicle ,N,Non Intersection,Acceleration Lane,Dark Lights On,No Defects,"Two-way, Not Divided",Snow,Snow,Twelve o'clock,(Sport) Utility Vehicle,Disabling,N,Moving Constant Speed,2015-03-06 01:50,42,38.96603255,-76.9436717
8423,N,Had Been Drinking,No Misuse,Y,Possible Incapacitating Injury,910b9f77-001c-4dde-ba96-c422741578c6,D,MCP13760007,Shoulder/Lap Belt(s),M,584c9cee-b66f-4a25-be9a-6e3d39fbd3ce,Single Vehicle ,N,Non Intersection,Right Turn Lane,Dark No Lights,No Defects,"Two-way, Not Divided",Ice,Clear,Twelve o'clock,(Sport) Utility Vehicle,Destroyed,N,Negotiating a Curve,2015-03-03 01:13,25,39.075185,-77.19987833
8424,N,Had Been Drinking,No Misuse,Y,Possible Incapacitating Injury,7423ca9e-f5b5-444d-b751-a0cc08457fc7,D,MSP1926001D,Shoulder/Lap Belt(s),M,fccf7b36-7d44-471f-b7ae-9c6cdda62246,Single Vehicle ,N,Non Intersection,Right Turn Lane,Dark Lights On,No Defects,One-way Trafficway,Dry,Clear,Twelve o'clock,Pickup Truck,Functional,N,Moving Constant Speed,2015-01-11 02:51,60,39.6878616,-77.7313815
8425,N,Had Been Drinking,No Misuse,Y,Possible Incapacitating Injury,39a85605-c822-4d1e-8267-a50be953c76d,D,MSP45900011,Shoulder/Lap Belt(s),M,de8df779-36a4-4917-99d5-49114ab00719,Single Vehicle ,N,Non Intersection,Right Turn Lane,Dark No Lights,No Defects,"Two-way, Divided, Positive Median Barrier",Dry,Cloudy,Eleven o'clock,(Sport) Utility Vehicle,Destroyed,N,Moving Constant Speed,2015-03-07 20:16,45,39.67572323,-78.68996607
8426,N,Had Been Drinking,No Misuse,Y,Possible Incapacitating Injury,87dfe997-30c0-4ab4-97cf-f7ccdb8dcd94,D,MSP4739000V,Shoulder/Lap Belt(s),M,6d629c83-0be6-4d59-a841-71a746496600,Single Vehicle ,N,Non Intersection,Right Turn Lane,Dark No Lights,No Defects,"Two-way, Not Divided",Dry,Clear,Eleven o'clock,Pickup Truck,Disabling,N,Moving Constant Speed,2015-01-03 01:05,57,39.0419725,-76.02542633
8427,N,Had Been Drinking,No Misuse,Y,Possible Incapacitating Injury,d1a1f6b4-10bc-4127-b0f5-79933e31ab08,D,MSP4925001C,Shoulder/Lap Belt(s),M,1864fb1d-9367-402d-a077-b0f807b591f4,Single Vehicle ,N,Non Intersection,Right Turn Lane,Dark No Lights,No Defects,"Two-way, Not Divided",Dry,Clear,Twelve o'clock,Passenger Car,Destroyed,N,Moving Constant Speed,2015-02-28 02:06,25,38.3887675,-75.328154
8428,N,Had Been Drinking,No Misuse,Y,Possible Incapacitating Injury,360c6bcc-9438-45fd-9962-ecbd638e7f42,D,MSP5090003D,Shoulder/Lap Belt(s),M,8c74b216-2bab-41f1-af71-8c4450084dcf,Single Vehicle ,N,Non Intersection,Right Turn Lane,Dark No Lights,No Defects,"Two-way, Divided, Positive Median Barrier",Dry,Clear,Twelve o'clock,Passenger Car,Disabling,N,Moving Constant Speed,2015-02-23 19:38,24,39.37049383,-77.21050067
8429,N,Had Been Drinking,No Misuse,Y,Possible Incapacitating Injury,d72876dc-eb8f-4a9f-a354-5d13aa76e9ba,D,MSP57970012,Shoulder/Lap Belt(s),M,8a593cbc-4e7e-4d38-bcdd-5c55b8ec9c1e,Single Vehicle ,N,Non Intersection,Right Turn Lane,Dark No Lights,No Defects,"Two-way, Not Divided",Dry,Clear,Twelve o'clock,Passenger Car,Disabling,N,Moving Constant Speed,2015-03-18 01:06,41,38.2953456,-76.6667179
8430,N,Had Been Drinking,No Misuse,Y,Possible Incapacitating Injury,12ffa96b-9dc6-4022-bd4d-f429d557c2db,D,MSP6279003L,Shoulder/Lap Belt(s),M,a6386be6-0bea-4dc1-baa6-4e0d8679f49d,Single Vehicle ,N,Non Intersection,Right Turn Lane,Daylight,No Defects,One-way Trafficway,Dry,Clear,Twelve o'clock,Passenger Car,Destroyed,Y,Moving Constant Speed,2015-02-18 16:11,50,39.397729,-76.549184
8431,N,Had Been Drinking,No Misuse,Y,Possible Incapacitating Injury,0c9aa77c-85ac-4823-b3fc-d7e0864b629f,D,MSP6293001G,Shoulder/Lap Belt(s),M,bc670947-c20f-43cc-b6a8-448b84e9fbeb,Single Vehicle ,N,Intersection,Right Turn Lane,Dark No Lights,No Defects,"Two-way, Not Divided",Dry,Clear,Twelve o'clock,Passenger Car,Disabling,N,Making Left Turn,2015-03-08 01:09,29,39.411697,-76.975812
8432,N,Had Been Drinking,No Misuse,Y,Possible Incapacitating Injury,d1b00db3-7268-4e8b-a0b5-8b66ecee19a2,D,MSP63260012,Shoulder/Lap Belt(s),M,f0b7e298-ed37-44c4-b12a-7acc51b4517e,Single Vehicle ,N,Non Intersection,Right Turn Lane,Dark No Lights,No Defects,"Two-way, Divided, Positive Median Barrier",Dry,Clear,Twelve o'clock,Pickup Truck,Disabling,N,Moving Constant Speed,2015-03-21 20:46,70,39.307245,-75.850039
8433,N,Had Been Drinking,No Misuse,Y,Possible Incapacitating Injury,fd36aa22-8767-4d6b-8848-83eed79e1f3e,D,ZF0432000H,Shoulder/Lap Belt(s),M,f30bd276-4043-421e-9576-85282ec1afa5,Single Vehicle ,N,Non Intersection,Right Turn Lane,Daylight,No Defects,"Two-way, Not Divided",Dry,Clear,Roof Top,Passenger Car,Functional,N,Moving Constant Speed,2015-03-12 12:54,58,39.71215945,-77.02705622
8434,N,Had Been Drinking,No Misuse,Y,Possible Incapacitating Injury,9da90747-15e6-41f4-9a1b-4629d27333ac,D,ZH0499000B,Shoulder/Lap Belt(s),M,e6494f12-ea3f-4bea-8e2c-e91306c9b215,Single Vehicle ,N,Non Intersection,Right Turn Lane,Dark No Lights,No Defects,"Two-way, Not Divided",Dry,Clear,Twelve o'clock,Passenger Car,Destroyed,N,Moving Constant Speed,2015-02-14 02:19,33,38.51288161,-77.01845169
8435,N,Had Been Drinking,No Misuse,Y,Possible Incapacitating Injury,2dadd811-6303-4f73-a2f6-86bab573afb5,D,ZJ0442000F,Shoulder/Lap Belt(s),M,a8dd7b08-2ef7-4376-a6b4-f5e3eeaf243a,Single Vehicle ,N,Intersection,Right Turn Lane,Dark No Lights,No Defects,"Two-way, Not Divided",Dry,Clear,Twelve o'clock,Pickup Truck,Disabling,N,Making Right Turn,2015-02-08 02:37,30,39.449053,-77.43398367
8436,N,Had Been Drinking,No Misuse,Y,Possible Incapacitating Injury,ee802000-f9be-41f9-8fa5-197ee02c43d8,D,ZR02350009,MC/Bike Helmet and Eye Protection,M,59510dc8-e841-42b0-96aa-3ba5f7ea69ec,Single Vehicle ,N,Non Intersection,Right Turn Lane,Daylight,Loose Surface Material,"Two-way, Not Divided","Mud, Dirt, Gravel",Clear,Nine o'clock,Motorcycle,Disabling,N,Slowing or Stopping,2015-03-15 17:04,40,38.34155521,-76.5652442
8437,N,Had Been Drinking,No Misuse,Y,Incapacitating/Disabled Injury,0c017e38-5a84-4312-9d2a-75aa3e22a35a,D,MCP08330007,Shoulder/Lap Belt(s),M,3dad1b41-561e-43ec-9b8f-1671c7297fcc,Single Vehicle ,N,Non Intersection,Right Turn Lane,Daylight,No Defects,"Two-way, Not Divided",Dry,Clear,One o'clock,(Sport) Utility Vehicle,Destroyed,N,Moving Constant Speed,2015-03-15 18:43,27,39.12090167,-77.03909
8438,N,Had Been Drinking,No Misuse,Y,Incapacitating/Disabled Injury,8b0567d8-1bc9-413b-b62a-7778dfcbab9b,D,MSP4939000M,Shoulder/Lap Belt(s),M,2a2cad8e-7da8-4299-b61f-4390517a86a2,Single Vehicle ,N,Intersection,Right Turn Lane,Dark Lights On,No Defects,"Two-way, Not Divided",Dry,Clear,Twelve o'clock,Passenger Car,Destroyed,N,Moving Constant Speed,2015-01-15 23:42,32,38.689329,-75.789592
8439,N,Had Been Drinking,No Misuse,Y,Incapacitating/Disabled Injury,41d61a44-6616-4ed3-9774-4c9db4a4d85e,D,ZD5781000F,Shoulder/Lap Belt(s),M,8fbedfbf-ec1f-4786-8161-f35fcda7ec54,Single Vehicle ,N,Non Intersection,Right Turn Lane,Dark No Lights,No Defects,"Two-way, Not Divided",Dry,Clear,Twelve o'clock,Pickup Truck,Destroyed,N,Moving Constant Speed,2015-01-17 04:55,56,38.72327017,-76.63956285
8440,N,Had Been Drinking,No Misuse,Y,Incapacitating/Disabled Injury,dc4deee5-e0bd-4c1f-81e0-b60e5c8827a6,D,ZH02240004,Shoulder/Lap Belt(s),M,33686a7d-2cb5-449c-8990-19c307cc916b,Single Vehicle ,N,Non Intersection,Right Turn Lane,Dark No Lights,No Defects,"Two-way, Not Divided",Dry,Clear,Twelve o'clock,Passenger Car,Destroyed,N,Moving Constant Speed,2015-01-31 21:41,28,38.49881026,-77.16646671
8441,N,Using Drugs,No Misuse,Y,No Injury,08a7e9fd-7646-4496-aa66-6141682ca009,D,AE49730004,Shoulder/Lap Belt(s),M,0812a430-19fe-44e1-8e01-8c344794fac8,Single Vehicle ,N,Non Intersection,Right Turn Lane,Dark Lights On,No Defects,"Two-way, Not Divided",Dry,Clear,Eleven o'clock,Passenger Car,Disabling,N,Leaving Traffic Lane,2015-02-06 02:58,32,39.31310027,-76.46675348
8442,N,Using Drugs,No Misuse,Y,No Injury,131415eb-adfe-448f-b31d-3aa15b51719c,D,MCP2657000G,Shoulder/Lap Belt(s),M,31c378c4-3667-4bd2-85a6-ae3f4c9567b7,Single Vehicle ,N,Non Intersection,Right Turn Lane,Dark Lights On,No Defects,"Two-way, Not Divided",Wet,Raining,One o'clock,(Sport) Utility Vehicle,Disabling,N,Moving Constant Speed,2015-02-01 23:15,21,39.06938333,-76.99102333
8443,N,Using Drugs,No Misuse,Y,Non-incapacitating Injury,59cf99df-c7c0-4de3-8ad9-d497cba689cc,D,MSP6317001K,Shoulder/Lap Belt(s),M,1356c8e5-ecc1-4a0d-ac21-e2944bd3c5a3,Single Vehicle ,N,Non Intersection,Right Turn Lane,Dark No Lights,No Defects,"Two-way, Not Divided",Dry,Clear,Twelve o'clock,Pickup Truck,Disabling,N,Moving Constant Speed,2015-01-09 01:44,26,38.465501,-77.163082
8444,N,Using Drugs,No Misuse,Y,Possible Incapacitating Injury,4cef49ac-78e5-4128-8f36-c774c73fa836,D,DA38870007,Shoulder/Lap Belt(s),M,2626ba7f-2cda-4330-88d4-82c4db8f5780,Single Vehicle ,N,Non Intersection,Right Turn Lane,Daylight,No Defects,"Two-way, Not Divided",Dry,Clear,Twelve o'clock,Passenger Car,Disabling,N,Accelerating,2015-03-22 16:35,39,38.90683059,-76.8625617
8445,N,Using Drugs,No Misuse,Y,Possible Incapacitating Injury,3372786c-4d04-4582-b2c5-d8d65f2d7119,D,MSP59260014,Shoulder/Lap Belt(s),M,32721abc-5fb1-4eb7-a714-eeed118a0f32,Single Vehicle ,N,Intersection,Acceleration Lane,Daylight,No Defects,"Two-way, Not Divided",Dry,Cloudy,Twelve o'clock,Passenger Car,Disabling,N,Changing Lanes,2015-03-17 18:43,24,39.41384975,-76.98062181
8446,N,Physical Defects,No Misuse,Y,No Injury,66eef0cd-8c7e-4364-af40-5a4cdce1aa4b,D,MSP6271002W,Shoulder/Lap Belt(s),M,83104ad7-faf9-4888-922c-c9a4181908f8,Single Vehicle ,N,Non Intersection,Right Turn Lane,Daylight,No Defects,"Two-way, Divided, Positive Median Barrier",Wet,Snow,Nine o'clock,Passenger Car,Disabling,N,Moving Constant Speed,2015-03-01 09:52,56,39.090026,-77.17480333
8447,N,Other Handicaps,No Misuse,Y,No Injury,980ce563-fcba-4247-b37d-eab358753720,D,AC19130009,Shoulder/Lap Belt(s),M,0a5de079-413f-4e3e-9eb3-aa3c33e732c0,Single Vehicle ,N,Non Intersection,Right Turn Lane,Dark Lights On,No Defects,"Two-way, Not Divided",Wet,Snow,Twelve o'clock,Passenger Car,Disabling,N,Moving Constant Speed,2015-01-21 22:15,31,39.13993853,-76.75512467
8448,N,Other Handicaps,No Misuse,Y,No Injury,aac48c24-dd45-4f80-af4c-8e1206eab936,D,BJ01590005,Shoulder/Lap Belt(s),M,edd04727-1ac4-4639-beb5-bc73e73add1b,Single Vehicle ,N,Intersection Related,Right Turn Lane,Daylight,No Defects,"Two-way, Divided, Positive Median Barrier",Dry,Clear,Twelve o'clock,Pickup Truck,Functional,N,Making Right Turn,2015-01-20 10:43,73,38.7774719,-76.05981007
8449,Y,Other Handicaps,No Misuse,Y,No Injury,96e4fab0-1b6e-4593-be4e-45167b8cd9f6,D,MSP64970006,Shoulder/Lap Belt(s),M,0729d866-8e65-4d08-a271-69de3eaf4177,Single Vehicle ,N,Non Intersection,Acceleration Lane,Daylight,No Defects,"Two-way, Divided, Positive Median Barrier",Wet,Cloudy,Twelve o'clock,Passenger Car,Destroyed,N,Changing Lanes,2015-02-14 13:00,64,38.80903633,-76.90898883
8450,N,Other Handicaps,No Misuse,Y,Possible Incapacitating Injury,8e459049-e742-403f-9267-7d4d4b22617c,D,ZU71030006,Shoulder/Lap Belt(s),M,2cdff5bf-d29e-49be-bc5a-b0b641bbb89b,Single Vehicle ,N,Intersection Related,Right Turn Lane,Dark Lights On,No Defects,"Two-way, Not Divided",Dry,Clear,Twelve o'clock,Passenger Car,Disabling,N,Moving Constant Speed,2015-03-12 05:00,36,39.60849819,-77.79536426
8451,N,Ill,No Misuse,Y,No Injury,a2519778-f4d3-4b25-a5ce-69f8fd8ac3ff,D,AE48750005,Shoulder/Lap Belt(s),M,cceade5d-caed-4a8d-b060-d4a19f94dfa7,Single Vehicle ,N,Non Intersection,Right Turn Lane,Dark Lights On,No Defects,"Two-way, Not Divided",Dry,Clear,Two o'clock,Passenger Car,Disabling,N,Making Left Turn,2015-01-20 00:33,24,39.33364186,-76.75952196
8452,Y,Ill,No Misuse,Y,No Injury,b3f23f2b-61aa-4dca-a9c6-e4f2d2508cb9,D,BS03790002,Shoulder/Lap Belt(s),M,8a97d290-bcb6-489d-aa13-ba9ade05ac95,Single Vehicle ,N,Interchange Related,Right Turn Lane,Dark No Lights,No Defects,"Two-way, Divided, Positive Median Barrier",Dry,Clear,One o'clock,Truck Tractor,Disabling,N,Moving Constant Speed,2015-01-23 01:55,59,39.40532825,-77.43417263
8453,N,Ill,No Misuse,Y,Non-incapacitating Injury,06fbf26d-958d-4c7a-b47f-0b473e1361ea,D,DA3198000B,Shoulder/Lap Belt(s),M,d503eb7f-c129-4ad2-aef7-3bcd886a997f,Single Vehicle ,N,Non Intersection,Acceleration Lane,Dark Lights On,No Defects,"Two-way, Divided, Positive Median Barrier",Wet,Raining,Twelve o'clock,Pickup Truck,Superficial,N,Moving Constant Speed,2015-03-10 20:59,60,38.83902758,-76.94727659
8454,N,Fatigued Fainted,No Misuse,Y,No Injury,4a3609f7-e6d3-4c03-b8dd-b281fa01eadd,D,ADI8720003,Shoulder/Lap Belt(s),M,783100ca-0572-42b3-aea2-06d835e26802,Single Vehicle ,N,Non Intersection,Left Turn Lane,Daylight,No Defects,"Two-way, Divided, Positive Median Barrier",Dry,Clear,Twelve o'clock,Passenger Car,No Damage,N,Moving Constant Speed,2015-01-22 13:30,39,39.31461824,-76.66637957
8455,N,Fatigued Fainted,No Misuse,Y,No Injury,fae5e831-931d-410b-9b14-5b649adb82a5,D,AE5522000C,Shoulder/Lap Belt(s),M,7c01828b-ff69-40ee-9cb5-6d695f4d61ba,Single Vehicle ,N,Intersection,Right Turn Lane,Daylight,No Defects,"Two-way, Not Divided",Dry,Clear,Twelve o'clock,Passenger Car,Disabling,N,Moving Constant Speed,2015-01-28 11:51,40,39.39532992,-76.5902853
8456,N,Fatigued Fainted,No Misuse,Y,No Injury,0a9b7ac4-f548-43cf-8665-e21d554bf50b,D,BW0128000K,Shoulder/Lap Belt(s),M,9235e198-c891-440a-8619-cd5142e17af9,Same Direction Sideswipe,N,Non Intersection,Right Turn Lane,Dark No Lights,No Defects,"Two-way, Not Divided",Wet,Raining,One o'clock,Passenger Car,Disabling,N,Moving Constant Speed,2015-02-02 06:45,37,39.00475932,-76.90199509
8457,N,Fatigued Fainted,No Misuse,Y,No Injury,14f18c62-4486-4730-a7fb-3a5401c70e94,D,HM0116000C,Shoulder/Lap Belt(s),M,9d469694-edd3-4a0e-8a84-00e968862fd2,Single Vehicle ,N,Non Intersection,Right Turn Lane,Daylight,No Defects,"Two-way, Divided, Unprotected (painted >4 feet) Median",Snow,Snow,Twelve o'clock,(Sport) Utility Vehicle,Disabling,N,Moving Constant Speed,2015-02-26 07:20,24,38.36869663,-75.1578784
8458,N,Fatigued Fainted,No Misuse,Y,No Injury,2dc01ec7-d357-4aa0-9791-8202797a5069,D,MSP6286001Z,Shoulder/Lap Belt(s),M,3d4345b0-978b-41c7-a265-e006959ef85d,Single Vehicle ,N,Non Intersection,Right Turn Lane,Daylight,No Defects,"Two-way, Divided, Positive Median Barrier",Dry,Clear,Ten o'clock,Passenger Car,Superficial,N,Moving Constant Speed,2015-01-11 12:33,68,39.11427067,-76.63477483
8459,N,Fatigued Fainted,No Misuse,Y,Non-incapacitating Injury,f4ba7d51-8c0a-4f1b-b26f-98c41978b5cf,D,AE51470008,Shoulder/Lap Belt(s),M,98ff6fa3-b49d-437f-aa2b-98d2aa3c4f0e,Single Vehicle ,N,Intersection,Left Turn Lane,Daylight,No Defects,"Two-way, Divided, Unprotected (painted >4 feet) Median",Dry,Clear,Twelve o'clock,Pickup Truck,Destroyed,N,Moving Constant Speed,2015-01-15 13:09,66,39.22523878,-76.69713378
8460,N,Fatigued Fainted,No Misuse,Y,Non-incapacitating Injury,4d77eb2e-4673-4ee7-b8c2-2868d2a40f1a,D,DA37950003,Shoulder/Lap Belt(s),M,53a5ea57-26b8-49f1-bf32-a30304d00acf,Single Vehicle ,N,Non Intersection,Acceleration Lane,Daylight,No Defects,"Two-way, Divided, Positive Median Barrier",Dry,Clear,Twelve o'clock,Passenger Car,Disabling,N,Moving Constant Speed,2015-02-13 09:30,50,38.72273446,-76.99010611
8461,N,Fatigued Fainted,No Misuse,Y,Non-incapacitating Injury,57598ac9-5ce7-4096-b265-7bdc50106a43,D,MCP2845000N,Shoulder/Lap Belt(s),M,71e16c20-d9d0-49b7-aa8c-675b5efda398,Single Vehicle ,N,Intersection Related,Right Turn Lane,Dawn,No Defects,"Two-way, Divided, Positive Median Barrier",Dry,Cloudy,Twelve o'clock,Van,Functional,N,Moving Constant Speed,2015-01-22 07:35,43,39.05798364,-76.9677794
8462,N,Fatigued Fainted,No Misuse,N,Non-incapacitating Injury,bebfd79c-bf24-4756-aa48-28448b2e121e,D,ZW01450007,Shoulder/Lap Belt(s),M,d28df1cc-c5bd-43bb-a6cf-fb54c79ea86b,Single Vehicle ,N,Non Intersection,Right Turn Lane,Dark No Lights,No Defects,"Two-way, Divided, Unprotected (painted >4 feet) Median",Ice,Raining,Twelve o'clock,Pickup Truck,Destroyed,N,Moving Constant Speed,2015-01-12 05:36,51,38.19340261,-75.41833162
8463,N,Fatigued Fainted,No Misuse,Y,Possible Incapacitating Injury,65fbe2bb-ec21-4811-96d3-9c9ceb9cb30a,D,DS0311000F,Shoulder/Lap Belt(s),M,326eb680-21be-42fc-b344-001452da20bc,Single Vehicle ,N,Non Intersection,Left Turn Lane,Daylight,No Defects,"Two-way, Not Divided",Dry,Clear,One o'clock,Passenger Car,Disabling,N,Moving Constant Speed,2015-03-16 12:54,65,38.9856249,-76.93683743
8464,N,Fatigued Fainted,No Misuse,Y,Possible Incapacitating Injury,e186eda2-b963-4902-8c23-c15043c051c5,D,ZD52720008,Shoulder/Lap Belt(s),M,d39ed222-b3f9-4e6d-b06d-1b5e8ce82935,Single Vehicle ,N,Intersection,Right Turn Lane,Daylight,No Defects,"Two-way, Divided, Positive Median Barrier",Dry,Clear,Twelve o'clock,Passenger Car,Superficial,N,Moving Constant Speed,2015-01-25 16:53,90,38.37,-76.44
8465,Y,Fatigued Fainted,No Misuse,Y,Possible Incapacitating Injury,d399d0c8-4508-4cad-a2ef-8aaa752abeaf,D,ZF0462000L,Shoulder/Lap Belt(s),M,e2700097-7e02-4043-b5f5-b0005fdeccf3,Single Vehicle ,N,Non Intersection,Right Turn Lane,Dark No Lights,No Defects,"Two-way, Not Divided",Dry,Clear,Eleven o'clock,Pickup Truck,Destroyed,Y,Moving Constant Speed,2015-02-14 00:00,26,39.70260559,-77.03338623
8466,N,Apparently Asleep,No Misuse,Y,No Injury,8697c86c-aea5-4aa2-88ed-228da109eb3b,D,ADF5490002,Shoulder/Lap Belt(s),M,46330796-03f6-4cf6-9d80-445870095799,Single Vehicle ,N,Intersection Related,Right Turn Lane,Dark Lights On,No Defects,"Two-way, Not Divided",Dry,Cloudy,Twelve o'clock,Passenger Car,Disabling,N,Moving Constant Speed,2015-02-16 05:00,52,39.30627664,-76.5914011
8467,N,Apparently Asleep,No Misuse,Y,No Injury,7e7b37b8-3340-43d1-bf77-8a48ed368cd1,D,ADG3300001,Shoulder/Lap Belt(s),M,72867b9c-614f-4a96-9f2c-e1428c0e3a83,Same Direction Rear End,N,Non Intersection,Right Turn Lane,Dark Lights On,No Defects,"Two-way, Not Divided",Dry,Clear,Twelve o'clock,Passenger Car,Disabling,N,Moving Constant Speed,2015-02-01 06:00,22,39.32179072,-76.67924881
8468,N,Apparently Asleep,No Misuse,Y,No Injury,d461485e-8118-472c-95c0-2dfafbf7dc24,D,AE40670006,Shoulder/Lap Belt(s),M,2cde1171-8908-4467-be42-01f4a3ce7e26,Single Vehicle ,N,Non Intersection,Right Turn Lane,Dark Lights On,No Defects,"Two-way, Not Divided",Dry,Clear,Twelve o'clock,(Sport) Utility Vehicle,Functional,N,Moving Constant Speed,2015-02-08 05:27,33,39.40206195,-76.6080308
8469,N,Apparently Asleep,No Misuse,Y,Possible Incapacitating Injury,c7edab24-8c95-4f33-ab0b-70e55882d603,D,ZH06000003,Shoulder/Lap Belt(s),M,1e3633ad-b3ed-4bc4-b362-ad7640234dd9,Single Vehicle ,N,Non Intersection,Right Turn Lane,Daylight,No Defects,"Two-way, Not Divided",Dry,Cloudy,Twelve o'clock,Passenger Car,Destroyed,N,Moving Constant Speed,2015-02-01 16:22,18,38.48879833,-76.91524167
8470,N,Emotional Depressed Angry Disturbed,No Misuse,Y,No Injury,407c47c2-6de6-429d-9d4c-ffe2cfeb8e7b,D,AC1414000J,Shoulder/Lap Belt(s),M,a14f3db5-8430-4002-8397-0f26f95eeada,Single Vehicle ,N,Non Intersection,Right Turn Lane,Daylight,No Defects,"Two-way, Not Divided",Wet,Cloudy,One o'clock,Passenger Car,Disabling,N,Moving Constant Speed,2015-01-19 11:38,22,39.08646636,-76.48819238
8471,N,Emotional Depressed Angry Disturbed,No Misuse,Y,No Injury,fd957fcc-7f19-46c5-839b-698aa6ad0541,D,BX50120004,Shoulder/Lap Belt(s),M,ddbb18fc-109b-4905-8765-471176d17d11,Single Vehicle ,N,Intersection,Right Turn Lane,Daylight,No Defects,"Two-way, Not Divided",Dry,Clear,Twelve o'clock,Passenger Car,Functional,N,Moving Constant Speed,2015-02-12 16:07,49,39.63783557,-77.71516085
8472,N,Emotional Depressed Angry Disturbed,No Misuse,Y,Non-incapacitating Injury,16db12f7-76ec-4c85-aaac-e3ade64dc588,D,ADI7390007,Shoulder/Lap Belt(s),M,cab7cdc6-3264-46bf-b845-01d61f3c41d2,Same Direction Sideswipe,N,Non Intersection,Right Turn Lane,Daylight,No Defects,"Two-way, Not Divided",Dry,Clear,One o'clock,Passenger Car,Destroyed,N,Moving Constant Speed,2015-03-28 13:00,23,39.36314624,-76.60010889
8473,N,Influenced by Medications and/or Drugs and/or Alcohol,No Misuse,Y,No Injury,ea1d14c4-9fc2-4aba-b548-7a2e02970d87,D,ADI5260005,Shoulder/Lap Belt(s),M,e6613c61-dfb7-415e-8428-facd5049605e,Single Vehicle ,N,Non Intersection,Right Turn Lane,Dark Lights On,No Defects,One-way Trafficway,Wet,Raining,Twelve o'clock,Passenger Car,Disabling,N,Moving Constant Speed,2015-03-05 03:40,35,39.29435651,-76.60898298
8474,N,Influenced by Medications and/or Drugs and/or Alcohol,No Misuse,Y,No Injury,57332fcc-fccd-4bac-8b0f-25872214d2c2,D,DA36490003,Shoulder/Lap Belt(s),M,929f2d23-f880-43f9-bcfc-bfb2486ccbd1,Single Vehicle ,N,Non Intersection,Left Turn Lane,Dark Lights On,No Defects,One-way Trafficway,Wet,Wintry Mix,Twelve o'clock,Pickup Truck,Disabling,N,Moving Constant Speed,2015-02-18 20:00,67,38.82529916,-76.84955835
8475,N,Influenced by Medications and/or Drugs and/or Alcohol,No Misuse,Y,No Injury,079bd012-e9e1-4f1f-9f57-c8bd255d8695,D,ZF0428000L,Shoulder/Lap Belt(s),M,df2c378d-5f79-42b9-859d-73f148b4ef12,Single Vehicle ,N,Non Intersection,Right Turn Lane,Daylight,No Defects,"Two-way, Not Divided",Dry,Clear,Eleven o'clock,Passenger Car,Disabling,N,Moving Constant Speed,2015-01-31 15:24,29,39.68094251,-77.15262651